ContentKey,CategoryKey
1501,273
1502,270
1503,270
1504,272
1505,276
1506,267
1507,267
1508,267
1509,267
1510,267
1510,283
1511,269
1511,284
1512,272
1513,270
1514,270
1515,270
1516,276
1517,270
1518,270
1519,270
1520,272
1521,270
1522,270
1523,270
1524,270
1525,268
1526,270
1527,271
1528,270
1529,275
1530,270
1531,270
1532,272
1532,283
1533,273
1534,270
1535,275
1536,270
1537,276
1538,280
1539,273
1540,273
1541,280
1542,270
1543,267
1543,283
1544,273
1545,270
1546,268
1547,279
1547,284
1548,270
1549,269
1550,270
1551,269
1552,270
1553,272
1553,283
1554,276
1555,269
1556,273
1557,272
1558,270
1559,273
1560,270
1561,270
1562,278
1563,269
1563,284
1564,267
1565,270
1566,270
1567,267
1567,283
1568,267
1569,269
1569,284
1570,269
1570,284
1571,278
1572,269
1573,270
1574,270
1575,273
1576,269
1577,269
1577,284
1578,269
1578,284
1579,269
1579,284
1580,269
1581,269
1581,284
1582,277
1583,269
1584,270
1585,270
1586,269
1586,284
1587,273
1588,279
1588,284
1589,278
1590,278
1591,278
1592,270
1593,269
1594,270
1595,269
1595,284
1596,273
1597,269
1597,284
1598,270
1599,269
1600,272
1601,267
1601,283
1602,273
1602,300
1603,271
1603,297
1604,293
1605,270
1606,270
1607,270
1607,296
1608,267
1608,280
1609,293
1609,304
1610,278
1611,270
1611,284
1612,301
1613,269
1614,270
1614,300
1615,270
1616,270
1617,272
1617,275
1618,269
1619,291
1620,272
1620,304
1621,287
1621,293
1622,270
1622,291
1623,272
1623,283
1624,267
1625,273
1626,268
1627,270
1628,270
1628,275
1629,293
1629,304
1630,270
1631,272
1631,293
1632,270
1633,270
1633,278
1634,297
1635,297
1636,268
1637,272
1638,270
1638,300
1639,278
1640,273
1640,298
1641,270
1641,275
1642,275
1642,284
1643,270
1644,270
1644,296
1645,272
1646,276
1646,291
1647,272
1647,280
1648,275
1648,284
1649,268
1649,287
1650,299
1651,301
1652,271
1652,275
1653,297
1654,270
1654,291
1655,293
1655,304
1656,296
1657,270
1657,300
1658,270
1659,270
1660,267
1660,284
1661,267
1661,293
1662,272
1663,284
1663,292
1664,267
1665,272
1665,293
1666,291
1667,270
1667,276
1668,268
1669,270
1669,272
1670,300
1671,271
1671,297
1672,270
1673,270
1673,273
1674,292
1675,278
1676,278
1677,290
1678,270
1679,267
1679,283
1680,270
1681,280
1681,291
1682,276
1683,267
1683,268
1684,270
1684,300
1685,272
1685,280
1686,267
1686,283
1687,278
1687,300
1688,276
1689,291
1690,273
1690,298
1691,270
1692,278
1693,271
1693,282
1694,293
1695,271
1696,275
1697,275
1698,272
1698,304
1699,270
1700,270
1700,291
1701,270
1702,276
1703,273
1703,278
1704,270
1704,275
1705,294
1706,272
1706,305
1707,291
1708,271
1709,272
1710,270
1710,300
1711,272
1712,298
1712,302
1713,296
1714,292
1715,270
1715,276
1716,280
1717,268
1717,287
1718,270
1718,301
1719,291
1720,275
1720,276
1721,268
1721,293
1722,291
1723,272
1723,280
1724,270
1725,273
1725,278
1726,273
1727,268
1727,293
1728,267
1728,269
1729,270
1729,276
1730,275
1731,273
1732,273
1733,270
1733,300
1734,267
1735,270
1735,297
1736,273
1737,275
1737,297
1738,278
1739,267
1739,283
1740,302
1741,303
1742,272
1742,305
1743,275
1744,272
1745,269
1745,299
1746,298
1746,301
1747,272
1747,293
1748,275
1748,282
1749,270
1750,272
1750,293
1751,270
1751,291
1752,272
1753,270
1754,275
1755,304
1755,305
1756,272
1756,283
1757,276
1758,290
1759,273
1759,278
1760,278
1761,267
1761,280
1762,276
1762,291
1763,276
1763,282
1764,267
1764,287
1765,270
1766,269
1766,279
1767,273
1768,270
1768,300
1769,270
1770,293
1771,275
1771,276
1772,270
1773,275
1773,276
1774,298
1775,275
1775,276
1776,270
1777,278
1778,281
1779,270
1779,297
1780,270
1780,284
1781,267
1782,281
1783,296
1784,280
1784,291
1785,272
1785,305
1786,276
1786,282
1787,268
1788,287
1789,275
1790,272
1790,293
1791,281
1792,291
1793,291
1793,296
1794,276
1795,273
1795,299
1796,267
1796,283
1797,290
1798,291
1798,296
1799,294
1800,271
1801,275
1801,276
1802,270
1803,270
1804,291
1805,272
1805,293
1806,270
1806,273
1807,270
1808,276
1808,282
1809,270
1810,270
1811,271
1811,275
1812,278
1813,275
1813,276
1814,272
1814,305
1815,278
1816,281
1816,290
1817,267
1818,282
1819,296
1820,269
1821,296
1822,267
1822,293
1823,270
1823,276
1824,267
1825,272
1825,283
1826,272
1827,301
1827,302
1828,267
1828,268
1829,291
1830,276
1831,292
1832,275
1833,272
1833,293
1834,275
1835,270
1836,278
1837,272
1838,270
1839,276
1840,270
1840,284
1841,275
1841,297
1842,303
1843,296
1844,267
1844,284
1845,270
1845,291
1846,296
1847,270
1848,297
1849,301
1850,272
1850,280
1851,272
1851,284
1852,267
1852,272
1853,280
1854,272
1854,305
1855,270
1855,278
1856,272
1856,293
1857,271
1858,270
1858,278
1859,293
1860,270
1860,301
1861,293
1861,304
1862,267
1862,305
1863,270
1863,275
1864,271
1864,275
1865,281
1865,295
1866,271
1866,282
1867,278
1868,278
1869,272
1869,293
1870,273
1870,278
1871,268
1872,268
1872,293
1873,267
1873,280
1874,296
1875,275
1876,275
1877,268
1878,281
1878,296
1879,278
1880,268
1881,281
1881,291
1882,299
1883,267
1883,280
1884,270
1885,269
1885,279
1886,270
1887,273
1887,278
1888,275
1888,282
1889,272
1889,293
1890,295
1891,270
1891,300
1892,270
1892,278
1893,269
1893,279
1894,267
1894,283
1895,270
1896,275
1897,271
1898,270
1898,291
1899,270
1899,276
1900,270
1901,270
1901,278
1902,275
1902,276
1903,272
1903,287
1904,276
1905,278
1906,297
1907,275
1908,267
1908,283
1909,268
1910,272
1910,305
1911,273
1911,278
1912,299
1913,270
1913,284
1914,301
1915,269
1916,278
1916,300
1917,277
1918,270
1919,270
1920,272
1920,275
1921,275
1922,278
1923,276
1924,272
1925,271
1926,271
1927,284
1927,293
1928,293
1929,272
1929,283
1930,272
1931,272
1932,271
1933,270
1934,270
1935,270
1935,278
1936,270
1937,295
1938,278
1939,273
1940,281
1940,295
1941,271
1941,275
1942,271
1942,275
1943,281
1944,273
1945,267
1945,293
1946,272
1946,293
1947,276
1948,270
1948,296
1949,267
1949,280
1950,270
1950,276
1951,275
1952,295
1953,276
1954,270
1955,270
1955,296
1956,276
1957,270
1958,287
1958,293
1959,297
1960,293
1961,267
1961,304
1962,276
1963,275
1964,287
1965,303
1966,272
1966,283
1967,278
1967,301
1968,291
1969,270
1970,270
1971,270
1972,270
1973,270
1974,278
1975,270
1975,284
1976,272
1976,305
1977,267
1977,269
1978,270
1978,275
1979,268
1979,293
1980,281
1981,281
1982,278
1983,276
1983,291
1984,267
1984,280
1985,271
1986,268
1987,272
1987,304
1988,270
1988,273
1989,271
1989,284
1990,268
1991,301
1992,272
1993,267
1993,272
1994,282
1995,267
1995,280
1996,297
1997,280
1998,273
1998,298
1999,278
2000,275
2000,282
2001,299
2002,281
2002,291
2003,275
2003,276
2004,269
2004,279
2005,267
2006,291
2007,267
2007,293
2008,270
2008,278
2009,281
2009,291
2010,281
2011,272
2012,270
2012,300
2013,271
2013,302
2014,284
2014,293
2015,276
2015,282
2016,273
2016,301
2017,299
2018,281
2018,290
2019,276
2020,290
2021,268
2022,268
2022,287
2023,299
2024,275
2025,270
2026,287
2027,273
2028,291
2029,267
2029,293
2030,270
2031,270
2031,300
2032,271
2032,302
2033,293
2034,270
2035,270
2035,300
2036,278
2037,270
2037,278
2038,268
2038,269
2039,278
2039,300
2040,270
2041,270
2041,272
2042,304
2043,267
2043,293
2044,267
2044,283
2045,268
2046,297
2047,304
2048,271
2049,272
2049,283
2050,298
2051,271
2051,297
2052,272
2052,293
2053,273
2053,298
2054,294
2055,270
2056,270
2056,275
2057,270
2057,300
2058,273
2058,298
2059,270
2059,278
2060,270
2060,301
2061,270
2062,276
2063,271
2063,302
2064,293
2064,304
2065,301
2066,267
2066,284
2067,267
2067,272
2068,280
2069,272
2069,304
2070,270
2070,301
2071,270
2072,270
2072,297
2073,281
2074,291
2075,275
2076,293
2076,305
2077,270
2077,272
2078,293
2079,301
2080,275
2080,282
2081,276
2081,284
2082,296
2083,273
2084,275
2084,276
2085,287
2086,270
2086,291
2087,270
2087,275
2088,272
2088,275
2089,277
2089,296
2090,294
2091,273
2092,276
2092,291
2093,272
2094,270
2094,296
2095,273
2095,278
2096,267
2097,293
2098,270
2099,301
2099,302
2100,270
2100,300
2101,273
2101,278
2102,275
2103,281
2103,295
2104,268
2104,284
2105,278
2106,270
2106,278
2107,281
2107,296
2108,269
2108,279
2109,297
2110,278
2111,296
2112,273
2113,297
2114,280
2115,270
2116,281
2117,267
2118,292
2119,304
2120,270
2121,272
2121,293
2122,281
2123,301
2124,269
2124,279
2125,269
2126,273
2126,301
2127,273
2128,272
2129,270
2129,284
2130,280
2131,295
2132,267
2132,305
2133,284
2133,305
2134,284
2134,293
2135,271
2136,275
2136,297
2137,273
2138,272
2139,275
2140,270
2141,303
2142,293
2143,267
2143,272
2144,276
2145,276
2145,291
2146,267
2146,283
2147,270
2147,296
2148,276
2149,275
2150,271
2150,282
2151,275
2152,269
2152,278
2153,287
2154,287
2154,293
2155,270
2155,280
2156,272
2157,270
2158,270
2159,271
2159,282
2160,276
2160,291
2161,278
2162,270
2163,277
2163,281
2164,270
2165,267
2165,304
2166,287
2166,293
2167,267
2167,284
2168,273
2169,291
2169,296
2170,267
2171,275
2171,297
2172,268
2172,293
2173,270
2174,275
2174,276
2175,280
2176,270
2176,297
2177,270
2178,270
2178,296
2179,275
2180,273
2180,284
2181,273
2182,304
2182,305
2183,275
2184,267
2184,304
2185,270
2185,276
2186,272
2187,270
2188,270
2189,270
2190,270
2190,296
2191,270
2191,301
2192,275
2192,276
2193,270
2193,275
2194,267
2195,291
2196,275
2197,276
2197,284
2198,270
2198,300
2199,270
2199,301
2200,270
2201,270
2201,291
2202,272
2203,270
2204,284
2204,299
2205,270
2206,273
2207,270
2207,291
2208,267
2209,275
2210,278
2211,270
2211,276
2212,268
2213,276
2213,282
2214,299
2215,280
2216,277
2216,296
2217,270
2217,276
2218,273
2219,268
2220,271
2220,302
2221,270
2222,270
2222,296
2223,272
2224,275
2225,293
2226,267
2226,283
2227,273
2227,298
2228,271
2229,270
2230,299
2231,290
2232,294
2233,281
2233,291
2234,275
2235,270
2236,273
2236,278
2237,275
2238,272
2239,270
2239,273
2240,272
2241,270
2242,267
2242,272
2243,270
2243,291
2244,267
2244,293
2245,270
2246,291
2247,296
2248,275
2248,276
2249,268
2250,291
2251,270
2251,284
2252,275
2253,293
2254,271
2254,282
2255,273
2256,270
2257,272
2258,267
2259,270
2259,276
2260,268
2260,287
2261,267
2262,304
2262,305
2263,287
2264,272
2265,270
2265,296
2266,270
2267,272
2267,305
2268,270
2269,270
2270,273
2271,270
2271,296
2272,270
2272,291
2273,270
2274,275
2275,272
2276,304
2277,270
2278,267
2278,268
2279,303
2280,280
2280,291
2281,268
2282,272
2283,270
2284,276
2285,284
2285,296
2286,293
2287,293
2288,272
2288,305
2289,271
2289,282
2290,270
2291,273
2291,298
2292,291
2293,275
2293,282
2294,273
2294,299
2295,270
2296,293
2297,273
2298,287
2298,293
2299,270
2300,271
2300,275
2301,291
2302,270
2303,267
2303,293
2304,270
2305,270
2306,304
2307,267
2308,278
2309,272
2309,305
2310,278
2310,300
2311,271
2311,282
2312,287
2313,273
2314,273
2315,272
2315,283
2316,271
2317,269
2317,273
2318,284
2318,297
2319,270
2320,271
2321,275
2321,297
2322,270
2323,270
2324,282
2325,293
2326,295
2327,270
2327,272
2328,292
2329,270
2329,300
2330,270
2330,278
2331,270
2332,268
2332,269
2333,276
2334,275
2335,267
2336,280
2337,267
2338,268
2339,277
2340,267
2341,275
2342,272
2342,283
2343,271
2344,271
2344,275
2345,272
2345,305
2346,291
2347,267
2348,268
2348,269
2349,284
2349,302
2350,276
2351,270
2351,296
2352,270
2352,297
2353,276
2354,273
2355,270
2355,278
2356,268
2357,276
2358,281
2358,291
2359,291
2359,296
2360,268
2361,277
2361,281
2362,281
2362,296
2363,272
2364,270
2365,270
2366,284
2366,296
2367,271
2368,272
2368,280
2369,272
2370,269
2371,270
2372,269
2372,278
2373,270
2373,291
2374,267
2375,273
2375,292
2376,270
2376,275
2377,272
2377,280
2378,270
2378,278
2379,290
2380,276
2381,278
2382,275
2383,272
2383,293
2384,267
2384,304
2385,270
2385,301
2386,270
2386,294
2387,287
2387,293
2388,273
2389,273
2389,278
2390,271
2390,284
2391,270
2392,267
2392,293
2393,275
2393,282
2394,268
2394,293
2395,281
2396,269
2397,297
2398,293
2398,304
2399,278
2400,296
2401,278
2402,270
2402,273
2403,287
2404,287
2405,273
2406,271
2407,271
2407,302
2408,296
2409,273
2409,301
2410,270
2411,304
2412,268
2412,269
2413,270
2414,271
2415,267
2415,269
2416,275
2416,276
2417,267
2417,293
2418,272
2419,270
2419,276
2420,267
2420,283
2421,268
2422,270
2423,281
2423,284
2424,267
2424,268
2425,275
2426,296
2427,267
2427,272
2428,272
2428,283
2429,271
2430,270
2430,273
2431,272
2431,305
2432,273
2432,278
2433,270
2433,301
2434,270
2435,275
2436,273
2437,296
2438,267
2439,296
2440,276
2441,270
2442,276
2443,270
2443,275
2444,276
2444,301
2445,270
2446,273
2446,298
2447,270
2447,276
2448,305
2449,275
2450,287
2451,270
2451,272
2452,271
2452,297
2453,270
2453,300
2454,267
2454,294
2455,273
2455,298
2456,270
2457,270
2458,270
2458,277
2459,267
2459,287
2460,270
2460,284
2461,290
2462,273
2463,275
2463,284
2464,273
2464,298
2465,270
2466,293
2467,270
2467,273
2468,270
2468,300
2469,280
2470,271
2470,297
2471,267
2471,304
2472,272
2472,275
2473,270
2473,276
2474,273
2475,270
2476,270
2476,273
2477,278
2477,294
2478,276
2478,291
2479,281
2480,273
2480,298
2481,273
2481,278
2482,276
2482,291
2483,270
2484,270
2485,268
2486,270
2487,276
2488,267
2488,272
2489,281
2490,272
2491,278
2491,300
2492,280
2493,269
2493,284
2494,267
2494,280
2495,276
2496,270
2496,296
2497,272
2497,283
2498,281
2498,291
2499,298
2500,299
2501,270
2502,281
2502,291
2503,270
2504,281
2504,296
2505,270
2505,273
2506,291
2506,296
2507,270
2507,292
2508,272
2509,272
2510,270
2511,287
2511,293
2512,272
2513,269
2514,273
2515,293
2516,273
2517,273
2518,303
2519,276
2519,282
2520,270
2520,273
2521,280
2522,275
2522,284
2523,291
2524,292
2525,273
2525,278
2526,270
2526,300
2527,272
2527,304
2528,275
2529,275
2529,276
2530,272
2530,283
2531,270
2532,269
2533,304
2534,275
2535,270
2536,272
2536,293
2537,281
2538,277
2538,296
2539,270
2539,284
2540,293
2541,272
2542,293
2543,276
2544,269
2545,270
2545,276
2546,270
2546,300
2547,270
2548,291
2549,280
2549,284
2550,268
2550,293
2551,268
2551,293
2552,276
2553,270
2553,291
2554,291
2554,296
2555,273
2556,267
2556,268
2557,275
2558,270
2559,270
2560,271
2561,270
2561,276
2562,293
2563,272
2563,280
2564,267
2565,272
2565,293
2566,267
2567,273
2567,301
2568,272
2569,287
2569,293
2570,273
2571,276
2572,271
2573,271
2574,281
2575,270
2576,273
2577,268
2577,293
2578,270
2578,278
2579,275
2579,297
2580,287
2580,293
2581,267
2581,268
2582,271
2583,270
2583,301
2584,270
2585,290
2586,271
2586,275
2587,278
2588,291
2589,299
2590,268
2590,293
2591,268
2592,278
2593,272
2594,287
2594,293
2595,267
2595,268
2596,270
2597,277
2597,296
2598,270
2599,300
2600,273
2601,270
2601,278
2602,272
2602,287
2603,280
2604,271
2604,302
2605,268
2606,276
2606,291
2607,296
2608,269
2608,273
2609,272
2610,275
2611,298
2611,301
2612,304
2612,305
2613,297
2614,270
2615,278
2615,300
2616,296
2617,270
2617,276
2618,296
2619,296
2620,270
2620,296
2621,273
2621,278
2622,272
2623,303
2624,284
2624,302
2625,271
2625,297
2626,273
2627,267
2627,280
2628,269
2628,278
2629,267
2629,272
2630,269
2630,279
2631,270
2632,287
2633,272
2633,304
2634,270
2635,270
2636,278
2637,267
2638,278
2639,270
2640,273
2641,275
2641,282
2642,268
2643,273
2644,276
2645,277
2645,284
2646,276
2646,282
2647,273
2647,278
2648,270
2648,296
2649,280
2650,270
2651,270
2651,280
2652,275
2653,269
2653,303
2654,268
2655,267
2655,305
2656,267
2657,282
2657,297
2658,272
2658,280
2659,273
2659,298
2660,275
2660,276
2661,270
2661,280
2662,304
2662,305
2663,282
2664,273
2664,278
2665,273
2665,278
2666,290
2667,273
2668,270
2669,267
2670,272
2671,267
2671,272
2672,281
2672,284
2673,281
2674,270
2675,300
2676,272
2676,284
2677,270
2678,276
2678,284
2679,270
2679,273
2680,271
2680,302
2681,268
2681,293
2682,281
2682,296
2683,273
2684,280
2684,291
2685,297
2686,273
2687,293
2688,270
2688,278
2689,267
2689,305
2690,272
2691,270
2691,297
2692,276
2693,287
2693,293
2694,275
2695,273
2696,270
2696,276
2697,299
2698,270
2699,271
2700,267
2700,283
2701,270
2702,301
2703,291
2703,296
2704,296
2705,267
2705,305
2706,270
2706,275
2707,267
2707,304
2708,271
2709,278
2709,294
2710,270
2711,268
2711,287
2712,272
2712,284
2713,272
2713,280
2714,275
2715,293
2716,287
2716,293
2717,270
2717,276
2718,280
2719,272
2719,293
2720,270
2721,291
2721,296
2722,273
2722,300
2723,269
2724,268
2725,270
2725,276
2726,293
2727,270
2728,273
2728,278
2729,267
2729,283
2730,273
2731,269
2731,278
2732,275
2732,276
2733,270
2733,276
2734,272
2734,284
2735,278
2735,300
2736,270
2736,275
2737,295
2738,281
2738,291
2739,275
2740,293
2741,270
2741,295
2742,267
2742,284
2743,276
2744,293
2745,267
2745,272
2746,269
2746,279
2747,290
2748,276
2749,280
2750,295
2751,278
2752,302
2753,273
2753,278
2754,278
2754,284
2755,293
2756,271
2757,270
2758,291
2759,269
2759,273
2760,270
2761,267
2761,269
2762,270
2762,301
2763,267
2764,271
2765,270
2766,273
2766,278
2767,267
2767,269
2768,275
2769,270
2770,272
2771,293
2772,303
2773,276
2773,282
2774,272
2775,276
2775,282
2776,287
2776,293
2777,271
2778,277
2778,281
2779,278
2780,275
2780,276
2781,297
2782,267
2782,293
2783,270
2783,276
2784,282
2784,297
2785,270
2786,282
2786,297
2787,269
2787,278
2788,270
2789,272
2789,280
2790,290
2790,296
2791,270
2791,291
2792,293
2793,267
2793,283
2794,276
2795,270
2795,272
2796,280
2797,302
2798,273
2798,301
2799,271
2800,270
2800,272
2801,271
2802,270
2803,270
2803,275
2804,273
2805,275
2806,271
2807,270
2807,278
2808,275
2809,272
2809,305
2810,305
2811,270
2811,273
2812,273
2812,298
2813,270
2814,268
2814,284
2815,278
2816,273
2816,298
2817,270
2818,273
2818,278
2819,276
2820,281
2821,270
2821,300
2822,270
2822,296
2823,273
2823,284
2824,275
2824,297
2825,273
2826,276
2827,267
2828,272
2828,275
2829,304
2830,272
2831,277
2832,273
2832,278
2833,273
2833,301
2834,270
2835,276
2836,272
2836,304
2837,280
2837,291
2838,275
2839,301
2840,270
2841,280
2842,271
2843,271
2844,268
2844,269
2845,282
2846,276
2847,270
2847,296
2848,270
2848,301
2849,281
2849,296
2850,276
2850,291
2851,268
2851,284
2852,270
2852,275
2853,270
2854,270
2854,273
2855,269
2855,278
2856,273
2857,270
2857,276
2858,270
2858,275
2859,270
2860,267
2860,293
2861,272
2861,304
2862,268
2863,273
2864,270
2864,273
2865,270
2865,291
2866,270
2866,275
2867,267
2868,273
2869,293
2870,272
2871,278
2871,284
2872,280
2873,271
2873,282
2874,270
2875,291
2876,270
2877,272
2878,304
2879,298
2880,275
2880,297
2881,270
2881,276
2882,278
2882,284
2883,293
2884,270
2884,296
2885,267
2885,293
2886,275
2886,276
2887,270
2887,300
2888,267
2888,293
2889,270
2889,278
2890,270
2890,300
2891,267
2892,270
2893,272
2893,293
2894,278
2895,268
2896,273
2897,270
2898,281
2899,276
2900,278
2901,270
2902,297
2903,270
2904,287
2905,290
2906,280
2907,278
2907,294
2908,268
2908,293
2909,267
2909,268
2910,268
2910,287
2911,270
2912,294
2913,275
2914,284
2914,292
2915,273
2916,276
2917,275
2918,271
2919,270
2919,301
2920,270
2921,272
2922,270
2923,269
2924,273
2925,302
2925,303
2926,267
2926,283
2927,270
2927,300
2928,282
2929,276
2930,270
2930,275
2931,293
2931,304
2932,278
2933,272
2933,293
2934,305
2935,270
2935,302
2936,276
2937,270
2938,278
2939,270
2939,296
2940,270
2940,300
2941,269
2941,299
2942,270
2942,301
2943,280
2944,278
2944,294
2945,271
2946,273
2946,298
2947,267
2947,272
2948,267
2948,283
2949,269
2949,303
2950,270
2950,284
2951,280
2952,293
2953,273
2954,273
2954,278
2955,275
2956,270
2956,280
2957,291
2958,273
2958,298
2959,272
2960,267
2960,287
2961,294
2962,270
2962,300
2963,276
2964,276
2965,271
2966,270
2967,278
2968,294
2969,270
2969,273
2970,272
2970,280
2971,302
2972,270
2972,276
2973,280
2973,291
2974,275
2975,273
2976,280
2977,290
2977,291
2978,275
2979,267
2980,291
2980,296
2981,299
2982,267
2982,268
2983,284
2983,301
2984,272
2984,305
2985,276
2985,282
2986,267
2987,271
2987,275
2988,281
2989,273
2989,301
2990,273
2990,278
2991,272
2992,270
2992,301
2993,270
2994,275
2995,267
2995,283
2996,269
2996,284
2997,273
2998,272
2999,272
2999,293
3000,273
3000,278
3001,270
3002,270
3002,284
3003,270
3004,271
3004,302
3005,276
3006,270
3007,269
3008,278
3009,293
3010,280
3011,270
3012,299
3013,272
3014,270
3015,275
3016,275
3016,297
3017,270
3017,284
3018,270
3018,291
3019,273
3020,275
3020,297
3021,273
3022,275
3023,270
3024,270
3024,272
3025,304
3026,297
3027,270
3028,300
3028,301
3029,276
3030,267
3030,280
3031,273
3031,278
3032,275
3033,275
3034,281
3034,296
3035,270
3036,270
3037,267
3037,272
3038,278
3039,284
3039,298
3040,270
3040,276
3041,301
3042,270
3043,276
3044,273
3045,270
3045,280
3046,270
3046,284
3047,278
3048,269
3048,278
3049,297
3050,278
3051,275
3052,293
3053,269
3053,273
3054,293
3055,270
3055,276
3056,297
3057,270
3057,278
3058,276
3059,270
3060,276
3061,267
3062,276
3062,291
3063,270
3064,276
3064,282
3065,269
3065,303
3066,270
3067,302
3068,273
3068,301
3069,280
3070,282
3070,284
3071,293
3072,290
3072,291
3073,267
3073,280
3074,273
3074,278
3075,273
3075,278
3076,270
3076,276
3077,278
3078,271
3079,268
3080,281
3080,291
3081,281
3081,295
3082,270
3082,284
3083,287
3084,270
3085,267
3086,272
3086,275
3087,267
3087,283
3088,278
3088,284
3089,267
3089,268
3090,270
3090,273
3091,273
3092,267
3092,280
3093,272
3093,304
3094,270
3095,293
3096,276
3097,287
3097,293
3098,275
3099,267
3099,293
3100,269
3101,275
3102,275
3103,270
3103,276
3104,267
3105,267
3106,267
3106,283
3107,293
3108,291
3109,272
3109,293
3110,271
3110,282
3111,268
3112,278
3113,300
3114,270
3114,278
3115,270
3115,296
3116,270
3117,276
3118,294
3119,272
3119,293
3120,296
3121,270
3121,284
3122,297
3123,267
3124,270
3124,272
3125,275
3125,282
3126,272
3127,272
3127,305
3128,273
3129,292
3130,269
3131,272
3131,275
3132,293
3133,278
3134,272
3134,293
3135,273
3136,270
3136,291
3137,270
3138,278
3139,270
3139,300
3140,284
3140,291
3141,273
3141,278
3142,270
3143,293
3143,304
3144,272
3145,301
3146,270
3146,275
3147,268
3148,293
3149,270
3150,276
3150,282
3151,278
3151,300
3152,269
3152,284
3153,268
3154,291
3155,272
3155,305
3156,270
3157,293
3158,272
3159,268
3159,269
3160,277
3160,302
3161,267
3161,283
3162,272
3162,293
3163,278
3164,272
3164,283
3165,269
3166,273
3167,275
3167,276
3168,270
3169,270
3169,276
3170,270
3170,273
3171,272
3171,287
3172,270
3173,271
3174,280
3175,270
3176,270
3177,270
3178,276
3178,291
3179,293
3179,304
3180,275
3181,273
3182,267
3182,304
3183,287
3184,291
3185,300
3186,270
3187,270
3187,278
3188,273
3189,273
3189,298
3190,278
3191,278
3191,294
3192,293
3192,305
3193,270
3194,270
3194,278
3195,270
3195,278
3196,296
3197,281
3198,270
3199,270
3199,296
3200,290
3200,291
3201,270
3201,272
3202,267
3203,273
3203,301
3204,267
3204,283
3205,270
3205,273
3206,291
3207,270
3208,278
3208,284
3209,272
3210,275
3211,291
3212,275
3212,276
3213,275
3214,273
3214,278
3215,267
3215,268
3216,270
3216,276
3217,301
3218,276
3219,293
3220,271
3220,275
3221,270
3221,273
3222,270
3222,284
3223,293
3224,300
3225,270
3226,273
3227,270
3228,275
3228,284
3229,270
3230,273
3230,298
3231,271
3231,302
3232,281
3232,291
3233,276
3233,291
3234,268
3235,281
3235,296
3236,272
3237,272
3238,270
3238,301
3239,305
3240,277
3240,296
3241,270
3241,275
3242,269
3242,273
3243,275
3244,270
3244,276
3245,270
3245,276
3246,271
3247,270
3247,273
3248,268
3248,269
3249,268
3249,287
3250,270
3250,278
3251,270
3251,300
3252,272
3252,284
3253,273
3254,267
3254,272
3255,270
3256,282
3256,297
3257,284
3257,293
3258,272
3258,305
3259,267
3259,272
3260,273
3261,296
3262,275
3263,270
3263,296
3264,275
3265,280
3265,305
3266,270
3266,280
3267,270
3267,273
3268,271
3268,297
3269,270
3269,273
3270,268
3270,293
3271,267
3272,280
3273,280
3274,292
3275,270
3275,292
3276,272
3277,270
3277,296
3278,273
3279,270
3279,291
3280,278
3280,300
3281,267
3281,268
3282,302
3283,276
3284,269
3284,284
3285,270
3285,296
3286,280
3287,271
3287,302
3288,291
3289,293
3290,290
3291,270
3291,296
3292,270
3292,275
3293,272
3293,293
3294,270
3294,301
3295,267
3295,280
3296,270
3297,270
3297,275
3298,270
3299,271
3299,297
3300,275
3301,276
3301,301
3302,270
3302,273
3303,272
3303,284
3304,275
3305,273
3305,301
3306,270
3307,296
3308,270
3309,293
3310,275
3310,276
3311,270
3312,270
3312,301
3313,268
3314,273
3315,270
3315,278
3316,303
3317,270
3317,272
3318,278
3319,304
3320,273
3321,270
3322,270
3322,296
3323,267
3323,272
3324,270
3324,301
3325,278
3325,284
3326,270
3327,275
3328,303
3329,268
3329,269
3330,293
3331,272
3332,276
3333,275
3333,276
3334,273
3335,270
3335,273
3336,291
3336,296
3337,273
3337,298
3338,270
3339,272
3339,305
3340,273
3340,278
3341,267
3341,269
3342,271
3342,282
3343,271
3343,275
3344,270
3344,291
3345,273
3346,275
3347,299
3348,272
3348,283
3349,271
3349,297
3350,270
3351,275
3351,297
3352,270
3353,270
3353,296
3354,272
3354,283
3355,277
3355,302
3356,268
3356,293
3357,300
3357,301
3358,275
3358,282
3359,270
3359,273
3360,275
3361,275
3362,269
3363,270
3363,278
3364,275
3365,270
3365,300
3366,267
3366,283
3367,271
3368,273
3369,267
3369,283
3370,267
3370,284
3371,273
3371,301
3372,270
3372,284
3373,284
3373,294
3374,300
3375,267
3375,268
3376,272
3377,273
3377,278
3378,270
3378,273
3379,281
3380,267
3380,269
3381,270
3381,276
3382,291
3383,273
3383,301
3384,276
3385,276
3386,291
3387,276
3388,293
3389,270
3390,271
3390,275
3391,281
3392,270
3393,269
3394,278
3395,270
3396,270
3396,296
3397,278
3398,270
3399,270
3400,270
3401,300
3401,301
3402,271
3403,267
3403,272
3404,281
3405,267
3405,272
3406,271
3406,282
3407,276
3407,291
3408,270
3409,270
3409,284
3410,270
3411,276
3412,282
3413,272
3413,293
3414,281
3415,270
3415,272
3416,301
3417,299
3418,282
3418,297
3419,270
3419,276
3420,267
3420,272
3421,270
3421,291
3422,270
3423,267
3423,293
3424,290
3425,276
3425,282
3426,275
3427,270
3428,273
3428,301
3429,292
3430,272
3430,283
3431,297
3432,293
3433,287
3434,271
3435,268
3435,287
3436,276
3436,282
3437,298
3438,267
3439,271
3440,273
3441,267
3441,280
3442,273
3443,273
3444,293
3445,271
3445,297
3446,272
3446,280
3447,270
3447,278
3448,270
3449,291
3450,276
3451,272
3452,268
3452,269
3453,267
3453,280
3454,269
3455,296
3456,273
3456,298
3457,271
3458,273
3458,284
3459,269
3460,278
3461,271
3462,296
3463,270
3464,275
3464,297
3465,300
3466,284
3466,297
3467,270
3468,270
3469,270
3469,296
3470,278
3471,292
3472,270
3472,275
3473,270
3473,275
3474,267
3474,269
3475,278
3476,275
3477,293
3478,275
3478,297
3479,270
3479,273
3480,267
3480,293
3481,278
3481,284
3482,272
3482,280
3483,276
3484,271
3484,282
3485,270
3485,291
3486,273
3486,298
3487,270
3488,273
3489,269
3489,278
3490,305
3491,270
3492,273
3492,278
3493,268
3494,270
3494,300
3495,293
3495,304
3496,271
3496,302
3497,268
3497,293
3498,270
3499,267
3499,284
3500,268
3500,293
3501,284
3501,293
3502,270
3502,273
3503,271
3504,270
3504,291
3505,271
3505,282
3506,270
3506,276
3507,271
3508,272
3509,273
3509,278
3510,270
3511,272
3511,304
3512,269
3513,305
3514,267
3514,280
3515,273
3516,278
3517,270
3517,291
3518,267
3518,293
3519,272
3520,273
3520,301
3521,296
3522,270
3522,275
3523,293
3524,267
3524,304
3525,278
3526,270
3527,269
3528,275
3529,276
3529,284
3530,270
3531,293
3531,304
3532,293
3533,287
3533,293
3534,267
3534,293
3535,276
3536,292
3537,273
3537,301
3538,267
3538,269
3539,275
3540,270
3540,272
3541,270
3542,267
3543,268
3543,269
3544,273
3544,278
3545,268
3546,275
3547,273
3548,270
3548,273
3549,270
3549,273
3550,267
3550,272
3551,270
3552,272
3552,304
3553,293
3554,271
3555,293
3555,305
3556,275
3556,297
3557,276
3557,282
3558,272
3558,275
3559,276
3560,276
3560,282
3561,270
3562,273
3563,269
3563,279
3564,267
3565,287
3565,293
3566,293
3567,270
3568,267
3568,272
3569,277
3570,277
3570,281
3571,270
3572,295
3573,272
3574,275
3575,272
3575,280
3576,270
3576,303
3577,298
3577,301
3578,273
3579,280
3580,269
3581,270
3581,276
3582,268
3583,273
3584,291
3585,273
3585,298
3586,270
3586,296
3587,270
3587,278
3588,270
3588,275
3589,273
3590,278
3591,271
3592,270
3592,276
3593,296
3594,270
3594,273
3595,282
3596,276
3597,270
3597,300
3598,270
3598,272
3599,270
3599,300
3600,272
3600,275
3601,267
3601,272
3602,272
3603,294
3604,272
3605,272
3605,304
3606,271
3606,282
3607,275
3607,276
3608,271
3608,284
3609,270
3609,272
3610,270
3610,275
3611,281
3612,270
3613,290
3613,291
3614,270
3615,275
3616,273
3616,278
3617,267
3617,283
3618,278
3618,294
3619,270
3619,275
3620,276
3621,276
3621,301
3622,293
3623,297
3624,270
3625,291
3625,296
3626,273
3626,301
3627,271
3627,282
3628,304
3629,272
3630,273
3630,298
3631,270
3631,296
3632,287
3633,273
3634,301
3634,302
3635,287
3636,267
3637,270
3638,270
3638,275
3639,272
3639,275
3640,272
3641,269
3642,293
3643,275
3643,276
3644,270
3645,280
3646,278
3646,284
3647,270
3647,272
3648,273
3648,278
3649,271
3649,275
3650,281
3651,275
3652,271
3652,275
3653,270
3653,275
3654,275
3654,297
3655,269
3655,294
3656,275
3656,276
3657,273
3657,301
3658,273
3658,278
3659,276
3660,275
3661,270
3661,275
3662,291
3663,292
3664,273
3664,298
3665,270
3666,268
3667,270
3667,291
3668,281
3668,296
3669,298
3670,281
3671,271
3671,282
3672,275
3672,282
3673,273
3673,301
3674,269
3675,280
3676,280
3677,267
3677,272
3678,273
3679,272
3679,304
3680,270
3680,282
3681,270
3681,296
3682,270
3682,273
3683,273
3683,284
3684,270
3684,291
3685,275
3685,276
3686,275
3686,297
3687,270
3688,276
3688,282
3689,273
3689,292
3690,267
3690,304
3691,290
3692,301
3693,270
3694,291
3695,272
3695,304
3696,268
3696,293
3697,287
3697,293
3698,276
3699,268
3699,293
3700,267
3700,284
3701,294
3702,287
3703,270
3704,278
3704,294
3705,268
3705,293
3706,272
3707,280
3708,302
3709,272
3710,300
3711,281
3711,295
3712,273
3713,270
3713,301
3714,291
3715,276
3715,282
3716,270
3716,276
3717,270
3717,273
3718,268
3718,293
3719,270
3719,300
3720,291
3721,268
3722,275
3723,301
3724,270
3724,273
3725,270
3725,300
3726,276
3727,276
3728,270
3729,291
3730,270
3730,273
3731,270
3731,291
3732,270
3733,284
3733,293
3734,275
3735,269
3735,278
3736,291
3737,270
3738,271
3739,270
3739,300
3740,269
3741,267
3741,268
3742,287
3742,293
3743,273
3743,284
3744,272
3744,305
3745,270
3745,273
3746,269
3747,275
3747,282
3748,267
3749,275
3750,295
3751,267
3751,304
3752,270
3753,270
3753,278
3754,269
3755,270
3756,272
3757,270
3757,296
3758,267
3759,273
3759,298
3760,271
3760,297
3761,276
3762,296
3763,267
3763,284
3764,269
3765,273
3765,298
3766,301
3766,302
3767,269
3767,279
3768,270
3769,270
3769,276
3770,267
3771,278
3772,299
3773,270
3774,269
3775,272
3775,283
3776,269
3776,294
3777,272
3777,293
3778,275
3778,276
3779,278
3780,275
3780,276
3781,272
3781,304
3782,299
3783,270
3783,284
3784,281
3784,290
3785,276
3786,275
3786,297
3787,280
3788,271
3788,275
3789,268
3790,276
3790,291
3791,273
3792,291
3793,276
3794,293
3795,270
3795,301
3796,273
3796,301
3797,275
3798,280
3799,287
3800,267
3800,280
3801,270
3801,302
3802,270
3802,291
3803,273
3803,278
3804,270
3804,276
3805,278
3806,270
3806,294
3807,272
3807,283
3808,269
3808,284
3809,272
3809,293
3810,284
3810,296
3811,271
3812,268
3813,270
3813,276
3814,303
3815,270
3815,278
3816,270
3816,273
3817,292
3818,281
3819,280
3820,270
3821,273
3822,287
3823,270
3823,273
3824,272
3824,293
3825,270
3826,275
3827,267
3827,272
3828,268
3828,293
3829,272
3829,283
3830,299
3831,271
3832,270
3832,278
3833,281
3833,291
3834,269
3834,279
3835,276
3836,287
3836,293
3837,284
3837,291
3838,270
3839,270
3839,301
3840,272
3840,304
3841,268
3841,284
3842,270
3842,300
3843,287
3843,293
3844,305
3845,280
3845,291
3846,291
3847,270
3847,273
3848,268
3848,269
3849,293
3850,270
3850,278
3851,298
3852,291
3853,276
3854,292
3855,280
3856,293
3857,275
3858,273
3859,272
3860,273
3860,278
3861,271
3862,287
3863,291
3864,273
3865,293
3866,276
3866,291
3867,272
3867,293
3868,278
3869,272
3870,275
3870,297
3871,270
3871,296
3872,267
3872,293
3873,275
3874,275
3874,276
3875,271
3875,302
3876,293
3877,271
3878,275
3879,269
3880,270
3880,301
3881,272
3881,283
3882,281
3882,296
3883,273
3883,278
3884,270
3885,270
3886,272
3886,304
3887,302
3888,299
3889,275
3889,284
3890,270
3890,300
3891,293
3892,299
3893,273
3893,301
3894,270
3894,275
3895,270
3896,270
3896,296
3897,270
3898,270
3898,278
3899,270
3899,300
3900,267
3900,284
3901,292
3902,268
3902,293
3903,275
3903,297
3904,273
3905,277
3906,267
3907,270
3907,275
3908,293
3909,270
3909,291
3910,272
3910,305
3911,275
3912,277
3912,302
3913,270
3914,278
3915,305
3916,270
3917,272
3918,267
3918,283
3919,273
3920,281
3920,291
3921,296
3922,278
3922,300
3923,293
3924,272
3924,275
3925,269
3925,284
3926,271
3926,275
3927,295
3927,296
3928,270
3928,291
3929,276
3930,270
3930,300
3931,273
3932,270
3933,267
3933,293
3934,278
3934,294
3935,270
3936,267
3936,280
3937,273
3938,267
3938,293
3939,270
3940,273
3940,278
3941,290
3942,270
3942,276
3943,270
3944,267
3945,275
3945,297
3946,276
3947,276
3948,267
3948,280
3949,293
3950,270
3951,276
3952,296
3953,293
3954,270
3954,295
3955,278
3956,270
3956,275
3957,302
3958,270
3959,275
3959,284
3960,281
3961,270
3961,296
3962,273
3963,272
3963,284
3964,271
3964,275
3965,293
3966,270
3967,270
3967,273
3968,268
3968,287
3969,267
3970,278
3971,275
3971,276
3972,269
3973,269
3973,278
3974,273
3975,276
3975,284
3976,273
3976,298
3977,270
3977,273
3978,268
3978,284
3979,275
3980,268
3981,269
3982,280
3983,294
3984,273
3984,284
3985,281
3986,293
3987,267
3987,280
3988,267
3988,293
3989,273
3990,278
3991,272
3992,270
3992,278
3993,273
3994,270
3995,291
3996,277
3997,270
3997,275
3998,270
3999,276
4000,276
4001,267
4001,272
4002,281
4003,272
4003,283
4004,272
4004,283
4005,276
4006,293
4007,272
4008,270
4009,304
4010,270
4010,273
4011,278
4012,270
4012,291
4013,275
4014,281
4015,275
4016,270
4016,301
4017,272
4018,270
4019,270
4020,281
4020,296
4021,270
4022,270
4023,290
4024,273
4024,278
4025,272
4025,283
4026,291
4026,296
4027,270
4027,300
4028,271
4028,297
4029,272
4030,291
4031,293
4032,278
4032,292
4033,304
4033,305
4034,272
4034,275
4035,301
4036,267
4036,272
4037,281
4037,295
4038,267
4038,283
4039,275
4039,297
4040,270
4040,272
4041,269
4042,275
4043,282
4044,269
4044,279
4045,275
4046,273
4047,267
4047,272
4048,270
4049,270
4049,291
4050,267
4050,272
4051,272
4051,293
4052,296
4053,269
4053,278
4054,267
4054,268
4055,293
4056,270
4057,273
4058,296
4059,275
4060,273
4060,301
4061,272
4061,305
4062,290
4062,291
4063,270
4063,276
4064,293
4065,275
4065,276
4066,273
4067,267
4067,268
4068,270
4069,273
4070,271
4070,275
4071,273
4071,284
4072,301
4073,291
4074,270
4074,278
4075,275
4076,270
4076,302
4077,299
4078,268
4078,287
4079,270
4080,267
4080,268
4081,272
4081,280
4082,280
4082,291
4083,297
4084,270
4085,273
4085,278
4086,304
4087,275
4088,267
4088,280
4089,293
4090,267
4090,283
4091,272
4091,283
4092,270
4093,271
4094,272
4094,283
4095,275
4095,282
4096,275
4096,297
4097,296
4098,280
4099,304
4100,273
4100,278
4101,269
4102,271
4103,293
4104,300
4105,270
4105,273
4106,270
4107,267
4107,280
4108,270
4108,284
4109,295
4110,294
4111,270
4112,277
4113,270
4113,273
4114,275
4115,276
4116,281
4116,296
4117,270
4117,273
4118,275
4118,276
4119,273
4119,278
4120,278
4120,284
4121,269
4121,278
4122,270
4123,272
4124,267
4124,272
4125,268
4125,287
4126,273
4126,301
4127,270
4127,300
4128,300
4128,301
4129,270
4130,284
4130,305
4131,270
4131,276
4132,278
4132,292
4133,273
4134,299
4135,271
4136,269
4136,294
4137,282
4138,270
4139,271
4139,302
4140,271
4141,276
4142,271
4143,269
4144,293
4145,270
4146,275
4147,299
4148,270
4149,273
4149,278
4150,281
4151,267
4151,304
4152,270
4152,284
4153,268
4154,297
4155,299
4156,300
4157,291
4158,273
4159,270
4160,275
4160,282
4161,278
4162,278
4163,270
4163,284
4164,270
4164,301
4165,273
4166,272
4167,272
4167,275
4168,281
4169,268
4170,296
4171,273
4171,301
4172,281
4172,291
4173,281
4174,275
4174,282
4175,273
4176,270
4176,276
4177,277
4177,302
4178,287
4179,267
4179,280
4180,275
4180,276
4181,270
4182,291
4183,275
4183,297
4184,273
4184,278
4185,293
4186,276
4187,299
4188,278
4188,284
4189,272
4190,278
4191,269
4191,284
4192,268
4193,267
4193,293
4194,275
4195,270
4196,282
4196,297
4197,272
4198,275
4199,273
4200,270
4200,278
4201,276
4201,282
4202,270
4203,271
4204,272
4204,293
4205,270
4205,273
4206,275
4206,282
4207,270
4208,272
4208,283
4209,278
4210,298
4211,269
4211,273
4212,270
4212,296
4213,272
4213,275
4214,271
4215,272
4215,305
4216,270
4216,273
4217,267
4217,283
4218,272
4218,283
4219,269
4220,281
4221,278
4221,294
4222,270
4222,291
4223,273
4223,284
4224,294
4225,267
4225,283
4226,297
4227,270
4228,278
4229,275
4230,267
4230,293
4231,281
4231,296
4232,278
4233,270
4233,278
4234,270
4234,291
4235,278
4236,296
4237,271
4237,297
4238,278
4239,303
4240,278
4241,273
4241,284
4242,270
4243,268
4243,293
4244,276
4244,282
4245,270
4246,267
4247,278
4247,300
4248,275
4249,291
4250,273
4250,278
4251,273
4252,267
4253,267
4254,270
4254,284
4255,271
4256,272
4257,269
4258,280
4259,273
4260,275
4260,276
4261,273
4262,270
4262,277
4263,281
4263,291
4264,270
4264,276
4265,287
4266,272
4267,270
4267,272
4268,296
4269,271
4269,275
4270,272
4270,305
4271,270
4271,276
4272,267
4273,278
4273,284
4274,270
4274,275
4275,291
4276,273
4276,301
4277,281
4278,270
4279,270
4280,270
4280,275
4281,272
4281,280
4282,269
4282,294
4283,270
4284,267
4285,273
4286,281
4286,290
4287,270
4288,272
4289,275
4290,272
4291,275
4292,287
4292,293
4293,270
4294,270
4294,273
4295,284
4295,301
4296,275
4296,276
4297,276
4297,282
4298,272
4298,293
4299,290
4300,271
4300,302
4301,275
4302,269
4302,303
4303,270
4304,270
4305,271
4306,268
4307,270
4307,284
4308,272
4308,293
4309,270
4310,281
4310,290
4311,282
4312,275
4313,267
4314,270
4315,270
4315,301
4316,272
4316,283
4317,270
4317,276
4318,302
4319,269
4320,270
4320,275
4321,269
4321,294
4322,268
4323,268
4324,273
4325,281
4326,272
4326,280
4327,270
4327,278
4328,272
4328,283
4329,272
4329,284
4330,275
4331,271
4332,275
4333,270
4333,273
4334,273
4334,300
4335,271
4335,282
4336,282
4337,305
4338,275
4338,284
4339,275
4339,297
4340,270
4340,273
4341,267
4342,272
4342,293
4343,270
4344,270
4345,270
4345,276
4346,282
4347,267
4347,293
4348,270
4348,296
4349,284
4349,292
4350,276
4351,267
4352,276
4352,291
4353,273
4354,267
4354,272
4355,281
4355,296
4356,272
4356,284
4357,273
4358,281
4358,291
4359,290
4360,270
4361,270
4361,291
4362,270
4362,273
4363,276
4364,275
4365,270
4366,300
4367,295
4368,272
4369,270
4369,275
4370,276
4370,282
4371,270
4372,273
4372,301
4373,267
4373,268
4374,275
4375,291
4376,273
4376,301
4377,281
4378,270
4379,270
4379,273
4380,281
4381,270
4382,269
4383,304
4384,268
4385,280
4386,272
4386,293
4387,270
4387,301
4388,270
4388,296
4389,300
4390,305
4391,269
4391,278
4392,278
4392,300
4393,272
4393,293
4394,299
4395,273
4395,278
4396,293
4396,304
4397,270
4398,276
4399,304
4400,270
4401,292
4402,291
4403,271
4403,275
4404,275
4404,297
4405,275
4406,302
4407,271
4407,297
4408,270
4409,273
4409,298
4410,278
4411,272
4412,276
4412,291
4413,276
4413,282
4414,270
4415,268
4415,287
4416,271
4417,277
4418,270
4418,291
4419,270
4419,278
4420,267
4421,296
4422,272
4422,304
4423,276
4423,282
4424,272
4425,299
4426,268
4426,269
4427,278
4428,277
4428,281
4429,273
4429,298
4430,270
4430,284
4431,270
4431,275
4432,273
4433,270
4434,273
4435,272
4436,294
4437,301
4438,270
4439,278
4440,272
4440,284
4441,267
4441,283
4442,270
4443,267
4443,294
4444,303
4445,293
4446,267
4447,268
4448,273
4449,293
4449,304
4450,267
4451,276
4451,291
4452,281
4453,281
4453,290
4454,296
4455,270
4456,275
4457,272
4458,270
4458,284
4459,270
4459,301
4460,270
4460,276
4461,272
4461,280
4462,272
4463,303
4464,284
4464,287
4465,273
4465,301
4466,268
4466,293
4467,275
4467,276
4468,271
4469,272
4470,267
4470,283
4471,290
4471,291
4472,297
4473,281
4473,291
4474,273
4474,298
4475,268
4476,270
4476,273
4477,275
4477,297
4478,270
4478,273
4479,293
4480,270
4480,278
4481,267
4482,280
4482,291
4483,270
4484,270
4485,270
4486,297
4487,275
4487,282
4488,273
4488,298
4489,268
4489,293
4490,269
4490,294
4491,267
4491,283
4492,273
4492,278
4493,271
4493,282
4494,276
4495,270
4496,280
4497,275
4497,282
4498,272
4499,270
4499,273
4500,270
4500,276
4501,270
4501,301
4502,270
4502,282
4503,270
4503,275
4504,272
4504,283
4505,275
4506,270
4507,297
4508,272
4508,283
4509,272
4510,273
4511,273
4512,281
4513,290
4513,296
4514,301
4515,272
4516,276
4516,291
4517,282
4518,269
4518,279
4519,273
4520,272
4520,280
4521,267
4522,269
4522,278
4523,292
4524,270
4525,270
4525,296
4526,270
4526,291
4527,278
4527,292
4528,304
4529,282
4530,267
4530,293
4531,287
4532,275
4532,276
4533,270
4534,275
4535,278
4536,281
4536,296
4537,282
4537,284
4538,293
4539,300
4539,301
4540,270
4541,267
4541,272
4542,293
4543,272
4543,305
4544,278
4545,271
4545,275
4546,270
4546,275
4547,291
4548,275
4548,276
4549,267
4549,304
4550,275
4550,297
4551,278
4551,292
4552,278
4553,273
4554,273
4554,278
4555,270
4555,296
4556,278
4557,269
4557,278
4558,270
4558,280
4559,273
4560,268
4560,269
4561,270
4562,267
4562,283
4563,267
4563,283
4564,297
4565,270
4565,280
4566,290
4566,296
4567,278
4568,269
4568,279
4569,303
4570,275
4570,297
4571,267
4572,299
4573,268
4573,284
4574,271
4575,270
4576,270
4577,269
4577,273
4578,270
4579,278
4580,302
4581,273
4582,272
4582,283
4583,278
4583,294
4584,268
4585,275
4585,276
4586,301
4587,270
4588,275
4589,269
4589,278
4590,267
4590,280
4591,270
4592,268
4593,293
4594,272
4595,270
4596,267
4596,280
4597,270
4598,273
4599,272
4599,283
4600,269
4600,279
4601,276
4601,282
4602,268
4602,293
4603,272
4604,276
4605,287
4606,269
4607,291
4608,270
4608,275
4609,276
4610,270
4610,296
4611,275
4611,282
4612,272
4613,272
4613,283
4614,267
4614,272
4615,276
4616,267
4617,273
4618,273
4619,270
4619,275
4620,268
4620,293
4621,272
4622,273
4622,278
4623,270
4624,281
4625,270
4625,273
4626,272
4626,283
4627,270
4627,297
4628,276
4629,273
4630,276
4630,284
4631,270
4632,273
4633,290
4634,270
4635,272
4635,284
4636,272
4637,272
4637,283
4638,284
4638,304
4639,270
4640,275
4641,298
4642,270
4642,302
4643,270
4643,296
4644,273
4645,271
4646,278
4647,281
4647,291
4648,267
4648,268
4649,272
4650,272
4650,304
4651,270
4651,273
4652,275
4653,272
4654,272
4654,293
4655,276
4656,284
4656,297
4657,293
4657,304
4658,270
4658,278
4659,270
4660,269
4660,303
4661,272
4662,281
4662,296
4663,293
4664,276
4665,275
4665,276
4666,281
4666,291
4667,270
4668,301
4669,272
4670,276
4671,278
4672,287
4672,293
4673,272
4673,304
4674,272
4675,287
4676,280
4677,303
4678,270
4679,270
4680,297
4681,271
4681,297
4682,291
4683,273
4683,301
4684,293
4685,278
4686,278
4687,272
4688,270
4689,267
4689,293
4690,273
4691,273
4692,300
4693,267
4693,293
4694,292
4695,270
4695,291
4696,276
4697,303
4698,270
4699,270
4699,300
4700,291
4701,270
4701,276
4702,271
4703,281
4703,296
4704,273
4704,301
4705,272
4705,275
4706,273
4707,278
4708,270
4709,296
4710,293
4711,296
4712,272
4712,283
4713,278
4714,270
4714,276
4715,270
4716,270
4716,280
4717,271
4718,270
4719,272
4720,298
4721,272
4722,272
4723,270
4723,301
4724,275
4725,270
4725,278
4726,293
4727,276
4727,282
4728,270
4729,300
4730,268
4730,269
4731,268
4731,287
4732,269
4733,297
4734,267
4734,287
4735,273
4736,293
4736,304
4737,271
4737,297
4738,271
4739,271
4739,275
4740,270
4741,272
4742,277
4743,293
4744,271
4744,275
4745,299
4746,267
4747,291
4748,276
4749,268
4750,273
4750,301
4751,276
4752,272
4752,275
4753,269
4753,278
4754,273
4754,298
4755,275
4755,284
4756,276
4757,271
4758,270
4759,269
4759,279
4760,272
4760,283
4761,273
4762,270
4763,272
4764,270
4764,291
4765,270
4765,278
4766,275
4767,271
4768,270
4769,271
4769,297
4770,272
4770,283
4771,276
4771,291
4772,272
4772,284
4773,270
4773,296
4774,270
4775,270
4776,270
4776,276
4777,276
4777,291
4778,291
4778,296
4779,268
4780,273
4780,278
4781,270
4781,276
4782,272
4782,280
4783,281
4783,284
4784,272
4784,283
4785,275
4786,287
4787,267
4788,277
4789,295
4790,268
4790,293
4791,273
4792,296
4793,271
4794,267
4795,277
4796,275
4797,303
4798,284
4798,295
4799,270
4800,267
4800,272
4801,268
4801,293
4802,275
4802,282
4803,270
4803,272
4804,284
4804,295
4805,276
4806,268
4806,269
4807,280
4808,282
4808,297
4809,273
4810,296
4811,270
4811,296
4812,276
4813,270
4814,278
4815,272
4815,283
4816,270
4816,301
4817,270
4817,278
4818,270
4818,296
4819,278
4820,271
4820,275
4821,275
4821,282
4822,270
4823,270
4824,270
4825,270
4826,281
4826,291
4827,273
4828,267
4829,270
4829,275
4830,272
4830,305
4831,275
4832,293
4832,304
4833,272
4833,284
4834,270
4834,276
4835,267
4835,304
4836,281
4836,291
4837,281
4837,284
4838,271
4838,302
4839,293
4840,272
4840,293
4841,272
4841,275
4842,273
4842,298
4843,287
4844,278
4844,284
4845,270
4845,278
4846,270
4846,276
4847,275
4847,297
4848,272
4848,305
4849,280
4849,291
4850,276
4851,269
4851,279
4852,270
4852,278
4853,287
4853,293
4854,270
4854,272
4855,299
4856,270
4856,284
4857,273
4857,278
4858,273
4859,267
4860,267
4860,294
4861,270
4861,272
4862,275
4863,270
4864,270
4864,300
4865,292
4866,270
4866,272
4867,273
4867,284
4868,267
4868,293
4869,276
4869,291
4870,273
4870,278
4871,272
4872,270
4873,273
4873,278
4874,275
4874,276
4875,269
4876,292
4877,269
4878,275
4878,276
4879,281
4879,295
4880,268
4880,287
4881,275
4882,270
4883,295
4884,291
4884,296
4885,273
4886,270
4887,272
4887,275
4888,268
4888,287
4889,277
4890,270
4890,278
4891,270
4891,296
4892,272
4892,280
4893,267
4893,272
4894,275
4895,276
4895,301
4896,270
4897,276
4898,270
4899,267
4899,283
4900,268
4900,269
4901,291
4902,305
4903,293
4904,267
4905,272
4905,275
4906,272
4906,284
4907,267
4908,270
4909,267
4910,273
4910,284
4911,278
4912,276
4913,278
4914,270
4914,284
4915,270
4915,278
4916,275
4916,276
4917,275
4918,270
4919,292
4920,271
4921,275
4922,270
4923,271
4924,268
4924,293
4925,267
4925,268
4926,271
4926,297
4927,267
4927,268
4928,275
4928,297
4929,270
4929,272
4930,276
4931,276
4932,271
4933,270
4934,281
4935,281
4935,291
4936,271
4936,275
4937,291
4937,296
4938,282
4939,284
4939,293
4940,276
4941,291
4942,293
4943,276
4943,291
4944,270
4945,273
4946,278
4946,300
4947,267
4947,272
4948,270
4949,272
4950,272
4950,275
4951,281
4952,270
4952,273
4953,291
4954,291
4954,296
4955,270
4956,270
4957,278
4958,272
4958,283
4959,269
4960,276
4961,268
4962,272
4963,278
4964,267
4964,272
4965,275
4965,297
4966,276
4967,267
4968,272
4968,283
4969,270
4970,278
4971,270
4972,293
4973,272
4973,284
4974,276
4975,268
4976,271
4976,302
4977,282
4978,270
4978,278
4979,270
4980,278
4980,300
4981,267
4982,270
4983,299
4984,272
4984,305
4985,270
4985,272
4986,295
4987,272
4988,284
4988,293
4989,270
4990,276
4990,282
4991,267
4992,281
4992,291
4993,281
4993,291
4994,267
4995,302
4996,305
4997,292
4998,267
4998,269
4999,272
4999,275
5000,293
5000,304
5001,270
5001,275
5002,270
5003,293
5003,305
5004,267
5005,275
5005,282
5006,284
5006,292
5007,280
5008,267
5008,305
5009,272
5009,284
5010,270
5010,296
5011,273
5011,278
5012,270
5013,270
5013,296
5014,267
5014,272
5015,270
5016,293
5016,304
5017,273
5018,276
5019,272
5020,270
5020,301
5021,271
5021,297
5022,270
5022,276
5023,290
5023,296
5024,270
5024,284
5025,267
5025,269
5026,269
5027,293
5028,276
5028,291
5029,295
5030,272
5030,293
5031,287
5031,293
5032,301
5033,271
5033,302
5034,273
5034,301
5035,290
5036,267
5037,272
5037,275
5038,293
5039,277
5039,296
5040,284
5040,296
5041,272
5041,293
5042,275
5043,270
5044,280
5044,305
5045,284
5045,304
5046,275
5046,276
5047,273
5047,292
5048,278
5049,268
5049,293
5050,270
5050,272
5051,273
5052,276
5052,282
5053,276
5054,267
5055,275
5055,297
5056,270
5056,278
5057,271
5057,275
5058,291
5058,296
5059,270
5059,278
5060,270
5060,276
5061,272
5062,270
5063,275
5063,276
5064,272
5064,287
5065,270
5065,278
5066,278
5067,273
5067,298
5068,276
5069,269
5069,279
5070,270
5071,270
5071,284
5072,271
5073,293
5073,304
5074,273
5074,278
5075,269
5075,273
5076,295
5077,301
5078,275
5078,276
5079,271
5079,275
5080,273
5081,270
5082,267
5082,293
5083,272
5083,280
5084,277
5084,284
5085,287
5086,287
5087,272
5087,283
5088,270
5089,270
5090,273
5091,270
5091,278
5092,293
5093,291
5094,291
5095,270
5095,276
5096,270
5097,270
5097,280
5098,291
5098,296
5099,270
5099,291
5100,278
5101,272
5101,293
5102,270
5102,292
5103,305
5104,270
5104,284
5105,291
5106,296
5107,302
5107,303
5108,273
5108,298
5109,269
5110,270
5111,267
5111,280
5112,270
5113,302
5114,292
5115,280
5116,277
5117,270
5118,281
5118,284
5119,270
5119,291
5120,270
5120,276
5121,281
5121,296
5122,273
5123,272
5124,270
5124,276
5125,270
5125,301
5126,270
5127,301
5127,302
5128,271
5129,301
5130,267
5130,272
5131,272
5132,278
5133,267
5133,268
5134,272
5134,283
5135,267
5135,272
5136,270
5137,272
5137,283
5138,267
5138,280
5139,276
5139,282
5140,270
5140,278
5141,270
5141,276
5142,268
5142,287
5143,270
5144,267
5145,280
5146,270
5146,272
5147,270
5147,300
5148,270
5148,275
5149,273
5150,293
5151,295
5151,296
5152,270
5153,272
5153,293
5154,275
5154,297
5155,270
5156,276
5156,282
5157,272
5158,275
5158,282
5159,270
5160,273
5160,301
5161,272
5161,284
5162,269
5163,270
5163,300
5164,273
5165,273
5165,278
5166,273
5167,293
5168,276
5169,278
5170,269
5170,279
5171,272
5172,275
5173,269
5173,279
5174,304
5175,270
5175,291
5176,267
5177,270
5178,275
5178,282
5179,271
5180,275
5180,276
5181,275
5182,269
5182,279
5183,272
5183,283
5184,268
5184,269
5185,273
5185,298
5186,267
5187,270
5187,273
5188,271
5188,275
5189,281
5190,270
5191,271
5192,270
5193,293
5193,304
5194,293
5194,304
5195,291
5196,276
5197,272
5197,305
5198,267
5198,293
5199,267
5199,304
5200,276
5201,270
5202,287
5203,270
5203,291
5204,281
5205,270
5206,270
5207,278
5208,267
5208,272
5209,296
5210,297
5211,287
5211,293
5212,270
5213,272
5213,283
5214,268
5215,267
5215,304
5216,270
5217,296
5218,269
5219,268
5220,270
5221,270
5221,276
5222,272
5222,280
5223,270
5223,275
5224,270
5224,280
5225,272
5225,275
5226,272
5226,275
5227,270
5228,280
5228,291
5229,268
5229,269
5230,276
5231,271
5232,270
5232,300
5233,273
5233,301
5234,270
5234,284
5235,270
5235,272
5236,270
5236,275
5237,270
5237,296
5238,270
5238,276
5239,272
5239,304
5240,270
5240,272
5241,272
5241,283
5242,291
5243,273
5243,278
5244,273
5244,301
5245,282
5246,270
5246,275
5247,291
5248,273
5249,293
5250,301
5251,271
5251,302
5252,272
5253,269
5253,278
5254,270
5254,275
5255,270
5255,296
5256,273
5257,267
5258,291
5259,287
5259,293
5260,281
5260,296
5261,275
5261,297
5262,275
5263,270
5264,270
5265,293
5265,304
5266,272
5267,292
5268,270
5269,270
5270,273
5271,272
5271,293
5272,299
5273,278
5273,300
5274,270
5275,272
5275,293
5276,299
5277,270
5278,267
5278,284
5279,268
5280,267
5280,283
5281,290
5282,281
5282,290
5283,271
5284,267
5284,272
5285,276
5285,284
5286,293
5287,296
5288,267
5288,304
5289,270
5290,270
5290,291
5291,273
5292,275
5293,271
5293,297
5294,281
5295,267
5295,272
5296,270
5296,301
5297,301
5298,276
5299,282
5299,297
5300,272
5300,280
5301,276
5302,276
5303,272
5303,284
5304,268
5304,269
5305,303
5306,291
5307,271
5307,284
5308,270
5308,273
5309,272
5309,283
5310,301
5311,270
5312,278
5313,278
5313,294
5314,276
5314,284
5315,280
5315,305
5316,272
5316,283
5317,281
5318,270
5319,273
5319,298
5320,273
5321,267
5322,292
5323,297
5324,270
5324,272
5325,272
5325,305
5326,296
5327,270
5328,270
5329,270
5329,273
5330,293
5331,270
5331,284
5332,301
5333,273
5333,278
5334,275
5334,276
5335,272
5336,275
5336,297
5337,296
5338,271
5338,282
5339,271
5339,282
5340,293
5341,291
5342,268
5343,271
5343,275
5344,281
5344,284
5345,270
5346,270
5346,291
5347,276
5348,273
5349,272
5349,284
5350,291
5351,270
5351,302
5352,294
5353,272
5354,278
5355,272
5355,280
5356,270
5356,296
5357,270
5358,272
5358,283
5359,273
5359,278
5360,292
5361,270
5362,271
5362,302
5363,275
5364,272
5364,280
5365,275
5366,273
5366,298
5367,293
5368,270
5368,273
5369,270
5369,275
5370,270
5371,275
5372,291
5373,267
5373,293
5374,271
5374,275
5375,276
5376,297
5377,269
5377,294
5378,268
5378,293
5379,276
5379,282
5380,291
5381,272
5381,304
5382,267
5383,270
5383,300
5384,269
5384,278
5385,268
5386,270
5387,267
5387,293
5388,273
5388,301
5389,270
5389,300
5390,300
5391,270
5391,273
5392,270
5393,293
5394,273
5395,270
5396,276
5397,275
5398,270
5398,300
5399,270
5399,275
5400,287
5401,272
5402,297
5403,268
5403,293
5404,273
5404,300
5405,273
5406,303
5407,273
5408,267
5408,283
5409,270
5410,270
5411,273
5412,275
5412,297
5413,273
5413,301
5414,293
5415,272
5415,304
5416,293
5417,267
5417,272
5418,269
5418,278
5419,269
5419,278
5420,273
5421,267
5421,283
5422,272
5423,268
5423,293
5424,273
5425,270
5426,270
5427,273
5427,301
5428,275
5429,268
5429,269
5430,272
5431,267
5431,272
5432,268
5433,284
5433,292
5434,267
5435,270
5435,275
5436,273
5437,297
5438,270
5439,277
5439,296
5440,270
5440,278
5441,275
5442,298
5443,273
5444,291
5445,270
5446,270
5446,276
5447,302
5448,293
5449,278
5450,298
5451,270
5451,273
5452,270
5453,296
5454,271
5454,302
5455,276
5455,282
5456,270
5456,275
5457,267
5457,284
5458,287
5459,272
5459,283
5460,269
5461,268
5462,276
5463,267
5464,273
5465,281
5466,267
5467,273
5467,278
5468,276
5468,282
5469,276
5469,282
5470,270
5471,267
5471,304
5472,270
5473,281
5474,267
5474,269
5475,270
5475,278
5476,273
5477,270
5478,270
5478,280
5479,293
5480,272
5480,305
5481,269
5481,279
5482,271
5483,300
5484,267
5484,272
5485,291
5486,271
5486,297
5487,294
5488,276
5489,270
5489,276
5490,273
5491,271
5491,302
5492,275
5493,276
5494,273
5494,284
5495,271
5496,269
5496,284
5497,270
5497,300
5498,302
5499,275
5499,297
5500,269
5501,272
5502,267
5503,281
5503,296
5504,272
5504,293
5505,269
5506,275
5506,276
5507,275
5508,281
5509,287
5509,293
5510,281
5510,284
5511,277
5511,281
5512,272
5512,283
5513,270
5514,297
5515,303
5516,270
5516,273
5517,270
5517,278
5518,272
5519,276
5520,292
5521,297
5522,272
5522,283
5523,282
5524,272
5524,305
5525,305
5526,270
5527,287
5528,276
5528,282
5529,270
5529,278
5530,270
5531,297
5532,270
5532,275
5533,276
5533,291
5534,273
5535,272
5536,275
5537,272
5537,280
5538,270
5539,270
5539,273
5540,273
5540,278
5541,271
5542,291
5542,296
5543,299
5544,267
5544,268
5545,270
5545,273
5546,270
5546,284
5547,276
5548,293
5549,270
5550,272
5550,275
5551,270
5551,278
5552,269
5553,302
5554,270
5555,267
5555,272
5556,269
5557,296
5558,273
5559,270
5560,270
5561,287
5561,293
5562,272
5562,305
5563,270
5564,268
5564,287
5565,270
5565,275
5566,290
5567,272
5567,275
5568,281
5568,284
5569,293
5570,267
5570,283
5571,284
5571,302
5572,275
5573,272
5573,280
5574,278
5575,273
5576,277
5576,296
5577,267
5577,280
5578,269
5578,279
5579,270
5579,301
5580,273
5581,269
5581,294
5582,268
5583,272
5584,273
5585,268
5586,271
5587,270
5587,275
5588,273
5589,267
5589,304
5590,269
5591,270
5591,284
5592,299
5593,282
5594,270
5595,271
5595,275
5596,273
5597,267
5598,267
5598,272
5599,275
5600,270
5601,267
5601,293
5602,268
5603,278
5604,270
5605,270
5606,281
5607,272
5607,293
5608,272
5608,293
5609,276
5610,270
5611,270
5611,284
5612,281
5613,278
5614,270
5614,276
5615,270
5615,276
5616,273
5617,284
5617,291
5618,290
5618,291
5619,272
5620,272
5620,305
5621,291
5622,272
5622,305
5623,276
5624,292
5625,276
5625,284
5626,278
5627,272
5627,284
5628,270
5628,272
5629,278
5630,267
5630,272
5631,270
5632,272
5633,270
5633,273
5634,301
5635,270
5636,300
5637,277
5637,302
5638,268
5638,269
5639,291
5639,296
5640,293
5641,280
5642,270
5642,299
5643,273
5643,298
5644,269
5645,273
5645,301
5646,273
5646,278
5647,267
5648,293
5649,280
5649,291
5650,270
5651,271
5652,273
5653,292
5654,293
5655,271
5655,275
5656,270
5657,268
5657,269
5658,270
5658,301
5659,291
5660,303
5661,272
5661,283
5662,270
5662,273
5663,271
5663,282
5664,272
5664,305
5665,280
5666,270
5666,278
5667,270
5667,272
5668,302
5669,276
5670,267
5670,269
5671,281
5672,276
5673,295
5674,277
5674,296
5675,278
5676,287
5676,293
5677,270
5677,273
5678,272
5679,271
5679,282
5680,272
5681,278
5682,272
5683,276
5684,276
5684,282
5685,270
5685,272
5686,270
5686,278
5687,270
5688,293
5689,269
5689,284
5690,270
5691,273
5692,269
5692,299
5693,273
5693,284
5694,271
5694,297
5695,273
5696,273
5696,278
5697,270
5697,276
5698,270
5698,272
5699,281
5699,284
5700,270
5701,270
5701,276
5702,270
5703,267
5703,287
5704,270
5704,278
5705,272
5705,275
5706,276
5706,291
5707,273
5707,301
5708,270
5708,278
5709,291
5710,287
5711,267
5711,293
5712,275
5712,297
5713,299
5714,270
5714,276
5715,293
5715,304
5716,267
5716,272
5717,294
5718,273
5719,270
5719,276
5720,278
5720,294
5721,267
5721,272
5722,275
5722,276
5723,296
5724,291
5725,268
5725,269
5726,276
5727,276
5727,282
5728,297
5729,272
5729,275
5730,270
5731,272
5731,275
5732,270
5733,296
5734,276
5734,282
5735,267
5735,293
5736,270
5737,278
5737,300
5738,267
5738,284
5739,276
5740,293
5741,267
5742,270
5743,270
5744,269
5744,279
5745,291
5745,296
5746,270
5746,276
5747,299
5748,272
5748,284
5749,278
5750,271
5750,275
5751,273
5751,299
5752,270
5752,296
5753,278
5753,300
5754,267
5754,283
5755,272
5756,270
5756,272
5757,275
5757,284
5758,270
5758,295
5759,303
5760,272
5760,293
5761,275
5762,270
5763,275
5763,282
5764,267
5765,293
5766,267
5766,272
5767,267
5767,272
5768,270
5768,296
5769,273
5770,270
5770,278
5771,270
5771,300
5772,304
5772,305
5773,273
5773,301
5774,271
5774,275
5775,272
5775,280
5776,305
5777,293
5778,268
5778,293
5779,267
5779,304
5780,272
5780,275
5781,272
5781,305
5782,276
5783,269
5783,278
5784,272
5784,304
5785,270
5786,276
5786,284
5787,270
5788,287
5789,278
5789,300
5790,284
5790,290
5791,271
5791,302
5792,280
5793,275
5793,297
5794,271
5795,287
5795,293
5796,270
5797,270
5797,291
5798,272
5798,275
5799,273
5800,269
5800,279
5801,281
5801,295
5802,270
5803,270
5803,272
5804,271
5804,297
5805,270
5806,273
5807,287
5807,293
5808,275
5809,270
5810,270
5811,270
5812,293
5812,304
5813,275
5814,272
5815,270
5815,276
5816,268
5816,269
5817,270
5817,273
5818,271
5818,275
5819,278
5819,294
5820,272
5821,281
5822,287
5822,293
5823,294
5824,278
5824,292
5825,268
5825,293
5826,271
5827,267
5828,275
5828,276
5829,273
5829,298
5830,270
5831,269
5831,278
5832,293
5833,272
5834,296
5835,270
5835,273
5836,272
5837,270
5837,272
5838,271
5839,278
5840,267
5840,272
5841,281
5841,296
5842,267
5843,271
5843,282
5844,273
5844,278
5845,273
5846,297
5847,272
5847,304
5848,270
5848,273
5849,293
5850,301
5851,267
5852,270
5853,267
5854,275
5855,270
5856,276
5856,282
5857,305
5858,273
5858,278
5859,267
5859,268
5860,273
5861,270
5862,277
5863,273
5864,267
5865,276
5866,291
5867,276
5868,270
5868,273
5869,268
5869,269
5870,271
5870,297
5871,276
5872,270
5872,300
5873,270
5873,275
5874,275
5874,282
5875,293
5876,287
5877,273
5878,267
5879,299
5880,267
5881,270
5882,271
5882,282
5883,270
5883,272
5884,270
5884,273
5885,287
5885,293
5886,293
5887,280
5888,268
5888,287
5889,267
5890,268
5891,275
5892,270
5893,287
5894,294
5895,267
5895,283
5896,272
5896,283
5897,270
5898,270
5898,275
5899,272
5899,304
5900,293
5901,270
5902,282
5902,297
5903,271
5903,297
5904,293
5905,269
5905,294
5906,270
5906,276
5907,273
5908,276
5909,269
5910,270
5910,282
5911,272
5911,304
5912,297
5913,270
5914,272
5914,280
5915,302
5916,270
5916,291
5917,290
5918,270
5918,300
5919,272
5920,269
5921,267
5921,293
5922,271
5923,276
5924,275
5924,297
5925,268
5926,278
5926,303
5927,299
5928,303
5929,270
5930,268
5931,273
5932,270
5933,273
5934,276
5935,267
5936,270
5937,267
5937,293
5938,291
5939,267
5939,283
5940,270
5940,301
5941,273
5941,278
5942,281
5943,295
5944,269
5944,278
5945,293
5945,304
5946,281
5947,268
5948,281
5948,296
5949,269
5949,278
5950,296
5951,267
5951,268
5952,293
5953,273
5953,301
5954,270
5954,300
5955,275
5956,287
5957,272
5957,305
5958,276
5959,268
5959,293
5960,270
5960,275
5961,270
5962,293
5963,271
5963,302
5964,275
5965,272
5965,305
5966,276
5966,291
5967,270
5968,273
5968,278
5969,270
5969,275
5970,270
5971,270
5972,267
5973,270
5973,296
5974,267
5974,280
5975,275
5975,284
5976,275
5976,282
5977,267
5978,269
5979,298
5980,275
5980,282
5981,270
5982,270
5982,300
5983,268
5983,287
5984,287
5985,270
5985,280
5986,267
5986,293
5987,271
5987,282
5988,270
5989,270
5990,270
5991,270
5992,275
5993,276
5993,291
5994,270
5995,297
5996,268
5996,269
5997,272
5998,270
5999,270
6000,270
6000,300
6001,270
6002,275
6003,272
6004,267
6004,283
6005,284
6005,300
6006,278
6006,300
6007,297
6008,270
6008,275
6009,267
6009,272
6010,287
6010,293
6011,270
6012,270
6012,276
6013,276
6013,282
6014,276
6014,282
6015,273
6015,298
6016,275
6017,272
6017,283
6018,299
6019,267
6020,270
6020,273
6021,270
6022,273
6022,300
6023,293
6024,278
6025,272
6026,267
6026,268
6027,273
6027,299
6028,270
6029,270
6029,301
6030,273
6030,292
6031,270
6031,276
6032,275
6032,282
6033,273
6034,296
6035,270
6036,281
6036,284
6037,267
6037,283
6038,268
6038,284
6039,303
6040,272
6040,283
6041,280
6042,269
6043,267
6043,272
6044,267
6044,293
6045,273
6045,284
6046,302
6047,270
6047,291
6048,268
6048,269
6049,267
6050,271
6051,273
6051,284
6052,268
6052,293
6053,270
6053,292
6054,268
6054,293
6055,280
6055,284
6056,270
6056,278
6057,270
6057,278
6058,281
6059,273
6060,275
6060,276
6061,273
6062,275
6063,267
6063,305
6064,270
6064,301
6065,276
6066,267
6066,284
6067,270
6067,284
6068,281
6068,290
6069,284
6069,297
6070,269
6071,294
6072,305
6073,270
6073,278
6074,267
6074,268
6075,270
6075,276
6076,275
6077,272
6078,272
6079,272
6079,293
6080,293
6081,270
6082,291
6083,284
6083,287
6084,293
6084,304
6085,273
6086,271
6086,284
6087,270
6088,267
6089,267
6089,268
6090,293
6091,272
6091,275
6092,278
6093,293
6094,268
6095,278
6096,269
6097,275
6097,284
6098,270
6098,291
6099,272
6099,283
6100,270
6100,273
6101,268
6101,293
6102,275
6102,276
6103,272
6104,281
6105,271
6105,275
6106,272
6106,283
6107,271
6107,282
6108,270
6109,287
6110,284
6110,297
6111,270
6112,275
6113,270
6113,284
6114,276
6114,291
6115,287
6115,293
6116,273
6116,278
6117,275
6118,291
6119,270
6120,270
6120,272
6121,280
6122,293
6123,290
6123,291
6124,293
6125,268
6126,290
6126,291
6127,271
6127,275
6128,296
6129,293
6130,298
6130,301
6131,272
6131,283
6132,270
6132,296
6133,272
6133,305
6134,272
6135,268
6135,287
6136,284
6136,293
6137,273
6138,293
6139,270
6139,296
6140,270
6141,281
6142,275
6142,297
6143,270
6143,275
6144,272
6145,272
6145,275
6146,267
6146,268
6147,270
6148,276
6149,270
6149,276
6150,268
6150,287
6151,270
6151,297
6152,270
6153,270
6154,294
6155,273
6156,293
6157,276
6157,291
6158,276
6159,282
6159,297
6160,301
6161,278
6162,267
6162,272
6163,280
6164,270
6165,273
6165,301
6166,273
6166,294
6167,267
6167,272
6168,272
6168,293
6169,270
6170,295
6171,275
6172,276
6172,291
6173,272
6173,280
6174,282
6175,271
6176,272
6176,284
6177,273
6178,270
6179,284
6179,302
6180,276
6181,297
6182,267
6182,272
6183,268
6183,269
6184,282
6185,269
6185,278
6186,301
6187,270
6188,270
6188,272
6189,276
6189,282
6190,278
6190,300
6191,268
6191,293
6192,270
6192,296
6193,271
6193,275
6194,267
6194,272
6195,273
6196,276
6196,282
6197,290
6198,273
6199,281
6199,291
6200,270
6200,273
6201,270
6201,291
6202,278
6202,294
6203,291
6204,272
6205,290
6206,291
6207,269
6207,279
6208,270
6209,300
6209,301
6210,267
6210,272
6211,273
6211,284
6212,270
6212,278
6213,270
6213,275
6214,270
6215,272
6215,283
6216,272
6216,304
6217,268
6217,269
6218,267
6218,280
6219,281
6219,284
6220,280
6220,284
6221,269
6221,278
6222,271
6222,302
6223,270
6224,278
6225,297
6226,278
6227,273
6228,291
6229,276
6229,291
6230,271
6230,275
6231,270
6232,272
6232,284
6233,273
6234,280
6235,270
6236,300
6237,267
6237,280
6238,296
6239,271
6240,268
6241,297
6242,272
6243,280
6244,270
6245,278
6245,294
6246,271
6246,302
6247,276
6247,291
6248,272
6248,284
6249,269
6249,284
6250,270
6250,278
6251,270
6251,276
6252,269
6252,278
6253,273
6254,269
6255,267
6255,283
6256,270
6257,269
6258,275
6259,270
6259,275
6260,290
6261,270
6261,275
6262,287
6262,293
6263,275
6263,282
6264,268
6264,269
6265,269
6266,278
6266,284
6267,270
6268,269
6269,270
6269,276
6270,270
6270,278
6271,267
6271,268
6272,280
6272,284
6273,290
6273,291
6274,270
6275,273
6276,270
6276,291
6277,270
6277,275
6278,301
6279,276
6280,276
6280,282
6281,272
6282,272
6282,283
6283,271
6284,272
6284,283
6285,271
6286,272
6286,293
6287,270
6288,270
6289,287
6290,302
6291,267
6292,267
6293,267
6293,272
6294,275
6294,276
6295,273
6296,269
6296,294
6297,275
6298,275
6299,270
6300,304
6301,273
6301,278
6302,270
6302,275
6303,276
6303,282
6304,287
6305,273
6305,298
6306,270
6307,268
6307,269
6308,281
6309,268
6309,269
6310,296
6311,273
6312,273
6312,298
6313,273
6314,271
6314,275
6315,275
6316,267
6317,293
6318,305
6319,270
6320,277
6320,296
6321,267
6321,268
6322,270
6323,273
6324,273
6325,270
6325,300
6326,281
6327,284
6327,296
6328,268
6328,269
6329,270
6329,282
6330,281
6331,270
6332,270
6332,300
6333,278
6334,271
6335,273
6336,270
6336,272
6337,275
6337,276
6338,267
6339,267
6339,283
6340,276
6341,269
6341,278
6342,270
6343,270
6344,284
6344,305
6345,272
6345,283
6346,270
6347,270
6348,270
6348,301
6349,267
6349,283
6350,284
6350,292
6351,267
6351,272
6352,273
6353,276
6353,291
6354,275
6355,270
6355,280
6356,280
6356,291
6357,270
6357,273
6358,271
6358,297
6359,273
6360,304
6361,275
6362,300
6363,271
6364,272
6365,275
6366,293
6366,305
6367,280
6368,270
6368,276
6369,278
6370,267
6371,270
6372,272
6372,305
6373,272
6373,305
6374,268
6374,284
6375,267
6376,269
6377,270
6377,272
6378,273
6379,273
6380,272
6380,283
6381,270
6382,270
6383,287
6383,293
6384,272
6384,293
6385,273
6385,298
6386,272
6386,304
6387,267
6387,280
6388,290
6388,291
6389,275
6390,273
6391,281
6392,296
6393,270
6393,278
6394,273
6394,298
6395,272
6395,305
6396,267
6396,280
6397,270
6398,268
6399,299
6400,270
6400,276
6401,270
6401,296
6402,270
6403,267
6403,294
6404,270
6404,300
6405,292
6406,275
6406,297
6407,270
6407,300
6408,273
6408,300
6409,272
6409,283
6410,272
6410,280
6411,270
6411,284
6412,269
6413,270
6414,275
6414,276
6415,271
6415,284
6416,275
6416,297
6417,294
6418,295
6419,291
6420,270
6421,272
6422,272
6422,283
6423,267
6424,267
6424,304
6425,275
6426,270
6426,296
6427,278
6428,270
6428,301
6429,272
6429,275
6430,270
6430,275
6431,268
6432,271
6432,302
6433,276
6433,282
6434,270
6435,271
6435,275
6436,270
6436,272
6437,267
6438,273
6439,270
6440,272
6440,304
6441,300
6442,284
6442,303
6443,267
6443,283
6444,270
6445,270
6446,281
6447,303
6448,270
6449,282
6449,297
6450,270
6451,304
6451,305
6452,267
6452,293
6453,290
6453,291
6454,272
6454,304
6455,276
6455,291
6456,270
6456,300
6457,270
6457,291
6458,297
6459,296
6460,291
6461,270
6461,276
6462,270
6462,278
6463,270
6463,275
6464,267
6464,293
6465,272
6466,276
6467,267
6468,270
6469,267
6469,293
6470,268
6471,267
6471,283
6472,270
6472,273
6473,270
6473,300
6474,272
6475,299
6476,275
6476,276
6477,287
6478,278
6478,284
6479,267
6480,269
6480,279
6481,273
6481,278
6482,273
6483,268
6484,270
6484,284
6485,270
6486,270
6486,291
6487,267
6487,272
6488,278
6489,281
6490,278
6490,300
6491,267
6491,272
6492,270
6493,267
6493,287
6494,272
6494,283
6495,267
6496,270
6497,270
6497,275
6498,272
6498,305
6499,270
6499,278
6500,277
6500,296
6501,270
6501,276
6502,275
6502,297
6503,270
6504,281
6505,296
6506,270
6507,284
6507,297
6508,273
6509,271
6509,282
6510,275
6511,291
6512,293
6513,291
6514,270
6515,270
6515,296
6516,294
6517,267
6517,283
6518,270
6519,271
6519,275
6520,267
6521,300
6522,278
6523,284
6523,293
6524,291
6525,270
6526,272
6527,273
6528,272
6528,305
6529,271
6529,302
6530,270
6530,296
6531,273
6532,267
6532,293
6533,303
6534,273
6534,278
6535,275
6536,267
6537,291
6538,287
6539,271
6539,302
6540,292
6541,267
6541,283
6542,273
6542,298
6543,269
6544,267
6545,268
6545,269
6546,275
6546,297
6547,276
6547,284
6548,271
6548,302
6549,268
6550,269
6550,294
6551,267
6551,283
6552,270
6553,272
6554,276
6555,275
6555,282
6556,271
6556,275
6557,272
6558,276
6559,281
6560,271
6560,275
6561,275
6561,276
6562,270
6562,300
6563,272
6564,282
6565,291
6566,270
6567,301
6568,273
6569,300
6570,273
6571,273
6571,284
6572,291
6573,275
6574,278
6575,272
6575,275
6576,273
6576,278
6577,270
6578,273
6579,270
6579,272
6580,270
6580,276
6581,302
6582,272
6582,280
6583,276
6584,269
6585,287
6585,293
6586,270
6586,296
6587,273
6587,278
6588,293
6589,278
6590,282
6591,303
6592,272
6592,287
6593,267
6593,283
6594,276
6594,291
6595,281
6595,291
6596,290
6596,291
6597,270
6598,273
6599,268
6600,293
6601,267
6601,283
6602,277
6603,280
6604,267
6605,269
6605,279
6606,270
6607,271
6608,269
6609,270
6610,272
6611,270
6612,278
6613,284
6613,295
6614,276
6614,291
6615,270
6616,273
6616,298
6617,270
6618,267
6618,293
6619,272
6619,293
6620,280
6621,270
6621,276
6622,272
6623,300
6624,290
6625,271
6626,275
6627,272
6628,270
6629,278
6630,270
6630,296
6631,272
6632,275
6633,287
6634,293
6635,270
6636,267
6637,293
6638,270
6638,301
6639,278
6640,270
6640,296
6641,282
6641,297
6642,287
6642,293
6643,270
6644,276
6645,275
6645,276
6646,293
6647,271
6647,275
6648,275
6648,282
6649,299
6650,275
6651,270
6652,268
6653,270
6653,273
6654,270
6655,270
6655,278
6656,276
6657,291
6658,272
6659,295
6660,267
6660,283
6661,297
6662,284
6662,296
6663,275
6664,267
6665,271
6666,270
6666,272
6667,273
6668,267
6668,280
6669,271
6670,270
6671,293
6672,271
6673,275
6673,284
6674,270
6675,270
6675,303
6676,275
6677,269
6678,272
6678,275
6679,275
6680,273
6680,298
6681,270
6682,270
6683,269
6684,281
6685,270
6685,291
6686,275
6686,282
6687,271
6687,297
6688,270
6688,296
6689,293
6690,270
6690,300
6691,270
6691,301
6692,270
6692,275
6693,267
6693,269
6694,270
6695,270
6696,272
6696,293
6697,269
6697,273
6698,272
6698,305
6699,273
6699,301
6700,270
6700,284
6701,275
6702,293
6703,293
6704,281
6705,267
6705,272
6706,270
6707,267
6708,270
6708,291
6709,270
6709,282
6710,278
6710,301
6711,302
6712,280
6713,293
6714,278
6715,272
6715,280
6716,276
6717,275
6718,275
6719,282
6720,281
6721,272
6722,271
6723,270
6724,275
6725,281
6725,296
6726,268
6726,293
6727,275
6728,272
6728,283
6729,267
6729,280
6730,272
6730,280
6731,293
6732,275
6733,270
6734,270
6735,271
6735,297
6736,267
6737,287
6738,270
6738,301
6739,273
6739,278
6740,303
6741,295
6742,299
6743,293
6744,271
6744,282
6745,273
6746,269
6746,278
6747,296
6748,291
6749,276
6749,282
6750,270
6751,272
6752,270
6752,272
6753,296
6754,271
6754,282
6755,275
6755,276
6756,272
6756,293
6757,270
6758,271
6759,273
6760,273
6761,293
6762,270
6763,267
6763,283
6764,273
6765,270
6766,300
6767,270
6767,275
6768,270
6769,270
6770,284
6770,290
6771,272
6771,305
6772,293
6773,270
6773,291
6774,270
6775,273
6775,298
6776,268
6777,290
6777,291
6778,281
6779,275
6779,276
6780,270
6780,296
6781,281
6782,292
6783,270
6783,301
6784,271
6784,297
6785,271
6786,303
6787,276
6788,267
6789,271
6790,272
6791,267
6792,278
6793,271
6793,297
6794,296
6795,270
6796,278
6797,271
6798,281
6799,267
6800,273
6801,270
6801,273
6802,304
6803,284
6803,296
6804,278
6805,302
6806,267
6806,272
6807,295
6808,272
6808,293
6809,280
6809,291
6810,281
6811,282
6811,297
6812,270
6813,267
6813,283
6814,271
6814,302
6815,267
6815,268
6816,293
6817,273
6817,301
6818,271
6818,282
6819,267
6819,272
6820,270
6821,272
6821,283
6822,273
6823,270
6823,284
6824,267
6824,283
6825,267
6826,270
6827,293
6828,291
6829,270
6830,293
6831,276
6831,291
6832,273
6832,298
6833,278
6833,300
6834,291
6835,275
6836,281
6836,295
6837,270
6837,278
6838,276
6839,270
6839,284
6840,267
6840,284
6841,302
6842,273
6843,275
6844,291
6845,278
6846,293
6847,268
6848,281
6848,295
6849,273
6849,278
6850,273
6851,267
6851,283
6852,301
6853,278
6854,270
6854,301
6855,267
6855,280
6856,291
6857,270
6857,300
6858,270
6858,275
6859,272
6860,295
6861,270
6861,272
6862,269
6862,273
6863,287
6864,270
6865,302
6865,303
6866,270
6866,291
6867,272
6868,270
6868,273
6869,295
6870,272
6870,304
6871,270
6872,270
6873,273
6873,298
6874,267
6874,268
6875,273
6875,278
6876,272
6876,305
6877,270
6878,267
6878,272
6879,275
6879,297
6880,267
6880,283
6881,300
6882,291
6883,270
6884,270
6884,291
6885,273
6885,298
6886,278
6887,304
6887,305
6888,270
6888,278
6889,270
6890,278
6890,300
6891,272
6892,270
6893,270
6893,301
6894,270
6895,282
6895,297
6896,281
6897,273
6898,287
6899,273
6899,284
6900,270
6900,301
6901,290
6902,270
6903,271
6904,290
6904,291
6905,273
6905,301
6906,275
6907,275
6908,267
6909,270
6909,291
6910,294
6911,267
6912,293
6913,296
6914,297
6915,275
6916,273
6917,272
6918,271
6919,270
6919,301
6920,293
6921,272
6921,305
6922,272
6922,283
6923,273
6924,305
6925,270
6926,293
6927,277
6927,281
6928,270
6929,273
6929,298
6930,275
6930,284
6931,272
6932,299
6933,270
6933,291
6934,272
6934,305
6935,301
6936,284
6936,303
6937,267
6938,267
6938,293
6939,291
6940,281
6940,291
6941,268
6942,271
6942,297
6943,270
6944,270
6944,284
6945,284
6945,301
6946,275
6946,284
6947,270
6947,272
6948,272
6949,273
6950,270
6950,278
6951,271
6951,302
6952,303
6953,272
6953,275
6954,275
6955,275
6956,273
6957,270
6957,291
6958,302
6959,272
6959,280
6960,275
6961,293
6962,272
6963,275
6964,278
6964,300
6965,275
6965,284
6966,305
6967,287
6967,293
6968,267
6969,271
6969,302
6970,270
6971,267
6971,283
6972,272
6972,275
6973,272
6973,283
6974,268
6975,271
6975,275
6976,268
6977,287
6978,267
6979,268
6980,272
6980,283
6981,272
6982,291
6983,272
6983,275
6984,270
6985,270
6985,276
6986,275
6987,273
6988,270
6988,301
6989,293
6990,295
6991,270
6992,293
6992,304
6993,280
6994,277
6994,296
6995,278
6996,267
6997,270
6997,291
6998,273
6998,301
6999,267
6999,304
7000,280
7001,273
7002,301
7003,271
7004,272
7004,304
7005,267
7005,283
7006,291
7007,303
7008,273
7008,298
7009,277
7009,281
7010,275
7011,278
7012,272
7012,280
7013,271
7013,275
7014,270
7015,270
7015,291
7016,272
7016,280
7017,267
7017,283
7018,272
7018,305
7019,275
7020,267
7021,270
7022,273
7022,298
7023,277
7023,302
7024,273
7024,298
7025,273
7026,284
7026,293
7027,304
7028,267
7028,272
7029,278
7030,278
7031,293
7032,270
7033,276
7034,270
7034,272
7035,287
7036,271
7036,275
7037,270
7038,267
7038,269
7039,270
7039,296
7040,281
7040,295
7041,273
7041,278
7042,298
7043,270
7043,273
7044,300
7045,270
7045,272
7046,270
7047,267
7047,284
7048,296
7049,275
7050,270
7050,272
7051,273
7052,272
7052,275
7053,270
7053,272
7054,273
7055,273
7055,278
7056,270
7057,267
7057,304
7058,267
7058,280
7059,302
7060,300
7061,268
7061,293
7062,273
7063,270
7063,275
7064,273
7065,272
7066,275
7067,271
7067,297
7068,280
7068,291
7069,269
7070,267
7070,272
7071,278
7072,273
7073,270
7073,278
7074,278
7075,270
7076,273
7077,267
7077,293
7078,270
7079,271
7080,267
7080,272
7081,268
7081,269
7082,272
7083,273
7084,278
7085,278
7085,300
7086,304
7087,272
7087,304
7088,270
7088,276
7089,267
7089,293
7090,277
7091,270
7092,271
7092,284
7093,296
7094,273
7095,273
7095,301
7096,267
7097,293
7098,290
7098,291
7099,272
7099,293
7100,276
7101,275
7101,276
7102,270
7102,272
7103,272
7104,275
7104,297
7105,272
7105,293
7106,270
7107,275
7108,267
7109,272
7109,304
7110,273
7110,298
7111,281
7112,271
7112,297
7113,302
7114,269
7114,278
7115,270
7116,270
7116,276
7117,267
7117,268
7118,270
7118,282
7119,270
7119,278
7120,276
7120,282
7121,292
7122,293
7123,276
7124,273
7125,275
7125,284
7126,270
7127,270
7127,276
7128,270
7129,270
7129,278
7130,281
7130,295
7131,275
7132,270
7132,296
7133,278
7134,267
7134,268
7135,270
7136,270
7137,281
7138,269
7138,273
7139,275
7139,276
7140,273
7141,270
7141,276
7142,276
7143,269
7144,292
7145,275
7145,276
7146,270
7147,270
7148,270
7149,272
7149,305
7150,270
7151,272
7152,272
7152,283
7153,271
7154,276
7155,295
7156,290
7157,270
7158,271
7159,272
7160,276
7160,291
7161,267
7161,283
7162,305
7163,272
7164,272
7164,275
7165,297
7166,281
7166,296
7167,278
7167,294
7168,278
7169,269
7170,270
7170,302
7171,270
7171,302
7172,270
7172,301
7173,269
7173,294
7174,276
7174,282
7175,295
7176,270
7177,276
7178,304
7179,303
7180,272
7181,270
7181,278
7182,267
7182,272
7183,269
7183,278
7184,278
7184,300
7185,273
7186,270
7187,273
7188,270
7189,291
7189,296
7190,270
7190,276
7191,272
7191,280
7192,271
7192,275
7193,270
7194,302
7195,267
7196,270
7196,275
7197,272
7198,278
7199,276
7200,278
7201,273
7202,273
7202,298
7203,270
7203,291
7204,276
7204,284
7205,299
7206,293
7206,304
7207,280
7208,291
7208,296
7209,291
7210,275
7210,282
7211,270
7212,276
7213,278
7214,272
7215,273
7215,284
7216,292
7217,280
7218,272
7218,275
7219,287
7219,293
7220,270
7220,300
7221,270
7222,270
7222,296
7223,269
7224,271
7224,275
7225,270
7226,269
7227,270
7227,273
7228,267
7228,280
7229,275
7230,270
7231,290
7232,293
7233,270
7234,270
7234,276
7235,270
7235,291
7236,270
7237,293
7238,269
7239,270
7240,270
7240,284
7241,287
7242,268
7243,267
7243,280
7244,267
7244,272
7245,287
7245,293
7246,272
7246,283
7247,270
7247,276
7248,271
7248,297
7249,276
7249,291
7250,269
7250,273
7251,271
7251,302
7252,270
7252,276
7253,270
7253,301
7254,267
7254,272
7255,270
7255,272
7256,270
7256,296
7257,273
7258,280
7259,278
7259,301
7260,276
7261,270
7261,278
7262,270
7262,278
7263,278
7263,292
7264,296
7265,293
7265,304
7266,268
7267,278
7268,269
7268,279
7269,270
7270,271
7270,275
7271,295
7272,272
7272,305
7273,276
7274,281
7274,290
7275,300
7276,270
7276,284
7277,287
7278,270
7279,278
7280,270
7280,300
7281,272
7281,280
7282,275
7283,270
7283,296
7284,270
7284,276
7285,270
7286,271
7287,275
7288,284
7288,296
7289,270
7289,273
7290,276
7291,272
7292,270
7292,276
7293,278
7293,300
7294,267
7294,293
7295,271
7296,273
7297,275
7297,297
7298,273
7298,278
7299,304
7300,267
7300,272
7301,272
7302,267
7303,272
7303,293
7304,272
7304,293
7305,291
7305,296
7306,272
7306,280
7307,277
7307,284
7308,281
7309,276
7309,291
7310,291
7311,270
7312,270
7312,297
7313,273
7314,301
7314,303
7315,276
7316,272
7316,293
7317,270
7318,272
7318,283
7319,270
7319,300
7320,270
7321,270
7321,284
7322,273
7322,278
7323,268
7324,270
7324,273
7325,270
7326,275
7326,276
7327,270
7328,270
7328,275
7329,270
7329,291
7330,291
7330,296
7331,269
7332,267
7333,275
7333,276
7334,275
7335,276
7336,278
7337,276
7338,272
7339,270
7339,275
7340,273
7340,278
7341,290
7341,291
7342,284
7342,293
7343,269
7344,303
7345,270
7345,273
7346,270
7346,278
7347,276
7348,301
7348,302
7349,304
7350,270
7350,278
7351,272
7352,268
7353,270
7353,276
7354,267
7354,268
7355,284
7355,296
7356,267
7356,293
7357,276
7358,273
7358,284
7359,272
7360,281
7361,275
7361,282
7362,275
7362,297
7363,282
7363,297
7364,269
7364,299
7365,280
7365,284
7366,271
7366,282
7367,272
7368,270
7368,273
7369,281
7370,277
7370,296
7371,276
7372,278
7372,300
7373,273
7374,278
7375,270
7376,267
7376,272
7377,296
7378,270
7379,269
7379,279
7380,272
7380,283
7381,296
7382,273
7383,296
7384,281
7385,270
7386,290
7386,291
7387,273
7387,278
7388,268
7389,301
7390,270
7390,278
7391,298
7392,276
7393,270
7393,303
7394,296
7395,275
7396,268
7396,269
7397,270
7398,302
7399,276
7399,301
7400,299
7401,272
7401,305
7402,270
7402,272
7403,299
7404,292
7405,272
7406,270
7406,291
7407,267
7407,268
7408,304
7409,276
7410,273
7410,284
7411,270
7412,300
7413,269
7413,278
7414,272
7414,280
7415,270
7415,278
7416,270
7416,272
7417,270
7418,293
7419,270
7419,296
7420,275
7421,268
7421,269
7422,273
7422,278
7423,278
7423,294
7424,273
7424,278
7425,281
7425,296
7426,267
7427,270
7427,276
7428,270
7429,267
7430,275
7431,267
7431,305
7432,273
7432,301
7433,268
7433,293
7434,270
7434,273
7435,268
7436,272
7436,287
7437,294
7438,273
7438,301
7439,268
7439,293
7440,270
7440,276
7441,273
7442,270
7442,296
7443,270
7444,270
7445,280
7446,272
7446,305
7447,270
7447,273
7448,271
7449,273
7450,275
7451,270
7451,276
7452,300
7452,301
7453,268
7453,269
7454,270
7454,280
7455,270
7455,273
7456,282
7457,270
7457,278
7458,270
7458,301
7459,270
7460,287
7461,273
7461,301
7462,275
7463,270
7464,273
7464,301
7465,278
7465,300
7466,275
7466,276
7467,271
7468,272
7468,293
7469,268
7469,269
7470,293
7471,270
7472,272
7473,269
7473,279
7474,269
7475,272
7476,267
7476,272
7477,280
7478,276
7479,273
7480,275
7480,276
7481,273
7482,296
7483,281
7484,272
7484,305
7485,270
7486,275
7487,293
7488,270
7488,296
7489,270
7489,278
7490,273
7491,278
7491,284
7492,287
7493,275
7494,270
7495,273
7496,273
7496,301
7497,277
7497,296
7498,273
7498,298
7499,284
7499,300
7500,275
7501,276
7502,275
7503,270
7504,267
7505,270
7506,276
7507,273
7507,298
7508,282
7509,272
7509,275
7510,270
7511,273
7511,298
7512,271
7512,297
7513,278
7514,273
7514,278
7515,275
7516,270
7516,296
7517,304
7518,276
7519,273
7519,298
7520,272
7520,293
7521,270
7521,276
7522,301
7523,277
7523,281
7524,276
7525,267
7525,272
7526,290
7527,282
7528,276
7528,291
7529,293
7529,304
7530,278
7530,294
7531,270
7531,273
7532,299
7533,272
7533,304
7534,267
7534,304
7535,267
7536,271
7537,270
7537,278
7538,270
7538,272
7539,272
7539,284
7540,272
7540,283
7541,272
7541,275
7542,272
7542,283
7543,270
7543,301
7544,280
7545,303
7546,277
7547,267
7548,270
7548,296
7549,269
7549,278
7550,269
7551,270
7552,281
7552,284
7553,268
7554,267
7554,293
7555,270
7556,276
7557,272
7558,267
7558,280
7559,271
7560,278
7561,273
7561,278
7562,297
7563,272
7563,280
7564,271
7564,284
7565,275
7565,297
7566,291
7567,291
7568,270
7569,277
7570,268
7570,269
7571,268
7571,287
7572,299
7573,268
7574,280
7575,272
7576,300
7576,301
7577,270
7577,273
7578,270
7578,300
7579,275
7580,284
7580,293
7581,276
7582,270
7583,273
7583,301
7584,270
7585,270
7586,270
7587,287
7588,271
7589,276
7589,291
7590,269
7590,279
7591,270
7591,301
7592,275
7593,275
7594,275
7595,270
7596,278
7597,275
7598,271
7598,297
7599,275
7599,284
7600,270
7601,276
7601,291
7602,270
7603,280
7603,291
7604,293
7605,270
7606,276
7606,301
7607,275
7608,281
7609,276
7610,272
7611,268
7611,284
7612,268
7612,284
7613,284
7613,302
7614,275
7615,270
7615,273
7616,271
7617,270
7618,275
7619,275
7620,270
7620,296
7621,272
7622,269
7622,279
7623,280
7624,270
7624,278
7625,270
7625,273
7626,299
7627,280
7627,291
7628,270
7628,284
7629,278
7630,270
7631,276
7631,282
7632,272
7632,304
7633,268
7634,272
7634,284
7635,275
7635,276
7636,272
7637,278
7637,294
7638,269
7639,299
7640,272
7640,280
7641,293
7642,270
7643,273
7643,301
7644,270
7644,300
7645,269
7645,278
7646,271
7647,270
7648,275
7649,268
7650,270
7650,297
7651,275
7652,271
7652,275
7653,270
7653,275
7654,281
7654,284
7655,269
7655,284
7656,275
7657,273
7658,271
7658,275
7659,269
7659,273
7660,269
7661,270
7662,267
7662,272
7663,275
7664,293
7665,272
7665,283
7666,284
7666,292
7667,275
7667,282
7668,299
7669,270
7670,272
7670,280
7671,297
7672,272
7672,305
7673,270
7673,301
7674,273
7675,272
7675,275
7676,270
7677,267
7677,283
7678,281
7678,291
7679,293
7680,267
7681,273
7682,297
7683,272
7684,272
7685,272
7685,275
7686,273
7686,301
7687,271
7687,297
7688,270
7688,278
7689,278
7690,270
7690,273
7691,272
7691,284
7692,282
7693,273
7693,301
7694,293
7695,273
7695,278
7696,271
7696,302
7697,270
7697,272
7698,281
7698,295
7699,270
7700,280
7701,267
7701,283
7702,278
7703,273
7704,291
7704,296
7705,281
7706,270
7706,276
7707,277
7708,270
7708,273
7709,270
7710,284
7710,297
7711,302
7712,270
7713,296
7714,275
7714,276
7715,273
7715,278
7716,278
7717,276
7718,304
7719,273
7719,301
7720,275
7720,276
7721,281
7722,270
7722,300
7723,270
7724,305
7725,270
7725,292
7726,275
7726,282
7727,275
7728,272
7728,283
7729,299
7730,272
7730,280
7731,267
7731,304
7732,271
7733,275
7734,270
7735,270
7735,301
7736,270
7737,272
7738,275
7738,297
7739,276
7740,268
7741,270
7741,273
7742,267
7742,280
7743,270
7744,272
7744,280
7745,290
7746,270
7747,271
7747,275
7748,275
7749,275
7749,276
7750,297
7751,293
7751,304
7752,275
7752,276
7753,270
7753,272
7754,270
7755,270
7756,270
7757,290
7758,278
7758,300
7759,270
7759,284
7760,273
7760,292
7761,281
7762,273
7762,284
7763,273
7764,267
7765,267
7765,272
7766,271
7766,275
7767,273
7768,269
7768,303
7769,270
7770,270
7770,291
7771,270
7771,296
7772,276
7772,282
7773,270
7773,276
7774,292
7775,271
7775,275
7776,275
7777,287
7778,270
7778,278
7779,270
7779,275
7780,272
7781,293
7782,270
7782,291
7783,270
7784,302
7785,270
7785,284
7786,270
7786,292
7787,268
7787,269
7788,272
7788,293
7789,270
7789,275
7790,270
7790,273
7791,278
7792,276
7792,282
7793,278
7794,271
7795,269
7795,278
7796,270
7796,278
7797,273
7797,278
7798,302
7799,270
7800,270
7800,273
7801,290
7802,272
7802,293
7803,303
7804,276
7804,291
7805,273
7805,299
7806,297
7807,272
7808,267
7809,273
7810,270
7811,275
7811,297
7812,270
7812,301
7813,272
7814,272
7815,282
7816,268
7817,270
7817,301
7818,272
7819,267
7819,283
7820,270
7820,275
7821,268
7821,287
7822,278
7823,277
7823,281
7824,267
7824,280
7825,281
7825,290
7826,276
7827,270
7828,304
7828,305
7829,282
7829,284
7830,272
7831,293
7832,291
7832,296
7833,293
7834,270
7834,291
7835,281
7836,269
7836,284
7837,270
7837,276
7838,276
7839,267
7839,280
7840,281
7840,291
7841,294
7842,270
7843,287
7844,271
7845,271
7845,297
7846,293
7847,270
7848,268
7849,278
7850,270
7851,291
7852,281
7853,267
7854,270
7855,273
7856,287
7857,293
7858,275
7858,276
7859,295
7860,270
7860,284
7861,270
7862,280
7863,270
7864,270
7864,302
7865,269
7865,273
7866,275
7867,303
7868,270
7868,296
7869,267
7869,272
7870,270
7870,276
7871,267
7872,303
7873,281
7874,275
7874,297
7875,272
7875,293
7876,276
7876,291
7877,284
7877,298
7878,277
7879,269
7880,270
7881,269
7881,284
7882,287
7882,293
7883,271
7884,278
7884,284
7885,270
7885,272
7886,284
7886,293
7887,280
7887,291
7888,273
7888,298
7889,301
7890,273
7890,298
7891,270
7891,296
7892,272
7892,283
7893,278
7893,300
7894,272
7894,305
7895,273
7895,298
7896,290
7896,291
7897,267
7897,268
7898,270
7898,276
7899,278
7900,273
7900,301
7901,282
7902,277
7903,275
7903,297
7904,271
7904,297
7905,267
7905,268
7906,273
7906,301
7907,267
7907,268
7908,267
7909,275
7909,282
7910,268
7911,281
7912,275
7913,276
7913,291
7914,272
7915,273
7916,271
7917,278
7917,294
7918,284
7918,293
7919,276
7920,270
7921,267
7921,293
7922,275
7923,291
7924,272
7924,304
7925,270
7926,270
7927,273
7927,300
7928,273
7928,278
7929,275
7930,270
7930,300
7931,270
7931,296
7932,273
7932,278
7933,291
7934,271
7934,275
7935,272
7935,283
7936,271
7937,270
7938,270
7938,296
7939,273
7939,278
7940,272
7940,283
7941,272
7942,270
7942,276
7943,270
7943,276
7944,295
7945,270
7945,273
7946,270
7947,273
7948,300
7949,267
7949,293
7950,278
7950,300
7951,270
7951,278
7952,275
7952,297
7953,270
7954,293
7955,296
7956,282
7956,297
7957,291
7958,273
7959,297
7960,275
7960,276
7961,270
7961,272
7962,273
7962,298
7963,281
7963,295
7964,270
7964,275
7965,270
7965,273
7966,272
7966,287
7967,267
7967,268
7968,270
7968,272
7969,275
7970,292
7971,273
7971,298
7972,267
7972,283
7973,282
7973,297
7974,281
7974,296
7975,270
7975,296
7976,270
7976,273
7977,271
7977,275
7978,269
7978,273
7979,278
7979,301
7980,294
7981,293
7981,304
7982,275
7983,270
7983,300
7984,272
7984,283
7985,270
7985,273
7986,270
7986,276
7987,287
7988,271
7989,272
7989,284
7990,295
7991,270
7992,273
7993,276
7993,282
7994,270
7994,278
7995,305
7996,272
7996,305
7997,275
7998,273
7999,273
8000,280
8000,291
8001,278
8002,270
8002,294
8003,273
8004,272
8004,280
8005,270
8006,277
8007,273
8008,272
8008,284
8009,275
8010,271
8010,297
8011,270
8012,267
8012,304
8013,272
8013,280
8014,267
8014,304
8015,270
8015,272
8016,270
8017,267
8017,283
8018,277
8019,271
8020,275
8021,267
8021,304
8022,273
8022,298
8023,270
8024,273
8024,278
8025,273
8026,281
8027,297
8028,271
8029,272
8029,275
8030,267
8030,293
8031,278
8031,284
8032,275
8032,297
8033,291
8034,281
8034,291
8035,271
8036,293
8037,296
8038,270
8039,270
8040,275
8040,282
8041,273
8042,270
8043,270
8044,270
8044,272
8045,293
8046,281
8046,291
8047,270
8047,303
8048,275
8049,270
8049,284
8050,287
8051,269
8051,279
8052,301
8052,303
8053,273
8054,267
8054,304
8055,291
8056,270
8057,268
8057,293
8058,273
8058,301
8059,270
8059,278
8060,267
8061,272
8061,275
8062,278
8063,275
8063,297
8064,273
8065,268
8066,270
8066,300
8067,275
8068,270
8068,275
8069,275
8069,297
8070,271
8070,284
8071,276
8072,269
8073,270
8073,276
8074,273
8074,301
8075,278
8076,296
8077,270
8077,275
8078,270
8078,272
8079,275
8080,270
8080,272
8081,267
8081,293
8082,275
8083,296
8084,270
8084,278
8085,270
8086,270
8086,275
8087,271
8087,275
8088,267
8089,273
8089,298
8090,278
8091,272
8091,293
8092,272
8093,273
8094,270
8094,276
8095,271
8095,297
8096,270
8096,272
8097,267
8098,270
8098,301
8099,267
8099,272
8100,268
8100,287
8101,270
8101,296
8102,270
8102,278
8103,273
8103,301
8104,270
8104,291
8105,270
8106,268
8106,269
8107,282
8108,296
8109,269
8109,279
8110,278
8111,270
8111,284
8112,268
8112,287
8113,269
8113,294
8114,268
8114,287
8115,275
8116,273
8117,269
8118,278
8119,293
8119,304
8120,270
8121,272
8122,270
8122,275
8123,268
8123,284
8124,270
8124,273
8125,270
8125,300
8126,305
8127,270
8128,292
8129,267
8130,269
8130,278
8131,293
8132,291
8133,296
8134,270
8134,276
8135,270
8135,300
8136,272
8137,276
8137,291
8138,294
8139,270
8140,272
8140,293
8141,270
8141,296
8142,292
8143,301
8144,273
8145,275
8145,284
8146,270
8147,287
8148,275
8148,282
8149,270
8149,301
8150,273
8151,267
8151,283
8152,275
8153,284
8153,293
8154,270
8154,296
8155,271
8156,278
8157,281
8158,270
8158,273
8159,271
8159,275
8160,270
8160,300
8161,272
8161,305
8162,267
8163,270
8164,268
8164,293
8165,270
8166,267
8167,278
8168,287
8168,293
8169,277
8169,302
8170,272
8170,283
8171,284
8171,287
8172,270
8172,278
8173,270
8173,276
8174,278
8174,294
8175,270
8175,272
8176,278
8176,284
8177,291
8177,296
8178,273
8179,272
8179,283
8180,287
8180,293
8181,281
8181,291
8182,275
8182,297
8183,273
8183,301
8184,270
8184,276
8185,296
8186,273
8186,298
8187,273
8188,270
8189,270
8189,272
8190,268
8190,293
8191,273
8191,278
8192,272
8193,267
8193,293
8194,277
8194,302
8195,271
8196,273
8197,270
8198,272
8198,283
8199,296
8200,293
8201,275
8202,272
8202,293
8203,267
8203,272
8204,268
8204,284
8205,275
8206,270
8206,278
8207,270
8208,275
8208,297
8209,270
8209,297
8210,272
8211,280
8212,271
8212,302
8213,272
8214,270
8214,291
8215,270
8216,290
8216,291
8217,281
8217,290
8218,267
8219,275
8220,269
8220,278
8221,270
8221,273
8222,273
8222,278
8223,275
8224,270
8224,275
8225,267
8225,268
8226,270
8226,273
8227,268
8228,278
8229,287
8230,278
8231,273
8231,298
8232,270
8232,275
8233,276
8233,282
8234,275
8235,269
8236,267
8236,283
8237,290
8237,291
8238,287
8239,270
8239,284
8240,273
8241,271
8241,302
8242,278
8243,275
8244,291
8245,272
8245,283
8246,273
8246,301
8247,291
8248,291
8249,273
8249,278
8250,270
8250,280
8251,270
8251,273
8252,280
8253,267
8253,293
8254,270
8255,272
8255,283
8256,272
8256,283
8257,273
8257,298
8258,267
8258,293
8259,270
8259,291
8260,273
8261,293
8262,275
8262,297
8263,267
8263,304
8264,271
8265,291
8266,282
8267,267
8268,271
8268,275
8269,270
8269,275
8270,270
8271,267
8272,268
8273,273
8273,278
8274,270
8274,284
8275,270
8275,275
8276,268
8276,269
8277,276
8278,267
8278,272
8279,287
8279,293
8280,275
8280,297
8281,296
8282,272
8283,272
8283,280
8284,272
8285,278
8286,270
8287,267
8287,268
8288,267
8288,304
8289,275
8290,270
8290,291
8291,268
8292,270
8293,275
8293,276
8294,292
8295,293
8296,271
8296,275
8297,273
8298,267
8299,268
8300,272
8300,293
8301,267
8301,293
8302,271
8302,297
8303,270
8304,299
8305,275
8305,297
8306,292
8307,277
8307,296
8308,287
8309,276
8310,294
8311,270
8311,273
8312,272
8312,284
8313,278
8313,284
8314,269
8315,280
8315,291
8316,273
8316,298
8317,270
8318,273
8319,272
8319,283
8320,272
8321,271
8321,275
8322,299
8323,269
8323,284
8324,270
8324,273
8325,267
8325,293
8326,270
8327,273
8328,270
8328,291
8329,301
8330,268
8331,270
8331,273
8332,299
8333,297
8334,267
8335,270
8335,276
8336,267
8336,293
8337,270
8337,297
8338,270
8338,300
8339,281
8340,297
8341,270
8342,270
8342,272
8343,287
8343,293
8344,280
8344,291
8345,273
8345,298
8346,301
8347,276
8348,270
8349,305
8350,273
8351,272
8351,280
8352,293
8353,273
8354,270
8355,270
8356,270
8356,273
8357,268
8357,269
8358,287
8358,293
8359,301
8360,273
8361,272
8361,280
8362,270
8362,301
8363,270
8364,272
8365,290
8366,291
8367,297
8368,273
8368,284
8369,291
8370,270
8370,273
8371,281
8372,295
8373,277
8373,296
8374,270
8374,278
8375,273
8376,272
8377,278
8377,284
8378,273
8378,298
8379,278
8379,303
8380,270
8381,267
8381,283
8382,275
8383,275
8384,273
8385,278
8386,269
8387,297
8388,268
8389,280
8390,272
8390,293
8391,269
8392,272
8392,293
8393,267
8394,281
8395,291
8396,273
8397,303
8398,272
8398,304
8399,270
8400,275
8401,270
8402,270
8402,273
8403,273
8403,284
8404,270
8404,291
8405,273
8406,268
8406,269
8407,271
8408,273
8409,267
8410,272
8410,283
8411,290
8412,270
8413,270
8414,268
8415,273
8415,301
8416,270
8417,272
8417,305
8418,297
8419,270
8419,280
8420,278
8420,294
8421,271
8421,275
8422,275
8423,302
8424,276
8424,301
8425,270
8425,296
8426,268
8427,270
8427,296
8428,270
8428,299
8429,276
8429,282
8430,291
8431,297
8432,270
8433,275
8433,282
8434,296
8435,291
8436,270
8436,296
8437,267
8437,280
8438,296
8439,270
8440,301
8441,277
8441,296
8442,270
8443,270
8443,291
8444,270
8445,270
8445,291
8446,270
8447,273
8447,278
8448,291
8449,296
8450,270
8451,281
8452,275
8452,297
8453,291
8454,267
8454,268
8455,270
8455,299
8456,273
8457,276
8457,284
8458,272
8458,280
8459,294
8460,276
8461,270
8462,291
8462,296
8463,300
8464,270
8465,275
8466,272
8466,280
8467,267
8467,283
8468,270
8468,301
8469,293
8470,300
8471,275
8472,270
8472,275
8473,276
8474,267
8474,293
8475,280
8476,272
8477,270
8478,270
8478,300
8479,271
8480,272
8480,275
8481,271
8481,297
8482,281
8482,295
8483,273
8484,273
8485,271
8485,275
8486,297
8487,270
8487,273
8488,267
8489,270
8490,275
8490,297
8491,291
8492,273
8492,294
8493,297
8494,267
8494,272
8495,275
8496,291
8497,268
8498,270
8499,267
8499,268
8500,273
8501,272
8502,270
8503,270
8504,276
8504,282
8505,272
8505,283
8506,270
8506,272
8507,272
8508,268
8509,280
8510,271
8510,275
8511,270
8511,273
8512,301
8512,302
8513,270
8513,276
8514,270
8514,300
8515,267
8515,272
8516,270
8516,301
8517,267
8517,284
8518,277
8519,276
8520,273
8520,301
8521,297
8522,270
8522,278
8523,270
8524,293
8525,287
8525,293
8526,270
8526,275
8527,270
8527,273
8528,295
8529,278
8530,276
8531,267
8531,268
8532,270
8533,273
8534,270
8535,271
8536,275
8537,272
8537,280
8538,282
8539,275
8539,276
8540,272
8541,268
8541,269
8542,280
8542,291
8543,275
8543,276
8544,270
8544,291
8545,272
8545,293
8546,271
8546,275
8547,281
8547,290
8548,272
8548,304
8549,281
8549,291
8550,270
8551,271
8552,273
8552,298
8553,273
8554,270
8555,268
8555,293
8556,267
8556,283
8557,271
8557,275
8558,276
8559,278
8560,300
8561,275
8562,267
8563,300
8564,276
8565,272
8565,304
8566,270
8566,272
8567,269
8567,279
8568,267
8568,283
8569,276
8570,273
8570,278
8571,270
8572,293
8573,270
8574,270
8575,267
8575,287
8576,273
8577,271
8578,269
8579,271
8580,270
8580,296
8581,270
8581,301
8582,275
8583,270
8583,297
8584,269
8584,278
8585,269
8586,272
8586,304
8587,273
8587,298
8588,273
8588,298
8589,298
8590,270
8590,275
8591,297
8592,272
8593,272
8593,283
8594,281
8595,281
8595,296
8596,293
8597,270
8597,276
8598,291
8598,296
8599,267
8599,268
8600,276
8601,270
8602,270
8602,273
8603,268
8603,269
8604,271
8605,272
8605,283
8606,267
8606,272
8607,275
8607,276
8608,270
8608,275
8609,272
8609,304
8610,270
8611,281
8612,268
8612,293
8613,272
8614,270
8615,271
8615,275
8616,280
8617,272
8617,284
8618,270
8619,267
8620,271
8620,302
8621,296
8622,268
8623,271
8623,302
8624,268
8625,269
8626,275
8626,297
8627,270
8627,275
8628,304
8629,272
8630,270
8630,278
8631,276
8632,272
8632,283
8633,267
8633,293
8634,287
8634,293
8635,273
8635,278
8636,269
8637,273
8638,273
8638,301
8639,275
8639,282
8640,276
8641,282
8642,267
8642,283
8643,296
8644,270
8645,297
8646,267
8646,284
8647,278
8648,270
8648,276
8649,270
8649,291
8650,275
8650,297
8651,280
8652,275
8653,271
8654,271
8654,275
8655,271
8655,275
8656,270
8657,278
8658,272
8658,305
8659,291
8660,296
8661,271
8661,302
8662,275
8662,276
8663,276
8663,284
8664,271
8665,270
8665,273
8666,293
8667,270
8667,296
8668,275
8668,297
8669,270
8670,270
8671,267
8671,268
8672,270
8673,276
8673,291
8674,270
8675,275
8676,270
8676,296
8677,268
8677,293
8678,296
8679,293
8680,271
8680,275
8681,273
8682,282
8683,273
8683,278
8684,275
8684,284
8685,276
8686,270
8686,301
8687,270
8687,276
8688,296
8689,272
8690,270
8691,270
8691,278
8692,296
8693,273
8694,270
8694,278
8695,267
8695,293
8696,268
8696,293
8697,269
8698,270
8698,272
8699,272
8699,293
8700,291
8701,270
8702,270
8703,300
8704,293
8705,272
8705,280
8706,270
8706,276
8707,270
8707,300
8708,267
8708,272
8709,291
8710,272
8711,270
8711,275
8712,296
8713,273
8713,278
8714,270
8715,275
8716,284
8716,291
8717,292
8718,281
8718,291
8719,270
8719,278
8720,293
8721,296
8722,270
8723,275
8724,272
8724,280
8725,273
8726,271
8726,275
8727,270
8728,272
8729,267
8729,283
8730,271
8730,297
8731,273
8731,301
8732,273
8732,298
8733,276
8733,282
8734,270
8735,275
8736,271
8737,280
8738,296
8739,275
8739,276
8740,270
8740,296
8741,297
8742,270
8743,271
8743,302
8744,273
8744,301
8745,270
8745,297
8746,278
8746,294
8747,271
8748,270
8749,273
8750,293
8751,282
8752,270
8752,301
8753,282
8753,297
8754,294
8755,273
8756,268
8756,269
8757,275
8757,276
8758,273
8759,272
8760,293
8761,278
8761,294
8762,273
8763,276
8764,270
8764,278
8765,278
8766,270
8767,280
8768,273
8769,273
8769,298
8770,272
8770,283
8771,275
8772,281
8772,291
8773,267
8773,268
8774,271
8774,275
8775,270
8775,273
8776,273
8776,298
8777,276
8777,301
8778,271
8779,270
8779,275
8780,271
8780,275
8781,272
8781,283
8782,273
8783,268
8784,271
8785,272
8786,296
8787,272
8787,293
8788,267
8788,272
8789,291
8790,268
8790,293
8791,287
8791,293
8792,275
8792,276
8793,275
8794,270
8794,284
8795,268
8796,290
8796,291
8797,270
8798,271
8798,297
8799,271
8800,275
8800,297
8801,267
8801,293
8802,270
8802,273
8803,275
8803,297
8804,270
8805,271
8806,270
8807,272
8807,275
8808,272
8809,267
8809,283
8810,290
8811,273
8812,270
8812,291
8813,272
8813,305
8814,295
8815,270
8816,293
8817,272
8817,287
8818,273
8818,278
8819,297
8820,270
8820,296
8821,303
8822,281
8823,270
8823,284
8824,272
8825,277
8826,271
8826,297
8827,270
8827,302
8828,270
8829,284
8829,297
8830,273
8831,299
8832,273
8832,298
8833,270
8834,275
8835,267
8835,272
8836,273
8837,293
8838,280
8839,276
8840,273
8840,278
8841,292
8842,291
8843,281
8844,287
8845,272
8845,280
8846,270
8847,276
8847,282
8848,280
8849,270
8850,268
8851,302
8852,291
8852,296
8853,272
8853,293
8854,302
8855,267
8856,267
8856,293
8857,270
8857,284
8858,270
8859,270
8859,278
8860,273
8861,272
8861,305
8862,281
8863,276
8864,270
8865,268
8866,270
8867,270
8868,267
8869,275
8870,270
8871,267
8872,273
8872,301
8873,270
8873,296
8874,270
8875,277
8876,280
8877,272
8878,270
8879,271
8880,269
8881,293
8882,270
8882,296
8883,270
8884,276
8884,282
8885,270
8886,275
8887,271
8887,275
8888,272
8888,280
8889,297
8890,269
8890,279
8891,281
8891,290
8892,270
8892,284
8893,270
8894,275
8895,281
8896,284
8896,302
8897,299
8898,275
8899,267
8900,276
8900,291
8901,270
8902,270
8902,273
8903,272
8903,280
8904,277
8905,270
8906,277
8907,268
8907,269
8908,272
8909,268
8909,269
8910,270
8910,300
8911,301
8912,270
8912,275
8913,281
8914,267
8915,270
8915,291
8916,304
8917,270
8918,276
8919,273
8920,270
8920,297
8921,272
8921,283
8922,275
8922,276
8923,277
8924,278
8925,270
8926,270
8926,278
8927,270
8928,271
8929,270
8930,287
8930,293
8931,270
8932,270
8932,280
8933,297
8934,271
8934,275
8935,267
8935,272
8936,272
8936,304
8937,270
8938,272
8939,276
8940,275
8940,297
8941,275
8941,297
8942,267
8942,280
8943,269
8943,278
8944,275
8944,282
8945,270
8945,275
8946,272
8947,270
8947,275
8948,273
8948,278
8949,273
8949,278
8950,297
8951,273
8952,270
8952,301
8953,275
8954,272
8954,287
8955,270
8955,278
8956,271
8957,303
8958,296
8959,270
8960,302
8961,270
8961,278
8962,273
8962,301
8963,291
8964,295
8965,281
8965,291
8966,267
8966,280
8967,270
8967,275
8968,287
8969,270
8969,275
8970,291
8971,276
8971,282
8972,270
8972,276
8973,270
8974,281
8974,295
8975,270
8975,301
8976,270
8977,275
8978,272
8979,267
8979,287
8980,270
8981,273
8982,270
8983,304
8984,287
8984,293
8985,270
8986,267
8986,272
8987,270
8987,301
8988,303
8989,272
8989,280
8990,273
8991,276
8991,291
8992,270
8992,272
8993,267
8993,268
8994,287
8995,272
8996,270
8997,270
8997,301
8998,291
8999,270
8999,278
9000,272
9000,305
9001,299
9002,278
9003,287
9004,291
9005,267
9005,284
9006,270
9007,275
9007,276
9008,301
9008,302
9009,270
9010,287
9011,291
9012,277
9013,272
9014,267
9014,269
9015,275
9016,287
9017,273
9018,278
9018,299
9019,277
9019,281
9020,278
9021,299
9022,273
9023,270
9023,284
9024,270
9024,273
9025,273
9025,278
9026,272
9026,280
9027,270
9028,272
9029,296
9030,275
9030,276
9031,272
9031,283
9032,273
9032,278
9033,270
9033,276
9034,273
9035,270
9035,291
9036,291
9036,296
9037,273
9038,272
9038,305
9039,272
9040,270
9040,299
9041,270
9041,276
9042,270
9043,270
9044,270
9044,276
9045,273
9046,269
9046,278
9047,293
9048,272
9048,280
9049,276
9049,282
9050,270
9050,301
9051,275
9052,273
9052,301
9053,272
9054,293
9055,272
9055,280
9056,305
9057,293
9058,272
9059,272
9059,293
9060,272
9060,304
9061,291
9062,267
9063,270
9063,296
9064,270
9065,267
9066,267
9066,283
9067,267
9067,269
9068,276
9069,293
9069,304
9070,267
9070,272
9071,268
9071,269
9072,270
9073,280
9074,275
9074,276
9075,267
9075,280
9076,275
9076,297
9077,296
9078,270
9079,280
9079,291
9080,273
9081,267
9082,270
9083,273
9083,298
9084,275
9085,273
9086,276
9087,273
9087,301
9088,301
9089,284
9089,287
9090,292
9091,270
9092,270
9093,267
9094,296
9095,269
9096,270
9096,301
9097,299
9098,280
9099,270
9100,276
9101,275
9101,297
9102,269
9102,279
9103,270
9104,270
9104,272
9105,268
9105,293
9106,275
9106,297
9107,273
9108,267
9108,304
9109,269
9110,297
9111,268
9111,269
9112,305
9113,270
9114,270
9115,293
9115,304
9116,269
9116,279
9117,272
9118,272
9118,283
9119,267
9119,268
9120,270
9120,300
9121,267
9121,268
9122,275
9123,293
9124,270
9124,278
9125,267
9126,281
9126,296
9127,293
9128,271
9128,275
9129,276
9130,272
9130,305
9131,270
9131,276
9132,277
9132,281
9133,272
9134,275
9134,276
9135,269
9135,294
9136,278
9137,284
9137,290
9138,267
9138,293
9139,273
9139,298
9140,267
9141,270
9141,291
9142,270
9143,272
9143,293
9144,272
9144,304
9145,270
9146,270
9146,273
9147,271
9147,282
9148,299
9149,292
9150,278
9151,271
9151,297
9152,273
9153,276
9153,282
9154,273
9155,276
9155,291
9156,275
9156,284
9157,270
9157,275
9158,275
9159,270
9159,291
9160,268
9160,293
9161,271
9162,270
9162,276
9163,270
9164,278
9165,275
9166,291
9167,294
9168,270
9168,278
9169,269
9169,294
9170,270
9170,276
9171,267
9171,272
9172,275
9173,270
9174,271
9175,270
9176,270
9177,284
9177,293
9178,278
9179,296
9180,278
9180,300
9181,296
9182,267
9182,283
9183,299
9184,270
9185,275
9185,282
9186,296
9187,272
9187,275
9188,271
9188,282
9189,281
9189,291
9190,270
9191,270
9191,278
9192,267
9192,269
9193,269
9193,278
9194,291
9195,270
9195,291
9196,305
9197,270
9198,270
9199,272
9199,305
9200,273
9201,277
9201,296
9202,270
9202,284
9203,293
9204,291
9205,267
9205,283
9206,275
9206,276
9207,270
9207,296
9208,276
9209,267
9209,280
9210,270
9211,272
9212,281
9213,291
9214,270
9214,273
9215,272
9215,293
9216,270
9217,267
9217,283
9218,290
9218,291
9219,302
9220,270
9220,273
9221,280
9222,293
9222,304
9223,270
9224,278
9225,275
9225,297
9226,276
9227,267
9227,294
9228,281
9228,291
9229,291
9230,271
9230,284
9231,275
9232,268
9232,293
9233,267
9234,304
9235,276
9236,270
9237,267
9237,280
9238,276
9239,270
9240,270
9241,273
9242,267
9242,283
9243,273
9244,267
9244,272
9245,270
9246,278
9247,275
9248,270
9248,300
9249,273
9249,298
9250,293
9251,270
9251,275
9252,270
9253,270
9253,301
9254,268
9255,282
9256,271
9257,270
9258,276
9258,282
9259,291
9260,276
9261,281
9261,296
9262,276
9262,282
9263,271
9264,275
9265,267
9265,268
9266,281
9266,290
9267,276
9267,291
9268,273
9268,278
9269,280
9269,291
9270,281
9271,271
9272,293
9273,294
9274,275
9274,282
9275,275
9276,293
9277,271
9277,275
9278,301
9279,270
9280,270
9281,271
9281,275
9282,271
9282,275
9283,293
9284,275
9285,270
9286,282
9287,271
9288,273
9288,278
9289,272
9290,269
9291,270
9291,296
9292,291
9293,272
9293,275
9294,295
9295,277
9296,276
9296,282
9297,291
9298,273
9299,267
9299,272
9300,273
9300,298
9301,267
9301,305
9302,271
9303,275
9303,276
9304,281
9305,270
9306,299
9307,293
9307,304
9308,270
9309,275
9310,269
9310,278
9311,270
9311,296
9312,267
9313,272
9313,275
9314,270
9314,273
9315,281
9316,300
9316,301
9317,272
9317,275
9318,284
9318,296
9319,270
9319,273
9320,272
9320,304
9321,293
9322,277
9323,270
9324,276
9324,282
9325,277
9326,281
9327,270
9327,291
9328,273
9329,297
9330,271
9330,275
9331,275
9332,270
9333,270
9334,268
9335,270
9335,284
9336,276
9337,284
9337,296
9338,270
9338,278
9339,276
9339,282
9340,281
9340,284
9341,272
9341,293
9342,270
9343,273
9343,301
9344,272
9344,284
9345,275
9346,287
9346,293
9347,270
9348,271
9349,272
9349,283
9350,276
9351,270
9352,273
9352,278
9353,270
9353,275
9354,273
9355,272
9355,283
9356,271
9357,272
9357,304
9358,281
9358,291
9359,290
9359,291
9360,270
9360,275
9361,293
9362,270
9362,278
9363,267
9363,272
9364,278
9364,294
9365,270
9365,296
9366,276
9367,272
9368,267
9368,304
9369,270
9370,278
9370,300
9371,275
9371,276
9372,278
9373,272
9373,280
9374,273
9374,298
9375,267
9376,270
9377,267
9378,268
9379,291
9379,296
9380,275
9381,273
9382,270
9382,278
9383,272
9383,280
9384,270
9385,275
9385,297
9386,275
9387,267
9387,272
9388,291
9388,296
9389,270
9390,287
9391,275
9392,270
9393,273
9393,298
9394,270
9394,276
9395,278
9396,270
9397,270
9397,297
9398,270
9399,272
9399,305
9400,273
9400,298
9401,270
9402,270
9402,301
9403,304
9404,273
9405,270
9406,270
9406,301
9407,290
9408,270
9408,280
9409,272
9409,293
9410,270
9411,272
9412,281
9413,270
9414,273
9414,301
9415,272
9415,304
9416,291
9417,272
9418,271
9418,297
9419,277
9419,296
9420,293
9421,277
9422,267
9422,283
9423,272
9423,283
9424,270
9424,278
9425,273
9426,280
9427,303
9428,267
9428,283
9429,293
9430,270
9431,270
9431,284
9432,272
9432,275
9433,270
9433,300
9434,280
9435,270
9436,275
9436,276
9437,272
9437,293
9438,273
9439,281
9440,280
9441,287
9441,293
9442,273
9443,270
9444,275
9445,292
9446,276
9446,291
9447,268
9447,269
9448,275
9449,270
9450,270
9450,296
9451,272
9451,284
9452,273
9452,278
9453,268
9454,272
9454,284
9455,275
9456,270
9456,273
9457,273
9457,301
9458,272
9458,283
9459,299
9460,270
9461,281
9461,291
9462,270
9462,273
9463,270
9463,272
9464,275
9464,276
9465,272
9465,305
9466,297
9467,270
9467,296
9468,267
9469,267
9470,281
9471,269
9471,294
9472,270
9472,272
9473,271
9473,297
9474,291
9475,275
9476,275
9477,276
9477,282
9478,267
9479,270
9479,276
9480,277
9480,281
9481,298
9482,273
9483,275
9484,281
9484,291
9485,270
9486,295
9486,296
9487,270
9488,267
9488,283
9489,272
9490,273
9490,301
9491,270
9491,296
9492,275
9492,297
9493,267
9493,268
9494,275
9494,282
9495,275
9495,276
9496,269
9496,279
9497,290
9498,275
9498,297
9499,273
9500,277
9500,302
9501,287
9502,272
9502,280
9503,270
9503,273
9504,273
9504,292
9505,270
9506,303
9507,281
9508,268
9508,287
9509,267
9510,275
9511,291
9511,296
9512,270
9512,273
9513,271
9513,275
9514,299
9515,270
9515,301
9516,272
9517,273
9518,270
9518,275
9519,299
9520,273
9521,276
9522,278
9523,270
9523,272
9524,270
9525,297
9526,272
9526,293
9527,269
9527,273
9528,280
9529,271
9529,275
9530,270
9531,269
9531,294
9532,290
9533,287
9533,293
9534,281
9534,284
9535,272
9536,270
9536,301
9537,275
9537,297
9538,293
9539,267
9539,304
9540,273
9540,278
9541,267
9541,283
9542,276
9543,291
9544,270
9545,272
9545,284
9546,270
9547,276
9547,284
9548,278
9549,297
9550,272
9551,284
9551,300
9552,270
9553,287
9554,299
9555,267
9555,294
9556,275
9557,276
9558,267
9558,269
9559,270
9559,301
9560,270
9561,280
9562,272
9562,304
9563,270
9563,272
9564,271
9564,275
9565,293
9566,281
9566,290
9567,273
9567,298
9568,281
9569,273
9570,281
9570,291
9571,293
9571,304
9572,276
9573,270
9573,275
9574,270
9574,291
9575,291
9576,281
9577,296
9578,270
9579,271
9580,278
9581,270
9582,270
9583,278
9584,299
9585,273
9586,270
9586,278
9587,282
9588,273
9589,268
9589,284
9590,269
9590,273
9591,275
9591,276
9592,272
9592,280
9593,272
9594,281
9595,270
9596,272
9596,275
9597,270
9598,273
9599,281
9599,291
9600,270
9601,278
9601,300
9602,278
9603,270
9604,277
9604,296
9605,267
9605,293
9606,272
9606,293
9607,271
9607,282
9608,272
9608,305
9609,278
9609,300
9610,270
9610,301
9611,269
9611,278
9612,270
9612,275
9613,276
9613,282
9614,272
9614,283
9615,276
9616,271
9616,302
9617,273
9617,278
9618,267
9618,293
9619,273
9619,278
9620,294
9621,275
9622,268
9622,269
9623,268
9624,273
9625,272
9626,272
9626,280
9627,269
9627,279
9628,281
9629,275
9629,282
9630,273
9630,292
9631,267
9631,284
9632,270
9632,276
9633,272
9634,281
9635,268
9636,270
9636,278
9637,272
9637,304
9638,270
9638,280
9639,281
9640,303
9641,302
9642,273
9642,301
9643,270
9644,278
9645,273
9645,301
9646,270
9646,278
9647,278
9648,270
9648,275
9649,273
9650,270
9651,270
9652,270
9653,301
9654,273
9654,278
9655,268
9655,269
9656,267
9656,272
9657,267
9658,272
9659,275
9660,293
9661,276
9661,291
9662,281
9663,297
9664,281
9665,276
9665,301
9666,270
9667,275
9667,297
9668,267
9668,284
9669,270
9670,293
9671,273
9671,298
9672,273
9672,301
9673,271
9674,278
9675,269
9675,294
9676,272
9677,293
9678,296
9679,267
9679,293
9680,271
9680,275
9681,281
9682,270
9683,273
9684,270
9684,278
9685,278
9686,276
9687,300
9688,269
9688,278
9689,270
9690,270
9690,291
9691,272
9691,280
9692,273
9693,293
9694,302
9695,287
9696,291
9696,296
9697,270
9697,291
9698,270
9699,273
9699,278
9700,272
9700,293
9701,268
9702,304
9703,267
9703,272
9704,270
9705,268
9705,293
9706,267
9706,293
9707,270
9707,278
9708,275
9709,271
9710,271
9710,282
9711,275
9711,282
9712,281
9713,302
9714,296
9715,272
9716,272
9716,284
9717,271
9718,272
9719,298
9720,275
9721,270
9721,273
9722,270
9722,276
9723,270
9723,291
9724,276
9725,273
9726,270
9727,270
9727,296
9728,297
9729,267
9729,280
9730,272
9730,293
9731,290
9731,291
9732,268
9732,293
9733,302
9734,267
9734,304
9735,278
9735,284
9736,270
9737,267
9738,273
9738,301
9739,271
9739,275
9740,272
9740,304
9741,281
9741,284
9742,273
9742,278
9743,276
9743,291
9744,267
9744,283
9745,300
9746,270
9746,296
9747,281
9747,295
9748,296
9749,267
9749,283
9750,272
9751,275
9751,276
9752,269
9752,279
9753,270
9753,272
9754,271
9754,297
9755,268
9756,270
9756,300
9757,278
9757,294
9758,267
9758,272
9759,273
9759,298
9760,270
9761,278
9761,301
9762,270
9763,273
9764,275
9765,267
9766,267
9766,283
9767,270
9767,276
9768,278
9769,273
9770,270
9770,273
9771,268
9771,287
9772,268
9773,275
9774,272
9774,293
9775,276
9776,272
9776,283
9777,273
9777,284
9778,271
9778,282
9779,270
9779,300
9780,270
9781,270
9781,291
9782,270
9782,291
9783,270
9784,305
9785,281
9785,290
9786,281
9786,290
9787,272
9787,305
9788,270
9788,297
9789,275
9790,267
9790,272
9791,280
9792,267
9792,293
9793,267
9793,272
9794,270
9794,273
9795,267
9795,283
9796,272
9796,304
9797,276
9797,291
9798,281
9799,277
9799,296
9800,270
9800,291
9801,270
9801,276
9802,273
9803,297
9804,267
9805,275
9805,276
9806,272
9806,280
9807,270
9808,299
9809,272
9809,280
9810,270
9810,273
9811,270
9812,271
9812,275
9813,270
9814,293
9815,272
9816,275
9817,293
9818,273
9819,272
9820,271
9820,302
9821,267
9821,269
9822,270
9822,276
9823,270
9823,272
9824,291
9825,272
9825,284
9826,293
9827,267
9827,280
9828,270
9828,296
9829,293
9830,275
9830,297
9831,270
9832,273
9833,268
9833,293
9834,268
9834,293
9835,270
9835,275
9836,275
9837,278
9838,268
9839,276
9839,282
9840,270
9840,284
9841,270
9842,276
9843,270
9843,291
9844,273
9844,301
9845,267
9845,280
9846,270
9846,276
9847,270
9848,267
9848,293
9849,296
9850,268
9851,277
9851,296
9852,284
9852,297
9853,270
9853,278
9854,276
9855,273
9856,280
9856,291
9857,272
9858,304
9859,270
9859,296
9860,268
9861,281
9862,270
9863,271
9864,270
9865,268
9865,269
9866,270
9867,270
9867,276
9868,267
9868,272
9869,272
9869,293
9870,270
9870,278
9871,267
9872,270
9872,276
9873,270
9874,293
9875,275
9876,290
9877,275
9877,282
9878,273
9878,298
9879,281
9880,270
9880,273
9881,267
9881,283
9882,297
9883,280
9884,267
9885,287
9886,269
9886,279
9887,270
9887,284
9888,270
9888,300
9889,281
9890,275
9890,284
9891,273
9891,301
9892,270
9892,278
9893,281
9893,284
9894,270
9894,300
9895,271
9896,269
9897,276
9897,291
9898,276
9899,270
9899,272
9900,292
9901,270
9901,301
9902,272
9902,283
9903,270
9904,270
9905,299
9906,270
9906,278
9907,270
9907,300
9908,273
9909,273
9910,270
9910,275
9911,273
9912,272
9913,270
9914,287
9915,267
9915,283
9916,272
9916,304
9917,269
9918,271
9918,302
9919,280
9920,275
9921,270
9921,275
9922,291
9922,296
9923,270
9923,300
9924,273
9925,270
9926,269
9926,273
9927,270
9928,296
9929,280
9930,270
9930,275
9931,271
9932,276
9933,268
9934,273
9934,278
9935,267
9935,268
9936,273
9937,271
9937,297
9938,275
9939,273
9939,301
9940,268
9941,292
9942,293
9943,270
9944,275
9945,297
9946,284
9946,290
9947,295
9948,270
9949,273
9949,301
9950,276
9951,269
9952,270
9952,296
9953,280
9954,275
9954,284
9955,270
9956,281
9957,272
9957,275
9958,275
9959,270
9960,270
9961,292
9962,270
9963,272
9963,280
9964,270
9964,273
9965,275
9966,271
9966,275
9967,275
9967,276
9968,268
9969,293
9970,270
9971,281
9972,272
9972,280
9973,267
9973,280
9974,271
9975,293
9976,267
9977,270
9978,272
9978,304
9979,268
9979,293
9980,270
9981,275
9982,270
9982,276
9983,276
9984,270
9984,280
9985,272
9986,275
9986,282
9987,278
9987,303
9988,267
9989,287
9989,293
9990,270
9990,278
9991,293
9992,270
9992,272
9993,300
9993,301
9994,278
9995,268
9996,278
9997,293
9998,291
9999,280
10000,271
10001,275
10001,297
10002,297
10003,293
10004,284
10004,287
10005,273
10006,270
10006,273
10007,270
10007,275
10008,272
10008,275
10009,275
10009,276
10010,267
10011,273
10011,301
10012,304
10013,267
10014,270
10014,273
10015,270
10016,270
10016,272
10017,271
10017,275
10018,293
10019,271
10020,270
10020,301
10021,293
10022,272
10023,267
10023,272
10024,270
10024,301
10025,270
10025,275
10026,272
10027,270
10027,278
10028,304
10028,305
10029,273
10029,298
10030,270
10031,270
10031,278
10032,293
10033,270
10034,280
10035,276
10035,301
10036,272
10036,275
10037,273
10037,301
10038,270
10039,296
10040,273
10041,273
10041,278
10042,270
10042,273
10043,276
10043,291
10044,270
10044,273
10045,270
10046,270
10046,278
10047,293
10048,280
10049,278
10049,299
10050,268
10051,276
10051,291
10052,270
10053,278
10053,294
10054,275
10055,297
10056,270
10056,301
10057,276
10057,284
10058,272
10058,280
10059,303
10060,267
10061,276
10061,301
10062,294
10063,272
10064,278
10065,272
10065,305
10066,272
10066,283
10067,273
10067,301
10068,275
10069,273
10069,301
10070,270
10071,272
10071,305
10072,272
10072,280
10073,273
10074,270
10074,273
10075,280
10076,278
10076,300
10077,270
10077,301
10078,276
10079,276
10080,284
10080,300
10081,270
10081,276
10082,272
10082,275
10083,296
10084,297
10085,278
10086,271
10087,298
10087,302
10088,275
10089,273
10090,270
10090,284
10091,268
10092,270
10092,275
10093,275
10094,277
10095,270
10095,276
10096,303
10097,305
10098,293
10099,270
10099,275
10100,272
10100,305
10101,272
10101,284
10102,273
10102,301
10103,281
10103,295
10104,297
10105,270
10106,271
10107,270
10107,284
10108,272
10108,293
10109,281
10109,296
10110,272
10110,304
10111,270
10111,296
10112,276
10113,278
10113,300
10114,278
10115,272
10115,283
10116,272
10116,283
10117,273
10117,300
10118,270
10118,296
10119,290
10119,291
10120,269
10120,284
10121,273
10122,272
10123,270
10123,284
10124,273
10125,287
10126,270
10127,291
10128,268
10128,269
10129,270
10129,278
10130,276
10131,281
10131,291
10132,270
10132,275
10133,269
10133,273
10134,290
10135,275
10135,297
10136,267
10137,270
10138,291
10139,291
10140,280
10141,268
10141,293
10142,296
10143,292
10144,296
10145,267
10146,275
10146,276
10147,267
10147,268
10148,267
10149,272
10149,284
10150,270
10151,303
10152,270
10152,300
10153,276
10154,273
10154,298
10155,273
10156,276
10157,270
10157,275
10158,267
10158,293
10159,271
10159,302
10160,267
10160,269
10161,270
10162,291
10163,276
10163,282
10164,290
10164,291
10165,275
10166,275
10167,294
10168,269
10168,294
10169,291
10170,272
10171,267
10171,283
10172,267
10173,273
10174,273
10175,280
10175,284
10176,270
10177,276
10178,270
10179,267
10179,280
10180,270
10181,272
10182,271
10183,291
10184,272
10184,304
10185,273
10186,275
10187,280
10188,271
10188,282
10189,270
10189,275
10190,276
10190,291
10191,269
10192,270
10192,275
10193,273
10193,301
10194,291
10194,296
10195,271
10195,297
10196,275
10196,282
10197,275
10198,267
10199,275
10200,276
10201,272
10201,293
10202,278
10203,280
10204,270
10204,284
10205,273
10206,270
10206,273
10207,273
10207,278
10208,272
10208,293
10209,276
10210,280
10210,284
10211,273
10212,294
10213,305
10214,270
10214,291
10215,272
10215,283
10216,300
10217,278
10217,300
10218,270
10218,275
10219,270
10219,278
10220,270
10221,278
10221,301
10222,270
10222,296
10223,275
10223,282
10224,273
10225,270
10225,296
10226,287
10226,293
10227,272
10228,272
10228,280
10229,272
10230,278
10231,276
10232,272
10232,275
10233,270
10233,300
10234,273
10235,272
10235,304
10236,268
10236,293
10237,295
10238,273
10239,268
10239,293
10240,287
10241,292
10242,270
10242,296
10243,272
10244,267
10244,272
10245,271
10245,275
10246,273
10246,284
10247,273
10247,298
10248,270
10248,273
10249,284
10249,290
10250,270
10251,270
10252,272
10252,304
10253,273
10254,293
10255,267
10255,293
10256,273
10256,278
10257,275
10257,282
10258,270
10258,300
10259,270
10260,301
10260,302
10261,273
10262,291
10263,270
10263,296
10264,270
10265,287
10266,269
10266,279
10267,278
10268,270
10268,276
10269,267
10269,272
10270,268
10271,275
10271,297
10272,270
10272,291
10273,275
10274,270
10274,291
10275,270
10275,272
10276,267
10276,280
10277,270
10277,276
10278,278
10279,275
10279,297
10280,270
10280,284
10281,270
10282,267
10282,268
10283,270
10283,278
10284,267
10284,293
10285,273
10285,301
10286,293
10287,272
10287,293
10288,270
10288,272
10289,298
10290,270
10291,272
10292,276
10292,282
10293,272
10294,270
10295,267
10295,269
10296,293
10297,301
10298,272
10298,293
10299,273
10300,293
10301,291
10301,296
10302,269
10303,267
10303,283
10304,272
10304,293
10305,281
10305,296
10306,271
10306,275
10307,282
10307,297
10308,275
10309,270
10310,278
10311,268
10312,272
10313,276
10313,291
10314,272
10315,270
10315,291
10316,269
10317,275
10318,278
10319,291
10320,275
10321,272
10321,280
10322,271
10322,297
10323,272
10323,304
10324,267
10324,280
10325,280
10326,278
10326,300
10327,270
10328,273
10329,267
10330,272
10330,305
10331,270
10331,275
10332,271
10333,272
10334,270
10334,273
10335,272
10335,305
10336,304
10337,272
10337,283
10338,270
10338,291
10339,270
10340,268
10340,293
10341,267
10341,293
10342,273
10343,270
10343,273
10344,270
10345,275
10346,271
10346,275
10347,270
10347,291
10348,270
10348,296
10349,270
10349,284
10350,270
10351,293
10352,270
10353,277
10353,281
10354,270
10354,278
10355,300
10356,268
10356,269
10357,281
10358,267
10359,270
10360,275
10361,270
10361,301
10362,270
10362,276
10363,275
10364,291
10365,270
10365,276
10366,268
10366,293
10367,268
10368,270
10369,270
10370,270
10371,272
10371,283
10372,272
10373,287
10374,272
10375,270
10375,297
10376,270
10377,297
10378,273
10378,301
10379,271
10380,267
10380,283
10381,270
10381,275
10382,280
10382,291
10383,273
10384,276
10385,293
10385,304
10386,275
10387,290
10387,291
10388,278
10388,294
10389,270
10390,276
10391,291
10392,270
10393,270
10393,276
10394,278
10395,270
10395,273
10396,273
10396,298
10397,270
10397,275
10398,275
10398,297
10399,277
10399,281
10400,273
10401,271
10401,302
10402,272
10402,304
10403,275
10404,267
10404,305
10405,278
10406,269
10406,284
10407,273
10408,271
10409,281
10409,295
10410,270
10410,273
10411,273
10412,273
10412,284
10413,268
10413,269
10414,267
10415,276
10416,269
10416,278
10417,287
10417,293
10418,267
10418,293
10419,293
10420,267
10421,270
10422,305
10423,270
10423,273
10424,270
10424,291
10425,267
10425,269
10426,272
10427,273
10428,267
10428,272
10429,267
10429,283
10430,273
10430,298
10431,267
10432,273
10433,269
10433,278
10434,275
10435,270
10435,297
10436,270
10437,275
10438,296
10439,277
10439,296
10440,270
10441,287
10441,293
10442,280
10443,272
10443,283
10444,270
10444,280
10445,270
10445,273
10446,271
10447,277
10448,276
10449,273
10450,270
10450,278
10451,277
10451,296
10452,273
10453,270
10454,277
10454,296
10455,275
10456,270
10457,270
10458,270
10459,293
10460,269
10460,279
10461,291
10462,268
10463,272
10463,280
10464,295
10464,296
10465,270
10465,296
10466,278
10467,273
10468,293
10469,276
10469,282
10470,267
10470,293
10471,291
10471,296
10472,270
10472,275
10473,276
10474,270
10474,301
10475,296
10476,270
10477,270
10477,296
10478,267
10479,272
10479,283
10480,270
10480,300
10481,287
10482,270
10482,273
10483,284
10483,299
10484,273
10484,278
10485,292
10486,278
10486,294
10487,278
10488,278
10489,272
10489,280
10490,270
10491,272
10491,305
10492,269
10492,279
10493,304
10494,275
10495,270
10495,273
10496,270
10496,275
10497,267
10497,283
10498,287
10499,270
10500,303
10501,267
10502,291
10502,296
10503,267
10503,268
10504,271
10505,287
10506,269
10507,276
10507,284
10508,276
10508,282
10509,295
10510,304
10510,305
10511,271
10511,282
10512,271
10513,280
10514,270
10514,273
10515,270
10515,272
10516,275
10516,282
10517,275
10518,273
10518,292
10519,270
10519,273
10520,272
10520,293
10521,295
10522,270
10523,276
10523,282
10524,270
10524,292
10525,270
10526,293
10527,293
10527,304
10528,270
10529,270
10530,304
10530,305
10531,267
10532,272
10532,283
10533,299
10534,276
10535,284
10535,293
10536,276
10537,270
10538,281
10538,291
10539,267
10539,293
10540,272
10540,304
10541,270
10541,273
10542,267
10542,293
10543,269
10543,279
10544,296
10545,272
10545,293
10546,295
10547,282
10548,275
10548,297
10549,272
10549,284
10550,293
10551,272
10551,283
10552,269
10552,284
10553,270
10554,293
10555,267
10555,283
10556,267
10556,304
10557,276
10557,291
10558,272
10558,280
10559,277
10559,296
10560,280
10561,298
10561,301
10562,275
10562,284
10563,275
10564,270
10564,291
10565,268
10565,293
10566,276
10567,293
10568,271
10569,293
10570,281
10570,284
10571,270
10572,293
10573,272
10574,270
10574,300
10575,272
10575,280
10576,293
10577,267
10577,304
10578,278
10579,276
10580,281
10581,271
10581,284
10582,276
10583,276
10584,293
10585,270
10586,269
10586,278
10587,267
10588,297
10589,267
10589,268
10590,296
10591,272
10592,273
10593,272
10593,293
10594,273
10595,272
10595,283
10596,275
10597,270
10597,300
10598,303
10599,270
10599,273
10600,284
10600,297
10601,296
10602,275
10603,278
10603,294
10604,273
10604,301
10605,281
10605,296
10606,267
10606,268
10607,281
10608,293
10609,275
10610,293
10611,272
10611,305
10612,267
10612,268
10613,270
10614,270
10615,273
10615,278
10616,270
10617,270
10617,272
10618,268
10619,273
10619,299
10620,273
10620,278
10621,272
10622,280
10623,275
10623,297
10624,272
10624,293
10625,275
10626,267
10626,283
10627,293
10628,270
10628,300
10629,272
10629,305
10630,273
10631,267
10631,293
10632,278
10633,281
10634,269
10635,273
10636,278
10637,270
10637,276
10638,269
10638,284
10639,271
10639,275
10640,270
10641,270
10642,272
10642,283
10643,302
10643,303
10644,272
10644,283
10645,291
10645,296
10646,270
10647,267
10647,272
10648,269
10648,279
10649,300
10650,275
10651,268
10652,275
10653,270
10654,272
10655,287
10655,293
10656,300
10657,269
10658,272
10658,275
10659,272
10659,275
10660,270
10661,277
10662,280
10663,275
10663,282
10664,267
10664,283
10665,275
10666,273
10667,281
10668,275
10669,270
10670,277
10670,281
10671,281
10671,291
10672,282
10673,273
10674,275
10675,272
10676,271
10677,282
10678,271
10678,297
10679,273
10679,278
10680,273
10680,301
10681,267
10681,280
10682,273
10682,278
10683,273
10684,271
10684,302
10685,273
10686,270
10686,275
10687,267
10687,284
10688,302
10689,273
10690,267
10690,293
10691,270
10691,273
10692,270
10693,275
10694,278
10694,284
10695,271
10695,275
10696,280
10696,291
10697,272
10698,270
10698,296
10699,297
10700,267
10701,268
10701,293
10702,268
10703,270
10703,273
10704,273
10704,278
10705,270
10706,273
10707,269
10707,299
10708,268
10709,272
10710,278
10711,271
10711,302
10712,275
10712,276
10713,275
10714,270
10714,273
10715,267
10716,273
10717,272
10717,293
10718,303
10719,271
10720,269
10721,291
10722,270
10722,273
10723,276
10724,291
10725,267
10725,280
10726,301
10727,273
10728,287
10729,269
10729,278
10730,270
10730,300
10731,272
10731,305
10732,271
10732,297
10733,275
10734,272
10735,271
10736,287
10737,276
10737,291
10738,267
10738,293
10739,275
10739,276
10740,287
10740,293
10741,273
10741,298
10742,270
10742,275
10743,301
10744,275
10745,278
10746,273
10746,298
10747,267
10747,304
10748,273
10748,278
10749,270
10749,273
10750,275
10751,295
10752,275
10753,270
10753,272
10754,275
10754,284
10755,270
10755,278
10756,270
10756,296
10757,270
10757,297
10758,293
10758,304
10759,270
10759,276
10760,273
10760,278
10761,291
10762,276
10763,282
10764,267
10764,283
10765,301
10766,270
10766,292
10767,280
10768,270
10768,275
10769,273
10770,272
10770,275
10771,272
10772,270
10772,280
10773,270
10773,275
10774,270
10775,272
10775,280
10776,270
10776,300
10777,272
10777,305
10778,268
10778,293
10779,284
10779,293
10780,270
10780,276
10781,273
10781,298
10782,273
10782,278
10783,270
10783,301
10784,270
10784,276
10785,278
10786,270
10786,278
10787,270
10787,278
10788,270
10789,271
10789,275
10790,268
10791,277
10792,270
10793,271
10793,297
10794,268
10795,281
10795,295
10796,270
10796,300
10797,271
10798,284
10798,300
10799,276
10799,291
10800,272
10800,293
10801,297
10802,273
10803,287
10803,293
10804,273
10805,271
10806,270
10807,295
10808,269
10808,278
10809,268
10810,287
10810,293
10811,291
10812,297
10813,270
10813,272
10814,273
10814,298
10815,270
10815,300
10816,267
10816,304
10817,275
10818,294
10819,268
10819,269
10820,281
10820,295
10821,270
10822,269
10823,275
10824,272
10824,305
10825,294
10826,277
10826,296
10827,270
10827,273
10828,278
10828,294
10829,267
10830,271
10830,284
10831,273
10832,270
10833,271
10834,273
10835,278
10836,267
10836,283
10837,270
10837,275
10838,270
10838,276
10839,275
10840,278
10841,273
10842,278
10843,278
10843,284
10844,278
10845,275
10845,282
10846,269
10846,294
10847,275
10848,270
10849,270
10850,272
10850,305
10851,270
10851,278
10852,296
10853,272
10854,272
10854,280
10855,282
10856,267
10857,272
10858,281
10859,290
10860,270
10860,291
10861,273
10862,275
10863,278
10863,294
10864,275
10864,276
10865,268
10866,270
10866,284
10867,267
10867,272
10868,272
10868,283
10869,270
10870,267
10870,272
10871,272
10871,304
10872,275
10872,282
10873,276
10874,267
10874,272
10875,290
10876,267
10876,283
10877,272
10878,275
10879,270
10880,281
10881,267
10881,272
10882,297
10883,273
10883,278
10884,270
10884,273
10885,269
10886,271
10887,277
10887,296
10888,284
10888,292
10889,270
10889,273
10890,272
10891,275
10892,275
10892,297
10893,275
10893,276
10894,272
10894,287
10895,271
10896,294
10897,280
10898,268
10899,271
10899,284
10900,270
10901,273
10902,291
10903,269
10903,278
10904,275
10905,271
10905,284
10906,270
10907,299
10908,270
10909,270
10910,272
10910,275
10911,273
10912,267
10913,278
10914,272
10914,280
10915,268
10915,293
10916,270
10916,273
10917,268
10917,269
10918,267
10918,304
10919,276
10920,269
10920,278
10921,270
10921,275
10922,291
10923,296
10924,270
10924,291
10925,270
10925,284
10926,275
10926,297
10927,282
10928,270
10928,296
10929,267
10929,268
10930,268
10931,278
10932,271
10933,273
10933,278
10934,278
10934,300
10935,267
10935,304
10936,270
10936,296
10937,276
10937,291
10938,270
10938,302
10939,273
10940,273
10940,301
10941,276
10941,291
10942,271
10942,275
10943,268
10943,269
10944,282
10945,270
10946,305
10947,271
10947,302
10948,280
10949,273
10949,298
10950,280
10950,284
10951,270
10952,267
10952,293
10953,295
10954,281
10954,291
10955,270
10955,273
10956,270
10956,282
10957,269
10957,279
10958,270
10958,284
10959,267
10959,280
10960,278
10961,270
10961,275
10962,269
10962,294
10963,291
10964,270
10965,272
10965,283
10966,275
10967,275
10968,267
10968,268
10969,268
10969,293
10970,267
10970,293
10971,267
10971,268
10972,270
10972,278
10973,270
10973,273
10974,269
10974,279
10975,270
10976,272
10976,275
10977,278
10978,272
10979,280
10980,272
10980,283
10981,270
10982,272
10982,284
10983,296
10984,272
10985,275
10986,269
10986,273
10987,269
10987,294
10988,272
10988,283
10989,275
10989,276
10990,287
10991,275
10991,297
10992,305
10993,272
10994,278
10994,294
10995,270
10996,270
10997,270
10998,273
10999,275
10999,297
11000,270
11000,291
11001,278
11002,272
11003,293
11004,272
11005,270
11005,276
11006,267
11006,272
11007,272
11008,275
11009,270
11009,296
11010,275
11010,297
11011,270
11011,273
11012,276
11012,282
11013,271
11014,270
11015,275
11016,270
11016,284
11017,287
11018,272
11018,304
11019,275
11020,275
11021,284
11021,296
11022,275
11023,287
11023,293
11024,270
11024,273
11025,282
11025,297
11026,271
11026,302
11027,299
11028,269
11028,279
11029,273
11030,278
11031,292
11032,270
11033,278
11033,294
11034,267
11034,272
11035,273
11036,284
11036,299
11037,278
11038,272
11039,270
11039,291
11040,273
11040,278
11041,270
11041,276
11042,270
11042,272
11043,299
11044,267
11044,268
11045,273
11045,301
11046,270
11046,275
11047,297
11048,278
11049,267
11049,293
11050,272
11050,283
11051,291
11052,270
11052,276
11053,270
11054,270
11055,267
11055,280
11056,272
11056,304
11057,267
11058,269
11059,276
11059,291
11060,267
11060,283
11061,270
11061,278
11062,270
11063,278
11064,271
11064,275
11065,268
11066,270
11066,300
11067,277
11068,284
11068,291
11069,291
11070,272
11071,275
11072,278
11072,300
11073,291
11074,278
11074,299
11075,270
11075,296
11076,268
11076,287
11077,302
11078,291
11079,272
11080,270
11081,281
11082,272
11082,284
11083,296
11084,273
11084,292
11085,291
11086,276
11087,270
11088,270
11089,284
11089,299
11090,267
11090,283
11091,275
11092,270
11093,267
11093,283
11094,270
11094,300
11095,276
11096,291
11097,275
11098,270
11098,273
11099,300
11100,270
11100,300
11101,275
11102,273
11103,293
11104,296
11105,267
11105,280
11106,273
11107,270
11108,296
11109,281
11109,291
11110,270
11111,275
11111,276
11112,270
11112,275
11113,270
11113,284
11114,269
11114,278
11115,276
11116,281
11117,291
11118,278
11118,284
11119,275
11119,282
11120,270
11121,267
11122,275
11122,276
11123,271
11124,276
11124,282
11125,270
11125,296
11126,273
11126,278
11127,291
11127,296
11128,270
11128,272
11129,304
11129,305
11130,271
11130,297
11131,270
11132,297
11133,281
11133,284
11134,269
11134,273
11135,272
11136,273
11137,276
11137,282
11138,282
11139,298
11139,302
11140,293
11141,299
11142,270
11142,277
11143,267
11143,268
11144,291
11145,267
11145,268
11146,270
11146,284
11147,270
11147,272
11148,270
11149,273
11150,273
11150,300
11151,270
11152,271
11153,278
11154,275
11154,276
11155,276
11156,269
11156,273
11157,270
11158,275
11159,270
11159,278
11160,287
11161,269
11161,279
11162,270
11162,291
11163,278
11164,275
11164,297
11165,267
11165,272
11166,267
11167,276
11168,291
11169,275
11170,269
11170,273
11171,273
11171,284
11172,270
11172,278
11173,270
11173,273
11174,270
11174,284
11175,267
11176,273
11176,278
11177,278
11178,271
11179,270
11179,278
11180,273
11181,272
11181,275
11182,287
11183,270
11184,270
11184,291
11185,271
11185,297
11186,269
11186,278
11187,270
11188,273
11189,272
11190,268
11191,270
11191,275
11192,270
11192,278
11193,271
11194,267
11194,272
11195,272
11195,283
11196,267
11196,293
11197,275
11197,282
11198,267
11198,283
11199,281
11200,267
11201,270
11201,301
11202,290
11203,270
11204,270
11205,276
11206,270
11206,282
11207,268
11207,287
11208,271
11208,275
11209,273
11210,271
11210,302
11211,270
11211,278
11212,267
11212,272
11213,291
11214,270
11214,284
11215,278
11215,303
11216,295
11217,278
11218,277
11219,278
11220,270
11220,272
11221,273
11222,270
11222,275
11223,267
11223,272
11224,271
11224,297
11225,281
11226,299
11227,287
11227,293
11228,280
11229,270
11230,277
11231,281
11232,278
11233,270
11234,276
11235,272
11236,270
11236,284
11237,297
11238,270
11238,273
11239,291
11240,270
11241,275
11242,275
11242,284
11243,267
11244,270
11245,267
11245,280
11246,276
11247,268
11248,271
11248,275
11249,272
11249,293
11250,270
11251,272
11252,270
11252,275
11253,267
11253,272
11254,281
11255,275
11255,276
11256,268
11256,293
11257,297
11258,270
11259,276
11260,295
11261,267
11261,287
11262,281
11263,273
11264,270
11264,273
11265,272
11265,275
11266,271
11267,270
11268,270
11269,270
11269,278
11270,278
11271,273
11272,278
11272,284
11273,267
11273,272
11274,270
11274,296
11275,267
11275,280
11276,287
11276,293
11277,270
11277,297
11278,270
11279,275
11279,276
11280,273
11281,275
11282,270
11283,272
11283,283
11284,268
11284,287
11285,268
11285,287
11286,275
11287,272
11287,280
11288,267
11288,272
11289,267
11290,269
11290,294
11291,301
11292,273
11292,301
11293,272
11294,269
11295,273
11296,267
11296,293
11297,272
11297,283
11298,271
11299,275
11300,268
11300,287
11301,268
11302,270
11303,269
11303,278
11304,268
11304,269
11305,267
11305,268
11306,270
11307,270
11307,300
11308,273
11309,267
11309,280
11310,268
11310,293
11311,270
11312,280
11312,291
11313,272
11314,272
11315,275
11316,275
11317,270
11318,272
11318,280
11319,270
11319,291
11320,278
11321,282
11322,270
11322,273
11323,278
11324,290
11325,270
11326,278
11326,301
11327,269
11328,270
11329,270
11330,270
11331,270
11332,271
11332,297
11333,273
11334,268
11335,273
11336,293
11337,269
11337,278
11338,270
11339,272
11339,280
11340,284
11340,296
11341,270
11341,291
11342,270
11343,295
11344,278
11344,284
11345,272
11345,280
11346,278
11347,268
11348,272
11348,283
11349,270
11349,272
11350,297
11351,267
11351,283
11352,270
11353,275
11354,271
11355,272
11356,272
11356,305
11357,270
11357,273
11358,305
11359,270
11359,278
11360,267
11360,287
11361,270
11361,296
11362,270
11362,273
11363,271
11363,297
11364,297
11365,302
11366,270
11366,296
11367,276
11367,282
11368,271
11368,282
11369,304
11369,305
11370,270
11371,282
11372,267
11373,270
11374,273
11375,268
11376,273
11377,287
11378,278
11378,301
11379,267
11380,293
11380,304
11381,267
11381,283
11382,281
11383,278
11384,297
11385,275
11386,271
11387,270
11388,270
11388,300
11389,275
11390,270
11390,275
11391,272
11392,275
11392,276
11393,270
11393,284
11394,272
11394,283
11395,275
11395,297
11396,268
11396,293
11397,303
11398,276
11399,291
11400,297
11401,268
11401,293
11402,270
11403,270
11403,284
11404,276
11404,291
11405,270
11405,296
11406,290
11407,271
11408,275
11408,276
11409,272
11409,304
11410,275
11411,270
11412,292
11413,281
11414,271
11414,282
11415,300
11416,296
11417,287
11418,273
11419,267
11419,280
11420,272
11421,270
11421,276
11422,271
11423,270
11423,276
11424,270
11424,300
11425,275
11425,297
11426,268
11427,273
11428,275
11428,282
11429,271
11429,275
11430,276
11430,282
11431,273
11432,281
11432,291
11433,270
11434,293
11434,305
11435,270
11435,296
11436,270
11437,270
11437,291
11438,273
11438,298
11439,278
11440,284
11440,292
11441,269
11441,273
11442,272
11442,305
11443,270
11443,273
11444,278
11445,270
11445,301
11446,273
11446,298
11447,269
11447,284
11448,272
11448,283
11449,296
11450,275
11451,275
11451,276
11452,275
11452,297
11453,270
11453,296
11454,267
11454,293
11455,280
11456,270
11456,275
11457,270
11458,293
11459,269
11459,299
11460,270
11460,278
11461,269
11462,275
11463,271
11463,302
11464,268
11464,284
11465,273
11466,270
11466,301
11467,273
11468,270
11469,294
11470,270
11470,276
11471,272
11472,275
11472,276
11473,273
11473,284
11474,270
11475,287
11475,293
11476,270
11476,296
11477,270
11478,267
11478,293
11479,278
11480,287
11481,273
11482,268
11482,293
11483,267
11483,283
11484,282
11484,297
11485,270
11485,278
11486,276
11487,290
11487,291
11488,268
11489,270
11490,272
11490,293
11491,278
11492,270
11493,278
11493,292
11494,270
11494,278
11495,278
11496,270
11497,278
11498,276
11499,273
11499,292
11500,270
