ContentKey,TalentKey,AllocationFactor,CastOrder
1501,2435,0.5947,1
1501,12441,0.2893,2
1501,14958,0.063,3
1501,12215,0.0414,4
1501,7739,0.0116,5
1502,5186,0.503,1
1502,6793,0.3103,2
1502,14774,0.1084,3
1502,9543,0.0696,4
1502,6755,0.0087,5
1503,1658,0.4147,1
1503,17111,0.2985,2
1503,3012,0.2128,3
1503,5574,0.0239,4
1503,11002,0.0226,5
1503,12123,0.0164,6
1503,5767,0.0111,7
1504,11675,0.4305,1
1504,2535,0.2205,2
1504,2355,0.1655,3
1504,7860,0.084,4
1504,6309,0.0587,5
1504,6630,0.0408,6
1505,16443,0.4609,1
1505,14482,0.4352,2
1505,7116,0.0621,3
1505,7603,0.0296,4
1505,6707,0.0121,5
1506,5975,0.5716,1
1506,12620,0.3824,2
1506,6822,0.046,3
1507,7495,0.3435,1
1507,6406,0.2895,2
1507,5686,0.1549,3
1507,6976,0.1123,4
1507,13249,0.0825,5
1507,2486,0.0173,6
1508,6694,0.4762,1
1508,7124,0.3394,2
1508,4934,0.1844,3
1509,6387,0.5372,1
1509,7277,0.4614,2
1509,16701,0.0014,3
1510,4584,0.3927,1
1510,14057,0.3609,2
1510,16952,0.1966,3
1510,4720,0.0358,4
1510,11226,0.0097,5
1510,16327,0.0044,6
1511,17090,0.6151,1
1511,13851,0.2404,2
1511,12722,0.1445,3
1512,7692,0.3504,1
1512,6221,0.2552,2
1512,15348,0.2495,3
1512,13626,0.0639,4
1512,7055,0.0525,5
1512,5125,0.0278,6
1512,3826,0.0007,7
1513,3504,0.5178,1
1513,2156,0.3101,2
1513,3383,0.1667,3
1513,4265,0.0054,4
1514,3595,0.5418,1
1514,3036,0.1998,2
1514,4400,0.1541,3
1514,7880,0.0736,4
1514,15829,0.0259,5
1514,5697,0.0048,6
1515,5416,0.3998,1
1515,4464,0.2946,2
1515,5114,0.1227,3
1515,6698,0.093,4
1515,9654,0.0816,5
1515,1896,0.0054,6
1515,6236,0.0029,7
1516,2356,0.5056,1
1516,5359,0.4195,2
1516,2953,0.0749,3
1517,7097,0.5113,1
1517,1640,0.2103,2
1517,4789,0.1695,3
1517,5289,0.0709,4
1517,9612,0.037,5
1517,2913,0.0011,6
1518,14929,0.7594,1
1518,6356,0.1426,2
1518,5032,0.098,3
1519,12331,0.4737,1
1519,14782,0.2975,2
1519,4232,0.2288,3
1520,7994,0.4653,1
1520,8681,0.4142,2
1520,7215,0.1127,3
1520,13851,0.0078,4
1521,10443,0.4586,1
1521,10571,0.3741,2
1521,9739,0.1673,3
1522,2849,0.5808,1
1522,7842,0.2173,2
1522,16732,0.2019,3
1523,3410,0.3943,1
1523,7120,0.3185,2
1523,7600,0.2176,3
1523,4093,0.0428,4
1523,5423,0.023,5
1523,5749,0.003,6
1523,16479,0.0009,7
1524,4232,0.313,1
1524,14571,0.2988,2
1524,8670,0.2107,3
1524,13051,0.1098,4
1524,9662,0.0359,5
1524,16637,0.0318,6
1524,9111,0.0001,7
1525,4796,0.4324,1
1525,12008,0.3292,2
1525,2447,0.1811,3
1525,7429,0.0317,4
1525,5374,0.0256,5
1526,3415,0.7702,1
1526,2472,0.2101,2
1526,9334,0.0197,3
1527,6448,0.7944,1
1527,7441,0.1729,2
1527,5819,0.0327,3
1528,6084,0.7654,1
1528,4259,0.1214,2
1528,10615,0.0818,3
1528,7391,0.0314,4
1529,17383,0.2658,1
1529,4920,0.262,2
1529,5407,0.2407,3
1529,6260,0.1845,4
1529,3818,0.0416,5
1529,12278,0.0054,6
1530,8306,0.4341,1
1530,9367,0.2895,2
1530,3805,0.155,3
1530,16189,0.0895,4
1530,10445,0.0179,5
1530,10181,0.014,6
1531,17209,0.6776,1
1531,3207,0.1706,2
1531,5227,0.1201,3
1531,6108,0.0317,4
1532,5700,0.3391,1
1532,6304,0.3169,2
1532,3786,0.1757,3
1532,15763,0.1042,4
1532,3398,0.0439,5
1532,6848,0.0201,6
1533,3595,0.7136,1
1533,9084,0.1768,2
1533,16469,0.0724,3
1533,4232,0.0331,4
1533,5452,0.0041,5
1534,11448,0.4747,1
1534,13609,0.3354,2
1534,2825,0.1346,3
1534,7256,0.0552,4
1535,6835,0.5495,1
1535,7684,0.1628,2
1535,7187,0.1068,3
1535,4530,0.0547,4
1535,6149,0.0503,5
1535,2686,0.0405,6
1535,7317,0.0354,7
1536,8482,0.4461,1
1536,16648,0.2816,2
1536,10418,0.2723,3
1537,4692,0.7775,1
1537,5931,0.1352,2
1537,7246,0.0383,3
1537,3371,0.0369,4
1537,6266,0.0121,5
1538,5879,0.376,1
1538,3057,0.3234,2
1538,4796,0.1709,3
1538,1757,0.0867,4
1538,4048,0.043,5
1539,9730,0.6065,1
1539,5552,0.1502,2
1539,3860,0.1121,3
1539,6274,0.1036,4
1539,5716,0.0175,5
1539,4344,0.01,6
1540,7452,0.57,1
1540,3179,0.2822,2
1540,3356,0.1479,3
1541,3539,0.5783,1
1541,16183,0.1873,2
1541,7565,0.1434,3
1541,15775,0.091,4
1542,6477,0.8237,1
1542,6348,0.1207,2
1542,5287,0.0502,3
1542,3950,0.0053,4
1543,3567,0.4314,1
1543,5847,0.2842,2
1543,5390,0.1142,3
1543,11334,0.0809,4
1543,5294,0.0371,5
1543,12810,0.0346,6
1543,6439,0.0175,7
1544,2370,0.5127,1
1544,2416,0.1976,2
1544,5071,0.1167,3
1544,14186,0.0863,4
1544,12037,0.044,5
1544,5367,0.0328,6
1544,7140,0.0097,7
1545,17312,0.5171,1
1545,12218,0.2975,2
1545,11741,0.087,3
1545,6933,0.057,4
1545,17050,0.0281,5
1545,14416,0.0134,6
1546,12654,0.4958,1
1546,9142,0.2213,2
1546,4095,0.2095,3
1546,7249,0.0734,4
1547,2052,0.3603,1
1547,2519,0.2457,2
1547,2690,0.2054,3
1547,4330,0.0814,4
1547,12124,0.0657,5
1547,5680,0.0281,6
1547,5633,0.0134,7
1548,11604,0.4389,1
1548,7293,0.2528,2
1548,8440,0.1699,3
1548,11282,0.1183,4
1548,7603,0.0201,5
1549,10984,0.4075,1
1549,7508,0.3639,2
1549,5469,0.1894,3
1549,17318,0.0393,4
1550,16243,0.4356,1
1550,13826,0.1739,2
1550,9586,0.1538,3
1550,9859,0.1367,4
1550,15230,0.1001,5
1551,9098,0.5499,1
1551,4047,0.3455,2
1551,14929,0.0927,3
1551,2276,0.0119,4
1552,9210,0.4154,1
1552,9519,0.3535,2
1552,6263,0.2311,3
1553,9704,0.8452,1
1553,1850,0.1481,2
1553,13130,0.0068,3
1554,16152,0.3941,1
1554,16211,0.2833,2
1554,13988,0.1567,3
1554,13216,0.0917,4
1554,12618,0.0674,5
1554,4218,0.0068,6
1555,15634,0.3235,1
1555,16648,0.2087,2
1555,11304,0.1573,3
1555,14615,0.1572,4
1555,15182,0.129,5
1555,12124,0.0243,6
1556,12196,0.6465,1
1556,12290,0.2091,2
1556,16998,0.1071,3
1556,13360,0.0374,4
1557,16166,0.5636,1
1557,2796,0.2012,2
1557,7480,0.102,3
1557,2014,0.0601,4
1557,17426,0.0537,5
1557,4493,0.0182,6
1557,5836,0.0012,7
1558,2827,0.4634,1
1558,17383,0.1646,2
1558,2023,0.1478,3
1558,1683,0.124,4
1558,3535,0.0771,5
1558,12290,0.0231,6
1559,11841,0.3594,1
1559,8842,0.2945,2
1559,10501,0.2474,3
1559,4428,0.0872,4
1559,11201,0.0115,5
1560,5501,0.3251,1
1560,4754,0.2892,2
1560,13800,0.2175,3
1560,5393,0.161,4
1560,6067,0.0073,5
1561,15237,0.4401,1
1561,1823,0.4078,2
1561,9633,0.1521,3
1562,11345,0.6482,1
1562,3986,0.2145,2
1562,7173,0.0754,3
1562,8487,0.0532,4
1562,13901,0.0086,5
1563,6263,0.5635,1
1563,10591,0.3737,2
1563,13296,0.0369,3
1563,9181,0.0258,4
1564,5145,0.8528,1
1564,7357,0.139,2
1564,7028,0.0082,3
1565,4368,0.3252,1
1565,14309,0.1903,2
1565,12625,0.1388,3
1565,7311,0.13,4
1565,3413,0.0945,5
1565,5317,0.0918,6
1565,7312,0.0294,7
1566,13250,0.296,1
1566,2075,0.2719,2
1566,3961,0.1912,3
1566,2256,0.1198,4
1566,3062,0.1001,5
1566,16374,0.0164,6
1566,11414,0.0044,7
1567,5049,0.3395,1
1567,17037,0.3198,2
1567,3886,0.1641,3
1567,6376,0.1247,4
1567,5726,0.0273,5
1567,12278,0.0246,6
1568,3122,0.286,1
1568,5980,0.2135,2
1568,14272,0.2094,3
1568,7274,0.1702,4
1568,3191,0.0955,5
1568,7111,0.0206,6
1568,10605,0.0048,7
1569,6822,0.3801,1
1569,13278,0.2607,2
1569,17000,0.2379,3
1569,2894,0.1213,4
1570,2897,0.3886,1
1570,11994,0.2858,2
1570,16753,0.2221,3
1570,16478,0.062,4
1570,3836,0.0415,5
1571,6666,0.3953,1
1571,11678,0.2165,2
1571,5463,0.154,3
1571,13931,0.1261,4
1571,9618,0.0572,5
1571,6915,0.0422,6
1571,14924,0.0086,7
1572,4548,0.403,1
1572,16751,0.2336,2
1572,14928,0.2311,3
1572,13870,0.1324,4
1573,3963,0.3766,1
1573,7410,0.2214,2
1573,4947,0.2042,3
1573,6724,0.1381,4
1573,3236,0.0345,5
1573,10751,0.0254,6
1574,5572,0.6437,1
1574,14440,0.3212,2
1574,17390,0.0351,3
1575,10132,0.4194,1
1575,8780,0.4084,2
1575,10605,0.1146,3
1575,14815,0.0348,4
1575,11655,0.0166,5
1575,10163,0.0062,6
1575,7707,0.0001,7
1576,2682,0.6175,1
1576,2195,0.3001,2
1576,17063,0.0824,3
1577,6276,0.555,1
1577,7516,0.3271,2
1577,15169,0.1169,3
1577,2151,0.001,4
1578,3962,0.4208,1
1578,7125,0.3224,2
1578,11280,0.0952,3
1578,12192,0.0715,4
1578,7778,0.0673,5
1578,13285,0.0227,6
1579,7625,0.6946,1
1579,5380,0.269,2
1579,15284,0.025,3
1579,2009,0.0114,4
1580,7872,0.3514,1
1580,13397,0.2115,2
1580,4623,0.1763,3
1580,5909,0.1747,4
1580,10677,0.0861,5
1581,8509,0.5512,1
1581,1953,0.1828,2
1581,15357,0.1089,3
1581,6463,0.0867,4
1581,12618,0.054,5
1581,15036,0.0164,6
1582,9872,0.6749,1
1582,11886,0.1345,2
1582,3101,0.0768,3
1582,3417,0.0655,4
1582,4175,0.0365,5
1582,10835,0.0118,6
1583,11626,0.4756,1
1583,15634,0.4483,2
1583,15198,0.0761,3
1584,17121,0.2869,1
1584,14452,0.2622,2
1584,15730,0.2346,3
1584,3962,0.1845,4
1584,9236,0.0318,5
1585,16751,0.7356,1
1585,4088,0.0925,2
1585,5137,0.0683,3
1585,14459,0.0659,4
1585,2456,0.0302,5
1585,5148,0.0075,6
1586,14281,0.3622,1
1586,6536,0.3047,2
1586,4272,0.1589,3
1586,13195,0.0931,4
1586,6016,0.081,5
1587,8960,0.2862,1
1587,2555,0.2297,2
1587,9711,0.1286,3
1587,4563,0.1176,4
1587,8296,0.1049,5
1587,11714,0.1032,6
1587,17069,0.0298,7
1588,8530,0.4415,1
1588,1863,0.3001,2
1588,5900,0.0767,3
1588,9533,0.0673,4
1588,8960,0.0623,5
1588,13715,0.0299,6
1588,7537,0.0222,7
1589,15663,0.226,1
1589,2695,0.2243,2
1589,11049,0.1759,3
1589,1835,0.1462,4
1589,6752,0.1161,5
1589,5326,0.1114,6
1590,3252,0.3125,1
1590,3108,0.2684,2
1590,4443,0.2372,3
1590,3532,0.1819,4
1591,3695,0.3614,1
1591,8582,0.2724,2
1591,8196,0.2186,3
1591,2098,0.1475,4
1592,2691,0.8468,1
1592,2090,0.11,2
1592,13579,0.0433,3
1593,14384,0.2118,1
1593,8196,0.2087,2
1593,16694,0.1897,3
1593,9028,0.1534,4
1593,8232,0.1503,5
1593,12428,0.0547,6
1593,4266,0.0315,7
1594,1752,0.4041,1
1594,6291,0.2751,2
1594,2170,0.1663,3
1594,4627,0.1544,4
1595,7278,0.7783,1
1595,2939,0.1828,2
1595,9092,0.0389,3
1596,13172,0.8141,1
1596,4425,0.0794,2
1596,13897,0.0651,3
1596,9092,0.0351,4
1596,11910,0.0062,5
1597,14936,0.5258,1
1597,6144,0.2146,2
1597,9849,0.1349,3
1597,5549,0.1248,4
1598,2638,0.7583,1
1598,7659,0.1809,2
1598,6057,0.0608,3
1599,13799,0.3427,1
1599,10094,0.3176,2
1599,13416,0.2751,3
1599,12580,0.0646,4
1600,12534,0.6597,1
1600,2151,0.2608,2
1600,6978,0.0393,3
1600,7205,0.0197,4
1600,2465,0.0156,5
1600,7409,0.0048,6
1601,14428,0.4923,1
1601,15366,0.296,2
1601,5519,0.1537,3
1601,4840,0.058,4
1602,4062,0.6514,1
1602,9987,0.1274,2
1602,11011,0.0836,3
1602,7344,0.056,4
1602,11314,0.0498,5
1602,9686,0.0286,6
1602,10785,0.0033,7
1603,3839,0.3468,1
1603,4031,0.1857,2
1603,6198,0.1763,3
1603,8618,0.1138,4
1603,3601,0.0684,5
1603,2506,0.0654,6
1603,9892,0.0436,7
1604,2803,0.9687,1
1604,1646,0.0268,2
1604,8255,0.0045,3
1605,5907,0.3342,1
1605,4346,0.2796,2
1605,2008,0.2067,3
1605,8060,0.1356,4
1605,3385,0.0439,5
1606,2322,0.3952,1
1606,3942,0.2926,2
1606,4856,0.1585,3
1606,3896,0.1436,4
1606,3848,0.0054,5
1606,15748,0.0047,6
1607,16598,0.3306,1
1607,13536,0.2938,2
1607,17120,0.2788,3
1607,12711,0.0891,4
1607,5255,0.0077,5
1608,5279,0.5365,1
1608,6539,0.2373,2
1608,2577,0.2261,3
1609,3195,0.2907,1
1609,6425,0.2424,2
1609,6263,0.2268,3
1609,3154,0.1219,4
1609,8622,0.0505,5
1609,8558,0.039,6
1609,5063,0.0288,7
1610,10249,0.4231,1
1610,3502,0.2681,2
1610,2213,0.201,3
1610,9383,0.097,4
1610,13338,0.0089,5
1610,10224,0.002,6
1611,4394,0.7329,1
1611,5424,0.1832,2
1611,4486,0.0497,3
1611,4102,0.032,4
1611,5347,0.0022,5
1612,12756,0.7523,1
1612,2523,0.1412,2
1612,5577,0.1064,3
1613,14782,0.2635,1
1613,4721,0.2569,2
1613,8739,0.1539,3
1613,10935,0.1434,4
1613,12173,0.1051,5
1613,14321,0.0585,6
1613,7330,0.0188,7
1614,6999,0.5232,1
1614,3380,0.3594,2
1614,2106,0.1174,3
1615,13433,0.5373,1
1615,16049,0.3833,2
1615,15435,0.0736,3
1615,4341,0.0059,4
1616,3628,0.7874,1
1616,5359,0.1496,2
1616,3332,0.0631,3
1617,8079,0.3613,1
1617,7611,0.3032,2
1617,6451,0.1732,3
1617,2985,0.1371,4
1617,2340,0.0142,5
1617,1964,0.0111,6
1618,4779,0.8512,1
1618,7262,0.1383,2
1618,9307,0.0105,3
1619,1713,0.9478,1
1619,8305,0.0522,2
1620,8345,0.8403,1
1620,13879,0.0582,2
1620,16844,0.0458,3
1620,6972,0.043,4
1620,10354,0.0101,5
1620,16932,0.0026,6
1621,2734,0.3106,1
1621,4163,0.2798,2
1621,7138,0.1351,3
1621,4220,0.1225,4
1621,4458,0.1054,5
1621,12085,0.0433,6
1621,1902,0.0033,7
1622,2934,0.3557,1
1622,4372,0.2944,2
1622,3997,0.1684,3
1622,14632,0.1311,4
1622,9652,0.0398,5
1622,7032,0.0099,6
1622,10791,0.0008,7
1623,4006,0.7531,1
1623,3186,0.1222,2
1623,7104,0.0668,3
1623,8405,0.0573,4
1623,2545,0.0006,5
1624,3697,0.4708,1
1624,10445,0.2407,2
1624,7539,0.1088,3
1624,7254,0.1063,4
1624,11347,0.0734,5
1625,15898,0.8036,1
1625,2754,0.1012,2
1625,14150,0.0952,3
1626,7716,0.4914,1
1626,8081,0.2838,2
1626,4589,0.0803,3
1626,2307,0.0735,4
1626,10986,0.051,5
1626,10460,0.0201,6
1627,9663,0.5378,1
1627,11106,0.4506,2
1627,8370,0.0116,3
1628,4972,0.5491,1
1628,11075,0.2381,2
1628,10584,0.1532,3
1628,4259,0.0596,4
1629,12637,0.4552,1
1629,4702,0.2083,2
1629,8779,0.1996,3
1629,5748,0.1369,4
1630,2347,0.3517,1
1630,2837,0.1924,2
1630,12302,0.1742,3
1630,14593,0.1472,4
1630,3580,0.1035,5
1630,2607,0.0182,6
1630,4254,0.0128,7
1631,16374,0.2075,1
1631,12151,0.1722,2
1631,11762,0.1722,3
1631,12790,0.145,4
1631,12176,0.1259,5
1631,11758,0.0915,6
1631,4016,0.0858,7
1632,10743,0.9756,1
1632,6594,0.0185,2
1632,4168,0.0059,3
1633,10171,0.331,1
1633,2227,0.3094,2
1633,3650,0.2011,3
1633,4907,0.1089,4
1633,11339,0.0367,5
1633,5336,0.0128,6
1634,17516,0.6317,1
1634,5579,0.2413,2
1634,13579,0.1229,3
1634,11344,0.0041,4
1635,10450,0.6449,1
1635,15786,0.2697,2
1635,3262,0.0854,3
1636,6204,0.7195,1
1636,14097,0.1569,2
1636,9113,0.1237,3
1637,4434,0.7766,1
1637,14921,0.2006,2
1637,11234,0.0228,3
1638,7655,0.2836,1
1638,15835,0.1992,2
1638,15513,0.1966,3
1638,4153,0.1589,4
1638,5588,0.0718,5
1638,2293,0.0496,6
1638,2098,0.0403,7
1639,16080,0.6297,1
1639,15745,0.2482,2
1639,5562,0.1221,3
1640,2375,0.4519,1
1640,6408,0.3466,2
1640,3330,0.1641,3
1640,1770,0.0374,4
1641,6721,0.7983,1
1641,9059,0.128,2
1641,8185,0.0737,3
1642,10325,0.8165,1
1642,8815,0.1395,2
1642,5372,0.044,3
1643,5420,0.5708,1
1643,6388,0.1596,2
1643,8630,0.098,3
1643,9765,0.0744,4
1643,8531,0.0698,5
1643,6682,0.0238,6
1643,3363,0.0035,7
1644,2187,0.3793,1
1644,10388,0.2639,2
1644,4027,0.2116,3
1644,4338,0.1452,4
1645,5902,0.5879,1
1645,4787,0.2541,2
1645,2619,0.1248,3
1645,3800,0.0333,4
1646,16582,0.4215,1
1646,3665,0.2486,2
1646,5718,0.1741,3
1646,11101,0.1557,4
1647,4394,0.66,1
1647,6846,0.1824,2
1647,11288,0.1233,3
1647,6387,0.0343,4
1648,13249,0.6742,1
1648,2436,0.2805,2
1648,12139,0.0453,3
1649,11706,0.4458,1
1649,6395,0.2984,2
1649,4223,0.1177,3
1649,4931,0.1171,4
1649,16149,0.021,5
1650,10720,0.5356,1
1650,10540,0.3341,2
1650,5289,0.1303,3
1651,7613,0.9318,1
1651,8574,0.0436,2
1651,4641,0.0246,3
1652,6535,0.8478,1
1652,15474,0.0657,2
1652,11201,0.0439,3
1652,5537,0.0346,4
1652,4690,0.008,5
1653,1647,0.4296,1
1653,2398,0.4003,2
1653,4410,0.0924,3
1653,10404,0.0384,4
1653,7277,0.03,5
1653,2341,0.0047,6
1653,2537,0.0046,7
1654,4191,0.3461,1
1654,7747,0.2205,2
1654,6404,0.1698,3
1654,4312,0.1317,4
1654,3305,0.1195,5
1654,5769,0.0123,6
1655,4340,0.4514,1
1655,17497,0.2107,2
1655,11263,0.195,3
1655,3053,0.0676,4
1655,8342,0.0554,5
1655,5615,0.0199,6
1656,2262,0.3585,1
1656,9092,0.2732,2
1656,7723,0.1993,3
1656,9823,0.169,4
1657,17560,0.624,1
1657,8153,0.353,2
1657,1923,0.0231,3
1658,8996,0.4768,1
1658,4366,0.2878,2
1658,9169,0.2354,3
1659,10268,0.6682,1
1659,6069,0.1466,2
1659,7434,0.0891,3
1659,3727,0.0567,4
1659,11143,0.0393,5
1660,8012,0.3473,1
1660,9504,0.2935,2
1660,10079,0.255,3
1660,8640,0.0661,4
1660,10192,0.0234,5
1660,10001,0.0147,6
1661,4424,0.3753,1
1661,8576,0.3366,2
1661,7660,0.1356,3
1661,6510,0.1215,4
1661,3630,0.0173,5
1661,10828,0.0133,6
1661,9203,0.0003,7
1662,3370,0.4796,1
1662,4094,0.2121,2
1662,6846,0.1614,3
1662,2487,0.1425,4
1662,7435,0.0043,5
1663,11197,0.4797,1
1663,2009,0.3178,2
1663,3199,0.1185,3
1663,6185,0.0556,4
1663,9970,0.0283,5
1664,7825,0.4787,1
1664,5765,0.1645,2
1664,8196,0.1521,3
1664,13318,0.1178,4
1664,17218,0.0588,5
1664,14986,0.028,6
1665,8659,0.2941,1
1665,7634,0.2675,2
1665,14300,0.1725,3
1665,2607,0.1507,4
1665,15356,0.0931,5
1665,11378,0.0118,6
1665,2778,0.0103,7
1666,5267,0.9817,1
1666,9093,0.0183,2
1667,3558,0.441,1
1667,2520,0.2907,2
1667,10571,0.101,3
1667,3161,0.0817,4
1667,7465,0.0471,5
1667,9652,0.0385,6
1668,5775,0.4681,1
1668,2157,0.3259,2
1668,1996,0.0816,3
1668,15744,0.0577,4
1668,13432,0.0392,5
1668,2524,0.0277,6
1669,14303,0.4062,1
1669,16099,0.1921,2
1669,9489,0.1317,3
1669,8537,0.1185,4
1669,15090,0.1071,5
1669,11338,0.0255,6
1669,7981,0.0189,7
1670,8436,0.4125,1
1670,2742,0.374,2
1670,2553,0.0832,3
1670,4792,0.0763,4
1670,8223,0.0477,5
1670,4916,0.0063,6
1671,9729,0.6634,1
1671,8442,0.2927,2
1671,2260,0.0439,3
1672,3896,0.3669,1
1672,2417,0.3532,2
1672,6084,0.2409,3
1672,8895,0.039,4
1673,3594,0.5983,1
1673,13102,0.2803,2
1673,16728,0.0853,3
1673,3620,0.0361,4
1674,1812,0.4986,1
1674,4506,0.2448,2
1674,11353,0.1029,3
1674,6005,0.0738,4
1674,7174,0.0531,5
1674,3571,0.0267,6
1675,5585,0.7606,1
1675,7218,0.1311,2
1675,16147,0.0654,3
1675,9363,0.0227,4
1675,3379,0.0203,5
1676,2009,0.3123,1
1676,8573,0.2462,2
1676,11096,0.1795,3
1676,9463,0.1356,4
1676,2794,0.1263,5
1677,13129,0.9245,1
1677,3729,0.0755,2
1678,7780,0.4606,1
1678,4146,0.3903,2
1678,8466,0.1021,3
1678,7691,0.0331,4
1678,15441,0.0139,5
1679,4260,0.4619,1
1679,8000,0.3555,2
1679,1864,0.0889,3
1679,15090,0.0654,4
1679,4812,0.0282,5
1680,2637,0.3779,1
1680,9479,0.2719,2
1680,8412,0.245,3
1680,10435,0.1052,4
1681,9213,0.4146,1
1681,5508,0.222,2
1681,6231,0.2119,3
1681,17189,0.0634,4
1681,9153,0.039,5
1681,8579,0.0281,6
1681,5906,0.021,7
1682,15746,0.8078,1
1682,2108,0.0817,2
1682,8238,0.0758,3
1682,11962,0.0329,4
1682,7728,0.0018,5
1683,10215,0.6123,1
1683,11014,0.2292,2
1683,12531,0.0841,3
1683,3228,0.0744,4
1684,2887,0.8927,1
1684,3693,0.0911,2
1684,5611,0.0162,3
1685,10219,0.4667,1
1685,8126,0.3959,2
1685,4005,0.106,3
1685,10192,0.0313,4
1686,5887,0.3451,1
1686,10161,0.267,2
1686,3732,0.1771,3
1686,8946,0.1081,4
1686,10653,0.1027,5
1687,5439,0.3224,1
1687,4424,0.2777,2
1687,8964,0.1883,3
1687,7525,0.1543,4
1687,2658,0.0266,5
1687,8720,0.0232,6
1687,6954,0.0076,7
1688,5345,0.3907,1
1688,3759,0.2617,2
1688,2870,0.235,3
1688,4191,0.1126,4
1689,1637,0.5752,1
1689,1745,0.3392,2
1689,2318,0.0856,3
1690,5045,0.3269,1
1690,3799,0.322,2
1690,3282,0.1883,3
1690,9321,0.1158,4
1690,5222,0.0415,5
1690,2643,0.0055,6
1691,14928,0.5063,1
1691,4919,0.3507,2
1691,14821,0.1197,3
1691,12039,0.0234,4
1692,5998,0.5269,1
1692,10812,0.3108,2
1692,15421,0.1202,3
1692,2472,0.0422,4
1693,3935,0.4521,1
1693,4972,0.3091,2
1693,3263,0.077,3
1693,10145,0.0617,4
1693,2085,0.0449,5
1693,5162,0.0424,6
1693,3694,0.0127,7
1694,14232,0.4957,1
1694,12543,0.2989,2
1694,9410,0.105,3
1694,6741,0.067,4
1694,16946,0.0247,5
1694,8339,0.0087,6
1695,3434,0.7947,1
1695,9039,0.0991,2
1695,6254,0.0557,3
1695,10699,0.0405,4
1695,2791,0.01,5
1696,7862,0.6026,1
1696,11007,0.2176,2
1696,1876,0.1798,3
1697,12303,0.4573,1
1697,3320,0.2353,2
1697,3840,0.217,3
1697,17006,0.071,4
1697,4297,0.0194,5
1698,3105,0.4072,1
1698,9991,0.2278,2
1698,3035,0.1354,3
1698,2568,0.128,4
1698,8950,0.0669,5
1698,10254,0.0347,6
1699,14581,0.3591,1
1699,1876,0.1956,2
1699,17633,0.1854,3
1699,12146,0.1203,4
1699,2314,0.0555,5
1699,11572,0.0421,6
1699,2409,0.0419,7
1700,8353,0.6066,1
1700,10101,0.3408,2
1700,14474,0.0526,3
1701,3283,0.3306,1
1701,6775,0.2657,2
1701,8420,0.2416,3
1701,16854,0.1038,4
1701,2573,0.0322,5
1701,7185,0.0258,6
1701,3704,0.0003,7
1702,4779,0.2755,1
1702,5707,0.2415,2
1702,7653,0.1972,3
1702,8841,0.1575,4
1702,8607,0.1282,5
1703,3606,0.7628,1
1703,3137,0.2323,2
1703,10825,0.0049,3
1704,5511,0.4938,1
1704,2645,0.2383,2
1704,2662,0.2095,3
1704,5910,0.0584,4
1705,14897,0.8558,1
1705,16761,0.1403,2
1705,2747,0.0027,3
1705,2154,0.0013,4
1706,17051,0.8911,1
1706,3090,0.0653,2
1706,14558,0.0436,3
1707,6181,0.7034,1
1707,16347,0.2966,2
1708,10936,0.4163,1
1708,6302,0.2463,2
1708,4753,0.2319,3
1708,6858,0.0984,4
1708,4230,0.0071,5
1709,3644,0.5038,1
1709,2725,0.3215,2
1709,9671,0.1746,3
1710,8081,0.5395,1
1710,5914,0.3672,2
1710,6116,0.0834,3
1710,6942,0.01,4
1711,13820,0.3559,1
1711,12604,0.3347,2
1711,12385,0.1256,3
1711,8346,0.0823,4
1711,16823,0.0446,5
1711,12445,0.0406,6
1711,1712,0.0162,7
1712,16696,0.6995,1
1712,17131,0.2853,2
1712,1681,0.0151,3
1713,10988,0.9368,1
1713,4754,0.0564,2
1713,8523,0.0068,3
1714,5413,0.2886,1
1714,11177,0.2715,2
1714,10139,0.2161,3
1714,12210,0.204,4
1714,7865,0.0198,5
1715,16601,0.483,1
1715,9033,0.2288,2
1715,15362,0.1564,3
1715,17618,0.1158,4
1715,7980,0.016,5
1716,13191,0.5164,1
1716,6101,0.3513,2
1716,13835,0.0677,3
1716,15505,0.0511,4
1716,4304,0.0135,5
1717,11399,0.3079,1
1717,3844,0.2722,2
1717,8732,0.2235,3
1717,11149,0.1491,4
1717,8564,0.0473,5
1718,1674,0.2957,1
1718,7889,0.2773,2
1718,10925,0.2754,3
1718,5623,0.1461,4
1718,2164,0.0056,5
1719,9725,0.4086,1
1719,10567,0.3664,2
1719,8042,0.2249,3
1720,4660,0.5217,1
1720,2044,0.2999,2
1720,1740,0.0863,3
1720,8035,0.0399,4
1720,17312,0.0312,5
1720,15805,0.021,6
1721,5803,0.6206,1
1721,6104,0.207,2
1721,7611,0.1715,3
1721,4368,0.0005,4
1721,1667,0.0004,5
1722,14286,0.7267,1
1722,14393,0.2294,2
1722,4748,0.0439,3
1723,7351,0.569,1
1723,4222,0.3986,2
1723,2085,0.0324,3
1724,9630,0.3801,1
1724,7121,0.2652,2
1724,4891,0.2209,3
1724,10286,0.115,4
1724,13609,0.0189,5
1725,10885,0.7322,1
1725,12733,0.2641,2
1725,9701,0.0037,3
1726,12154,0.405,1
1726,7130,0.3136,2
1726,11865,0.2307,3
1726,10582,0.0306,4
1726,12901,0.0201,5
1727,5243,0.2683,1
1727,8207,0.202,2
1727,1642,0.1573,3
1727,9739,0.1508,4
1727,6878,0.0933,5
1727,6794,0.0849,6
1727,4995,0.0434,7
1728,5371,0.3591,1
1728,4050,0.2124,2
1728,4333,0.2035,3
1728,6175,0.1808,4
1728,7068,0.0443,5
1729,10782,0.3398,1
1729,6871,0.3161,2
1729,6983,0.2368,3
1729,4207,0.1073,4
1730,4864,0.4617,1
1730,4813,0.2768,2
1730,6330,0.1738,3
1730,5981,0.0876,4
1731,6794,0.5001,1
1731,3330,0.1657,2
1731,5904,0.1263,3
1731,3859,0.0753,4
1731,10998,0.0628,5
1731,9599,0.0606,6
1731,2098,0.0093,7
1732,9397,0.5321,1
1732,5487,0.3355,2
1732,7973,0.1324,3
1733,14958,0.4977,1
1733,13134,0.3885,2
1733,2942,0.0562,3
1733,5748,0.0451,4
1733,9835,0.0125,5
1734,3727,0.2639,1
1734,4921,0.2381,2
1734,8204,0.235,3
1734,4326,0.1834,4
1734,2757,0.0797,5
1735,8677,0.2922,1
1735,15225,0.2786,2
1735,12274,0.2661,3
1735,8577,0.1631,4
1736,7296,0.4356,1
1736,5212,0.2609,2
1736,11619,0.166,3
1736,14099,0.1374,4
1737,10835,0.4207,1
1737,15530,0.3059,2
1737,13772,0.1661,3
1737,15428,0.065,4
1737,10447,0.0423,5
1738,15484,0.3998,1
1738,13128,0.3613,2
1738,8619,0.1215,3
1738,9219,0.0959,4
1738,12139,0.0216,5
1739,8570,0.6302,1
1739,4811,0.1325,2
1739,5494,0.1131,3
1739,10276,0.0593,4
1739,9993,0.0328,5
1739,2176,0.0169,6
1739,7360,0.0152,7
1740,16973,0.7179,1
1740,9472,0.1185,2
1740,3474,0.0922,3
1740,2045,0.0711,4
1740,8626,0.0004,5
1741,4131,0.684,1
1741,1880,0.316,2
1742,3705,0.5525,1
1742,3904,0.4265,2
1742,6739,0.021,3
1743,17038,0.4938,1
1743,12771,0.2792,2
1743,2995,0.0913,3
1743,7249,0.0842,4
1743,5405,0.037,5
1743,11505,0.0144,6
1744,2645,0.5986,1
1744,8266,0.187,2
1744,7662,0.123,3
1744,5776,0.0572,4
1744,10314,0.0319,5
1744,4691,0.0023,6
1745,15695,1.0,1
1746,16398,0.8192,1
1746,5250,0.1808,2
1747,5287,0.4259,1
1747,8349,0.2923,2
1747,6828,0.2817,3
1748,5973,0.4916,1
1748,15499,0.4039,2
1748,7369,0.1045,3
1749,15663,0.4914,1
1749,12901,0.3991,2
1749,11226,0.0937,3
1749,13115,0.0158,4
1750,10692,0.3563,1
1750,3728,0.2608,2
1750,11038,0.1946,3
1750,3930,0.1714,4
1750,10520,0.0099,5
1750,3548,0.0071,6
1751,11382,0.5713,1
1751,7734,0.1794,2
1751,7355,0.113,3
1751,2927,0.094,4
1751,6024,0.0272,5
1751,8572,0.0151,6
1752,17279,0.5047,1
1752,14562,0.3036,2
1752,4372,0.1917,3
1753,2289,0.3928,1
1753,16812,0.2498,2
1753,8262,0.1778,3
1753,9798,0.1761,4
1753,13939,0.0034,5
1754,8758,0.6491,1
1754,8012,0.2252,2
1754,6957,0.1007,3
1754,4352,0.0249,4
1755,10591,0.35,1
1755,2411,0.1865,2
1755,2397,0.1823,3
1755,2985,0.164,4
1755,3097,0.0616,5
1755,5685,0.0302,6
1755,7323,0.0254,7
1756,1744,0.2984,1
1756,4956,0.2444,2
1756,4236,0.2315,3
1756,14309,0.1158,4
1756,6200,0.0908,5
1756,16327,0.0191,6
1757,9793,0.7194,1
1757,10201,0.1477,2
1757,2788,0.109,3
1757,2345,0.0239,4
1758,6994,0.8116,1
1758,5188,0.1884,2
1759,7675,0.3353,1
1759,11686,0.2315,2
1759,3435,0.212,3
1759,11604,0.1357,4
1759,13835,0.0618,5
1759,2881,0.0236,6
1760,14713,0.6556,1
1760,16895,0.339,2
1760,4866,0.0054,3
1761,15584,0.5072,1
1761,16054,0.3337,2
1761,9410,0.1322,3
1761,3149,0.0268,4
1762,3875,0.2989,1
1762,9035,0.2973,2
1762,7199,0.2059,3
1762,7005,0.0557,4
1762,11072,0.0487,5
1762,2977,0.0484,6
1762,3363,0.0453,7
1763,10725,0.3927,1
1763,10309,0.2734,2
1763,6138,0.1489,3
1763,3738,0.1095,4
1763,5035,0.0755,5
1764,8146,0.5162,1
1764,2728,0.3341,2
1764,5774,0.1497,3
1765,6048,0.8522,1
1765,11422,0.1208,2
1765,11915,0.0271,3
1766,6320,0.3288,1
1766,7824,0.2059,2
1766,5777,0.1748,3
1766,4217,0.1567,4
1766,9827,0.1323,5
1766,9070,0.0016,6
1767,6509,0.5949,1
1767,3520,0.2314,2
1767,7546,0.1198,3
1767,4023,0.0539,4
1768,7851,0.3117,1
1768,17472,0.1898,2
1768,14440,0.1539,3
1768,8743,0.1493,4
1768,7862,0.1467,5
1768,12378,0.0485,6
1769,13689,0.3275,1
1769,10038,0.3014,2
1769,4193,0.1705,3
1769,9634,0.0897,4
1769,7773,0.0768,5
1769,5075,0.034,6
1770,4874,0.4444,1
1770,4686,0.3338,2
1770,3644,0.2219,3
1771,11121,0.8222,1
1771,4692,0.1777,2
1771,10973,0.0001,3
1772,3178,0.4813,1
1772,1959,0.3858,2
1772,6823,0.0524,3
1772,2572,0.0406,4
1772,3506,0.0399,5
1773,10058,0.509,1
1773,8494,0.2954,2
1773,16658,0.0793,3
1773,8913,0.0617,4
1773,8780,0.0319,5
1773,13660,0.0121,6
1773,8912,0.0106,7
1774,3352,0.491,1
1774,9843,0.4789,2
1774,8687,0.0302,3
1775,7102,0.2501,1
1775,13920,0.219,2
1775,3876,0.1782,3
1775,6914,0.1408,4
1775,7575,0.1322,5
1775,17478,0.0581,6
1775,3017,0.0216,7
1776,5291,0.2732,1
1776,5146,0.2586,2
1776,6939,0.246,3
1776,7315,0.1119,4
1776,2868,0.0919,5
1776,17454,0.0156,6
1776,6775,0.0028,7
1777,1816,0.3667,1
1777,5853,0.2732,2
1777,13338,0.2088,3
1777,4174,0.0574,4
1777,7032,0.0533,5
1777,9035,0.0405,6
1778,10814,0.8417,1
1778,12905,0.1583,2
1779,10626,0.8228,1
1779,2238,0.1689,2
1779,4360,0.0058,3
1779,15185,0.0025,4
1780,10727,0.5512,1
1780,7095,0.3149,2
1780,7233,0.1338,3
1781,16293,0.4117,1
1781,11036,0.3232,2
1781,15820,0.2325,3
1781,2481,0.0326,4
1782,2613,0.8274,1
1782,4608,0.1705,2
1782,2232,0.0021,3
1783,6676,0.3304,1
1783,9767,0.2616,2
1783,6132,0.1051,3
1783,16805,0.1009,4
1783,3271,0.0863,5
1783,14191,0.0673,6
1783,9753,0.0484,7
1784,3406,0.5256,1
1784,6523,0.3539,2
1784,6465,0.0901,3
1784,11002,0.0303,4
1785,2453,0.6437,1
1785,13859,0.2425,2
1785,17483,0.1139,3
1786,11328,0.709,1
1786,2816,0.205,2
1786,15976,0.086,3
1787,16655,0.4168,1
1787,5239,0.2014,2
1787,3837,0.1803,3
1787,5343,0.0855,4
1787,6277,0.0719,5
1787,9470,0.044,6
1788,14157,0.3427,1
1788,9680,0.3393,2
1788,6438,0.2436,3
1788,15567,0.0745,4
1789,7209,0.4196,1
1789,7906,0.3142,2
1789,10357,0.125,3
1789,9840,0.1122,4
1789,9305,0.0291,5
1790,6436,0.6975,1
1790,5953,0.2245,2
1790,4620,0.078,3
1791,3872,0.629,1
1791,11621,0.3188,2
1791,6559,0.0523,3
1792,4063,0.6985,1
1792,5566,0.1648,2
1792,11296,0.136,3
1792,5418,0.0008,4
1793,10906,0.5387,1
1793,9158,0.258,2
1793,1985,0.1232,3
1793,4635,0.061,4
1793,2182,0.0183,5
1793,7252,0.0008,6
1794,2307,0.4524,1
1794,10511,0.2333,2
1794,8063,0.173,3
1794,6787,0.1413,4
1795,3976,0.5249,1
1795,9152,0.4751,2
1796,5150,0.4601,1
1796,8391,0.2589,2
1796,5484,0.2114,3
1796,2429,0.0696,4
1797,6510,1.0,1
1798,6894,0.4715,1
1798,13416,0.2293,2
1798,15995,0.156,3
1798,9367,0.1431,4
1799,7448,0.549,1
1799,5444,0.3582,2
1799,1751,0.0605,3
1799,7713,0.0323,4
1800,3261,0.3382,1
1800,6892,0.2866,2
1800,2414,0.2818,3
1800,9689,0.0766,4
1800,7320,0.0136,5
1800,4925,0.0032,6
1801,3614,0.6374,1
1801,5376,0.3497,2
1801,10068,0.013,3
1802,4154,0.2992,1
1802,4153,0.2543,2
1802,8764,0.1611,3
1802,5921,0.1376,4
1802,3947,0.1138,5
1802,9427,0.034,6
1803,10560,0.2722,1
1803,4725,0.2594,2
1803,5607,0.218,3
1803,2580,0.1709,4
1803,7334,0.0794,5
1804,2994,0.4316,1
1804,9259,0.2746,2
1804,8039,0.1216,3
1804,12481,0.1012,4
1804,11161,0.0711,5
1805,2972,0.5507,1
1805,14471,0.2188,2
1805,12661,0.1493,3
1805,10601,0.0813,4
1806,13956,0.3775,1
1806,2536,0.2769,2
1806,17426,0.1502,3
1806,1833,0.141,4
1806,14087,0.0369,5
1806,7773,0.017,6
1806,16214,0.0006,7
1807,7161,0.2852,1
1807,4233,0.2799,2
1807,8650,0.2353,3
1807,9811,0.0792,4
1807,10004,0.0755,5
1807,7548,0.0448,6
1808,2646,0.6209,1
1808,3130,0.2209,2
1808,2231,0.0988,3
1808,4370,0.0504,4
1808,10125,0.009,5
1809,11505,0.4832,1
1809,7017,0.4008,2
1809,12195,0.0614,3
1809,15085,0.0546,4
1810,6819,0.4391,1
1810,7792,0.2187,2
1810,8639,0.1978,3
1810,8214,0.0979,4
1810,7469,0.0465,5
1811,8626,0.3815,1
1811,7739,0.3568,2
1811,12792,0.185,3
1811,15601,0.0767,4
1812,7025,0.2859,1
1812,10301,0.2615,2
1812,9031,0.2316,3
1812,9327,0.1564,4
1812,6448,0.0329,5
1812,3854,0.0317,6
1813,4807,0.5876,1
1813,2007,0.3653,2
1813,11172,0.0471,3
1814,8264,0.4052,1
1814,10886,0.3914,2
1814,10017,0.0952,3
1814,9402,0.0649,4
1814,5955,0.0239,5
1814,7975,0.0192,6
1815,10323,0.3536,1
1815,9987,0.249,2
1815,9117,0.1728,3
1815,5421,0.1534,4
1815,6342,0.0712,5
1816,9104,0.5222,1
1816,8289,0.4778,2
1817,16476,0.4249,1
1817,2481,0.2,2
1817,6255,0.1558,3
1817,17388,0.1112,4
1817,15807,0.0601,5
1817,6364,0.0473,6
1817,8265,0.0007,7
1818,10087,0.4184,1
1818,10305,0.387,2
1818,7527,0.1177,3
1818,5126,0.0599,4
1818,4029,0.0169,5
1819,2342,1.0,1
1820,6717,0.5071,1
1820,10087,0.1985,2
1820,5888,0.1852,3
1820,1760,0.1091,4
1821,5959,1.0,1
1822,14643,0.4874,1
1822,2982,0.1837,2
1822,8615,0.1626,3
1822,4603,0.1297,4
1822,6329,0.0366,5
1823,6553,0.3256,1
1823,4883,0.2436,2
1823,3103,0.2395,3
1823,4428,0.122,4
1823,2995,0.0693,5
1824,2231,0.5252,1
1824,14805,0.1895,2
1824,7596,0.11,3
1824,13671,0.0711,4
1824,4145,0.053,5
1824,2356,0.0511,6
1825,10752,0.5992,1
1825,3687,0.3041,2
1825,7561,0.0686,3
1825,2615,0.0201,4
1825,3094,0.0077,5
1825,10330,0.0004,6
1826,7355,0.2881,1
1826,2735,0.2722,2
1826,4014,0.233,3
1826,2852,0.0858,4
1826,2312,0.0489,5
1826,4766,0.0447,6
1826,16160,0.0273,7
1827,14928,0.5807,1
1827,1873,0.1484,2
1827,1730,0.1403,3
1827,17141,0.0593,4
1827,5045,0.0477,5
1827,4888,0.0236,6
1828,3884,0.5768,1
1828,3075,0.3401,2
1828,8329,0.0599,3
1828,15390,0.0232,4
1829,6526,0.447,1
1829,2539,0.3413,2
1829,3100,0.1269,3
1829,15967,0.0555,4
1829,7196,0.0293,5
1829,17540,0.0001,6
1830,5763,0.2754,1
1830,3086,0.2475,2
1830,5894,0.2037,3
1830,12245,0.1678,4
1830,12574,0.054,5
1830,9904,0.0351,6
1830,17610,0.0165,7
1831,10248,0.6636,1
1831,10514,0.2096,2
1831,9536,0.1268,3
1832,14593,0.5339,1
1832,10554,0.4229,2
1832,6864,0.0268,3
1832,4546,0.0164,4
1833,1992,0.2868,1
1833,8780,0.2491,2
1833,11413,0.2378,3
1833,10569,0.1132,4
1833,3215,0.0567,5
1833,11539,0.0393,6
1833,13069,0.0171,7
1834,10741,0.583,1
1834,3825,0.1873,2
1834,8897,0.0694,3
1834,7982,0.0623,4
1834,7774,0.0504,5
1834,7413,0.032,6
1834,4339,0.0156,7
1835,8160,0.6832,1
1835,3051,0.2428,2
1835,8829,0.0741,3
1836,9282,0.4278,1
1836,5356,0.3042,2
1836,7536,0.268,3
1837,8558,0.4237,1
1837,3126,0.1847,2
1837,8301,0.1351,3
1837,2078,0.1145,4
1837,1655,0.0633,5
1837,8044,0.0563,6
1837,5694,0.0223,7
1838,10768,0.5205,1
1838,8440,0.2126,2
1838,8414,0.1993,3
1838,8256,0.0448,4
1838,3738,0.0229,5
1839,6308,0.4534,1
1839,5867,0.2885,2
1839,6512,0.127,3
1839,8177,0.0765,4
1839,5782,0.046,5
1839,4373,0.0087,6
1840,9469,0.6146,1
1840,8058,0.2288,2
1840,3341,0.1565,3
1841,10305,0.5064,1
1841,6348,0.2723,2
1841,6079,0.1021,3
1841,4687,0.0758,4
1841,10725,0.037,5
1841,3646,0.0064,6
1842,10966,0.9073,1
1842,10496,0.0861,2
1842,4747,0.0066,3
1843,3925,0.3973,1
1843,14593,0.3562,2
1843,7495,0.1635,3
1843,9178,0.0571,4
1843,1911,0.0258,5
1844,10632,0.3057,1
1844,9165,0.2771,2
1844,2342,0.1483,3
1844,6989,0.1352,4
1844,7956,0.1337,5
1845,6517,0.3085,1
1845,11895,0.2635,2
1845,5567,0.2589,3
1845,16602,0.088,4
1845,7656,0.0661,5
1845,14177,0.015,6
1846,3462,0.494,1
1846,7308,0.2478,2
1846,5613,0.1309,3
1846,8192,0.0904,4
1846,9374,0.0199,5
1846,8390,0.0106,6
1846,4715,0.0064,7
1847,9042,0.8822,1
1847,4158,0.1178,2
1848,9165,0.3799,1
1848,9641,0.3254,2
1848,5464,0.1742,3
1848,5839,0.0855,4
1848,5734,0.0349,5
1849,8487,0.5651,1
1849,8749,0.14,2
1849,5031,0.1316,3
1849,2303,0.0952,4
1849,7666,0.0667,5
1849,8538,0.0014,6
1850,1798,0.3223,1
1850,8978,0.2846,2
1850,2153,0.1948,3
1850,3703,0.1316,4
1850,6388,0.0666,5
1851,3658,0.5732,1
1851,3844,0.1406,2
1851,7731,0.1122,3
1851,10537,0.1032,4
1851,4625,0.0709,5
1852,4228,0.2999,1
1852,1905,0.2511,2
1852,2867,0.2029,3
1852,11686,0.1697,4
1852,2925,0.0333,5
1852,4527,0.0318,6
1852,4063,0.0112,7
1853,17135,0.4115,1
1853,2049,0.3149,2
1853,17400,0.2447,3
1853,13201,0.0289,4
1854,3130,0.3106,1
1854,5212,0.2149,2
1854,15983,0.1731,3
1854,1828,0.1393,4
1854,12536,0.1304,5
1854,11317,0.0317,6
1855,17554,0.7939,1
1855,4711,0.1256,2
1855,6157,0.0574,3
1855,7758,0.0151,4
1855,14324,0.008,5
1856,4149,0.8473,1
1856,9686,0.0983,2
1856,2613,0.0544,3
1857,4746,0.4077,1
1857,2286,0.2885,2
1857,1802,0.2138,3
1857,6528,0.09,4
1858,1640,0.5379,1
1858,9202,0.1916,2
1858,4140,0.1452,3
1858,5546,0.0663,4
1858,4279,0.0465,5
1858,5868,0.0103,6
1858,3785,0.0023,7
1859,6886,0.3407,1
1859,2769,0.239,2
1859,12613,0.1872,3
1859,8499,0.1078,4
1859,8317,0.0642,5
1859,9554,0.0611,6
1860,10627,0.6281,1
1860,15871,0.198,2
1860,6268,0.0854,3
1860,14594,0.0636,4
1860,3921,0.0133,5
1860,15104,0.0074,6
1860,11936,0.0042,7
1861,6447,0.3968,1
1861,9522,0.2386,2
1861,7906,0.1403,3
1861,2299,0.1357,4
1861,3420,0.0825,5
1861,10192,0.006,6
1862,17277,0.4607,1
1862,13940,0.2072,2
1862,16860,0.2065,3
1862,8325,0.0759,4
1862,3938,0.0497,5
1863,6867,0.3413,1
1863,6904,0.1737,2
1863,9444,0.1648,3
1863,8566,0.1438,4
1863,4057,0.1241,5
1863,11044,0.0523,6
1864,7080,0.6495,1
1864,7435,0.1804,2
1864,1809,0.1408,3
1864,5048,0.0293,4
1865,10816,1.0,1
1866,7668,0.8932,1
1866,5755,0.077,2
1866,8524,0.0298,3
1867,8797,0.5409,1
1867,5197,0.2781,2
1867,3462,0.1155,3
1867,10703,0.0655,4
1868,7954,0.3625,1
1868,7487,0.2957,2
1868,9304,0.2,3
1868,6187,0.0828,4
1868,11186,0.048,5
1868,9975,0.0062,6
1868,10692,0.0049,7
1869,2134,0.5978,1
1869,11035,0.3413,2
1869,11021,0.0609,3
1870,9753,0.5493,1
1870,5473,0.4423,2
1870,3097,0.0084,3
1871,13270,0.4725,1
1871,5772,0.2792,2
1871,9114,0.1348,3
1871,5084,0.0747,4
1871,4409,0.0221,5
1871,10459,0.0124,6
1871,7697,0.0042,7
1872,3103,0.8796,1
1872,16327,0.1172,2
1872,3865,0.0032,3
1873,10057,0.7167,1
1873,3938,0.1668,2
1873,9112,0.1165,3
1874,16165,0.4,1
1874,9465,0.1785,2
1874,4535,0.146,3
1874,14433,0.1416,4
1874,12600,0.1339,5
1875,9380,0.8815,1
1875,7993,0.1159,2
1875,5598,0.0026,3
1876,6996,0.8411,1
1876,9012,0.0787,2
1876,11549,0.0783,3
1876,6388,0.0019,4
1877,4117,0.294,1
1877,8102,0.218,2
1877,10466,0.1486,3
1877,8525,0.1474,4
1877,10570,0.1358,5
1877,7482,0.0463,6
1877,7576,0.01,7
1878,9517,1.0,1
1879,2071,0.7251,1
1879,12733,0.1058,2
1879,7474,0.0932,3
1879,17239,0.0759,4
1880,2141,0.2695,1
1880,3057,0.2157,2
1880,4686,0.2006,3
1880,5149,0.152,4
1880,9440,0.1199,5
1880,3064,0.0358,6
1880,1764,0.0064,7
1881,4411,0.7467,1
1881,1969,0.1869,2
1881,5248,0.0403,3
1881,8445,0.026,4
1882,7452,0.6488,1
1882,12084,0.3512,2
1883,11321,0.5995,1
1883,6437,0.3723,2
1883,6754,0.0282,3
1884,7175,0.5157,1
1884,2499,0.2386,2
1884,4514,0.2202,3
1884,2098,0.0254,4
1885,1818,1.0,1
1886,10472,0.6336,1
1886,11060,0.1573,2
1886,14950,0.1074,3
1886,14347,0.0564,4
1886,13701,0.0391,5
1886,10473,0.0061,6
1887,16648,0.6012,1
1887,11702,0.3426,2
1887,12094,0.0562,3
1888,3271,0.3558,1
1888,2104,0.2401,2
1888,4549,0.2397,3
1888,3791,0.0827,4
1888,4860,0.0812,5
1888,2179,0.0006,6
1889,10209,0.3595,1
1889,9715,0.2785,2
1889,3635,0.1815,3
1889,6436,0.1075,4
1889,9357,0.0383,5
1889,11054,0.0347,6
1890,2990,0.7492,1
1890,6552,0.2281,2
1890,3163,0.0227,3
1891,5068,0.3428,1
1891,3539,0.296,2
1891,11180,0.2688,3
1891,11200,0.0882,4
1891,10523,0.0041,5
1892,6264,0.464,1
1892,10338,0.4606,2
1892,10794,0.0754,3
1893,2864,0.6151,1
1893,8136,0.2508,2
1893,5837,0.0709,3
1893,5695,0.0631,4
1893,14313,0.0001,5
1894,9779,0.4332,1
1894,2522,0.2586,2
1894,5522,0.2052,3
1894,6189,0.0791,4
1894,2398,0.023,5
1894,7523,0.0009,6
1895,2501,0.5733,1
1895,12639,0.2344,2
1895,14063,0.1923,3
1896,9474,0.3899,1
1896,2544,0.2963,2
1896,2362,0.1898,3
1896,7741,0.1176,4
1896,8908,0.0063,5
1897,10590,0.6906,1
1897,9779,0.2051,2
1897,5810,0.1043,3
1898,12883,0.438,1
1898,2450,0.3894,2
1898,4926,0.0873,3
1898,16525,0.0853,4
1899,10486,0.6244,1
1899,3498,0.1598,2
1899,4373,0.1015,3
1899,8746,0.0881,4
1899,11367,0.0263,5
1900,4443,0.5321,1
1900,11318,0.2711,2
1900,8540,0.1968,3
1901,2262,0.5984,1
1901,11276,0.2773,2
1901,1767,0.0852,3
1901,1859,0.0391,4
1902,1759,0.4505,1
1902,7447,0.2158,2
1902,2034,0.1486,3
1902,8025,0.1033,4
1902,10984,0.0818,5
1903,16643,0.4374,1
1903,2788,0.263,2
1903,2109,0.2309,3
1903,4026,0.0687,4
1904,8251,0.3164,1
1904,13338,0.2758,2
1904,17363,0.1721,3
1904,9317,0.1472,4
1904,6516,0.0614,5
1904,5585,0.0271,6
1905,7663,0.391,1
1905,9093,0.3715,2
1905,10442,0.2056,3
1905,8592,0.026,4
1905,8646,0.0059,5
1906,6581,0.8132,1
1906,10003,0.1695,2
1906,4006,0.0173,3
1907,3139,0.6065,1
1907,3632,0.2052,2
1907,10157,0.1883,3
1908,15075,0.3468,1
1908,3743,0.3134,2
1908,8482,0.2501,3
1908,2451,0.0896,4
1909,9745,0.3894,1
1909,13352,0.366,2
1909,10639,0.1047,3
1909,7862,0.081,4
1909,2480,0.0572,5
1909,7504,0.0017,6
1910,10349,0.4385,1
1910,6287,0.2558,2
1910,4181,0.2067,3
1910,2905,0.099,4
1911,15834,0.475,1
1911,13987,0.2318,2
1911,4136,0.2296,3
1911,12340,0.0636,4
1912,4708,1.0,1
1913,10752,0.4349,1
1913,8408,0.1498,2
1913,6766,0.1258,3
1913,9656,0.109,4
1913,5869,0.0948,5
1913,7269,0.0772,6
1913,8774,0.0085,7
1914,8839,0.7875,1
1914,4069,0.2055,2
1914,5868,0.007,3
1915,3763,0.3065,1
1915,10916,0.291,2
1915,7799,0.1693,3
1915,3914,0.1096,4
1915,4404,0.0905,5
1915,7519,0.027,6
1915,1767,0.0061,7
1916,17042,0.3856,1
1916,4576,0.1897,2
1916,9940,0.1303,3
1916,14140,0.1248,4
1916,1680,0.0891,5
1916,14484,0.0704,6
1916,2480,0.0102,7
1917,8888,0.5522,1
1917,11190,0.2235,2
1917,1827,0.137,3
1917,10528,0.0873,4
1918,4651,0.4439,1
1918,9391,0.2961,2
1918,8315,0.1132,3
1918,1799,0.0896,4
1918,4735,0.0404,5
1918,8704,0.0096,6
1918,10810,0.0071,7
1919,10486,0.4143,1
1919,10358,0.3372,2
1919,8032,0.2452,3
1919,11203,0.0033,4
1920,9435,0.5755,1
1920,2164,0.2608,2
1920,9340,0.1446,3
1920,3897,0.0191,4
1921,9826,0.3112,1
1921,15807,0.253,2
1921,16636,0.2321,3
1921,6665,0.0977,4
1921,16087,0.0622,5
1921,10295,0.0386,6
1921,16006,0.0052,7
1922,7945,0.4508,1
1922,10909,0.3811,2
1922,2662,0.1187,3
1922,9065,0.0494,4
1923,5088,0.3764,1
1923,7605,0.3611,2
1923,6962,0.2625,3
1924,9109,0.5959,1
1924,6586,0.1173,2
1924,4841,0.104,3
1924,9295,0.1027,4
1924,9892,0.0801,5
1925,5197,0.2962,1
1925,11884,0.277,2
1925,5866,0.2049,3
1925,4651,0.1813,4
1925,5246,0.0406,5
1926,6945,0.3413,1
1926,2261,0.2037,2
1926,8507,0.1999,3
1926,9393,0.1508,4
1926,2204,0.0837,5
1926,1979,0.0205,6
1927,8780,0.4252,1
1927,10542,0.4006,2
1927,9468,0.1742,3
1928,4355,0.3759,1
1928,2746,0.3163,2
1928,10756,0.2062,3
1928,7679,0.0406,4
1928,3903,0.0366,5
1928,8259,0.0244,6
1929,4283,0.472,1
1929,6644,0.3202,2
1929,3040,0.1288,3
1929,3911,0.0595,4
1929,2059,0.0194,5
1930,4637,0.4835,1
1930,5187,0.2053,2
1930,5313,0.1275,3
1930,4652,0.0733,4
1930,7358,0.0593,5
1930,3164,0.0288,6
1930,4169,0.0222,7
1931,10727,0.5986,1
1931,6484,0.3002,2
1931,3812,0.0879,3
1931,3386,0.0132,4
1932,11755,0.7637,1
1932,7247,0.1405,2
1932,7262,0.0513,3
1932,7423,0.0445,4
1933,2554,0.5903,1
1933,4784,0.3428,2
1933,8914,0.052,3
1933,3096,0.0149,4
1934,12533,0.661,1
1934,13965,0.1999,2
1934,9272,0.1177,3
1934,15211,0.0215,4
1935,10717,0.6508,1
1935,11190,0.2256,2
1935,13414,0.098,3
1935,14150,0.0256,4
1936,8357,0.7418,1
1936,7589,0.1661,2
1936,8048,0.0373,3
1936,6554,0.0346,4
1936,8079,0.0201,5
1937,12637,1.0,1
1938,8919,0.4658,1
1938,9091,0.336,2
1938,2920,0.1061,3
1938,5563,0.092,4
1939,7123,0.3742,1
1939,5507,0.3159,2
1939,4557,0.2462,3
1939,9132,0.045,4
1939,3271,0.0151,5
1939,8283,0.0036,6
1940,8701,1.0,1
1941,15746,0.5207,1
1941,15056,0.2936,2
1941,11296,0.1515,3
1941,14157,0.0174,4
1941,11829,0.0168,5
1942,7257,0.4179,1
1942,4449,0.3215,2
1942,5831,0.2241,3
1942,16402,0.0364,4
1943,7949,1.0,1
1944,6814,0.6944,1
1944,6784,0.1644,2
1944,12401,0.1104,3
1944,16241,0.0308,4
1945,7121,0.7067,1
1945,7636,0.2438,2
1945,16602,0.0495,3
1946,7026,0.2699,1
1946,8984,0.1559,2
1946,10879,0.1508,3
1946,6353,0.1505,4
1946,3531,0.1098,5
1946,5020,0.0836,6
1946,4903,0.0795,7
1947,16416,0.5465,1
1947,15173,0.3374,2
1947,8100,0.116,3
1948,8358,0.2795,1
1948,6657,0.2455,2
1948,4224,0.195,3
1948,4688,0.1252,4
1948,9378,0.1119,5
1948,9134,0.0428,6
1949,6516,0.4271,1
1949,15714,0.2699,2
1949,17524,0.189,3
1949,9166,0.0601,4
1949,3394,0.0442,5
1949,8353,0.0097,6
1950,15564,0.4614,1
1950,15980,0.2939,2
1950,15628,0.156,3
1950,16145,0.0529,4
1950,5649,0.0355,5
1950,2621,0.0001,6
1950,14942,0.0,7
1951,5901,0.7165,1
1951,8084,0.1295,2
1951,9369,0.0671,3
1951,4549,0.037,4
1951,9633,0.029,5
1951,10127,0.0209,6
1952,15273,1.0,1
1953,17069,0.7528,1
1953,16827,0.1841,2
1953,11230,0.0631,3
1954,3223,0.6979,1
1954,7663,0.1199,2
1954,6380,0.1138,3
1954,4555,0.037,4
1954,10693,0.0241,5
1954,2326,0.0074,6
1955,9985,0.4234,1
1955,16110,0.3943,2
1955,4739,0.1137,3
1955,6242,0.0509,4
1955,15695,0.0177,5
1956,6537,0.55,1
1956,7124,0.2859,2
1956,2603,0.1628,3
1956,7715,0.0013,4
1957,12133,0.4735,1
1957,7661,0.2766,2
1957,2719,0.1283,3
1957,17536,0.118,4
1957,14264,0.0036,5
1958,5728,0.7772,1
1958,6786,0.098,2
1958,8123,0.069,3
1958,8572,0.0484,4
1958,5995,0.0075,5
1959,8487,0.281,1
1959,15360,0.2723,2
1959,2344,0.233,3
1959,11576,0.1989,4
1959,16973,0.0148,5
1960,3846,0.5331,1
1960,9123,0.228,2
1960,5745,0.2234,3
1960,9120,0.0155,4
1961,8687,0.458,1
1961,7229,0.2351,2
1961,10782,0.1936,3
1961,9849,0.1133,4
1962,10375,0.455,1
1962,11190,0.2598,2
1962,12175,0.1343,3
1962,9968,0.0879,4
1962,3916,0.0629,5
1963,1651,0.3221,1
1963,2461,0.3099,2
1963,3468,0.231,3
1963,10348,0.0853,4
1963,6485,0.0517,5
1964,5276,0.7902,1
1964,1736,0.1996,2
1964,2052,0.0102,3
1965,6558,0.8678,1
1965,12488,0.1162,2
1965,14958,0.016,3
1966,9261,0.523,1
1966,9314,0.4242,2
1966,6671,0.0528,3
1967,10880,0.563,1
1967,10990,0.3248,2
1967,6464,0.1122,3
1968,1904,0.4455,1
1968,7953,0.2947,2
1968,8302,0.2097,3
1968,9624,0.0501,4
1969,14734,0.8053,1
1969,15427,0.1435,2
1969,8407,0.0512,3
1970,17249,0.736,1
1970,5027,0.187,2
1970,7739,0.077,3
1971,3033,0.7649,1
1971,8489,0.1662,2
1971,13159,0.0645,3
1971,5747,0.0044,4
1972,12155,0.7142,1
1972,9652,0.1299,2
1972,6483,0.0734,3
1972,6329,0.0497,4
1972,16479,0.0321,5
1972,9550,0.0007,6
1973,10123,0.3761,1
1973,12340,0.2894,2
1973,12104,0.2848,3
1973,14382,0.035,4
1973,16316,0.0143,5
1973,3838,0.0003,6
1974,4594,0.3463,1
1974,3415,0.2841,2
1974,8736,0.1685,3
1974,8636,0.1248,4
1974,9270,0.0608,5
1974,9474,0.0156,6
1975,5627,0.6774,1
1975,3546,0.1044,2
1975,8656,0.0987,3
1975,7387,0.0436,4
1975,7676,0.0388,5
1975,7753,0.037,6
1976,10960,0.3264,1
1976,10892,0.3134,2
1976,12686,0.2084,3
1976,3821,0.0562,4
1976,2736,0.0539,5
1976,12609,0.0346,6
1976,9794,0.0071,7
1977,1685,0.4376,1
1977,2733,0.3025,2
1977,4287,0.1659,3
1977,9025,0.0618,4
1977,2160,0.0322,5
1978,4211,0.5895,1
1978,1820,0.2185,2
1978,3453,0.1665,3
1978,7859,0.0255,4
1979,4955,0.5501,1
1979,7031,0.319,2
1979,8026,0.0793,3
1979,3439,0.0451,4
1979,9879,0.0052,5
1979,1866,0.0014,6
1980,13082,0.9274,1
1980,12401,0.0726,2
1981,5631,0.6634,1
1981,7008,0.292,2
1981,9773,0.0446,3
1982,2347,0.7882,1
1982,8953,0.1027,2
1982,5359,0.1003,3
1982,3396,0.0067,4
1982,6410,0.0021,5
1983,5627,0.6026,1
1983,8090,0.2082,2
1983,2639,0.1381,3
1983,8937,0.0501,4
1983,5559,0.001,5
1984,13016,0.2922,1
1984,6452,0.2889,2
1984,4457,0.2653,3
1984,2140,0.1536,4
1985,5421,0.5166,1
1985,8059,0.4158,2
1985,11264,0.0676,3
1986,2178,0.4207,1
1986,9163,0.3047,2
1986,14561,0.109,3
1986,11298,0.0629,4
1986,8744,0.0539,5
1986,9079,0.0489,6
1987,7229,0.354,1
1987,10122,0.3454,2
1987,8223,0.2839,3
1987,2414,0.0105,4
1987,3990,0.0062,5
1988,17414,0.4181,1
1988,16528,0.3689,2
1988,15155,0.085,3
1988,4088,0.0792,4
1988,9275,0.0462,5
1988,12544,0.0027,6
1989,14352,0.2842,1
1989,3647,0.259,2
1989,4791,0.2057,3
1989,3341,0.1341,4
1989,5749,0.0966,5
1989,6654,0.0203,6
1990,2886,0.5318,1
1990,10435,0.303,2
1990,12615,0.1105,3
1990,4877,0.0547,4
1991,13866,0.401,1
1991,13764,0.2958,2
1991,11138,0.1256,3
1991,16509,0.0924,4
1991,7931,0.0578,5
1991,14989,0.0273,6
1992,5917,0.2678,1
1992,4947,0.2523,2
1992,10699,0.1792,3
1992,1821,0.1451,4
1992,5556,0.1435,5
1992,4285,0.0122,6
1993,2720,0.3721,1
1993,3910,0.2731,2
1993,10942,0.1373,3
1993,8854,0.111,4
1993,10582,0.0811,5
1993,10567,0.0254,6
1994,7573,0.4803,1
1994,4426,0.1552,2
1994,7815,0.1448,3
1994,9451,0.1125,4
1994,6949,0.1072,5
1995,13206,0.5297,1
1995,10289,0.2202,2
1995,3761,0.1851,3
1995,17461,0.0633,4
1995,15799,0.0017,5
1996,3702,0.4654,1
1996,2151,0.3683,2
1996,9895,0.1663,3
1997,4087,0.4563,1
1997,8907,0.1257,2
1997,4927,0.1132,3
1997,2957,0.1041,4
1997,8188,0.0909,5
1997,1658,0.0587,6
1997,5892,0.0511,7
1998,9717,0.5331,1
1998,7840,0.2725,2
1998,6819,0.1769,3
1998,1926,0.0174,4
1999,2372,1.0,1
2000,10908,0.5093,1
2000,4493,0.2035,2
2000,8476,0.1711,3
2000,3431,0.0755,4
2000,11267,0.0406,5
2001,8484,1.0,1
2002,5244,0.4915,1
2002,2755,0.2743,2
2002,5499,0.2342,3
2003,2030,0.4263,1
2003,9428,0.3754,2
2003,9416,0.0841,3
2003,15750,0.0693,4
2003,11960,0.0449,5
2004,7278,0.4822,1
2004,4254,0.2681,2
2004,3028,0.1885,3
2004,9541,0.0458,4
2004,5192,0.0154,5
2005,7032,0.3201,1
2005,2325,0.318,2
2005,9223,0.2094,3
2005,6587,0.078,4
2005,3236,0.0607,5
2005,5683,0.0137,6
2006,7182,0.2951,1
2006,2598,0.2319,2
2006,4453,0.1968,3
2006,4009,0.1743,4
2006,7325,0.0749,5
2006,4915,0.027,6
2007,14050,0.9142,1
2007,3182,0.0512,2
2007,14485,0.021,3
2007,10072,0.013,4
2007,8047,0.0006,5
2008,6166,0.6124,1
2008,2399,0.2393,2
2008,3437,0.1451,3
2008,3690,0.0032,4
2009,10261,0.4193,1
2009,10813,0.2521,2
2009,10650,0.2136,3
2009,4303,0.115,4
2010,9808,0.5454,1
2010,10504,0.4546,2
2011,7362,0.4931,1
2011,7904,0.4276,2
2011,7441,0.0794,3
2012,4068,0.4388,1
2012,3444,0.3297,2
2012,3783,0.15,3
2012,5268,0.0815,4
2013,8704,0.4157,1
2013,2178,0.3767,2
2013,9087,0.2048,3
2013,7087,0.0028,4
2014,10824,0.4421,1
2014,5067,0.3534,2
2014,7576,0.1301,3
2014,10363,0.0423,4
2014,11383,0.032,5
2015,7111,0.6292,1
2015,10640,0.2475,2
2015,2153,0.1002,3
2015,3936,0.0165,4
2015,6894,0.0066,5
2016,6441,0.3811,1
2016,5624,0.3191,2
2016,4170,0.1182,3
2016,8344,0.0705,4
2016,8461,0.0556,5
2016,10335,0.054,6
2016,5342,0.0016,7
2017,13129,0.6009,1
2017,10390,0.2311,2
2017,6546,0.168,3
2018,4738,1.0,1
2019,7457,0.2961,1
2019,8453,0.2532,2
2019,11046,0.1269,3
2019,8875,0.1235,4
2019,11258,0.1231,5
2019,2309,0.064,6
2019,10713,0.0132,7
2020,1980,0.7764,1
2020,5472,0.2236,2
2021,6228,0.356,1
2021,4155,0.2641,2
2021,3992,0.2605,3
2021,3186,0.1194,4
2022,8736,0.7291,1
2022,2811,0.2084,2
2022,8044,0.0616,3
2022,8512,0.0009,4
2023,5547,1.0,1
2024,12637,0.3339,1
2024,10514,0.1999,2
2024,13016,0.1704,3
2024,13658,0.1433,4
2024,14867,0.1353,5
2024,16245,0.0171,6
2025,4395,0.6909,1
2025,5879,0.0927,2
2025,7713,0.0896,3
2025,5910,0.0525,4
2025,8321,0.0322,5
2025,5705,0.0231,6
2025,7069,0.019,7
2026,10043,0.3919,1
2026,3791,0.3737,2
2026,15049,0.1755,3
2026,11482,0.0325,4
2026,14389,0.0242,5
2026,11296,0.0022,6
2027,4121,0.7169,1
2027,9177,0.1877,2
2027,4170,0.0954,3
2028,8000,0.3684,1
2028,3539,0.3015,2
2028,11387,0.1682,3
2028,9004,0.0958,4
2028,13839,0.0553,5
2028,4651,0.0108,6
2029,5270,0.9048,1
2029,2998,0.0451,2
2029,6268,0.0351,3
2029,14034,0.015,4
2030,11088,0.5743,1
2030,2459,0.203,2
2030,5118,0.1206,3
2030,8588,0.0408,4
2030,10904,0.0318,5
2030,6569,0.0172,6
2030,2195,0.0123,7
2031,6263,0.6785,1
2031,2129,0.1795,2
2031,15034,0.1419,3
2032,3123,0.2877,1
2032,7575,0.2751,2
2032,9227,0.2482,3
2032,10399,0.0912,4
2032,3394,0.0754,5
2032,2821,0.0223,6
2033,6030,0.488,1
2033,3034,0.2417,2
2033,6822,0.1482,3
2033,2961,0.079,4
2033,3817,0.0219,5
2033,7100,0.0213,6
2034,8574,0.3789,1
2034,3091,0.2573,2
2034,8681,0.2129,3
2034,6283,0.0591,4
2034,1700,0.045,5
2034,9863,0.0308,6
2034,6376,0.0161,7
2035,2963,0.5538,1
2035,3995,0.2381,2
2035,9539,0.1709,3
2035,4655,0.0353,4
2035,5633,0.0018,5
2036,8026,0.4234,1
2036,13310,0.243,2
2036,16927,0.1862,3
2036,9619,0.0915,4
2036,5666,0.0525,5
2036,9383,0.0033,6
2037,2134,0.3237,1
2037,10916,0.2174,2
2037,2156,0.1973,3
2037,5276,0.1085,4
2037,8283,0.0642,5
2037,8326,0.0559,6
2037,7809,0.0329,7
2038,6819,0.4054,1
2038,11027,0.2945,2
2038,4880,0.2693,3
2038,6487,0.0309,4
2039,10803,0.4819,1
2039,8611,0.2665,2
2039,4940,0.1466,3
2039,10297,0.0818,4
2039,2412,0.0232,5
2040,11100,0.582,1
2040,4836,0.1735,2
2040,8428,0.1393,3
2040,1862,0.1053,4
2041,10206,0.9326,1
2041,8654,0.0589,2
2041,16684,0.0085,3
2042,12685,0.4211,1
2042,16728,0.4001,2
2042,2940,0.1328,3
2042,16330,0.046,4
2043,4593,0.4023,1
2043,5365,0.3149,2
2043,10985,0.2274,3
2043,15362,0.0308,4
2043,8168,0.0224,5
2043,3238,0.0023,6
2044,9353,0.5185,1
2044,8374,0.4681,2
2044,14977,0.0133,3
2045,6287,0.4108,1
2045,6241,0.2273,2
2045,8339,0.1196,3
2045,9576,0.1051,4
2045,10056,0.0781,5
2045,10964,0.0543,6
2045,9360,0.0048,7
2046,15223,0.2904,1
2046,17430,0.2709,2
2046,1889,0.1563,3
2046,2326,0.0979,4
2046,6562,0.0952,5
2046,8433,0.0551,6
2046,8068,0.0342,7
2047,8003,0.4048,1
2047,1897,0.2385,2
2047,10065,0.1376,3
2047,4624,0.0791,4
2047,8422,0.0539,5
2047,10864,0.0526,6
2047,7350,0.0334,7
2048,10470,0.4466,1
2048,2877,0.2459,2
2048,5001,0.208,3
2048,6449,0.065,4
2048,6125,0.0345,5
2049,5941,0.5168,1
2049,12084,0.244,2
2049,14920,0.2077,3
2049,11027,0.0316,4
2050,6981,0.7508,1
2050,2845,0.2157,2
2050,7844,0.0335,3
2051,11092,0.535,1
2051,1902,0.357,2
2051,15774,0.0769,3
2051,3540,0.0177,4
2051,11003,0.0133,5
2052,15308,0.4891,1
2052,4901,0.2683,2
2052,16693,0.1839,3
2052,7299,0.0357,4
2052,11618,0.023,5
2053,3359,0.988,1
2053,16029,0.011,2
2053,7290,0.001,3
2054,1787,0.693,1
2054,7972,0.2966,2
2054,12174,0.0104,3
2055,10856,0.3297,1
2055,1705,0.3026,2
2055,8713,0.2456,3
2055,15735,0.1221,4
2056,9786,0.6148,1
2056,6401,0.2142,2
2056,11345,0.171,3
2057,2595,0.5554,1
2057,2670,0.348,2
2057,9951,0.0966,3
2058,10626,0.424,1
2058,10282,0.2708,2
2058,4907,0.2348,3
2058,9230,0.0455,4
2058,16007,0.0248,5
2059,5192,0.7213,1
2059,16868,0.2361,2
2059,6277,0.0427,3
2060,9724,0.4566,1
2060,8971,0.3954,2
2060,8260,0.148,3
2061,6436,0.8016,1
2061,2803,0.1716,2
2061,7335,0.0268,3
2062,2155,0.3623,1
2062,2491,0.2197,2
2062,5454,0.191,3
2062,3242,0.1008,4
2062,15333,0.0842,5
2062,5124,0.0245,6
2062,3674,0.0175,7
2063,6092,0.281,1
2063,7343,0.2411,2
2063,3732,0.2168,3
2063,1636,0.1415,4
2063,6088,0.0882,5
2063,7192,0.0307,6
2063,4548,0.0007,7
2064,13938,0.6129,1
2064,10734,0.2407,2
2064,11864,0.0849,3
2064,6000,0.0438,4
2064,12445,0.0117,5
2064,4703,0.0052,6
2064,10089,0.0007,7
2065,9115,0.3961,1
2065,6117,0.3942,2
2065,2429,0.2097,3
2066,8523,0.4094,1
2066,4878,0.2023,2
2066,2486,0.1963,3
2066,6441,0.1455,4
2066,5024,0.0246,5
2066,10486,0.0165,6
2066,3743,0.0055,7
2067,6283,0.715,1
2067,5613,0.2399,2
2067,9495,0.0451,3
2068,9628,0.6088,1
2068,6823,0.3496,2
2068,10653,0.0416,3
2069,3862,0.3255,1
2069,2559,0.2265,2
2069,9483,0.2164,3
2069,9329,0.1284,4
2069,7792,0.0563,5
2069,9152,0.0369,6
2069,9879,0.0101,7
2070,5889,0.4389,1
2070,8610,0.2322,2
2070,9487,0.139,3
2070,6350,0.1142,4
2070,9280,0.0469,5
2070,9390,0.0287,6
2071,9983,0.4659,1
2071,3624,0.2806,2
2071,10157,0.2535,3
2072,12327,0.2953,1
2072,1669,0.2711,2
2072,15982,0.2044,3
2072,10095,0.1416,4
2072,8125,0.0877,5
2073,3907,1.0,1
2074,10533,0.5157,1
2074,10350,0.2471,2
2074,17495,0.2372,3
2075,10661,0.7779,1
2075,4610,0.1113,2
2075,10756,0.0758,3
2075,4218,0.0231,4
2075,6533,0.0118,5
2076,9667,0.2876,1
2076,16075,0.2169,2
2076,14884,0.1945,3
2076,8586,0.0885,4
2076,11407,0.086,5
2076,12990,0.085,6
2076,16827,0.0415,7
2077,3375,0.7513,1
2077,7068,0.1399,2
2077,7080,0.1089,3
2078,3029,0.6363,1
2078,12008,0.143,2
2078,4937,0.0822,3
2078,2253,0.0633,4
2078,16079,0.033,5
2078,3132,0.0244,6
2078,9022,0.0178,7
2079,15102,0.6015,1
2079,3779,0.3409,2
2079,6006,0.0499,3
2079,4019,0.0077,4
2080,4461,0.5617,1
2080,13786,0.2331,2
2080,7441,0.1998,3
2080,9556,0.0054,4
2081,7932,0.3094,1
2081,2552,0.2749,2
2081,1905,0.2336,3
2081,11208,0.1075,4
2081,4399,0.0747,5
2082,2245,1.0,1
2083,3854,0.5487,1
2083,5767,0.2992,2
2083,6102,0.1521,3
2084,2044,0.5942,1
2084,9061,0.254,2
2084,5123,0.1475,3
2084,11348,0.0043,4
2085,6408,0.4273,1
2085,1726,0.1879,2
2085,4415,0.1626,3
2085,7668,0.0988,4
2085,4104,0.0915,5
2085,7003,0.0319,6
2086,5917,0.4733,1
2086,6133,0.2357,2
2086,2451,0.1645,3
2086,5369,0.1022,4
2086,5354,0.0243,5
2087,6661,0.9099,1
2087,4774,0.0311,2
2087,5838,0.0281,3
2087,7206,0.0199,4
2087,11283,0.011,5
2088,1956,0.5718,1
2088,5428,0.1579,2
2088,8953,0.1247,3
2088,5120,0.1202,4
2088,2749,0.0253,5
2089,9875,0.7582,1
2089,9765,0.2243,2
2089,6603,0.0175,3
2090,9080,0.3943,1
2090,7844,0.3112,2
2090,5002,0.2369,3
2090,3380,0.0534,4
2090,10708,0.0041,5
2091,8650,0.6246,1
2091,5788,0.1951,2
2091,2616,0.0793,3
2091,5453,0.0597,4
2091,7867,0.0266,5
2091,1659,0.0115,6
2091,4726,0.0032,7
2092,8223,0.4666,1
2092,7837,0.188,2
2092,2324,0.1801,3
2092,9397,0.1653,4
2093,8575,0.6338,1
2093,6676,0.2729,2
2093,9460,0.0648,3
2093,9590,0.0285,4
2094,11220,0.4056,1
2094,1813,0.2986,2
2094,13099,0.2245,3
2094,1857,0.0415,4
2094,13848,0.0298,5
2095,9438,0.4807,1
2095,15738,0.2793,2
2095,8251,0.0955,3
2095,3863,0.0706,4
2095,7526,0.0578,5
2095,17084,0.016,6
2096,7044,0.6802,1
2096,15089,0.1708,2
2096,8681,0.0679,3
2096,16147,0.0588,4
2096,13628,0.0155,5
2096,11675,0.0046,6
2096,13496,0.0021,7
2097,14758,0.3986,1
2097,14806,0.2922,2
2097,4641,0.2063,3
2097,1914,0.0917,4
2097,6210,0.0113,5
2098,3770,0.4976,1
2098,16844,0.1976,2
2098,7749,0.116,3
2098,12953,0.0727,4
2098,16472,0.0511,5
2098,12394,0.0445,6
2098,16643,0.0204,7
2099,3255,0.2995,1
2099,6910,0.2944,2
2099,4164,0.2471,3
2099,15868,0.11,4
2099,4752,0.0462,5
2099,8462,0.0028,6
2100,7507,0.8682,1
2100,3296,0.0693,2
2100,3997,0.0521,3
2100,8628,0.0105,4
2101,4793,0.7246,1
2101,9835,0.1413,2
2101,8931,0.0719,3
2101,12311,0.0372,4
2101,14238,0.025,5
2102,16643,0.6094,1
2102,13542,0.3064,2
2102,17191,0.0842,3
2103,10405,0.9609,1
2103,12122,0.0391,2
2104,4937,0.5808,1
2104,11042,0.314,2
2104,11108,0.068,3
2104,8301,0.0372,4
2105,10335,0.4268,1
2105,2499,0.3367,2
2105,10075,0.1226,3
2105,10714,0.1139,4
2106,6457,0.4157,1
2106,6202,0.3299,2
2106,7337,0.0877,3
2106,5836,0.0826,4
2106,3630,0.0648,5
2106,4543,0.0182,6
2106,7692,0.001,7
2107,7725,0.5798,1
2107,8834,0.2558,2
2107,13213,0.0877,3
2107,12256,0.0462,4
2107,13149,0.0305,5
2108,6879,0.4984,1
2108,9236,0.192,2
2108,5406,0.1662,3
2108,16197,0.0825,4
2108,12954,0.061,5
2109,13845,0.5992,1
2109,14392,0.1418,2
2109,5387,0.1354,3
2109,13078,0.0539,4
2109,9423,0.0344,5
2109,10301,0.0296,6
2109,10935,0.0057,7
2110,4606,0.4687,1
2110,2731,0.2634,2
2110,2833,0.133,3
2110,4296,0.1224,4
2110,9172,0.0124,5
2111,7965,1.0,1
2112,10001,0.4591,1
2112,10771,0.2236,2
2112,7320,0.2061,3
2112,9633,0.0676,4
2112,8292,0.0436,5
2113,2830,0.4086,1
2113,5557,0.3089,2
2113,5110,0.2757,3
2113,5935,0.0068,4
2114,11879,0.6306,1
2114,10409,0.1213,2
2114,2978,0.1179,3
2114,3203,0.073,4
2114,6245,0.0468,5
2114,13234,0.0055,6
2114,6722,0.0049,7
2115,15555,0.5269,1
2115,7193,0.2579,2
2115,3007,0.2153,3
2116,9891,0.6593,1
2116,8391,0.2328,2
2116,9475,0.1079,3
2117,5810,0.2454,1
2117,8380,0.1745,2
2117,2770,0.1666,3
2117,3042,0.1623,4
2117,9070,0.1068,5
2117,5642,0.0864,6
2117,3844,0.058,7
2118,10295,0.3636,1
2118,3749,0.285,2
2118,5117,0.2149,3
2118,5343,0.0786,4
2118,2557,0.0578,5
2119,1688,0.3671,1
2119,10370,0.2494,2
2119,5718,0.1181,3
2119,3357,0.1137,4
2119,16824,0.0981,5
2119,7168,0.0327,6
2119,14218,0.0209,7
2120,2873,0.3695,1
2120,5098,0.2172,2
2120,3693,0.1868,3
2120,5542,0.1126,4
2120,9428,0.0525,5
2120,10626,0.033,6
2120,7229,0.0282,7
2121,11011,0.2881,1
2121,11550,0.2469,2
2121,7990,0.1711,3
2121,7365,0.1317,4
2121,17372,0.0818,5
2121,11233,0.0785,6
2121,7602,0.0019,7
2122,7766,0.9088,1
2122,5248,0.0912,2
2123,1812,0.4786,1
2123,7568,0.4743,2
2123,10387,0.0311,3
2123,10923,0.016,4
2124,10175,0.9149,1
2124,8687,0.0793,2
2124,5801,0.0058,3
2125,3372,0.4068,1
2125,5668,0.2511,2
2125,2295,0.2342,3
2125,12259,0.1079,4
2126,5555,0.4734,1
2126,17102,0.2785,2
2126,6344,0.2246,3
2126,2712,0.0235,4
2127,8201,0.4337,1
2127,9558,0.3248,2
2127,11062,0.1369,3
2127,10837,0.0547,4
2127,2326,0.05,5
2128,10863,0.3405,1
2128,13769,0.3391,2
2128,6124,0.3204,3
2129,4248,0.6631,1
2129,13137,0.1368,2
2129,14313,0.079,3
2129,2609,0.0676,4
2129,1708,0.0536,5
2130,4426,0.7361,1
2130,8189,0.1268,2
2130,6218,0.0514,3
2130,4404,0.0489,4
2130,10499,0.0369,5
2131,1849,0.9373,1
2131,13230,0.0514,2
2131,5076,0.0113,3
2132,3065,0.3875,1
2132,11036,0.306,2
2132,8881,0.1344,3
2132,2823,0.0886,4
2132,6266,0.0509,5
2132,16341,0.0231,6
2132,14947,0.0095,7
2133,5067,0.2732,1
2133,5007,0.2714,2
2133,2711,0.2309,3
2133,1966,0.0886,4
2133,11022,0.0858,5
2133,9606,0.0452,6
2133,8746,0.005,7
2134,7404,0.4325,1
2134,4222,0.2022,2
2134,14996,0.1204,3
2134,5920,0.1156,4
2134,2228,0.0859,5
2134,6973,0.0434,6
2135,7806,0.3817,1
2135,10521,0.3396,2
2135,8599,0.2335,3
2135,3967,0.0452,4
2136,3684,0.5107,1
2136,10963,0.423,2
2136,1930,0.0336,3
2136,7692,0.0153,4
2136,16927,0.013,5
2136,8482,0.0024,6
2136,3162,0.002,7
2137,10632,0.5118,1
2137,6779,0.2691,2
2137,5724,0.1801,3
2137,4465,0.039,4
2138,3449,0.8002,1
2138,10902,0.1246,2
2138,16347,0.0752,3
2139,14695,0.3538,1
2139,13699,0.2983,2
2139,12939,0.2016,3
2139,15308,0.1174,4
2139,15221,0.0288,5
2140,13304,0.8376,1
2140,9454,0.0575,2
2140,7066,0.0483,3
2140,7773,0.0441,4
2140,6595,0.0125,5
2141,4275,1.0,1
2142,11452,0.3304,1
2142,13542,0.2874,2
2142,1757,0.1411,3
2142,11537,0.1113,4
2142,3880,0.1087,5
2142,7170,0.0212,6
2143,7094,0.4353,1
2143,6881,0.1996,2
2143,4628,0.1724,3
2143,6127,0.1176,4
2143,11107,0.0668,5
2143,1698,0.0066,6
2143,3313,0.0017,7
2144,3070,0.4193,1
2144,9091,0.219,2
2144,2554,0.1097,3
2144,3285,0.1082,4
2144,10710,0.0953,5
2144,9065,0.0485,6
2145,6014,0.6091,1
2145,5547,0.2074,2
2145,11026,0.1803,3
2145,4760,0.0032,4
2146,2983,0.535,1
2146,10377,0.1769,2
2146,9600,0.1272,3
2146,3371,0.074,4
2146,4894,0.0634,5
2146,3987,0.0234,6
2147,5654,0.8259,1
2147,14976,0.1144,2
2147,15434,0.0597,3
2148,10633,0.7164,1
2148,7202,0.2537,2
2148,11303,0.0299,3
2149,11379,0.7099,1
2149,7212,0.2082,2
2149,3815,0.0819,3
2150,2180,0.3245,1
2150,17479,0.3188,2
2150,9265,0.1914,3
2150,13742,0.1364,4
2150,11061,0.0288,5
2151,3226,0.515,1
2151,5890,0.3763,2
2151,10838,0.1042,3
2151,3134,0.0045,4
2152,8430,0.5244,1
2152,2053,0.1934,2
2152,5404,0.1539,3
2152,7955,0.1283,4
2153,9841,0.3802,1
2153,7060,0.3227,2
2153,7978,0.11,3
2153,4701,0.1075,4
2153,5734,0.0796,5
2154,14533,0.5616,1
2154,6142,0.1947,2
2154,12753,0.1906,3
2154,12072,0.0317,4
2154,9317,0.0214,5
2155,9360,0.3033,1
2155,4864,0.2925,2
2155,3385,0.2695,3
2155,1887,0.1347,4
2156,14083,0.48,1
2156,12347,0.3988,2
2156,6557,0.0875,3
2156,12296,0.0337,4
2157,9860,0.3011,1
2157,6264,0.2018,2
2157,6600,0.1459,3
2157,6846,0.1193,4
2157,5173,0.0929,5
2157,8135,0.0913,6
2157,3942,0.0477,7
2158,8703,0.3566,1
2158,11354,0.3011,2
2158,3722,0.2919,3
2158,1804,0.0451,4
2158,6644,0.0028,5
2158,5434,0.0024,6
2159,6253,0.6621,1
2159,2828,0.1826,2
2159,5195,0.0493,3
2159,13318,0.0475,4
2159,4870,0.0371,5
2159,16952,0.0214,6
2160,9317,0.5414,1
2160,8681,0.3893,2
2160,3872,0.0693,3
2161,14221,0.394,1
2161,16373,0.3362,2
2161,7700,0.2415,3
2161,9812,0.0211,4
2161,1752,0.0072,5
2162,9520,0.5049,1
2162,2490,0.419,2
2162,5196,0.0761,3
2163,10558,1.0,1
2164,5699,0.6221,1
2164,3501,0.3363,2
2164,6495,0.0416,3
2165,11050,0.4088,1
2165,15497,0.3565,2
2165,11809,0.1703,3
2165,10249,0.0455,4
2165,1730,0.0127,5
2165,10751,0.0062,6
2166,3202,0.5969,1
2166,9800,0.3222,2
2166,6482,0.0684,3
2166,9744,0.0125,4
2167,9994,0.4682,1
2167,10244,0.2952,2
2167,3245,0.2367,3
2168,12428,0.7355,1
2168,7492,0.1485,2
2168,12008,0.0903,3
2168,8751,0.0223,4
2168,1891,0.0035,5
2169,5251,0.6029,1
2169,4689,0.3542,2
2169,13701,0.0425,3
2169,13835,0.0004,4
2170,2628,0.3695,1
2170,6411,0.2651,2
2170,4955,0.118,3
2170,5864,0.0839,4
2170,11057,0.0704,5
2170,4010,0.0568,6
2170,9486,0.0363,7
2171,6590,0.7565,1
2171,7967,0.1126,2
2171,7666,0.0994,3
2171,1814,0.0315,4
2172,6465,0.4169,1
2172,7666,0.2252,2
2172,6456,0.1198,3
2172,6752,0.1132,4
2172,4172,0.0711,5
2172,2708,0.0296,6
2172,10933,0.0243,7
2173,6832,1.0,1
2174,2232,0.6062,1
2174,3584,0.2077,2
2174,17426,0.1579,3
2174,4324,0.0282,4
2175,8852,0.4373,1
2175,7685,0.2698,2
2175,3152,0.2384,3
2175,7859,0.0545,4
2176,3798,0.5287,1
2176,3218,0.2121,2
2176,7811,0.1718,3
2176,10387,0.0318,4
2176,7154,0.0256,5
2176,5155,0.025,6
2176,11159,0.005,7
2177,5042,0.4944,1
2177,9278,0.2243,2
2177,5305,0.1113,3
2177,10369,0.0892,4
2177,3473,0.0772,5
2177,7308,0.0036,6
2178,4256,0.3359,1
2178,6468,0.3007,2
2178,9082,0.1694,3
2178,4545,0.1622,4
2178,11325,0.023,5
2178,3457,0.0088,6
2179,3424,0.4508,1
2179,5305,0.305,2
2179,10632,0.1638,3
2179,5664,0.0804,4
2180,9126,0.5625,1
2180,8373,0.3895,2
2180,6309,0.048,3
2181,6588,0.433,1
2181,9300,0.2785,2
2181,2730,0.1163,3
2181,11798,0.0849,4
2181,5881,0.0599,5
2181,4378,0.0179,6
2181,12157,0.0095,7
2182,9570,0.6412,1
2182,6579,0.1846,2
2182,8270,0.1135,3
2182,3725,0.0607,4
2183,3770,0.4874,1
2183,15813,0.3097,2
2183,9584,0.1684,3
2183,7108,0.0203,4
2183,16444,0.0101,5
2183,5639,0.0042,6
2184,5914,0.7577,1
2184,2441,0.2049,2
2184,8040,0.0374,3
2185,3358,0.4138,1
2185,8315,0.2415,2
2185,7933,0.2401,3
2185,6003,0.1047,4
2186,5813,0.266,1
2186,4846,0.194,2
2186,11359,0.1905,3
2186,13821,0.1364,4
2186,16443,0.1271,5
2186,10888,0.053,6
2186,6823,0.033,7
2187,10559,0.8202,1
2187,3313,0.0855,2
2187,1731,0.0717,3
2187,8194,0.0224,4
2187,6758,0.0002,5
2188,5942,0.4879,1
2188,6348,0.4679,2
2188,6954,0.0288,3
2188,2874,0.0154,4
2189,9540,0.3947,1
2189,7982,0.1701,2
2189,5228,0.1329,3
2189,2262,0.1128,4
2189,1666,0.0962,5
2189,7973,0.0933,6
2190,6215,0.6831,1
2190,3389,0.0919,2
2190,12711,0.0643,3
2190,15104,0.0643,4
2190,12722,0.0594,5
2190,14459,0.037,6
2191,1908,0.5961,1
2191,8482,0.2942,2
2191,4542,0.1096,3
2192,3038,0.4503,1
2192,16933,0.4011,2
2192,15909,0.1486,3
2193,7908,0.3431,1
2193,4902,0.1962,2
2193,2607,0.1806,3
2193,5768,0.1389,4
2193,2594,0.0929,5
2193,10935,0.0474,6
2193,3413,0.0009,7
2194,16008,0.9094,1
2194,9227,0.0654,2
2194,3212,0.0252,3
2195,5974,0.4685,1
2195,2381,0.3356,2
2195,9648,0.0787,3
2195,8382,0.0726,4
2195,4749,0.0303,5
2195,10328,0.0143,6
2196,1747,0.5453,1
2196,4834,0.2633,2
2196,4864,0.0964,3
2196,11178,0.0839,4
2196,9375,0.011,5
2197,2030,0.4002,1
2197,12312,0.2975,2
2197,12302,0.268,3
2197,12487,0.0218,4
2197,8037,0.0124,5
2198,12936,0.7763,1
2198,16872,0.1403,2
2198,10662,0.0362,3
2198,4315,0.0353,4
2198,11607,0.0119,5
2199,9120,0.3507,1
2199,7546,0.2743,2
2199,7653,0.2345,3
2199,1667,0.0478,4
2199,2199,0.0391,5
2199,11077,0.0358,6
2199,4188,0.0177,7
2200,11229,0.3787,1
2200,6268,0.3166,2
2200,13647,0.1862,3
2200,16423,0.0449,4
2200,6084,0.0401,5
2200,11626,0.0335,6
2201,8084,0.5569,1
2201,14252,0.2124,2
2201,12196,0.1151,3
2201,9506,0.0607,4
2201,12428,0.0427,5
2201,3727,0.0079,6
2201,2000,0.0044,7
2202,9815,0.3523,1
2202,10096,0.2035,2
2202,4304,0.2019,3
2202,6787,0.1638,4
2202,5874,0.0454,5
2202,3517,0.0309,6
2202,10566,0.0022,7
2203,9391,0.3869,1
2203,5186,0.3395,2
2203,3897,0.2736,3
2204,7972,1.0,1
2205,14686,0.8904,1
2205,12966,0.1039,2
2205,16623,0.0057,3
2206,7869,0.2937,1
2206,3335,0.2842,2
2206,7520,0.2749,3
2206,4303,0.1472,4
2207,8884,0.359,1
2207,11790,0.3233,2
2207,9136,0.1961,3
2207,10020,0.0481,4
2207,5898,0.0442,5
2207,14212,0.0293,6
2208,5633,0.322,1
2208,10345,0.2358,2
2208,7719,0.2089,3
2208,7125,0.1444,4
2208,3372,0.0888,5
2209,6388,0.6224,1
2209,4768,0.219,2
2209,4465,0.0618,3
2209,3137,0.0607,4
2209,6224,0.0362,5
2210,8862,0.6231,1
2210,6137,0.2682,2
2210,3882,0.1087,3
2211,4999,0.3608,1
2211,10531,0.2761,2
2211,12379,0.2357,3
2211,3556,0.0836,4
2211,9533,0.0339,5
2211,6356,0.0079,6
2211,5203,0.0021,7
2212,11784,0.5781,1
2212,10437,0.246,2
2212,1836,0.0592,3
2212,7424,0.0515,4
2212,15834,0.048,5
2212,17540,0.0172,6
2213,2563,0.5325,1
2213,6113,0.2515,2
2213,2264,0.1111,3
2213,10584,0.105,4
2214,5536,1.0,1
2215,8471,0.3532,1
2215,11288,0.3348,2
2215,4976,0.1869,3
2215,10222,0.0859,4
2215,5847,0.0392,5
2216,9797,0.5606,1
2216,5090,0.1815,2
2216,5804,0.0851,3
2216,8839,0.0836,4
2216,3021,0.0549,5
2216,6765,0.0344,6
2217,7672,0.6121,1
2217,4472,0.2443,2
2217,10107,0.1409,3
2217,4569,0.0027,4
2218,3624,0.3662,1
2218,5778,0.2884,2
2218,8066,0.1855,3
2218,4620,0.1271,4
2218,11671,0.0328,5
2219,15326,0.579,1
2219,16275,0.3483,2
2219,11112,0.0728,3
2220,12863,0.3537,1
2220,10181,0.3256,2
2220,2344,0.2154,3
2220,10778,0.0596,4
2220,7211,0.0229,5
2220,3375,0.0172,6
2220,12110,0.0055,7
2221,2627,0.5525,1
2221,3332,0.3147,2
2221,5990,0.1051,3
2221,10871,0.0274,4
2221,4346,0.0003,5
2222,12729,0.4804,1
2222,6043,0.4662,2
2222,6837,0.0534,3
2223,11312,0.7341,1
2223,10709,0.1546,2
2223,8422,0.1113,3
2224,9485,0.4307,1
2224,1876,0.2675,2
2224,9353,0.2653,3
2224,1849,0.0365,4
2225,11768,0.5693,1
2225,16910,0.2117,2
2225,15711,0.1127,3
2225,17509,0.0897,4
2225,15832,0.0162,5
2225,8763,0.0003,6
2226,6774,0.5934,1
2226,12609,0.3513,2
2226,5142,0.0553,3
2227,7762,0.4502,1
2227,11809,0.4293,2
2227,1748,0.094,3
2227,5549,0.0136,4
2227,4792,0.013,5
2228,9341,0.3456,1
2228,2479,0.1981,2
2228,16021,0.1613,3
2228,3483,0.1067,4
2228,15927,0.091,5
2228,8905,0.0767,6
2228,7926,0.0206,7
2229,2555,0.3746,1
2229,9118,0.2892,2
2229,12948,0.1557,3
2229,14716,0.0812,4
2229,10432,0.0652,5
2229,15213,0.0309,6
2229,2367,0.0031,7
2230,13715,1.0,1
2231,2588,0.7904,1
2231,6195,0.1099,2
2231,5755,0.0997,3
2232,3001,0.7071,1
2232,6238,0.1778,2
2232,4499,0.1151,3
2233,10292,1.0,1
2234,6851,0.3003,1
2234,10973,0.2756,2
2234,7542,0.221,3
2234,16657,0.1376,4
2234,10044,0.0331,5
2234,6256,0.0324,6
2235,8499,0.3757,1
2235,12305,0.251,2
2235,2933,0.1947,3
2235,11278,0.1026,4
2235,6459,0.0517,5
2235,8997,0.0242,6
2235,13470,0.0002,7
2236,3462,0.7082,1
2236,8854,0.1444,2
2236,6729,0.1137,3
2236,2738,0.0337,4
2237,11380,0.2885,1
2237,4068,0.2449,2
2237,8673,0.204,3
2237,8289,0.1509,4
2237,7229,0.1074,5
2237,9333,0.0043,6
2238,3531,0.4031,1
2238,7081,0.3448,2
2238,7252,0.1743,3
2238,4637,0.0451,4
2238,4081,0.0199,5
2238,3964,0.0127,6
2239,6335,0.4617,1
2239,8890,0.3736,2
2239,9326,0.1637,3
2239,10956,0.001,4
2240,11037,0.3237,1
2240,2825,0.2841,2
2240,7985,0.2734,3
2240,2095,0.1181,4
2240,8867,0.0007,5
2241,11098,0.8719,1
2241,10824,0.1037,2
2241,6437,0.0244,3
2242,4937,0.2818,1
2242,10049,0.2764,2
2242,7659,0.1547,3
2242,17458,0.1246,4
2242,2473,0.1014,5
2242,2256,0.0584,6
2242,11208,0.0027,7
2243,10537,0.6986,1
2243,3960,0.2571,2
2243,8613,0.0443,3
2244,15198,0.8299,1
2244,2907,0.0903,2
2244,13109,0.0542,3
2244,2082,0.0256,4
2245,10842,0.4572,1
2245,7536,0.2054,2
2245,3268,0.176,3
2245,8248,0.1614,4
2246,7526,0.4344,1
2246,11326,0.2455,2
2246,6176,0.1294,3
2246,7293,0.0866,4
2246,7947,0.0595,5
2246,7574,0.0277,6
2246,15330,0.017,7
2247,6981,1.0,1
2248,12318,0.5254,1
2248,12031,0.271,2
2248,3329,0.2035,3
2249,7170,0.6516,1
2249,10173,0.1907,2
2249,9218,0.0611,3
2249,8126,0.0534,4
2249,7300,0.0427,5
2249,9344,0.0005,6
2250,8826,0.9726,1
2250,10338,0.0274,2
2251,6062,0.5917,1
2251,15704,0.2086,2
2251,14272,0.1016,3
2251,5460,0.0646,4
2251,16255,0.0335,5
2252,11918,0.5142,1
2252,3053,0.2111,2
2252,10829,0.1017,3
2252,14567,0.0798,4
2252,2934,0.0569,5
2252,6400,0.019,6
2252,5389,0.0173,7
2253,1856,0.4465,1
2253,7382,0.262,2
2253,8614,0.1025,3
2253,9011,0.0541,4
2253,16575,0.0477,5
2253,2881,0.0446,6
2253,16159,0.0425,7
2254,2705,0.6956,1
2254,10653,0.189,2
2254,9063,0.0618,3
2254,2973,0.0287,4
2254,2460,0.025,5
2255,11798,0.7769,1
2255,11012,0.1048,2
2255,7872,0.0646,3
2255,4204,0.0537,4
2256,7099,0.8329,1
2256,12394,0.1597,2
2256,3058,0.0074,3
2257,7417,0.4664,1
2257,11851,0.2654,2
2257,7043,0.1774,3
2257,13511,0.0889,4
2257,2610,0.0019,5
2258,15775,0.3,1
2258,7215,0.143,2
2258,5004,0.1348,3
2258,12259,0.1271,4
2258,7163,0.1215,5
2258,12863,0.1045,6
2258,9329,0.0692,7
2259,8426,0.4508,1
2259,7242,0.1843,2
2259,6270,0.1659,3
2259,10276,0.0839,4
2259,5080,0.0595,5
2259,6030,0.0337,6
2259,11356,0.0218,7
2260,10161,0.5098,1
2260,6836,0.257,2
2260,5131,0.178,3
2260,10330,0.0552,4
2261,14345,0.4018,1
2261,5373,0.3353,2
2261,8724,0.2436,3
2261,10258,0.0193,4
2262,12324,0.5832,1
2262,3022,0.2934,2
2262,15359,0.0774,3
2262,15283,0.046,4
2263,5895,0.6808,1
2263,13563,0.3137,2
2263,13137,0.0055,3
2264,4914,0.4015,1
2264,9787,0.2342,2
2264,10631,0.227,3
2264,4380,0.1373,4
2265,10484,0.3986,1
2265,7984,0.3685,2
2265,6165,0.2211,3
2265,8736,0.0119,4
2266,1647,0.5169,1
2266,3062,0.3209,2
2266,13739,0.0726,3
2266,16728,0.0698,4
2266,7665,0.0112,5
2266,4968,0.0086,6
2267,10594,0.3579,1
2267,5444,0.2687,2
2267,6615,0.1707,3
2267,6999,0.0719,4
2267,7443,0.057,5
2267,5869,0.0524,6
2267,5700,0.0215,7
2268,5861,0.5288,1
2268,7454,0.3309,2
2268,6030,0.0608,3
2268,7410,0.0435,4
2268,5301,0.0359,5
2269,5980,0.4777,1
2269,7663,0.2031,2
2269,4470,0.1688,3
2269,7247,0.0809,4
2269,3712,0.0696,5
2270,13429,0.7419,1
2270,14015,0.1385,2
2270,17610,0.1196,3
2271,4265,0.8666,1
2271,3147,0.09,2
2271,6227,0.0434,3
2272,5948,0.3592,1
2272,6343,0.3408,2
2272,11061,0.1537,3
2272,7373,0.1143,4
2272,5255,0.0184,5
2272,13454,0.0137,6
2273,1758,0.465,1
2273,7269,0.4035,2
2273,10342,0.1298,3
2273,1770,0.0016,4
2274,10681,0.8738,1
2274,2794,0.0622,2
2274,3317,0.048,3
2274,9156,0.0121,4
2274,6068,0.0038,5
2275,4784,0.5986,1
2275,9935,0.1645,2
2275,3285,0.0941,3
2275,3657,0.0788,4
2275,8712,0.0637,5
2275,5303,0.0003,6
2276,10956,0.376,1
2276,8704,0.2384,2
2276,5316,0.2258,3
2276,11066,0.137,4
2276,8893,0.023,5
2277,2328,0.3239,1
2277,5351,0.2258,2
2277,5315,0.1836,3
2277,2813,0.1703,4
2277,3903,0.0767,5
2277,2955,0.0196,6
2278,2761,0.3407,1
2278,5978,0.2126,2
2278,7847,0.2119,3
2278,2544,0.1117,4
2278,2629,0.06,5
2278,5560,0.0568,6
2278,5538,0.0062,7
2279,4005,0.996,1
2279,2305,0.004,2
2280,4043,0.4208,1
2280,1831,0.2134,2
2280,17120,0.2051,3
2280,11806,0.0671,4
2280,1840,0.0399,5
2280,3129,0.0292,6
2280,2641,0.0245,7
2281,1930,0.4796,1
2281,8597,0.4206,2
2281,4988,0.0659,3
2281,7133,0.0339,4
2282,2103,0.5089,1
2282,2967,0.2305,2
2282,6422,0.1628,3
2282,1830,0.0618,4
2282,8088,0.0304,5
2282,5684,0.0057,6
2283,10326,0.4648,1
2283,15715,0.2914,2
2283,15159,0.1454,3
2283,9870,0.0984,4
2284,10485,0.3591,1
2284,4365,0.2085,2
2284,6391,0.1838,3
2284,2726,0.1335,4
2284,6534,0.0694,5
2284,4401,0.0458,6
2285,8253,0.5536,1
2285,9643,0.1658,2
2285,12679,0.1594,3
2285,10347,0.0652,4
2285,14015,0.0345,5
2285,6517,0.0216,6
2286,17433,0.4994,1
2286,11304,0.2718,2
2286,9814,0.0831,3
2286,3012,0.0711,4
2286,4736,0.0704,5
2286,2138,0.0043,6
2287,3125,0.5679,1
2287,12215,0.2757,2
2287,3123,0.1564,3
2288,6147,0.471,1
2288,7659,0.3446,2
2288,12892,0.1666,3
2288,1662,0.0157,4
2288,15084,0.0022,5
2289,10008,0.4548,1
2289,17203,0.2944,2
2289,11128,0.2508,3
2290,5211,0.7755,1
2290,11191,0.0862,2
2290,5686,0.0725,3
2290,9597,0.0506,4
2290,7210,0.0153,5
2291,4188,0.9602,1
2291,4204,0.0254,2
2291,1670,0.011,3
2291,3765,0.0034,4
2292,8765,0.7493,1
2292,2530,0.2507,2
2293,9118,0.4738,1
2293,11229,0.1541,2
2293,8035,0.1331,3
2293,14976,0.1202,4
2293,8277,0.088,5
2293,12663,0.0292,6
2293,6212,0.0016,7
2294,3949,0.6054,1
2294,7776,0.3946,2
2295,5220,0.4968,1
2295,6469,0.2951,2
2295,17229,0.0661,3
2295,17249,0.0465,4
2295,16170,0.0464,5
2295,13988,0.0448,6
2295,12818,0.0044,7
2296,5638,0.467,1
2296,6817,0.2258,2
2296,12849,0.1616,3
2296,15189,0.1331,4
2296,6643,0.0125,5
2297,8977,0.6801,1
2297,4841,0.3186,2
2297,9165,0.0013,3
2298,3904,0.3648,1
2298,4074,0.2425,2
2298,13579,0.2091,3
2298,4479,0.1387,4
2298,9779,0.0258,5
2298,5455,0.0114,6
2298,4120,0.0078,7
2299,2327,0.7282,1
2299,2923,0.2699,2
2299,9743,0.0019,3
2300,7239,0.4349,1
2300,6581,0.3507,2
2300,9126,0.2144,3
2301,8019,0.675,1
2301,6816,0.1665,2
2301,1639,0.1586,3
2302,14951,0.3732,1
2302,3677,0.1979,2
2302,5580,0.1799,3
2302,3010,0.1283,4
2302,14758,0.0866,5
2302,10987,0.0317,6
2302,11015,0.0023,7
2303,17296,0.7267,1
2303,10270,0.1636,2
2303,8821,0.0997,3
2303,12856,0.0099,4
2304,2273,0.4766,1
2304,10871,0.3782,2
2304,10824,0.0876,3
2304,8134,0.0576,4
2305,14507,0.5585,1
2305,10149,0.4351,2
2305,5119,0.0063,3
2306,3702,0.4753,1
2306,9516,0.3484,2
2306,7803,0.0773,3
2306,8003,0.0454,4
2306,9261,0.0273,5
2306,7692,0.0264,6
2307,5608,0.689,1
2307,7080,0.2859,2
2307,5440,0.0176,3
2307,10558,0.0075,4
2308,8461,1.0,1
2309,5853,0.3825,1
2309,6992,0.2199,2
2309,6799,0.1904,3
2309,7731,0.0903,4
2309,5105,0.0623,5
2309,10747,0.0504,6
2309,3430,0.0043,7
2310,16165,0.6276,1
2310,7312,0.366,2
2310,3323,0.0063,3
2311,2604,0.6325,1
2311,11078,0.2364,2
2311,3678,0.1154,3
2311,9719,0.0157,4
2312,5036,0.4435,1
2312,11127,0.2808,2
2312,6692,0.0853,3
2312,7854,0.0718,4
2312,10705,0.0648,5
2312,14314,0.0538,6
2313,1730,0.4631,1
2313,6098,0.2392,2
2313,1656,0.1733,3
2313,10653,0.067,4
2313,3839,0.0249,5
2313,8223,0.0193,6
2313,3411,0.0131,7
2314,4007,0.4056,1
2314,3794,0.2325,2
2314,4920,0.1639,3
2314,9766,0.0943,4
2314,2924,0.0499,5
2314,8539,0.0441,6
2314,7481,0.0097,7
2315,16865,0.7174,1
2315,5098,0.1565,2
2315,2599,0.1115,3
2315,8310,0.0146,4
2316,17602,0.4628,1
2316,5647,0.2792,2
2316,4209,0.1626,3
2316,15105,0.0678,4
2316,4389,0.0276,5
2317,14040,0.3667,1
2317,5712,0.3655,2
2317,2801,0.2299,3
2317,13858,0.0379,4
2318,6476,0.39,1
2318,9697,0.2416,2
2318,5575,0.2402,3
2318,3435,0.0645,4
2318,3794,0.0637,5
2319,6972,0.6337,1
2319,5408,0.3143,2
2319,4413,0.052,3
2320,8109,0.4137,1
2320,5044,0.19,2
2320,1973,0.1852,3
2320,4305,0.1077,4
2320,4014,0.0806,5
2320,11321,0.0227,6
2321,5884,0.4312,1
2321,9178,0.3067,2
2321,9280,0.2454,3
2321,5414,0.0167,4
2322,10760,0.6048,1
2322,7919,0.1839,2
2322,4163,0.1727,3
2322,9301,0.0189,4
2322,6592,0.0111,5
2322,7938,0.0065,6
2322,4049,0.0021,7
2323,10937,0.8434,1
2323,5197,0.0504,2
2323,6335,0.0424,3
2323,3848,0.0335,4
2323,15746,0.0303,5
2324,10676,0.3159,1
2324,3694,0.2607,2
2324,2673,0.247,3
2324,7193,0.1764,4
2325,2746,0.7088,1
2325,4579,0.2881,2
2325,6962,0.0031,3
2326,7153,0.5693,1
2326,10269,0.4307,2
2327,2144,0.661,1
2327,6482,0.2789,2
2327,3456,0.0601,3
2328,12507,0.5893,1
2328,6318,0.2831,2
2328,11250,0.1275,3
2329,10507,0.3909,1
2329,7915,0.1825,2
2329,4429,0.1434,3
2329,6191,0.0998,4
2329,6500,0.0935,5
2329,3910,0.0899,6
2330,4641,0.5966,1
2330,6121,0.2276,2
2330,6536,0.0754,3
2330,6101,0.0744,4
2330,7131,0.026,5
2331,2950,0.7041,1
2331,15829,0.1564,2
2331,9195,0.099,3
2331,4688,0.0216,4
2331,11832,0.0186,5
2331,17218,0.0003,6
2332,13984,0.8307,1
2332,5991,0.1664,2
2332,4754,0.0024,3
2332,1822,0.0005,4
2333,10812,0.5741,1
2333,3390,0.2064,2
2333,12904,0.2034,3
2333,4329,0.016,4
2334,4092,0.3869,1
2334,7940,0.277,2
2334,12625,0.2711,3
2334,8582,0.0651,4
2335,1654,0.3632,1
2335,4476,0.2427,2
2335,6869,0.1698,3
2335,10447,0.1187,4
2335,4393,0.1055,5
2336,12952,0.3734,1
2336,10504,0.2761,2
2336,9012,0.2085,3
2336,5734,0.142,4
2337,5977,0.3385,1
2337,5889,0.2045,2
2337,13109,0.1838,3
2337,4194,0.1386,4
2337,7633,0.0514,5
2337,14222,0.0437,6
2337,15421,0.0395,7
2338,17616,0.3198,1
2338,7698,0.2879,2
2338,10043,0.1149,3
2338,4340,0.1129,4
2338,6715,0.1044,5
2338,13864,0.0602,6
2339,3089,0.8249,1
2339,5021,0.1425,2
2339,2833,0.0326,3
2340,10598,0.4925,1
2340,8893,0.197,2
2340,5858,0.1575,3
2340,8468,0.0765,4
2340,4671,0.032,5
2340,10679,0.0306,6
2340,2322,0.0139,7
2341,9229,0.6587,1
2341,8394,0.2342,2
2341,5020,0.0835,3
2341,10183,0.0237,4
2342,3908,0.5853,1
2342,7103,0.2116,2
2342,9208,0.2031,3
2343,2447,0.536,1
2343,4967,0.423,2
2343,6682,0.041,3
2344,2206,0.5893,1
2344,9132,0.354,2
2344,8394,0.0403,3
2344,6098,0.0164,4
2345,9987,0.3573,1
2345,1997,0.3458,2
2345,2123,0.1444,3
2345,6865,0.0671,4
2345,2638,0.0496,5
2345,10035,0.0236,6
2345,8355,0.0122,7
2346,2504,0.5028,1
2346,5342,0.3661,2
2346,3233,0.0667,3
2346,5675,0.0643,4
2347,1894,0.8891,1
2347,12637,0.1082,2
2347,5133,0.0028,3
2348,9658,0.4506,1
2348,9321,0.3375,2
2348,2592,0.2119,3
2349,7171,0.8575,1
2349,2690,0.1382,2
2349,5032,0.0043,3
2350,15139,0.7318,1
2350,11068,0.1119,2
2350,16111,0.0782,3
2350,3766,0.0428,4
2350,17474,0.0353,5
2351,6207,0.7528,1
2351,5874,0.1774,2
2351,5169,0.0697,3
2352,9493,0.2287,1
2352,8458,0.199,2
2352,5803,0.1871,3
2352,2959,0.1836,4
2352,10953,0.1074,5
2352,8207,0.0941,6
2353,14727,0.7227,1
2353,11132,0.1656,2
2353,17146,0.0944,3
2353,5139,0.0103,4
2353,8787,0.0069,5
2354,10017,0.4413,1
2354,3427,0.3751,2
2354,7160,0.1835,3
2355,4614,0.4069,1
2355,5542,0.2446,2
2355,5588,0.213,3
2355,3490,0.1354,4
2356,3301,0.4545,1
2356,8213,0.1955,2
2356,5839,0.1679,3
2356,1726,0.1163,4
2356,7548,0.0343,5
2356,15250,0.0313,6
2356,6978,0.0001,7
2357,3998,0.4772,1
2357,10663,0.3659,2
2357,3490,0.0716,3
2357,9279,0.0554,4
2357,2902,0.023,5
2357,7207,0.0069,6
2358,14928,1.0,1
2359,9917,0.2625,1
2359,14860,0.2574,2
2359,8883,0.1588,3
2359,12264,0.1275,4
2359,15247,0.1051,5
2359,11905,0.0477,6
2359,15248,0.0411,7
2360,3062,0.6122,1
2360,5588,0.1534,2
2360,13236,0.1433,3
2360,8037,0.0507,4
2360,6729,0.0401,5
2360,10774,0.0003,6
2361,7680,0.8116,1
2361,5277,0.1884,2
2362,7554,0.5164,1
2362,7100,0.4836,2
2363,3331,0.5286,1
2363,3880,0.3653,2
2363,3324,0.1061,3
2364,5408,0.7862,1
2364,12022,0.1153,2
2364,15066,0.0984,3
2365,13148,0.6327,1
2365,5133,0.3397,2
2365,10034,0.0276,3
2366,11572,0.8323,1
2366,3289,0.0886,2
2366,13330,0.0791,3
2367,3015,0.3123,1
2367,1930,0.2064,2
2367,2929,0.1303,3
2367,10323,0.112,4
2367,7131,0.0881,5
2367,9744,0.0869,6
2367,9933,0.064,7
2368,9099,0.3768,1
2368,2851,0.3461,2
2368,4773,0.1306,3
2368,5438,0.0641,4
2368,8443,0.0484,5
2368,2146,0.0258,6
2368,6832,0.0082,7
2369,6131,0.5303,1
2369,5613,0.3528,2
2369,10036,0.0828,3
2369,2522,0.0286,4
2369,7650,0.0055,5
2370,8238,0.5953,1
2370,9193,0.1612,2
2370,11522,0.1409,3
2370,16450,0.0552,4
2370,17224,0.039,5
2370,8669,0.0084,6
2371,7707,0.4821,1
2371,5834,0.1851,2
2371,9967,0.1326,3
2371,8783,0.0704,4
2371,8328,0.0697,5
2371,6479,0.0601,6
2372,4037,0.4865,1
2372,5971,0.2476,2
2372,7037,0.2188,3
2372,11691,0.0203,4
2372,3063,0.015,5
2372,1879,0.0119,6
2373,11205,0.4896,1
2373,5107,0.4128,2
2373,3590,0.0387,3
2373,5513,0.024,4
2373,5212,0.024,5
2373,2934,0.0108,6
2374,10986,0.3039,1
2374,7729,0.2859,2
2374,8749,0.2739,3
2374,10268,0.0558,4
2374,6458,0.0412,5
2374,8895,0.0302,6
2374,2312,0.0091,7
2375,2813,0.5958,1
2375,4969,0.243,2
2375,9662,0.1235,3
2375,15018,0.0213,4
2375,11502,0.0158,5
2375,4155,0.0006,6
2376,7016,0.5431,1
2376,7167,0.2913,2
2376,4138,0.1228,3
2376,8917,0.0428,4
2377,8827,0.4454,1
2377,13009,0.4403,2
2377,10555,0.1143,3
2378,14223,0.4637,1
2378,6190,0.1967,2
2378,17450,0.112,3
2378,4607,0.0895,4
2378,17479,0.0822,5
2378,4978,0.0342,6
2378,1818,0.0216,7
2379,12650,0.9126,1
2379,7655,0.0874,2
2380,3837,0.5694,1
2380,7171,0.2416,2
2380,8456,0.1748,3
2380,10371,0.0142,4
2381,13938,0.4161,1
2381,2940,0.3774,2
2381,13568,0.2066,3
2382,8706,0.2868,1
2382,11091,0.2067,2
2382,8311,0.1904,3
2382,3674,0.1536,4
2382,2501,0.0641,5
2382,15018,0.0555,6
2382,2219,0.0429,7
2383,16747,0.6777,1
2383,3581,0.1503,2
2383,11375,0.1393,3
2383,9360,0.0327,4
2384,3667,0.3481,1
2384,10904,0.3328,2
2384,8862,0.1327,3
2384,3700,0.1255,4
2384,1744,0.0608,5
2385,15428,0.2185,1
2385,2880,0.19,2
2385,1832,0.1898,3
2385,15492,0.1664,4
2385,4528,0.1148,5
2385,7095,0.112,6
2385,5311,0.0086,7
2386,11343,0.878,1
2386,2766,0.1209,2
2386,17278,0.0011,3
2387,10238,0.4312,1
2387,7727,0.3017,2
2387,4972,0.1814,3
2387,11062,0.0804,4
2387,11367,0.0053,5
2388,12487,0.2977,1
2388,5657,0.2017,2
2388,13771,0.1431,3
2388,7321,0.133,4
2388,4200,0.1219,5
2388,15607,0.1027,6
2389,5193,0.3616,1
2389,4223,0.2127,2
2389,2576,0.164,3
2389,4159,0.0823,4
2389,7249,0.0813,5
2389,2726,0.076,6
2389,1931,0.0222,7
2390,12435,0.4647,1
2390,13345,0.2533,2
2390,4850,0.2368,3
2390,5287,0.0224,4
2390,4872,0.0167,5
2390,5947,0.0061,6
2391,7500,0.4172,1
2391,15773,0.3947,2
2391,9936,0.1616,3
2391,8881,0.0264,4
2392,5750,0.3371,1
2392,5253,0.247,2
2392,3044,0.1961,3
2392,9676,0.1331,4
2392,10995,0.0385,5
2392,2867,0.0348,6
2392,9910,0.0134,7
2393,7563,0.5664,1
2393,9495,0.1802,2
2393,4763,0.1518,3
2393,4860,0.0938,4
2393,1639,0.0079,5
2394,11791,0.6005,1
2394,14924,0.3761,2
2394,12318,0.0169,3
2394,11174,0.0059,4
2394,3079,0.0006,5
2395,15266,0.5193,1
2395,13638,0.303,2
2395,7777,0.1777,3
2396,10987,0.8123,1
2396,7120,0.1347,2
2396,7442,0.053,3
2397,4069,0.457,1
2397,9100,0.2586,2
2397,8766,0.1379,3
2397,10900,0.0588,4
2397,3789,0.0521,5
2397,5032,0.0356,6
2398,4085,0.5746,1
2398,3428,0.1916,2
2398,10909,0.1366,3
2398,9251,0.0972,4
2399,8901,0.7156,1
2399,12614,0.2023,2
2399,15987,0.0249,3
2399,10336,0.0236,4
2399,9581,0.0224,5
2399,6692,0.0104,6
2399,16921,0.0008,7
2400,6707,0.6667,1
2400,3577,0.1131,2
2400,9470,0.0864,3
2400,5860,0.0638,4
2400,7870,0.0335,5
2400,15612,0.0267,6
2400,10793,0.0097,7
2401,12100,0.422,1
2401,6266,0.2819,2
2401,14464,0.1212,3
2401,14360,0.1115,4
2401,6740,0.0634,5
2402,3804,0.5275,1
2402,6110,0.2842,2
2402,7715,0.0906,3
2402,3441,0.0599,4
2402,2372,0.0248,5
2402,8027,0.0095,6
2402,4927,0.0035,7
2403,6728,0.6567,1
2403,7564,0.1736,2
2403,8450,0.1696,3
2404,8926,0.4028,1
2404,7602,0.399,2
2404,14900,0.176,3
2404,8374,0.0214,4
2404,14484,0.0008,5
2405,17249,0.6771,1
2405,10533,0.1749,2
2405,16683,0.0989,3
2405,8050,0.0247,4
2405,5594,0.0244,5
2406,4155,0.6268,1
2406,8453,0.3712,2
2406,11400,0.002,3
2407,1908,0.4984,1
2407,2979,0.2674,2
2407,8028,0.1377,3
2407,11383,0.0964,4
2408,2366,0.5028,1
2408,10957,0.4047,2
2408,2684,0.0924,3
2409,4464,0.4883,1
2409,6938,0.1324,2
2409,16182,0.1059,3
2409,6139,0.0978,4
2409,2436,0.0881,5
2409,2461,0.0686,6
2409,9809,0.0189,7
2410,5055,0.5545,1
2410,6901,0.1695,2
2410,9337,0.1621,3
2410,7672,0.0587,4
2410,2255,0.0545,5
2410,7196,0.0007,6
2411,6330,0.3125,1
2411,2195,0.2888,2
2411,6501,0.1856,3
2411,5176,0.1465,4
2411,5888,0.0667,5
2412,15567,0.4412,1
2412,16089,0.2639,2
2412,3409,0.1779,3
2412,13800,0.0802,4
2412,3902,0.0367,5
2413,3592,0.7509,1
2413,5642,0.1062,2
2413,5505,0.1055,3
2413,15871,0.0374,4
2414,3056,0.5322,1
2414,10176,0.3137,2
2414,9706,0.0914,3
2414,10586,0.0498,4
2414,3147,0.0128,5
2415,15363,0.4319,1
2415,7134,0.3171,2
2415,16408,0.1949,3
2415,16927,0.0281,4
2415,10157,0.0209,5
2415,6790,0.0071,6
2416,10925,0.5623,1
2416,5073,0.1866,2
2416,6863,0.1392,3
2416,3110,0.0647,4
2416,3688,0.03,5
2416,4864,0.0092,6
2416,5610,0.0081,7
2417,9178,0.3726,1
2417,7175,0.201,2
2417,1636,0.1639,3
2417,13959,0.1007,4
2417,4517,0.0646,5
2417,14469,0.049,6
2417,5130,0.0482,7
2418,8782,0.3483,1
2418,10829,0.2531,2
2418,10067,0.188,3
2418,7596,0.1323,4
2418,9752,0.0414,5
2418,7249,0.0368,6
2419,6907,0.542,1
2419,16434,0.167,2
2419,10860,0.1596,3
2419,16364,0.108,4
2419,12849,0.0234,5
2420,7662,0.5007,1
2420,6012,0.2169,2
2420,2099,0.1992,3
2420,9534,0.0669,4
2420,5653,0.0164,5
2421,2325,0.5571,1
2421,7844,0.3504,2
2421,1897,0.0632,3
2421,14330,0.0293,4
2422,3669,0.4709,1
2422,14793,0.4157,2
2422,8285,0.1134,3
2423,4011,1.0,1
2424,2456,0.3299,1
2424,4228,0.2552,2
2424,4299,0.2407,3
2424,1780,0.1742,4
2425,14815,0.4304,1
2425,6124,0.2004,2
2425,4236,0.1913,3
2425,3413,0.1779,4
2426,10554,0.6062,1
2426,5679,0.3578,2
2426,3426,0.035,3
2426,10966,0.0011,4
2427,10030,0.4472,1
2427,11201,0.2806,2
2427,16438,0.1431,3
2427,7700,0.0599,4
2427,5985,0.0479,5
2427,6362,0.0214,6
2428,12687,0.5093,1
2428,11696,0.3289,2
2428,1679,0.1157,3
2428,3901,0.0265,4
2428,4790,0.0197,5
2429,7773,0.3493,1
2429,8956,0.2247,2
2429,11758,0.1887,3
2429,5937,0.0893,4
2429,5701,0.0727,5
2429,6617,0.0626,6
2429,10865,0.0127,7
2430,3160,0.5983,1
2430,7308,0.3369,2
2430,4873,0.0648,3
2431,5837,0.5633,1
2431,9923,0.1556,2
2431,10375,0.1266,3
2431,7700,0.1099,4
2431,7607,0.0365,5
2431,12735,0.0045,6
2431,16089,0.0035,7
2432,6008,0.4762,1
2432,1712,0.2488,2
2432,13820,0.2109,3
2432,1743,0.0641,4
2433,9446,0.4383,1
2433,7976,0.3686,2
2433,4438,0.1887,3
2433,4146,0.0044,4
2434,8904,0.4575,1
2434,6791,0.3029,2
2434,8404,0.1002,3
2434,13191,0.0792,4
2434,5766,0.0602,5
2435,5808,0.5584,1
2435,8501,0.2804,2
2435,6600,0.1612,3
2436,3185,0.2529,1
2436,11168,0.226,2
2436,1811,0.1968,3
2436,4394,0.1546,4
2436,3148,0.1256,5
2436,5577,0.044,6
2437,2709,0.8303,1
2437,8044,0.0872,2
2437,10589,0.0298,3
2437,7107,0.0252,4
2437,4652,0.0151,5
2437,8630,0.0125,6
2438,2502,0.6534,1
2438,16633,0.2194,2
2438,7121,0.067,3
2438,9627,0.0514,4
2438,17433,0.0087,5
2439,1784,0.8123,1
2439,5688,0.1593,2
2439,4256,0.0284,3
2440,2845,0.5498,1
2440,10407,0.3206,2
2440,2177,0.0747,3
2440,3998,0.0355,4
2440,9336,0.0194,5
2441,2274,0.8387,1
2441,17612,0.087,2
2441,7370,0.0743,3
2442,9902,0.443,1
2442,9522,0.3168,2
2442,11356,0.2402,3
2443,7895,0.5903,1
2443,5510,0.2645,2
2443,8914,0.0895,3
2443,3069,0.0557,4
2444,3467,0.765,1
2444,13006,0.1184,2
2444,7788,0.1166,3
2445,4568,0.4512,1
2445,2155,0.2781,2
2445,4191,0.1887,3
2445,2471,0.0819,4
2446,3308,0.3636,1
2446,3435,0.3309,2
2446,5311,0.1675,3
2446,2148,0.1236,4
2446,7232,0.0144,5
2447,14782,0.4741,1
2447,8556,0.1686,2
2447,11551,0.1647,3
2447,6363,0.1267,4
2447,14541,0.05,5
2447,3764,0.0158,6
2448,3069,0.3723,1
2448,10612,0.3435,2
2448,3023,0.1859,3
2448,3329,0.0983,4
2449,3313,0.4879,1
2449,8379,0.2109,2
2449,10872,0.1634,3
2449,5702,0.1211,4
2449,9888,0.0168,5
2450,14971,0.6837,1
2450,13751,0.1841,2
2450,6062,0.1322,3
2451,17219,0.324,1
2451,9207,0.3177,2
2451,1656,0.0921,3
2451,7955,0.0911,4
2451,11334,0.0699,5
2451,9844,0.0569,6
2451,8971,0.0483,7
2452,3172,0.2777,1
2452,9939,0.235,2
2452,3239,0.1826,3
2452,6114,0.1327,4
2452,2740,0.0988,5
2452,6144,0.0732,6
2453,8778,0.4759,1
2453,4236,0.1659,2
2453,8840,0.1338,3
2453,9671,0.1043,4
2453,10798,0.0854,5
2453,6268,0.0347,6
2454,6028,0.405,1
2454,4337,0.3413,2
2454,12798,0.2537,3
2455,6951,0.4416,1
2455,3174,0.2334,2
2455,11486,0.1496,3
2455,1713,0.0967,4
2455,2288,0.0788,5
2456,3164,0.6253,1
2456,7593,0.3701,2
2456,3832,0.0046,3
2457,7807,0.5466,1
2457,4486,0.2819,2
2457,7497,0.0846,3
2457,6005,0.0389,4
2457,2781,0.0265,5
2457,5073,0.0206,6
2457,7885,0.0009,7
2458,6788,0.4686,1
2458,10486,0.3358,2
2458,2441,0.1956,3
2459,10952,0.4604,1
2459,6837,0.3005,2
2459,8694,0.2391,3
2460,9011,0.606,1
2460,3503,0.1976,2
2460,13872,0.097,3
2460,1675,0.071,4
2460,10975,0.0284,5
2461,4890,0.5888,1
2461,5284,0.3236,2
2461,13319,0.0876,3
2462,6822,0.5182,1
2462,3411,0.4623,2
2462,8751,0.0195,3
2463,3904,0.5455,1
2463,2433,0.4399,2
2463,8035,0.0147,3
2464,14434,0.6839,1
2464,3356,0.2243,2
2464,6268,0.073,3
2464,7593,0.0096,4
2464,5453,0.0092,5
2465,8788,0.5092,1
2465,4840,0.4476,2
2465,9611,0.0431,3
2466,8003,0.5529,1
2466,15893,0.2334,2
2466,11537,0.2137,3
2467,2770,0.3602,1
2467,9420,0.2566,2
2467,11131,0.1537,3
2467,11287,0.1442,4
2467,4410,0.081,5
2467,8128,0.0043,6
2468,2610,0.4748,1
2468,7078,0.311,2
2468,6137,0.1971,3
2468,8190,0.0171,4
2469,12421,0.5472,1
2469,12026,0.3277,2
2469,7105,0.0596,3
2469,12324,0.0349,4
2469,7235,0.0306,5
2470,9065,0.5119,1
2470,9494,0.2716,2
2470,4635,0.1785,3
2470,5362,0.038,4
2471,9257,0.4894,1
2471,10420,0.2384,2
2471,9432,0.1213,3
2471,9580,0.0729,4
2471,8518,0.0404,5
2471,17200,0.0376,6
2472,3048,0.7721,1
2472,11143,0.1691,2
2472,4610,0.0588,3
2473,9678,0.5656,1
2473,3698,0.2156,2
2473,2334,0.2105,3
2473,10768,0.0083,4
2474,10557,0.3565,1
2474,6954,0.2804,2
2474,4298,0.2431,3
2474,15220,0.1058,4
2474,7792,0.0123,5
2474,3660,0.0015,6
2474,5529,0.0004,7
2475,7164,0.434,1
2475,7611,0.2799,2
2475,9318,0.0984,3
2475,3102,0.0737,4
2475,5801,0.059,5
2475,10723,0.0381,6
2475,3688,0.0168,7
2476,10077,0.7035,1
2476,5992,0.2127,2
2476,17105,0.0813,3
2476,6454,0.0026,4
2477,4212,0.5344,1
2477,6914,0.1744,2
2477,4755,0.1205,3
2477,1902,0.1094,4
2477,3876,0.0309,5
2477,10201,0.0304,6
2478,8704,0.8383,1
2478,5945,0.083,2
2478,5270,0.0788,3
2479,2240,1.0,1
2480,7180,0.447,1
2480,2176,0.1808,2
2480,8915,0.1733,3
2480,11363,0.1136,4
2480,5082,0.0672,5
2480,5741,0.0182,6
2481,5881,0.3881,1
2481,10353,0.2492,2
2481,2897,0.2126,3
2481,5754,0.1019,4
2481,14588,0.0482,5
2482,6132,0.6409,1
2482,4310,0.3424,2
2482,11727,0.0168,3
2483,2485,0.4256,1
2483,10115,0.2335,2
2483,5973,0.1608,3
2483,3826,0.1559,4
2483,6447,0.0242,5
2484,6572,0.3833,1
2484,4169,0.368,2
2484,9685,0.2488,3
2485,4588,0.5337,1
2485,6176,0.4509,2
2485,12538,0.0154,3
2486,6203,0.551,1
2486,2895,0.3746,2
2486,3656,0.0743,3
2487,1793,0.4754,1
2487,5523,0.2329,2
2487,9985,0.2092,3
2487,10568,0.0825,4
2488,11642,0.6635,1
2488,16543,0.1615,2
2488,8927,0.1606,3
2488,16804,0.0143,4
2489,10540,0.9645,1
2489,5092,0.0355,2
2490,6734,0.4236,1
2490,10648,0.3572,2
2490,6316,0.0957,3
2490,7513,0.0554,4
2490,12328,0.0382,5
2490,14564,0.0272,6
2490,8348,0.0026,7
2491,4103,0.6518,1
2491,11563,0.2987,2
2491,8392,0.0494,3
2492,3440,0.406,1
2492,14111,0.2121,2
2492,15503,0.1643,3
2492,10973,0.1464,4
2492,7225,0.0713,5
2493,7066,0.6909,1
2493,16214,0.209,2
2493,10729,0.1002,3
2494,7421,0.473,1
2494,4700,0.4522,2
2494,12734,0.0749,3
2495,6124,0.3989,1
2495,4041,0.3979,2
2495,16032,0.115,3
2495,6606,0.0595,4
2495,4748,0.0287,5
2496,5970,0.6103,1
2496,7125,0.1601,2
2496,8268,0.117,3
2496,9905,0.0882,4
2496,7377,0.0137,5
2496,5183,0.0108,6
2497,14827,0.4723,1
2497,14166,0.1851,2
2497,5389,0.097,3
2497,13703,0.0911,4
2497,11167,0.0893,5
2497,7249,0.0652,6
2498,3823,0.3815,1
2498,2276,0.3235,2
2498,10216,0.1328,3
2498,8713,0.1178,4
2498,3144,0.0267,5
2498,9526,0.0178,6
2499,5070,0.598,1
2499,5422,0.2851,2
2499,6640,0.0777,3
2499,3097,0.0392,4
2500,3471,0.7439,1
2500,9959,0.2464,2
2500,11282,0.0097,3
2501,16551,0.499,1
2501,16210,0.44,2
2501,2053,0.0304,3
2501,11220,0.0206,4
2501,8233,0.01,5
2502,4333,0.5237,1
2502,13250,0.4573,2
2502,4397,0.0189,3
2503,14120,0.4688,1
2503,14484,0.3418,2
2503,17488,0.0609,3
2503,16162,0.0594,4
2503,4046,0.051,5
2503,3952,0.0148,6
2503,7995,0.0033,7
2504,3691,0.8535,1
2504,7100,0.1458,2
2504,9724,0.0007,3
2505,8238,0.3287,1
2505,12735,0.328,2
2505,8311,0.2538,3
2505,4047,0.0895,4
2506,15062,0.3556,1
2506,3615,0.3233,2
2506,2688,0.2115,3
2506,8008,0.1095,4
2507,5757,0.8001,1
2507,5925,0.0788,2
2507,3002,0.072,3
2507,2603,0.0491,4
2508,17516,0.4494,1
2508,15691,0.3535,2
2508,11642,0.1096,3
2508,11685,0.0876,4
2509,2775,0.311,1
2509,4793,0.1884,2
2509,2831,0.1791,3
2509,7201,0.1609,4
2509,5989,0.1024,5
2509,14293,0.037,6
2509,10715,0.0213,7
2510,9366,0.4117,1
2510,8768,0.2948,2
2510,7872,0.2935,3
2511,9155,0.6241,1
2511,10712,0.2215,2
2511,2384,0.1544,3
2512,4824,0.3315,1
2512,6317,0.2281,2
2512,16910,0.1454,3
2512,14360,0.1315,4
2512,16931,0.0942,5
2512,3749,0.0693,6
2513,8695,0.4262,1
2513,4010,0.2946,2
2513,2177,0.2792,3
2514,2750,0.4057,1
2514,8478,0.2182,2
2514,8582,0.2133,3
2514,15513,0.0954,4
2514,17571,0.0674,5
2515,8218,0.753,1
2515,10710,0.0839,2
2515,11121,0.0777,3
2515,3001,0.055,4
2515,9585,0.0304,5
2516,12909,0.2941,1
2516,8547,0.2565,2
2516,11978,0.1951,3
2516,10701,0.1582,4
2516,7458,0.0584,5
2516,16374,0.0312,6
2516,4110,0.0065,7
2517,6941,0.5813,1
2517,1753,0.2136,2
2517,6332,0.2051,3
2518,7904,0.4761,1
2518,8113,0.4648,2
2518,9612,0.0591,3
2519,4039,0.642,1
2519,9263,0.1535,2
2519,9393,0.1424,3
2519,4326,0.0397,4
2519,10318,0.0135,5
2519,10489,0.0088,6
2520,10591,0.3794,1
2520,9440,0.2438,2
2520,2014,0.1665,3
2520,7150,0.142,4
2520,11314,0.0683,5
2521,3959,0.5594,1
2521,9150,0.246,2
2521,8028,0.1945,3
2522,4472,0.5901,1
2522,4122,0.1947,2
2522,11226,0.1795,3
2522,4479,0.0358,4
2523,10906,0.3893,1
2523,9669,0.2468,2
2523,10378,0.1184,3
2523,6410,0.1008,4
2523,9346,0.0862,5
2523,1986,0.0585,6
2524,4625,0.5023,1
2524,4590,0.2233,2
2524,6988,0.1694,3
2524,5858,0.0625,4
2524,7308,0.0425,5
2525,10833,0.3885,1
2525,4248,0.3751,2
2525,6553,0.2364,3
2526,4850,0.7669,1
2526,2485,0.1539,2
2526,10806,0.0792,3
2527,2822,0.2608,1
2527,2801,0.2446,2
2527,7330,0.2057,3
2527,10089,0.1756,4
2527,16897,0.0971,5
2527,13403,0.0161,6
2528,17571,0.3123,1
2528,8352,0.258,2
2528,2197,0.1986,3
2528,17223,0.1913,4
2528,7218,0.0398,5
2529,10766,0.326,1
2529,4278,0.2789,2
2529,6978,0.1918,3
2529,7140,0.161,4
2529,9291,0.0186,5
2529,6601,0.0168,6
2529,5686,0.0068,7
2530,8682,0.4778,1
2530,6702,0.3703,2
2530,3973,0.0573,3
2530,5121,0.038,4
2530,4131,0.031,5
2530,10152,0.0257,6
2531,5126,0.734,1
2531,5305,0.1785,2
2531,10174,0.0875,3
2532,3353,0.677,1
2532,9133,0.2075,2
2532,9246,0.065,3
2532,14486,0.0289,4
2532,12391,0.0192,5
2532,14480,0.0024,6
2533,7757,0.6193,1
2533,14259,0.206,2
2533,15823,0.1218,3
2533,2517,0.0529,4
2534,3404,0.4506,1
2534,9766,0.3077,2
2534,10680,0.1177,3
2534,3948,0.0432,4
2534,10380,0.0429,5
2534,5372,0.0379,6
2535,2051,0.6815,1
2535,5764,0.1822,2
2535,4488,0.1363,3
2536,13657,0.4353,1
2536,3075,0.4071,2
2536,3052,0.0978,3
2536,7622,0.0349,4
2536,16551,0.0249,5
2537,14299,0.6522,1
2537,8788,0.3139,2
2537,6713,0.0339,3
2538,6698,0.3471,1
2538,10355,0.2982,2
2538,8850,0.2087,3
2538,7271,0.1293,4
2538,15156,0.0167,5
2539,12296,0.6524,1
2539,2021,0.2772,2
2539,7424,0.0704,3
2540,5425,0.5432,1
2540,11391,0.2208,2
2540,6019,0.1841,3
2540,17605,0.0518,4
2541,6315,0.4686,1
2541,10517,0.2942,2
2541,3601,0.2372,3
2542,4854,0.4598,1
2542,4870,0.4426,2
2542,13794,0.0799,3
2542,13102,0.0176,4
2543,11612,0.4449,1
2543,1971,0.1974,2
2543,9614,0.1589,3
2543,8156,0.1127,4
2543,5638,0.0706,5
2543,7118,0.0155,6
2544,10864,0.6695,1
2544,5168,0.2351,2
2544,7011,0.0954,3
2545,15251,0.2983,1
2545,4422,0.2572,2
2545,4212,0.254,3
2545,13123,0.136,4
2545,12538,0.0546,5
2546,13432,0.5629,1
2546,14095,0.3672,2
2546,4934,0.0699,3
2547,4031,0.669,1
2547,6501,0.2478,2
2547,2457,0.0452,3
2547,8207,0.038,4
2548,9941,0.7396,1
2548,8790,0.2043,2
2548,7276,0.0561,3
2549,3233,0.3665,1
2549,2973,0.2679,2
2549,7122,0.2132,3
2549,3362,0.1522,4
2549,10862,0.0002,5
2550,9406,0.591,1
2550,3557,0.3504,2
2550,5034,0.0546,3
2550,8749,0.004,4
2551,5138,0.3937,1
2551,15780,0.2753,2
2551,9991,0.1618,3
2551,15339,0.0822,4
2551,7678,0.0405,5
2551,14317,0.0322,6
2551,16501,0.0142,7
2552,13947,0.4624,1
2552,11510,0.2264,2
2552,9271,0.1294,3
2552,5299,0.1229,4
2552,3246,0.0588,5
2553,6772,0.5999,1
2553,2381,0.2125,2
2553,14929,0.1876,3
2554,8487,0.4455,1
2554,6064,0.3169,2
2554,3738,0.2376,3
2555,7264,0.2935,1
2555,15590,0.2144,2
2555,2017,0.1982,3
2555,13358,0.1267,4
2555,6617,0.1074,5
2555,12466,0.0535,6
2555,9538,0.0061,7
2556,5374,0.441,1
2556,3250,0.2999,2
2556,1930,0.1386,3
2556,6463,0.1204,4
2557,2232,0.8041,1
2557,4435,0.1089,2
2557,3854,0.0536,3
2557,14785,0.0334,4
2558,6513,0.6429,1
2558,1661,0.2296,2
2558,6276,0.0571,3
2558,4067,0.0372,4
2558,12521,0.0278,5
2558,2367,0.004,6
2558,1827,0.0014,7
2559,14152,0.4785,1
2559,13129,0.2286,2
2559,4816,0.1438,3
2559,16326,0.1193,4
2559,2495,0.0299,5
2560,1942,0.2529,1
2560,1671,0.2127,2
2560,3314,0.2082,3
2560,2645,0.1756,4
2560,11359,0.0983,5
2560,9516,0.0312,6
2560,7258,0.0211,7
2561,2297,0.5191,1
2561,4458,0.2896,2
2561,5645,0.0989,3
2561,9066,0.0552,4
2561,8873,0.0354,5
2561,7360,0.0018,6
2562,6137,0.5952,1
2562,8999,0.2182,2
2562,4738,0.1866,3
2563,10710,0.4787,1
2563,6237,0.196,2
2563,3395,0.148,3
2563,1898,0.1032,4
2563,7450,0.0673,5
2563,2637,0.0068,6
2564,17625,0.4909,1
2564,8757,0.2303,2
2564,2699,0.2035,3
2564,4756,0.0693,4
2564,10465,0.006,5
2565,14757,0.4596,1
2565,7651,0.4096,2
2565,10608,0.1307,3
2566,14757,0.5478,1
2566,7769,0.3674,2
2566,10147,0.0824,3
2566,5497,0.0023,4
2567,4058,0.7639,1
2567,2664,0.2361,2
2568,8470,0.7104,1
2568,1969,0.2138,2
2568,7212,0.0757,3
2569,4189,0.8322,1
2569,7567,0.1319,2
2569,13579,0.0355,3
2569,2442,0.0005,4
2570,15991,0.6265,1
2570,3171,0.2408,2
2570,2872,0.0892,3
2570,5477,0.0434,4
2571,5142,0.5663,1
2571,2074,0.1841,2
2571,11019,0.1686,3
2571,6018,0.0524,4
2571,2069,0.014,5
2571,10112,0.0121,6
2571,2298,0.0024,7
2572,7487,0.4877,1
2572,1642,0.1471,2
2572,3344,0.1302,3
2572,6038,0.1034,4
2572,8005,0.1023,5
2572,9834,0.0293,6
2573,2314,0.66,1
2573,11278,0.1609,2
2573,5054,0.053,3
2573,14144,0.0506,4
2573,6085,0.0439,5
2573,12588,0.0174,6
2573,3045,0.0143,7
2574,15092,0.6382,1
2574,9265,0.3618,2
2575,8409,0.4197,1
2575,9726,0.3886,2
2575,5323,0.1054,3
2575,8242,0.0778,4
2575,2341,0.0086,5
2576,4314,0.7618,1
2576,16459,0.0997,2
2576,2320,0.0634,3
2576,8286,0.0492,4
2576,4530,0.0186,5
2576,16416,0.0073,6
2577,9788,0.3633,1
2577,11106,0.1829,2
2577,7332,0.1177,3
2577,9290,0.1113,4
2577,6392,0.1075,5
2577,8893,0.0711,6
2577,3984,0.0461,7
2578,4933,0.4831,1
2578,3613,0.3059,2
2578,7928,0.0765,3
2578,3162,0.076,4
2578,5675,0.0585,5
2579,3476,0.661,1
2579,4158,0.1606,2
2579,5282,0.1176,3
2579,13958,0.0608,4
2580,5077,0.6922,1
2580,5707,0.2037,2
2580,4086,0.1041,3
2581,10535,0.3355,1
2581,7053,0.2552,2
2581,10950,0.2455,3
2581,9142,0.1301,4
2581,4556,0.0243,5
2581,8086,0.0094,6
2582,3615,0.6104,1
2582,5516,0.2664,2
2582,1668,0.0765,3
2582,10154,0.03,4
2582,3357,0.0166,5
2583,2828,0.2985,1
2583,3593,0.2875,2
2583,4215,0.267,3
2583,4377,0.1046,4
2583,8324,0.0424,5
2584,5581,0.5559,1
2584,3703,0.267,2
2584,7247,0.1537,3
2584,8965,0.0234,4
2585,9531,0.8592,1
2585,10249,0.1408,2
2586,4551,0.633,1
2586,10641,0.2369,2
2586,12080,0.1298,3
2586,3597,0.0004,4
2587,9863,0.3871,1
2587,6492,0.2411,2
2587,6961,0.2374,3
2587,2508,0.0804,4
2587,5303,0.054,5
2588,8907,0.9049,1
2588,9819,0.0951,2
2589,4393,0.7952,1
2589,1983,0.2048,2
2590,8141,0.7135,1
2590,5073,0.1928,2
2590,16808,0.0937,3
2591,8470,0.3248,1
2591,10284,0.2388,2
2591,11353,0.2278,3
2591,3977,0.1337,4
2591,6434,0.073,5
2591,9369,0.0019,6
2592,9124,0.5574,1
2592,7196,0.157,2
2592,10027,0.1493,3
2592,3520,0.1314,4
2592,2024,0.005,5
2593,10904,0.727,1
2593,4710,0.2079,2
2593,2904,0.0609,3
2593,4724,0.0041,4
2594,7511,0.4529,1
2594,8442,0.4424,2
2594,11397,0.0601,3
2594,6649,0.0445,4
2595,15552,0.5606,1
2595,11877,0.1929,2
2595,3553,0.1896,3
2595,2313,0.0375,4
2595,15163,0.0193,5
2596,10182,0.6797,1
2596,5503,0.3137,2
2596,2426,0.0066,3
2597,13827,0.6428,1
2597,4852,0.2454,2
2597,16735,0.1118,3
2598,2076,0.3244,1
2598,6528,0.1971,2
2598,9509,0.1734,3
2598,8989,0.137,4
2598,15206,0.1273,5
2598,16092,0.0375,6
2598,10422,0.0032,7
2599,4878,0.7644,1
2599,8192,0.1643,2
2599,5517,0.0664,3
2599,1943,0.0049,4
2600,7355,0.501,1
2600,8553,0.2061,2
2600,9417,0.1784,3
2600,13297,0.0794,4
2600,7504,0.0351,5
2601,3057,0.6659,1
2601,9801,0.245,2
2601,3454,0.0891,3
2602,6854,0.6724,1
2602,3546,0.24,2
2602,7973,0.0516,3
2602,8770,0.036,4
2603,3781,0.4837,1
2603,1859,0.215,2
2603,7351,0.1885,3
2603,10076,0.1086,4
2603,2343,0.0042,5
2604,6514,0.3806,1
2604,3560,0.2257,2
2604,7668,0.1887,3
2604,4747,0.1028,4
2604,7593,0.0913,5
2604,10605,0.0109,6
2605,3804,0.6187,1
2605,4336,0.1639,2
2605,14203,0.1291,3
2605,9643,0.0818,4
2605,3048,0.0065,5
2606,7933,0.5154,1
2606,7664,0.1696,2
2606,7188,0.1166,3
2606,2099,0.0796,4
2606,11160,0.061,5
2606,10747,0.0496,6
2606,6765,0.0082,7
2607,8032,0.7372,1
2607,10944,0.2628,2
2608,17577,0.3323,1
2608,7947,0.3249,2
2608,11412,0.1317,3
2608,2652,0.0757,4
2608,12394,0.055,5
2608,9566,0.0476,6
2608,17455,0.0329,7
2609,14474,0.7885,1
2609,15457,0.0765,2
2609,3058,0.0749,3
2609,15674,0.0602,4
2610,1898,0.5678,1
2610,6762,0.1571,2
2610,3457,0.1401,3
2610,9513,0.135,4
2611,3063,0.6532,1
2611,3851,0.1436,2
2611,4307,0.1401,3
2611,3967,0.0631,4
2612,16140,0.3529,1
2612,3581,0.2549,2
2612,11078,0.2316,3
2612,8520,0.1349,4
2612,7148,0.0252,5
2612,11082,0.0004,6
2612,8469,0.0001,7
2613,3741,0.4105,1
2613,1875,0.244,2
2613,3875,0.173,3
2613,10708,0.1617,4
2613,9477,0.0108,5
2614,14872,0.4035,1
2614,7724,0.3601,2
2614,15817,0.1805,3
2614,7722,0.0497,4
2614,11229,0.0062,5
2615,2724,0.3012,1
2615,11590,0.237,2
2615,3197,0.1769,3
2615,7670,0.162,4
2615,9122,0.0996,5
2615,11841,0.0233,6
2616,9575,0.7295,1
2616,7645,0.2705,2
2617,5868,0.6611,1
2617,3413,0.2742,2
2617,4611,0.0647,3
2618,3056,0.6922,1
2618,8570,0.3078,2
2619,12011,0.3098,1
2619,4435,0.2772,2
2619,7489,0.2182,3
2619,7526,0.1948,4
2620,7102,0.4861,1
2620,14252,0.2581,2
2620,8567,0.234,3
2620,14485,0.0217,4
2621,4585,0.3866,1
2621,6962,0.372,2
2621,10520,0.2341,3
2621,1723,0.0073,4
2622,9081,0.4302,1
2622,1663,0.2589,2
2622,4840,0.187,3
2622,14966,0.0632,4
2622,3418,0.0464,5
2622,2659,0.0143,6
2623,7342,0.6397,1
2623,3460,0.3603,2
2624,6070,0.5366,1
2624,12085,0.4122,2
2624,11508,0.0512,3
2625,5685,0.518,1
2625,5582,0.3485,2
2625,9168,0.1119,3
2625,6786,0.0216,4
2626,4338,0.269,1
2626,10189,0.1951,2
2626,6546,0.1749,3
2626,2432,0.1639,4
2626,3882,0.1574,5
2626,8939,0.0398,6
2627,8008,0.9283,1
2627,8232,0.0648,2
2627,13767,0.0069,3
2628,3866,0.3969,1
2628,3043,0.2766,2
2628,8294,0.144,3
2628,4196,0.0988,4
2628,9156,0.0837,5
2629,4669,0.3137,1
2629,14034,0.312,2
2629,17174,0.1418,3
2629,6666,0.0855,4
2629,2854,0.0654,5
2629,3102,0.0424,6
2629,4074,0.0393,7
2630,11233,0.3847,1
2630,9905,0.2962,2
2630,8980,0.2648,3
2630,8637,0.0542,4
2631,7307,0.5396,1
2631,4372,0.28,2
2631,7649,0.1126,3
2631,5485,0.039,4
2631,7733,0.0265,5
2631,3797,0.0023,6
2632,5899,0.3164,1
2632,7876,0.266,2
2632,10053,0.1566,3
2632,5648,0.1489,4
2632,10682,0.0894,5
2632,12151,0.0227,6
2633,10684,0.4909,1
2633,5374,0.3848,2
2633,4600,0.1061,3
2633,7416,0.0179,4
2633,9228,0.0003,5
2634,12177,0.595,1
2634,3559,0.2351,2
2634,12485,0.1699,3
2635,14103,0.3559,1
2635,15186,0.3559,2
2635,9119,0.2088,3
2635,12734,0.0794,4
2636,3154,0.6135,1
2636,9475,0.1822,2
2636,8202,0.1632,3
2636,2899,0.041,4
2637,7984,0.3405,1
2637,8427,0.3247,2
2637,10963,0.2222,3
2637,4580,0.0576,4
2637,3558,0.0352,5
2637,6042,0.0137,6
2637,5988,0.0061,7
2638,10706,0.5502,1
2638,2614,0.1988,2
2638,8503,0.1286,3
2638,15557,0.0969,4
2638,12859,0.0241,5
2638,6151,0.0014,6
2639,4406,0.4447,1
2639,3002,0.2706,2
2639,8099,0.2658,3
2639,9636,0.0189,4
2640,2107,0.6756,1
2640,2762,0.323,2
2640,16475,0.0014,3
2641,8596,0.3554,1
2641,14793,0.2847,2
2641,7501,0.1707,3
2641,1962,0.1164,4
2641,9650,0.0374,5
2641,1647,0.0246,6
2641,4812,0.0109,7
2642,2848,0.5017,1
2642,4438,0.1728,2
2642,2577,0.1378,3
2642,7319,0.1222,4
2642,7078,0.0656,5
2643,10555,0.4946,1
2643,14352,0.2004,2
2643,2490,0.1308,3
2643,11655,0.0963,4
2643,15829,0.078,5
2644,12737,0.5478,1
2644,12988,0.1464,2
2644,4548,0.1387,3
2644,2430,0.0881,4
2644,8883,0.0461,5
2644,12580,0.0329,6
2645,5767,1.0,1
2646,6132,0.5905,1
2646,6387,0.3574,2
2646,15428,0.0452,3
2646,7125,0.0068,4
2647,13981,0.5744,1
2647,13484,0.188,2
2647,11339,0.1067,3
2647,10275,0.0574,4
2647,5141,0.0458,5
2647,12086,0.0277,6
2648,6728,0.2971,1
2648,6441,0.2846,2
2648,7075,0.2747,3
2648,10708,0.0913,4
2648,2067,0.0275,5
2648,6366,0.0247,6
2649,11375,0.2416,1
2649,8944,0.2319,2
2649,8496,0.207,3
2649,12331,0.1493,4
2649,8990,0.1021,5
2649,4711,0.0681,6
2650,3455,0.5544,1
2650,3002,0.1342,2
2650,1780,0.1335,3
2650,2101,0.1256,4
2650,2239,0.0454,5
2650,3511,0.007,6
2651,4994,0.468,1
2651,10094,0.333,2
2651,1913,0.1491,3
2651,3174,0.0465,4
2651,8425,0.0034,5
2652,11102,0.5777,1
2652,9821,0.3556,2
2652,6093,0.0668,3
2653,4534,0.502,1
2653,4029,0.4216,2
2653,3001,0.0763,3
2654,12360,0.4606,1
2654,2985,0.4351,2
2654,8708,0.1043,3
2655,8457,0.3706,1
2655,9709,0.2916,2
2655,3667,0.1414,3
2655,9275,0.1409,4
2655,3948,0.0366,5
2655,4988,0.0188,6
2656,13513,0.3102,1
2656,13070,0.2472,2
2656,6680,0.201,3
2656,13525,0.1184,4
2656,7474,0.0899,5
2656,10969,0.0334,6
2657,4433,0.5281,1
2657,3737,0.248,2
2657,3592,0.1398,3
2657,12008,0.0492,4
2657,7138,0.0349,5
2658,14548,0.4075,1
2658,15624,0.3936,2
2658,10384,0.1492,3
2658,8670,0.0497,4
2659,10730,0.4987,1
2659,7718,0.1947,2
2659,6082,0.1627,3
2659,2100,0.107,4
2659,8779,0.037,5
2660,15253,0.6008,1
2660,10429,0.2826,2
2660,14129,0.1167,3
2661,17166,0.7328,1
2661,4670,0.1626,2
2661,11563,0.0768,3
2661,7617,0.0148,4
2661,7926,0.0079,5
2661,6517,0.005,6
2662,8854,0.3713,1
2662,3504,0.2958,2
2662,8546,0.0979,3
2662,10725,0.0978,4
2662,8840,0.0827,5
2662,10867,0.0545,6
2663,9426,0.5812,1
2663,10268,0.19,2
2663,4820,0.1671,3
2663,2751,0.0518,4
2663,5144,0.0077,5
2663,7254,0.0023,6
2664,7373,0.3073,1
2664,7049,0.2326,2
2664,7688,0.1557,3
2664,10321,0.1313,4
2664,3129,0.1121,5
2664,9265,0.0387,6
2664,2010,0.0222,7
2665,2177,0.4299,1
2665,7528,0.3855,2
2665,1994,0.1054,3
2665,5420,0.0639,4
2665,7524,0.0154,5
2666,3457,0.6413,1
2666,3507,0.2299,2
2666,3930,0.1288,3
2667,8314,0.6072,1
2667,5416,0.1726,2
2667,11349,0.1524,3
2667,6149,0.0679,4
2668,3242,0.5098,1
2668,9500,0.393,2
2668,15105,0.0972,3
2669,5357,0.4757,1
2669,11229,0.3002,2
2669,5622,0.1064,3
2669,5527,0.0993,4
2669,17104,0.0185,5
2670,7679,0.419,1
2670,4415,0.2086,2
2670,10161,0.1749,3
2670,12645,0.0984,4
2670,12533,0.0775,5
2670,10169,0.0212,6
2670,13685,0.0003,7
2671,4152,0.6441,1
2671,4531,0.2141,2
2671,2304,0.0996,3
2671,10792,0.0296,4
2671,8607,0.0096,5
2671,2875,0.0023,6
2671,5239,0.0008,7
2672,9265,0.6034,1
2672,11171,0.371,2
2672,3061,0.0257,3
2673,1932,0.9579,1
2673,10999,0.0262,2
2673,2046,0.0158,3
2674,9119,0.373,1
2674,14029,0.3596,2
2674,6134,0.2644,3
2674,3043,0.003,4
2675,17485,0.4656,1
2675,12256,0.3416,2
2675,11483,0.1461,3
2675,14892,0.0467,4
2676,6592,0.613,1
2676,6721,0.2915,2
2676,9241,0.0697,3
2676,7434,0.0259,4
2677,2366,0.785,1
2677,7786,0.215,2
2678,5243,0.4749,1
2678,4581,0.2684,2
2678,10517,0.1023,3
2678,2116,0.0885,4
2678,1670,0.0599,5
2678,4618,0.006,6
2679,11109,0.5115,1
2679,2052,0.2679,2
2679,4479,0.1285,3
2679,9504,0.092,4
2680,10776,0.4065,1
2680,4914,0.3972,2
2680,2578,0.1408,3
2680,3410,0.0555,4
2681,5662,0.7983,1
2681,3366,0.1167,2
2681,1759,0.085,3
2682,6683,0.7361,1
2682,12033,0.1604,2
2682,14808,0.1035,3
2683,3020,0.348,1
2683,2628,0.2539,2
2683,4956,0.1989,3
2683,9253,0.0811,4
2683,4557,0.0809,5
2683,4084,0.0257,6
2683,15943,0.0115,7
2684,3181,0.6949,1
2684,1723,0.2099,2
2684,7540,0.0878,3
2684,8804,0.0075,4
2685,10612,0.4381,1
2685,6421,0.2313,2
2685,4485,0.1354,3
2685,7548,0.1109,4
2685,9668,0.0444,5
2685,7564,0.0309,6
2685,3907,0.009,7
2686,3846,0.6471,1
2686,6762,0.1085,2
2686,8906,0.0913,3
2686,8389,0.0826,4
2686,5043,0.0703,5
2686,3181,0.0002,6
2687,4398,0.283,1
2687,3259,0.2764,2
2687,9404,0.2299,3
2687,5171,0.1399,4
2687,5797,0.0611,5
2687,3846,0.0057,6
2687,1636,0.0041,7
2688,3959,0.4277,1
2688,4451,0.2265,2
2688,2237,0.1095,3
2688,3645,0.0824,4
2688,3395,0.0728,5
2688,6125,0.0653,6
2688,7068,0.0157,7
2689,13127,0.5283,1
2689,10000,0.3232,2
2689,12912,0.1485,3
2690,8829,0.4006,1
2690,2210,0.3576,2
2690,5189,0.1973,3
2690,4160,0.0445,4
2691,17248,0.4272,1
2691,13250,0.3553,2
2691,11502,0.2175,3
2692,10196,0.698,1
2692,5685,0.1803,2
2692,3882,0.1218,3
2693,5770,0.5284,1
2693,1652,0.3439,2
2693,14549,0.1277,3
2694,2569,0.7224,1
2694,5422,0.277,2
2694,4637,0.0006,3
2695,8620,0.3228,1
2695,10786,0.2703,2
2695,8622,0.1994,3
2695,7985,0.1711,4
2695,4681,0.0312,5
2695,6574,0.0052,6
2696,7718,0.4653,1
2696,7489,0.3121,2
2696,5689,0.2226,3
2697,8578,0.7068,1
2697,6559,0.1972,2
2697,13629,0.096,3
2698,9806,0.5992,1
2698,13916,0.3875,2
2698,16155,0.0116,3
2698,13475,0.0017,4
2699,10814,0.7748,1
2699,8796,0.0941,2
2699,3380,0.0932,3
2699,6756,0.0378,4
2700,8738,0.7245,1
2700,14515,0.1859,2
2700,2072,0.0425,3
2700,9918,0.0345,4
2700,10061,0.0118,5
2700,5706,0.0009,6
2701,13477,0.4654,1
2701,3469,0.1596,2
2701,11260,0.1344,3
2701,8822,0.1329,4
2701,7870,0.0631,5
2701,2139,0.0447,6
2702,2397,0.6043,1
2702,3851,0.1445,2
2702,2828,0.1362,3
2702,6536,0.115,4
2703,8524,0.5248,1
2703,9813,0.4232,2
2703,5323,0.052,3
2704,5689,0.4973,1
2704,16078,0.2356,2
2704,4591,0.1406,3
2704,13879,0.0523,4
2704,10158,0.0453,5
2704,14858,0.0289,6
2705,6989,0.3591,1
2705,13223,0.2359,2
2705,14681,0.1785,3
2705,4218,0.1523,4
2705,12173,0.0448,5
2705,16293,0.0285,6
2705,1985,0.0009,7
2706,2416,0.6995,1
2706,3895,0.1443,2
2706,7674,0.1081,3
2706,4398,0.0304,4
2706,11043,0.0177,5
2707,5283,0.6167,1
2707,10552,0.2252,2
2707,8372,0.158,3
2708,2059,0.3452,1
2708,7142,0.2467,2
2708,7401,0.127,3
2708,2684,0.1185,4
2708,3903,0.0814,5
2708,7428,0.0482,6
2708,5688,0.0331,7
2709,11606,0.4449,1
2709,12743,0.1623,2
2709,14891,0.121,3
2709,11694,0.1169,4
2709,6001,0.0979,5
2709,16032,0.0504,6
2709,10443,0.0066,7
2710,2670,0.3505,1
2710,6725,0.3198,2
2710,5796,0.1611,3
2710,7040,0.1162,4
2710,3658,0.0346,5
2710,8445,0.0178,6
2711,10410,0.2321,1
2711,4012,0.2315,2
2711,10106,0.2212,3
2711,14186,0.171,4
2711,5873,0.1441,5
2712,1643,0.3019,1
2712,9117,0.2758,2
2712,8063,0.1636,3
2712,4292,0.0785,4
2712,1761,0.0737,5
2712,4086,0.0541,6
2712,7088,0.0524,7
2713,5069,0.5263,1
2713,9332,0.2546,2
2713,11206,0.2192,3
2714,6056,0.683,1
2714,6455,0.31,2
2714,10022,0.0069,3
2715,7998,0.2863,1
2715,5892,0.2624,2
2715,6410,0.1861,3
2715,10699,0.1605,4
2715,10285,0.0818,5
2715,5335,0.0116,6
2715,3934,0.0114,7
2716,16826,0.6782,1
2716,13328,0.1991,2
2716,13934,0.1227,3
2717,7611,0.4858,1
2717,5160,0.3944,2
2717,3755,0.1198,3
2718,6630,0.4741,1
2718,3722,0.2012,2
2718,11001,0.1888,3
2718,5969,0.0827,4
2718,4620,0.0533,5
2719,9530,0.4275,1
2719,4077,0.185,2
2719,5464,0.1345,3
2719,10966,0.1051,4
2719,5195,0.0885,5
2719,6372,0.0419,6
2719,7978,0.0175,7
2720,3120,0.4919,1
2720,7193,0.2315,2
2720,8647,0.1541,3
2720,5079,0.1224,4
2721,11397,0.27,1
2721,11404,0.2614,2
2721,3881,0.2014,3
2721,5106,0.1201,4
2721,6106,0.1178,5
2721,2448,0.0243,6
2721,8371,0.0051,7
2722,7055,0.4354,1
2722,4572,0.4113,2
2722,5584,0.0853,3
2722,9304,0.0402,4
2722,6421,0.0277,5
2723,7375,0.5057,1
2723,17051,0.1995,2
2723,12787,0.1867,3
2723,14504,0.095,4
2723,11308,0.0131,5
2724,1699,0.5831,1
2724,10270,0.3801,2
2724,3215,0.0368,3
2725,2590,0.328,1
2725,10786,0.2969,2
2725,9406,0.2656,3
2725,7968,0.0625,4
2725,10520,0.047,5
2726,5800,0.6424,1
2726,3254,0.1364,2
2726,3131,0.1329,3
2726,7550,0.0884,4
2727,10055,0.3008,1
2727,11498,0.2122,2
2727,10454,0.1862,3
2727,17567,0.1763,4
2727,14985,0.0603,5
2727,10381,0.045,6
2727,5535,0.0191,7
2728,5468,0.4403,1
2728,10625,0.2209,2
2728,4705,0.164,3
2728,4276,0.1507,4
2728,4324,0.0241,5
2729,8774,0.5111,1
2729,9412,0.3844,2
2729,2662,0.0781,3
2729,3438,0.0264,4
2730,11609,0.585,1
2730,6080,0.2773,2
2730,2951,0.1214,3
2730,11134,0.0163,4
2731,2796,0.907,1
2731,4446,0.0826,2
2731,6679,0.0104,3
2732,12449,0.8394,1
2732,14452,0.1474,2
2732,2660,0.0115,3
2732,6276,0.0017,4
2733,2874,0.3688,1
2733,4852,0.2251,2
2733,7423,0.1862,3
2733,7285,0.1515,4
2733,8113,0.0684,5
2734,5369,0.5262,1
2734,7668,0.3432,2
2734,4921,0.1306,3
2735,15104,0.4344,1
2735,13270,0.1956,2
2735,2742,0.1317,3
2735,6632,0.1139,4
2735,13046,0.1074,5
2735,6776,0.0169,6
2736,5004,0.4454,1
2736,8186,0.3656,2
2736,6804,0.1116,3
2736,11306,0.0511,4
2736,8354,0.0263,5
2737,7880,1.0,1
2738,3099,1.0,1
2739,5939,0.5389,1
2739,10512,0.2479,2
2739,16406,0.1747,3
2739,4099,0.0278,4
2739,17421,0.0107,5
2740,3069,0.6758,1
2740,6857,0.1246,2
2740,4611,0.0806,3
2740,9724,0.0538,4
2740,2432,0.033,5
2740,5154,0.0265,6
2740,5441,0.0058,7
2741,5043,0.7468,1
2741,5377,0.2532,2
2742,9241,0.4644,1
2742,8487,0.2988,2
2742,4950,0.1329,3
2742,4472,0.1039,4
2743,6671,0.5779,1
2743,4006,0.2649,2
2743,3496,0.1572,3
2744,13542,0.6046,1
2744,13058,0.3951,2
2744,4941,0.0003,3
2745,7158,0.4629,1
2745,9685,0.3258,2
2745,1814,0.1636,3
2745,5588,0.0477,4
2746,7734,0.4203,1
2746,5769,0.331,2
2746,3047,0.1197,3
2746,11184,0.0758,4
2746,5023,0.0533,5
2747,1753,0.8234,1
2747,3643,0.1766,2
2748,17632,0.4064,1
2748,8533,0.2294,2
2748,4497,0.1537,3
2748,11115,0.1273,4
2748,17571,0.0459,5
2748,13338,0.0194,6
2748,10651,0.018,7
2749,2425,0.3328,1
2749,4281,0.3014,2
2749,2351,0.201,3
2749,13652,0.0645,4
2749,6398,0.0535,5
2749,17364,0.0447,6
2749,12915,0.0021,7
2750,2256,0.9491,1
2750,7786,0.0509,2
2751,16586,0.4879,1
2751,12828,0.2146,2
2751,17392,0.1721,3
2751,1715,0.1253,4
2752,16564,0.8814,1
2752,6698,0.0997,2
2752,9584,0.0189,3
2753,8114,0.3778,1
2753,7780,0.2863,2
2753,1883,0.1284,3
2753,9912,0.082,4
2753,11282,0.0653,5
2753,6486,0.054,6
2753,9000,0.0062,7
2754,8196,0.3119,1
2754,2307,0.2953,2
2754,15577,0.2352,3
2754,5554,0.1576,4
2755,6234,0.5491,1
2755,5663,0.207,2
2755,7819,0.1459,3
2755,5557,0.0343,4
2755,9626,0.0337,5
2755,13950,0.03,6
2756,10548,0.6109,1
2756,9329,0.3057,2
2756,10770,0.0834,3
2757,3208,0.4875,1
2757,3487,0.3464,2
2757,8168,0.1637,3
2757,12766,0.0024,4
2758,10504,0.2996,1
2758,5242,0.2202,2
2758,1760,0.1919,3
2758,2204,0.1819,4
2758,3375,0.0849,5
2758,3370,0.0127,6
2758,6944,0.0088,7
2759,8421,0.5758,1
2759,3196,0.2918,2
2759,3862,0.0877,3
2759,3386,0.0447,4
2760,3383,0.7447,1
2760,3737,0.206,2
2760,12153,0.0414,3
2760,14389,0.0079,4
2761,5385,0.2316,1
2761,8055,0.193,2
2761,9475,0.163,3
2761,2963,0.1602,4
2761,5055,0.1332,5
2761,7497,0.0841,6
2761,6246,0.0349,7
2762,2674,0.531,1
2762,4531,0.4489,2
2762,4364,0.0202,3
2763,2846,0.5401,1
2763,5804,0.3073,2
2763,7659,0.079,3
2763,8605,0.0258,4
2763,9216,0.0224,5
2763,3839,0.0204,6
2763,10785,0.0049,7
2764,10083,0.8549,1
2764,3244,0.0943,2
2764,11993,0.0508,3
2765,10309,0.285,1
2765,5921,0.2343,2
2765,5973,0.175,3
2765,10182,0.1645,4
2765,8324,0.1362,5
2765,4273,0.0029,6
2765,1852,0.0021,7
2766,2204,0.9834,1
2766,5790,0.0166,2
2767,6630,0.2773,1
2767,17301,0.2743,2
2767,9123,0.2192,3
2767,2741,0.1158,4
2767,3672,0.0885,5
2767,6603,0.0249,6
2768,5455,0.3753,1
2768,3454,0.227,2
2768,6625,0.1528,3
2768,6823,0.0953,4
2768,3790,0.0946,5
2768,4081,0.038,6
2768,6344,0.0169,7
2769,8915,0.2768,1
2769,9866,0.2506,2
2769,6561,0.2153,3
2769,2084,0.2107,4
2769,11030,0.0271,5
2769,7663,0.0195,6
2770,2056,0.4404,1
2770,15237,0.2857,2
2770,5522,0.274,3
2771,8437,0.5844,1
2771,11683,0.2452,2
2771,8721,0.1704,3
2772,3023,0.9953,1
2772,5587,0.0047,2
2773,6479,0.3714,1
2773,7362,0.1862,2
2773,10941,0.166,3
2773,8925,0.1138,4
2773,1918,0.102,5
2773,14406,0.0606,6
2774,2349,0.5081,1
2774,9758,0.4617,2
2774,4204,0.0303,3
2775,3559,0.5381,1
2775,3292,0.2783,2
2775,3148,0.1623,3
2775,4736,0.0213,4
2776,16441,0.5504,1
2776,8698,0.1864,2
2776,1714,0.1445,3
2776,12628,0.1187,4
2777,5528,0.4188,1
2777,3055,0.2304,2
2777,3235,0.1198,3
2777,4188,0.1023,4
2777,4618,0.0623,5
2777,6960,0.0435,6
2777,8395,0.0229,7
2778,7746,1.0,1
2779,11070,0.5279,1
2779,6114,0.4721,2
2779,7269,0.0,3
2780,10269,0.6291,1
2780,7056,0.1743,2
2780,3717,0.1093,3
2780,10842,0.0697,4
2780,5457,0.0112,5
2780,3002,0.0064,6
2781,9372,0.6685,1
2781,4767,0.1599,2
2781,9257,0.1086,3
2781,5230,0.063,4
2782,7301,0.2369,1
2782,8586,0.2118,2
2782,3975,0.1972,3
2782,13626,0.1293,4
2782,5975,0.0972,5
2782,17289,0.0837,6
2782,7741,0.044,7
2783,9647,0.5068,1
2783,3164,0.1228,2
2783,5848,0.1214,3
2783,11197,0.1144,4
2783,8104,0.0814,5
2783,9163,0.0531,6
2784,7121,0.6585,1
2784,14595,0.2461,2
2784,10005,0.0787,3
2784,7469,0.0125,4
2784,4798,0.0022,5
2784,7639,0.0021,6
2785,16688,0.7284,1
2785,2984,0.2505,2
2785,5950,0.0211,3
2786,17630,0.301,1
2786,15330,0.259,2
2786,2350,0.1558,3
2786,13193,0.1318,4
2786,5829,0.0922,5
2786,6914,0.0602,6
2787,3755,0.7615,1
2787,8543,0.0883,2
2787,2381,0.0855,3
2787,2582,0.0648,4
2788,7671,0.7138,1
2788,8444,0.1563,2
2788,9083,0.0883,3
2788,6951,0.0416,4
2789,9734,0.3391,1
2789,10519,0.219,2
2789,2290,0.1541,3
2789,14831,0.1019,4
2789,14177,0.0983,5
2789,1656,0.0748,6
2789,2682,0.0128,7
2790,4572,0.8311,1
2790,4095,0.1689,2
2791,2451,0.4025,1
2791,2080,0.2408,2
2791,6574,0.1627,3
2791,4418,0.1433,4
2791,10062,0.0507,5
2792,10547,0.6273,1
2792,9352,0.2575,2
2792,6395,0.073,3
2792,5864,0.0421,4
2793,10940,0.6195,1
2793,4897,0.175,2
2793,8272,0.1617,3
2793,10782,0.0438,4
2794,5297,0.5581,1
2794,4863,0.1812,2
2794,15271,0.1062,3
2794,6666,0.1033,4
2794,7514,0.0512,5
2795,2000,0.7599,1
2795,7411,0.1688,2
2795,1765,0.0713,3
2796,2533,0.4384,1
2796,4120,0.4227,2
2796,15775,0.0815,3
2796,14632,0.0575,4
2797,2689,0.6548,1
2797,11427,0.3354,2
2797,3525,0.0098,3
2798,3588,0.6344,1
2798,7675,0.2348,2
2798,9418,0.1238,3
2798,2733,0.007,4
2799,5697,0.7126,1
2799,6045,0.1664,2
2799,1809,0.0644,3
2799,3416,0.0566,4
2800,4618,0.4507,1
2800,5870,0.2983,2
2800,9854,0.1873,3
2800,8078,0.0636,4
2801,11939,0.4229,1
2801,5098,0.1974,2
2801,5079,0.1782,3
2801,12085,0.1528,4
2801,6381,0.0488,5
2802,3783,0.4858,1
2802,7445,0.1992,2
2802,5694,0.1638,3
2802,2051,0.0662,4
2802,1846,0.0491,5
2802,15048,0.0264,6
2802,3984,0.0096,7
2803,3810,0.5162,1
2803,9384,0.2421,2
2803,7417,0.1758,3
2803,10469,0.0335,4
2803,4763,0.0325,5
2804,4816,0.7907,1
2804,16864,0.1237,2
2804,17048,0.0856,3
2805,1877,0.3664,1
2805,7735,0.2992,2
2805,3658,0.1878,3
2805,10570,0.1263,4
2805,3668,0.0184,5
2805,1635,0.002,6
2806,4086,0.5282,1
2806,2741,0.3154,2
2806,9493,0.1167,3
2806,2789,0.0397,4
2807,2369,0.3779,1
2807,2076,0.2472,2
2807,11528,0.1517,3
2807,1684,0.1132,4
2807,16856,0.0539,5
2807,11447,0.0347,6
2807,8958,0.0214,7
2808,9547,0.5345,1
2808,1928,0.422,2
2808,15729,0.0371,3
2808,17147,0.0064,4
2809,4073,0.4381,1
2809,1681,0.1771,2
2809,17509,0.1577,3
2809,15834,0.1073,4
2809,6317,0.085,5
2809,2919,0.0349,6
2810,7475,0.4969,1
2810,7180,0.2677,2
2810,4791,0.212,3
2810,6986,0.0234,4
2811,11232,0.3635,1
2811,3571,0.3453,2
2811,10814,0.2912,3
2812,1870,0.442,1
2812,9712,0.1574,2
2812,6095,0.1237,3
2812,8338,0.1017,4
2812,9633,0.0693,5
2812,9215,0.0615,6
2812,8025,0.0443,7
2813,7065,0.3493,1
2813,4030,0.3482,2
2813,9562,0.1268,3
2813,4029,0.0852,4
2813,10664,0.0559,5
2813,5185,0.0329,6
2813,4880,0.0018,7
2814,4486,0.7908,1
2814,6422,0.1489,2
2814,10580,0.0603,3
2815,3490,0.3933,1
2815,5208,0.3717,2
2815,4372,0.1598,3
2815,7165,0.0752,4
2816,5853,0.5369,1
2816,9406,0.3523,2
2816,6537,0.0774,3
2816,11811,0.0301,4
2816,5000,0.0022,5
2816,3155,0.0011,6
2817,2932,0.3431,1
2817,5013,0.325,2
2817,16501,0.1755,3
2817,3838,0.065,4
2817,7501,0.041,5
2817,10731,0.0368,6
2817,16006,0.0136,7
2818,5155,0.4033,1
2818,3997,0.3085,2
2818,11071,0.1155,3
2818,6882,0.0918,4
2818,4365,0.0571,5
2818,3463,0.0182,6
2818,6704,0.0057,7
2819,5497,0.5216,1
2819,10658,0.213,2
2819,15007,0.1571,3
2819,9514,0.0871,4
2819,3618,0.0201,5
2819,17417,0.001,6
2820,5116,0.7972,1
2820,8176,0.2028,2
2821,7123,0.3184,1
2821,5859,0.1989,2
2821,11927,0.1425,3
2821,5423,0.1403,4
2821,3606,0.1156,5
2821,4008,0.0592,6
2821,7432,0.0251,7
2822,1874,0.5676,1
2822,3555,0.2054,2
2822,11105,0.1526,3
2822,11274,0.0745,4
2823,5452,0.4305,1
2823,7697,0.2222,2
2823,12807,0.1589,3
2823,4553,0.0777,4
2823,15240,0.0583,5
2823,16166,0.0462,6
2823,11527,0.0062,7
2824,11075,0.3372,1
2824,2983,0.1992,2
2824,4189,0.1464,3
2824,4942,0.1215,4
2824,2903,0.1146,5
2824,10204,0.0606,6
2824,11297,0.0206,7
2825,2725,0.6273,1
2825,12124,0.1752,2
2825,3329,0.167,3
2825,2615,0.0283,4
2825,15334,0.0022,5
2826,10316,0.4802,1
2826,3116,0.362,2
2826,8371,0.1057,3
2826,6804,0.0341,4
2826,9054,0.018,5
2827,10641,0.431,1
2827,2083,0.2447,2
2827,8008,0.1649,3
2827,2300,0.092,4
2827,2325,0.0505,5
2827,5191,0.0168,6
2828,10678,0.4607,1
2828,7383,0.4097,2
2828,12940,0.0876,3
2828,11960,0.0419,4
2829,8796,0.3624,1
2829,9731,0.2702,2
2829,6546,0.176,3
2829,5762,0.0816,4
2829,10723,0.0747,5
2829,10266,0.0293,6
2829,3911,0.0058,7
2830,8495,0.8372,1
2830,2930,0.1196,2
2830,7785,0.0218,3
2830,3947,0.0199,4
2830,15360,0.0015,5
2831,4594,0.594,1
2831,6986,0.406,2
2832,8239,0.3569,1
2832,3224,0.3535,2
2832,5710,0.1404,3
2832,10230,0.084,4
2832,2214,0.0626,5
2832,16320,0.0026,6
2833,12197,0.5533,1
2833,2560,0.2547,2
2833,7051,0.1203,3
2833,3226,0.0716,4
2833,5214,0.0001,5
2834,16573,0.3335,1
2834,4286,0.3215,2
2834,13950,0.1882,3
2834,10230,0.096,4
2834,7872,0.0587,5
2834,5298,0.002,6
2835,5088,0.6325,1
2835,10415,0.1703,2
2835,8758,0.1628,3
2835,7524,0.0177,4
2835,5698,0.0167,5
2836,2575,0.9748,1
2836,10056,0.013,2
2836,3314,0.0122,3
2837,11062,0.4936,1
2837,2305,0.2823,2
2837,9927,0.2242,3
2838,11762,0.4857,1
2838,12806,0.1853,2
2838,6617,0.1796,3
2838,13304,0.0936,4
2838,14900,0.0521,5
2838,5744,0.0037,6
2839,2772,0.6636,1
2839,8207,0.1841,2
2839,2081,0.1523,3
2840,14127,0.4418,1
2840,3529,0.2125,2
2840,6472,0.2079,3
2840,7699,0.0635,4
2840,2715,0.0421,5
2840,6297,0.0323,6
2841,9117,0.4235,1
2841,9097,0.3089,2
2841,10462,0.2334,3
2841,7975,0.0343,4
2842,5983,0.6965,1
2842,7237,0.1644,2
2842,11402,0.1382,3
2842,2728,0.0009,4
2843,3091,0.8314,1
2843,3196,0.159,2
2843,6461,0.0096,3
2844,1646,0.6656,1
2844,7953,0.2897,2
2844,5582,0.0447,3
2845,2461,0.5256,1
2845,11967,0.3067,2
2845,4640,0.1677,3
2846,4576,0.5139,1
2846,6289,0.2065,2
2846,16649,0.1691,3
2846,1680,0.0635,4
2846,13996,0.0261,5
2846,2364,0.0208,6
2847,2707,0.2923,1
2847,3875,0.212,2
2847,9730,0.1649,3
2847,8304,0.1181,4
2847,5536,0.0956,5
2847,2686,0.0701,6
2847,10263,0.047,7
2848,4276,0.6473,1
2848,9705,0.3524,2
2848,1761,0.0003,3
2849,11277,0.4006,1
2849,9472,0.2412,2
2849,2235,0.205,3
2849,4768,0.1415,4
2849,12141,0.0093,5
2849,7900,0.0024,6
2850,2966,0.6136,1
2850,11841,0.1954,2
2850,13048,0.1552,3
2850,3197,0.0321,4
2850,14345,0.0036,5
2851,4225,0.3536,1
2851,10540,0.2628,2
2851,11043,0.1191,3
2851,6537,0.1038,4
2851,3231,0.0808,5
2851,5441,0.0708,6
2851,10363,0.0091,7
2852,3878,0.6581,1
2852,4374,0.243,2
2852,5041,0.054,3
2852,6505,0.0281,4
2852,4708,0.0167,5
2853,3297,0.7631,1
2853,3149,0.1661,2
2853,2489,0.0518,3
2853,5704,0.0164,4
2853,2823,0.0027,5
2854,4084,0.6851,1
2854,7986,0.2772,2
2854,5563,0.0377,3
2855,6821,0.4868,1
2855,6760,0.2841,2
2855,4726,0.0861,3
2855,3895,0.0479,4
2855,1911,0.0469,5
2855,4929,0.0272,6
2855,4152,0.021,7
2856,17231,0.536,1
2856,4313,0.1634,2
2856,9614,0.1254,3
2856,13452,0.0885,4
2856,12272,0.0868,5
2857,10873,0.4372,1
2857,9775,0.2642,2
2857,6005,0.1941,3
2857,10855,0.0807,4
2857,3092,0.0238,5
2858,13147,0.3652,1
2858,12102,0.261,2
2858,4862,0.1553,3
2858,8561,0.1536,4
2858,7198,0.0501,5
2858,15774,0.0075,6
2858,10354,0.0074,7
2859,3866,0.2827,1
2859,6758,0.2097,2
2859,2143,0.1982,3
2859,10435,0.1551,4
2859,7415,0.1543,5
2860,1721,0.5303,1
2860,8539,0.305,2
2860,7008,0.1191,3
2860,2972,0.0456,4
2861,1882,0.6063,1
2861,16872,0.2657,2
2861,11619,0.128,3
2862,3089,0.2869,1
2862,10676,0.2638,2
2862,5111,0.2418,3
2862,11359,0.1548,4
2862,4873,0.0527,5
2863,2740,0.5722,1
2863,2476,0.2822,2
2863,11125,0.1068,3
2863,2429,0.037,4
2863,2594,0.0017,5
2864,10224,0.456,1
2864,4437,0.2219,2
2864,5978,0.1027,3
2864,5583,0.1023,4
2864,2251,0.0585,5
2864,7063,0.0585,6
2865,1885,0.5135,1
2865,3104,0.383,2
2865,3879,0.0709,3
2865,4627,0.0325,4
2866,9664,0.5298,1
2866,4069,0.2595,2
2866,9261,0.1502,3
2866,1888,0.023,4
2866,8394,0.02,5
2866,1824,0.0176,6
2867,9687,0.7374,1
2867,3568,0.2619,2
2867,3023,0.0007,3
2868,6331,0.3582,1
2868,9275,0.3011,2
2868,11281,0.2563,3
2868,12259,0.0456,4
2868,10306,0.0284,5
2868,16637,0.0104,6
2869,8582,0.3497,1
2869,16200,0.2515,2
2869,2538,0.1435,3
2869,7214,0.1402,4
2869,3494,0.087,5
2869,17050,0.0238,6
2869,2754,0.0042,7
2870,2256,0.5603,1
2870,2144,0.4139,2
2870,16198,0.0258,3
2871,7556,0.5545,1
2871,4036,0.2365,2
2871,17513,0.2091,3
2872,10109,0.6831,1
2872,16372,0.1255,2
2872,8203,0.1038,3
2872,17260,0.082,4
2872,2462,0.0055,5
2873,9404,0.6524,1
2873,2024,0.2196,2
2873,6919,0.0966,3
2873,7268,0.0209,4
2873,7989,0.0078,5
2873,8538,0.0018,6
2873,6587,0.0009,7
2874,7466,0.4747,1
2874,10921,0.2478,2
2874,7601,0.1196,3
2874,5767,0.0541,4
2874,4888,0.0454,5
2874,6186,0.0368,6
2874,1927,0.0217,7
2875,12655,0.932,1
2875,13448,0.068,2
2876,7071,0.3405,1
2876,12804,0.2625,2
2876,5141,0.1718,3
2876,6458,0.1146,4
2876,9612,0.1103,5
2876,9058,0.0003,6
2877,7937,0.4498,1
2877,4324,0.2929,2
2877,9463,0.2573,3
2878,4421,0.4155,1
2878,5429,0.209,2
2878,13655,0.153,3
2878,12601,0.1228,4
2878,16695,0.0571,5
2878,10629,0.0243,6
2878,1810,0.0184,7
2879,10115,0.961,1
2879,7787,0.039,2
2880,16062,0.5938,1
2880,15225,0.4056,2
2880,17354,0.0006,3
2881,14994,0.7577,1
2881,7452,0.1994,2
2881,8880,0.0429,3
2882,7453,0.3709,1
2882,4809,0.3422,2
2882,2944,0.2265,3
2882,6327,0.06,4
2882,5282,0.0003,5
2883,13775,0.32,1
2883,4502,0.2692,2
2883,8261,0.1631,3
2883,9069,0.1332,4
2883,10446,0.059,5
2883,2479,0.0553,6
2883,14290,0.0003,7
2884,5395,0.2383,1
2884,16990,0.2286,2
2884,6573,0.2269,3
2884,3190,0.155,4
2884,6603,0.1512,5
2885,7304,0.6716,1
2885,8679,0.2325,2
2885,1879,0.059,3
2885,4176,0.0369,4
2886,7445,0.3435,1
2886,12661,0.2493,2
2886,5859,0.1633,3
2886,1722,0.1225,4
2886,10316,0.0758,5
2886,2525,0.0458,6
2887,16288,0.5364,1
2887,8586,0.1837,2
2887,11789,0.182,3
2887,13137,0.0788,4
2887,13939,0.0163,5
2887,14063,0.0027,6
2888,12667,0.7249,1
2888,4960,0.1973,2
2888,13931,0.0641,3
2888,16474,0.0115,4
2888,5406,0.0023,5
2889,3070,0.349,1
2889,6741,0.3283,2
2889,2109,0.2681,3
2889,5735,0.0547,4
2890,12428,0.5867,1
2890,6854,0.1704,2
2890,7741,0.1482,3
2890,7351,0.0795,4
2890,7040,0.0151,5
2891,1812,0.4511,1
2891,8784,0.4028,2
2891,10240,0.1307,3
2891,11072,0.0099,4
2891,4008,0.0056,5
2892,10352,0.324,1
2892,8576,0.226,2
2892,7561,0.176,3
2892,4764,0.1291,4
2892,1948,0.0933,5
2892,11072,0.0516,6
2893,6335,0.315,1
2893,9872,0.263,2
2893,9479,0.2008,3
2893,8032,0.1649,4
2893,5978,0.0563,5
2894,4508,0.4425,1
2894,2766,0.3135,2
2894,15731,0.244,3
2895,9779,0.7682,1
2895,3982,0.174,2
2895,16170,0.0315,3
2895,4271,0.0263,4
2896,4914,0.9072,1
2896,6287,0.0751,2
2896,5383,0.0177,3
2897,9752,0.6421,1
2897,9936,0.1692,2
2897,8430,0.1034,3
2897,4824,0.0853,4
2898,7716,0.8909,1
2898,4342,0.0584,2
2898,3100,0.0506,3
2899,6170,0.4945,1
2899,16846,0.3068,2
2899,9410,0.1014,3
2899,1882,0.0896,4
2899,6022,0.0068,5
2899,5246,0.0009,6
2900,6388,0.638,1
2900,7355,0.1428,2
2900,10602,0.1215,3
2900,2587,0.0731,4
2900,3972,0.0245,5
2901,17392,0.5108,1
2901,4378,0.3654,2
2901,11509,0.1238,3
2902,6791,0.4559,1
2902,5199,0.2731,2
2902,15304,0.271,3
2903,11156,0.3088,1
2903,11377,0.2264,2
2903,11240,0.1987,3
2903,8950,0.1709,4
2903,6375,0.0529,5
2903,4907,0.0423,6
2904,5528,0.4176,1
2904,2973,0.2436,2
2904,8421,0.1944,3
2904,6687,0.0953,4
2904,2297,0.0492,5
2905,9465,1.0,1
2906,5653,0.5409,1
2906,4233,0.3676,2
2906,3317,0.0916,3
2907,11122,0.3102,1
2907,6884,0.3083,2
2907,6689,0.1591,3
2907,10301,0.1218,4
2907,8221,0.1006,5
2908,3101,0.6643,1
2908,2741,0.1693,2
2908,4562,0.1552,3
2908,5410,0.0112,4
2909,2003,0.4286,1
2909,16683,0.2416,2
2909,3129,0.2281,3
2909,7701,0.0593,4
2909,16018,0.0424,5
2910,8894,0.7151,1
2910,4924,0.1933,2
2910,6121,0.0916,3
2911,10021,0.4135,1
2911,4115,0.3436,2
2911,8701,0.1609,3
2911,7368,0.082,4
2912,5581,0.6144,1
2912,3100,0.1621,2
2912,5258,0.1467,3
2912,8260,0.0671,4
2912,7684,0.0097,5
2913,1974,0.3797,1
2913,2586,0.2556,2
2913,17496,0.2449,3
2913,5148,0.0536,4
2913,15459,0.0526,5
2913,5426,0.0138,6
2914,8472,0.4408,1
2914,9122,0.2876,2
2914,8885,0.2629,3
2914,2724,0.0087,4
2915,9999,0.4086,1
2915,7140,0.2769,2
2915,4498,0.1721,3
2915,4055,0.1318,4
2915,5192,0.0074,5
2915,4401,0.0017,6
2915,3900,0.0014,7
2916,1686,0.4375,1
2916,5649,0.2917,2
2916,9880,0.1544,3
2916,4183,0.0918,4
2916,4728,0.0246,5
2917,8762,0.5739,1
2917,11408,0.28,2
2917,6126,0.1035,3
2917,3099,0.0426,4
2918,16163,0.7291,1
2918,7825,0.1209,2
2918,11059,0.0637,3
2918,14420,0.0521,4
2918,8262,0.0305,5
2918,14785,0.0037,6
2919,8324,0.322,1
2919,2419,0.2384,2
2919,6534,0.2336,3
2919,7322,0.2061,4
2920,14806,0.4897,1
2920,10979,0.3744,2
2920,9379,0.1347,3
2920,10969,0.0012,4
2921,3983,0.4615,1
2921,11325,0.2837,2
2921,9054,0.2548,3
2922,6070,0.5921,1
2922,10917,0.232,2
2922,2133,0.1188,3
2922,13611,0.0545,4
2922,9541,0.0022,5
2922,6613,0.0004,6
2923,11561,0.7363,1
2923,12735,0.1799,2
2923,14190,0.0838,3
2924,2750,0.7456,1
2924,6082,0.1476,2
2924,2965,0.0976,3
2924,3876,0.0092,4
2925,7731,0.3253,1
2925,4850,0.2892,2
2925,10148,0.2072,3
2925,9621,0.1752,4
2925,4049,0.0029,5
2925,6315,0.0001,6
2926,9141,0.2792,1
2926,13064,0.2142,2
2926,8212,0.1518,3
2926,2532,0.1449,4
2926,12296,0.0956,5
2926,2779,0.0879,6
2926,12208,0.0265,7
2927,4279,0.5555,1
2927,5914,0.1655,2
2927,10290,0.1501,3
2927,7743,0.0647,4
2927,3629,0.0637,5
2927,2811,0.0005,6
2928,6847,0.7754,1
2928,17417,0.1681,2
2928,1694,0.0434,3
2928,10838,0.013,4
2929,15634,0.3222,1
2929,1917,0.3194,2
2929,3206,0.3187,3
2929,12031,0.0237,4
2929,9777,0.0161,5
2930,8273,0.3926,1
2930,10601,0.2128,2
2930,3936,0.1324,3
2930,1829,0.0943,4
2930,6057,0.0929,5
2930,2753,0.0632,6
2930,8395,0.0118,7
2931,3457,0.3154,1
2931,11226,0.2329,2
2931,12954,0.228,3
2931,6125,0.1763,4
2931,5443,0.0256,5
2931,6536,0.0177,6
2931,2828,0.0041,7
2932,11094,0.434,1
2932,2557,0.1791,2
2932,9639,0.1443,3
2932,9116,0.1078,4
2932,9006,0.08,5
2932,15923,0.0547,6
2933,12140,0.3158,1
2933,13346,0.27,2
2933,13838,0.1461,3
2933,13964,0.1332,4
2933,16399,0.0605,5
2933,14958,0.052,6
2933,11510,0.0224,7
2934,15044,0.364,1
2934,2139,0.2723,2
2934,10730,0.1762,3
2934,16932,0.138,4
2934,10307,0.0361,5
2934,2167,0.0134,6
2935,11600,0.3845,1
2935,12739,0.31,2
2935,14986,0.1726,3
2935,6980,0.0965,4
2935,10170,0.0231,5
2935,8496,0.0133,6
2936,8517,0.5228,1
2936,10353,0.3692,2
2936,10196,0.0724,3
2936,8350,0.0356,4
2937,13988,0.3949,1
2937,10920,0.3417,2
2937,5027,0.131,3
2937,5491,0.1244,4
2937,15092,0.008,5
2938,3153,0.8246,1
2938,2063,0.1244,2
2938,10050,0.0509,3
2939,10574,0.4691,1
2939,10321,0.3315,2
2939,13675,0.1167,3
2939,4231,0.0444,4
2939,3061,0.0383,5
2940,1896,0.5048,1
2940,7548,0.3921,2
2940,5208,0.1031,3
2941,7763,0.6377,1
2941,7219,0.2694,2
2941,9524,0.0929,3
2942,3043,0.568,1
2942,10462,0.4216,2
2942,6552,0.0104,3
2943,13176,0.311,1
2943,16457,0.2338,2
2943,2467,0.1705,3
2943,6051,0.1429,4
2943,4958,0.1195,5
2943,7611,0.0114,6
2943,5472,0.011,7
2944,4590,0.5722,1
2944,10541,0.2395,2
2944,7204,0.1224,3
2944,2998,0.0334,4
2944,16528,0.0325,5
2945,8619,0.4352,1
2945,17024,0.2033,2
2945,7312,0.1533,3
2945,2050,0.0797,4
2945,12563,0.0508,5
2945,17067,0.0471,6
2945,3891,0.0305,7
2946,6431,0.7604,1
2946,4585,0.1721,2
2946,3356,0.0675,3
2947,7376,0.3496,1
2947,2051,0.2609,2
2947,2373,0.228,3
2947,6307,0.1441,4
2947,9100,0.0175,5
2948,8892,0.3708,1
2948,10860,0.3045,2
2948,12376,0.1999,3
2948,12865,0.1248,4
2949,7699,1.0,1
2950,10539,0.5109,1
2950,8647,0.3881,2
2950,8933,0.101,3
2951,8117,0.897,1
2951,4911,0.0727,2
2951,5020,0.0304,3
2952,2751,0.7347,1
2952,5934,0.1905,2
2952,8167,0.0749,3
2953,2592,0.5067,1
2953,5567,0.4923,2
2953,2148,0.001,3
2954,9977,0.5365,1
2954,4778,0.2862,2
2954,6138,0.1573,3
2954,8696,0.0175,4
2954,3682,0.0026,5
2955,12133,0.9154,1
2955,16331,0.0638,2
2955,15247,0.0209,3
2956,4974,0.4635,1
2956,4586,0.4417,2
2956,8130,0.078,3
2956,9604,0.0169,4
2957,4322,0.3456,1
2957,4622,0.2638,2
2957,10353,0.1992,3
2957,6110,0.182,4
2957,2333,0.0094,5
2958,6518,0.3505,1
2958,2182,0.2133,2
2958,10316,0.1456,3
2958,1997,0.1391,4
2958,8373,0.11,5
2958,10586,0.0415,6
2959,7018,0.3378,1
2959,8054,0.255,2
2959,5572,0.1898,3
2959,6182,0.0709,4
2959,7254,0.0656,5
2959,7861,0.0432,6
2959,4548,0.0378,7
2960,3866,0.4217,1
2960,5111,0.3167,2
2960,8354,0.1673,3
2960,8778,0.0819,4
2960,2397,0.0124,5
2961,7663,0.5382,1
2961,13339,0.3332,2
2961,5111,0.1286,3
2962,1875,0.461,1
2962,6927,0.1777,2
2962,8124,0.1641,3
2962,8480,0.1192,4
2962,2675,0.0337,5
2962,2279,0.0263,6
2962,5447,0.0179,7
2963,2500,0.4282,1
2963,11089,0.3107,2
2963,3040,0.1138,3
2963,7174,0.0844,4
2963,9814,0.0434,5
2963,13632,0.0157,6
2963,15034,0.0039,7
2964,1817,0.4972,1
2964,4864,0.1953,2
2964,5764,0.1908,3
2964,7212,0.1166,4
2965,6087,0.7215,1
2965,4938,0.2742,2
2965,5782,0.0043,3
2966,5428,0.3152,1
2966,7030,0.2934,2
2966,2922,0.2346,3
2966,11105,0.1568,4
2967,9603,0.3883,1
2967,4305,0.1372,2
2967,11204,0.1345,3
2967,9872,0.1262,4
2967,3759,0.1054,5
2967,11125,0.0977,6
2967,6117,0.0108,7
2968,3468,0.434,1
2968,5818,0.3503,2
2968,10586,0.2156,3
2969,10729,0.4831,1
2969,4671,0.2643,2
2969,4846,0.1869,3
2969,13182,0.0657,4
2970,5935,0.4353,1
2970,9206,0.3213,2
2970,10188,0.1382,3
2970,7633,0.0451,4
2970,13302,0.0319,5
2970,2529,0.0272,6
2970,12650,0.0009,7
2971,12483,0.4052,1
2971,9567,0.3045,2
2971,4413,0.1938,3
2971,11609,0.0427,4
2971,16570,0.0284,5
2971,10920,0.0183,6
2971,12792,0.0072,7
2972,14903,0.3977,1
2972,1767,0.3528,2
2972,4256,0.2004,3
2972,10706,0.0491,4
2973,13261,0.7032,1
2973,10477,0.1694,2
2973,10063,0.0892,3
2973,4986,0.0346,4
2973,10588,0.0036,5
2974,8053,0.282,1
2974,11749,0.2133,2
2974,2658,0.181,3
2974,4339,0.1436,4
2974,14296,0.1063,5
2974,3277,0.0667,6
2974,9118,0.0072,7
2975,9911,0.5767,1
2975,6468,0.3045,2
2975,7313,0.0801,3
2975,3015,0.0268,4
2975,3649,0.0086,5
2975,11192,0.0033,6
2976,13710,0.399,1
2976,13527,0.2395,2
2976,10354,0.1048,3
2976,10877,0.1008,4
2976,10355,0.0891,5
2976,17110,0.0423,6
2976,4317,0.0245,7
2977,2894,0.8407,1
2977,3588,0.1593,2
2978,6709,0.2928,1
2978,6250,0.1819,2
2978,9380,0.1763,3
2978,9984,0.1672,4
2978,3406,0.1379,5
2978,7859,0.0439,6
2979,17378,0.7139,1
2979,15758,0.2565,2
2979,11990,0.0296,3
2980,7489,0.7779,1
2980,5676,0.2221,2
2981,5277,0.7584,1
2981,12911,0.2416,2
2982,7474,0.5205,1
2982,4931,0.1612,2
2982,10738,0.1223,3
2982,7545,0.0928,4
2982,5202,0.0606,5
2982,2719,0.0411,6
2982,9941,0.0015,7
2983,7122,0.4498,1
2983,9913,0.2551,2
2983,13820,0.2106,3
2983,17466,0.0817,4
2983,4446,0.0027,5
2984,10447,0.3622,1
2984,11088,0.2961,2
2984,7265,0.1559,3
2984,9215,0.1401,4
2984,4770,0.0245,5
2984,5587,0.0213,6
2985,10822,0.3393,1
2985,2143,0.3064,2
2985,7143,0.1743,3
2985,4432,0.1409,4
2985,2318,0.039,5
2986,7808,0.4485,1
2986,9067,0.2186,2
2986,2113,0.1662,3
2986,4399,0.1198,4
2986,15668,0.0274,5
2986,7909,0.0189,6
2986,4663,0.0007,7
2987,6437,0.4415,1
2987,8438,0.2274,2
2987,2758,0.1432,3
2987,5112,0.0953,4
2987,6849,0.0417,5
2987,2832,0.0414,6
2987,4380,0.0095,7
2988,12421,0.9635,1
2988,4945,0.0365,2
2989,7573,0.5815,1
2989,6973,0.1869,2
2989,7942,0.1769,3
2989,11605,0.0547,4
2990,6984,0.3612,1
2990,5481,0.2777,2
2990,3998,0.158,3
2990,2716,0.0865,4
2990,10772,0.0561,5
2990,10545,0.049,6
2990,10489,0.0114,7
2991,6180,0.3232,1
2991,12851,0.29,2
2991,11307,0.2722,3
2991,11452,0.1146,4
2992,15818,0.4079,1
2992,13769,0.2859,2
2992,9033,0.2452,3
2992,11877,0.0305,4
2992,16664,0.0239,5
2992,6791,0.0066,6
2993,8951,0.3987,1
2993,3551,0.3079,2
2993,10655,0.1768,3
2993,4265,0.0697,4
2993,1877,0.0469,5
2994,4571,0.8492,1
2994,6840,0.08,2
2994,3054,0.0708,3
2995,5949,0.6262,1
2995,7371,0.1481,2
2995,3972,0.1398,3
2995,4213,0.0491,4
2995,17356,0.0198,5
2995,5511,0.0169,6
2996,1723,0.5839,1
2996,9944,0.2835,2
2996,6061,0.1327,3
2997,6078,0.4664,1
2997,9462,0.1547,2
2997,15562,0.1457,3
2997,9396,0.1019,4
2997,3494,0.0925,5
2997,8271,0.0388,6
2998,14584,0.5072,1
2998,6193,0.2348,2
2998,4286,0.157,3
2998,15748,0.101,4
2999,5441,0.4082,1
2999,4380,0.28,2
2999,9073,0.097,3
2999,6271,0.0866,4
2999,7153,0.0822,5
2999,4146,0.0323,6
2999,7414,0.0137,7
3000,6840,0.638,1
3000,10009,0.2846,2
3000,3279,0.0773,3
3001,7578,0.3824,1
3001,8628,0.2225,2
3001,3247,0.2089,3
3001,5172,0.098,4
3001,6084,0.0528,5
3001,10442,0.0354,6
3002,10205,0.6619,1
3002,10005,0.2132,2
3002,2309,0.1146,3
3002,17410,0.0103,4
3003,6959,0.4975,1
3003,4255,0.3794,2
3003,8898,0.0675,3
3003,6803,0.0557,4
3004,12888,0.4957,1
3004,4846,0.4871,2
3004,10321,0.0172,3
3005,4681,0.4877,1
3005,6391,0.3216,2
3005,6313,0.154,3
3005,4429,0.0366,4
3006,16739,1.0,1
3007,3340,0.4144,1
3007,14130,0.3168,2
3007,13425,0.2688,3
3008,2333,0.461,1
3008,2678,0.4333,2
3008,10165,0.1056,3
3009,8420,0.4979,1
3009,4464,0.3858,2
3009,2147,0.0808,3
3009,12334,0.0239,4
3009,3429,0.0116,5
3010,4655,0.6762,1
3010,4555,0.3125,2
3010,3489,0.01,3
3010,6942,0.0012,4
3011,14232,0.6659,1
3011,8121,0.1932,2
3011,15962,0.1409,3
3012,10627,0.8239,1
3012,3463,0.1761,2
3013,4354,0.3743,1
3013,7685,0.3619,2
3013,8797,0.1026,3
3013,4646,0.0835,4
3013,11150,0.0564,5
3013,10670,0.0152,6
3013,3321,0.0062,7
3014,8474,0.4615,1
3014,12330,0.3497,2
3014,13319,0.1888,3
3015,9417,0.7423,1
3015,13866,0.1395,2
3015,10524,0.0789,3
3015,12883,0.0372,4
3015,3916,0.002,5
3016,10510,0.5519,1
3016,1643,0.2148,2
3016,9150,0.1529,3
3016,4451,0.0804,4
3017,5311,0.5151,1
3017,5456,0.2778,2
3017,11117,0.1338,3
3017,5296,0.031,4
3017,4181,0.0265,5
3017,2141,0.0159,6
3018,13236,0.3724,1
3018,3893,0.2585,2
3018,16225,0.1887,3
3018,2238,0.1804,4
3019,2847,0.3539,1
3019,2927,0.3508,2
3019,15372,0.1954,3
3019,4581,0.0566,4
3019,4902,0.0433,5
3020,4664,0.4606,1
3020,6270,0.3559,2
3020,4446,0.1367,3
3020,3765,0.033,4
3020,4982,0.0139,5
3021,7797,0.7321,1
3021,8193,0.149,2
3021,4522,0.1104,3
3021,6127,0.0085,4
3022,4682,0.6595,1
3022,4773,0.2597,2
3022,2757,0.0545,3
3022,16599,0.0231,4
3022,2304,0.0032,5
3023,2355,0.2523,1
3023,6095,0.2512,2
3023,5595,0.1845,3
3023,6587,0.1033,4
3023,4131,0.0804,5
3023,7823,0.0663,6
3023,10695,0.0619,7
3024,10870,0.3653,1
3024,13054,0.2141,2
3024,12162,0.1408,3
3024,12208,0.1238,4
3024,8556,0.0923,5
3024,3761,0.0637,6
3025,2664,0.3496,1
3025,9307,0.2616,2
3025,9260,0.2478,3
3025,3523,0.1409,4
3026,6156,0.7017,1
3026,10311,0.2288,2
3026,3701,0.0384,3
3026,9016,0.0195,4
3026,10794,0.0115,5
3027,5063,0.4951,1
3027,2468,0.492,2
3027,6724,0.0129,3
3028,9791,0.415,1
3028,8656,0.2819,2
3028,4874,0.1423,3
3028,5410,0.0929,4
3028,8765,0.0573,5
3028,4060,0.0106,6
3029,3785,0.6398,1
3029,6004,0.2599,2
3029,3781,0.0571,3
3029,2723,0.0391,4
3029,3391,0.0041,5
3030,10090,0.6926,1
3030,2256,0.2365,2
3030,4116,0.0586,3
3030,3551,0.0123,4
3031,2782,0.5912,1
3031,17232,0.1541,2
3031,3906,0.1045,3
3031,12734,0.0576,4
3031,11338,0.0326,5
3031,10033,0.0308,6
3031,17225,0.0291,7
3032,9849,0.6185,1
3032,3307,0.2292,2
3032,9974,0.1523,3
3033,1687,0.6221,1
3033,16211,0.2772,2
3033,8543,0.0732,3
3033,8152,0.0276,4
3034,11175,1.0,1
3035,6961,0.5456,1
3035,7262,0.4492,2
3035,6728,0.0052,3
3036,14831,0.8451,1
3036,4088,0.1483,2
3036,13755,0.0067,3
3037,14615,0.3879,1
3037,5440,0.3368,2
3037,8149,0.1858,3
3037,17514,0.0895,4
3038,12487,0.2975,1
3038,11201,0.2802,2
3038,7942,0.1598,3
3038,8196,0.1106,4
3038,12468,0.083,5
3038,7774,0.0596,6
3038,12722,0.0094,7
3039,6693,0.6439,1
3039,3834,0.2319,2
3039,15174,0.1242,3
3040,5630,0.4745,1
3040,9835,0.2511,2
3040,6506,0.1608,3
3040,5281,0.0833,4
3040,8231,0.0165,5
3040,4178,0.0138,6
3041,12739,0.5987,1
3041,4325,0.1735,2
3041,2684,0.1553,3
3041,16038,0.0725,4
3042,1714,0.4949,1
3042,13673,0.3427,2
3042,5083,0.1574,3
3042,3215,0.0051,4
3043,17048,0.681,1
3043,7173,0.2991,2
3043,7981,0.0199,3
3044,11150,0.4754,1
3044,7818,0.4093,2
3044,10774,0.1153,3
3045,9443,0.3061,1
3045,9787,0.246,2
3045,6215,0.177,3
3045,15024,0.1017,4
3045,11460,0.0677,5
3045,9099,0.0614,6
3045,11297,0.0402,7
3046,9077,0.2986,1
3046,3831,0.2657,2
3046,4043,0.2274,3
3046,2049,0.1887,4
3046,12396,0.0196,5
3047,6388,0.8058,1
3047,13841,0.1404,2
3047,2899,0.0538,3
3048,12912,0.9138,1
3048,11788,0.0617,2
3048,4613,0.0245,3
3049,7982,0.4154,1
3049,3802,0.3539,2
3049,8617,0.1419,3
3049,2807,0.0505,4
3049,9692,0.0383,5
3050,9011,0.4055,1
3050,12154,0.1815,2
3050,1676,0.1395,3
3050,11841,0.1334,4
3050,9717,0.1181,5
3050,13510,0.0221,6
3051,16380,0.3713,1
3051,15698,0.2025,2
3051,16665,0.1712,3
3051,12798,0.1142,4
3051,1715,0.0916,5
3051,2079,0.0251,6
3051,9481,0.024,7
3052,3898,0.3218,1
3052,3003,0.3217,2
3052,1656,0.1292,3
3052,4976,0.0886,4
3052,6771,0.0584,5
3052,2465,0.0403,6
3052,9099,0.04,7
3053,8335,0.4253,1
3053,8328,0.3836,2
3053,9661,0.1911,3
3054,2238,0.5185,1
3054,9938,0.1834,2
3054,4543,0.135,3
3054,3659,0.1186,4
3054,9820,0.0442,5
3054,3034,0.0003,6
3055,2726,0.4133,1
3055,6664,0.3602,2
3055,7341,0.1463,3
3055,6100,0.0782,4
3055,4921,0.002,5
3056,2954,0.2576,1
3056,4791,0.252,2
3056,3233,0.1434,3
3056,3109,0.1296,4
3056,4429,0.0971,5
3056,1896,0.0944,6
3056,7766,0.0258,7
3057,2022,0.4671,1
3057,7948,0.3209,2
3057,4562,0.1596,3
3057,5949,0.0524,4
3058,11911,0.3796,1
3058,4656,0.3605,2
3058,14560,0.0933,3
3058,6133,0.0899,4
3058,14238,0.0427,5
3058,15641,0.0324,6
3058,1692,0.0017,7
3059,5149,0.3617,1
3059,2168,0.3572,2
3059,9977,0.2811,3
3060,2066,0.4263,1
3060,15017,0.2139,2
3060,10751,0.1833,3
3060,13195,0.1029,4
3060,5460,0.0736,5
3061,5883,0.3815,1
3061,7313,0.2962,2
3061,2980,0.221,3
3061,3517,0.0883,4
3061,7614,0.013,5
3062,5505,0.4852,1
3062,10032,0.265,2
3062,6165,0.1124,3
3062,9846,0.092,4
3062,8049,0.042,5
3062,5445,0.0034,6
3063,5830,0.3521,1
3063,12413,0.2988,2
3063,17219,0.1797,3
3063,2489,0.1642,4
3063,10275,0.0052,5
3064,3836,0.3365,1
3064,10244,0.2865,2
3064,11274,0.2052,3
3064,7934,0.0998,4
3064,6237,0.0719,5
3065,4598,0.899,1
3065,8233,0.101,2
3066,10322,0.3514,1
3066,6119,0.3111,2
3066,7515,0.1333,3
3066,3741,0.0852,4
3066,1938,0.0787,5
3066,5596,0.0402,6
3067,11489,0.4806,1
3067,5686,0.2958,2
3067,14330,0.1402,3
3067,16895,0.0567,4
3067,15188,0.0166,5
3067,12366,0.01,6
3068,8578,0.7252,1
3068,6288,0.2385,2
3068,5615,0.0363,3
3069,5151,0.6631,1
3069,2360,0.2982,2
3069,5949,0.0386,3
3070,2009,0.4171,1
3070,8283,0.2582,2
3070,3466,0.1153,3
3070,8498,0.1066,4
3070,9524,0.1028,5
3070,5416,0.0,6
3071,4760,0.4688,1
3071,8517,0.1864,2
3071,10378,0.1822,3
3071,4330,0.1088,4
3071,5794,0.034,5
3071,3739,0.0198,6
3072,2690,0.967,1
3072,6754,0.033,2
3073,7147,0.381,1
3073,4534,0.2979,2
3073,2700,0.197,3
3073,14283,0.1209,4
3073,11692,0.0032,5
3074,10317,0.3868,1
3074,6331,0.2957,2
3074,13710,0.2631,3
3074,10796,0.0541,4
3074,17363,0.0004,5
3075,2490,0.5274,1
3075,7326,0.2289,2
3075,7596,0.2267,3
3075,8600,0.017,4
3076,8154,0.4579,1
3076,5817,0.3354,2
3076,4268,0.1866,3
3076,4282,0.0197,4
3076,4834,0.0003,5
3077,8209,1.0,1
3078,2198,0.2336,1
3078,1897,0.2219,2
3078,8975,0.2056,3
3078,5848,0.1549,4
3078,3160,0.1146,5
3078,2427,0.0404,6
3078,2683,0.029,7
3079,6611,0.3933,1
3079,7071,0.2829,2
3079,3019,0.1443,3
3079,6218,0.1129,4
3079,3256,0.0595,5
3079,5294,0.0072,6
3080,8873,0.5249,1
3080,11519,0.2437,2
3080,6785,0.2314,3
3081,9863,0.5599,1
3081,2397,0.3172,2
3081,7861,0.1229,3
3082,8541,0.8005,1
3082,8783,0.1708,2
3082,5081,0.0287,3
3083,4217,0.544,1
3083,1812,0.2602,2
3083,8161,0.1491,3
3083,3211,0.0467,4
3084,5486,0.3934,1
3084,4366,0.3323,2
3084,5169,0.2743,3
3085,15829,0.5643,1
3085,13568,0.3464,2
3085,7277,0.0893,3
3086,2244,0.7132,1
3086,2472,0.2215,2
3086,2242,0.0652,3
3087,3019,0.2901,1
3087,6010,0.2602,2
3087,8498,0.2401,3
3087,7939,0.1541,4
3087,8204,0.0371,5
3087,7833,0.0109,6
3087,4451,0.0076,7
3088,13858,0.733,1
3088,13647,0.2326,2
3088,9914,0.019,3
3088,15041,0.0154,4
3089,2310,0.966,1
3089,1898,0.0298,2
3089,17142,0.0042,3
3090,11588,0.4832,1
3090,4517,0.2687,2
3090,14407,0.1321,3
3090,13948,0.0889,4
3090,15055,0.0271,5
3091,4030,0.6662,1
3091,5914,0.311,2
3091,7908,0.0228,3
3092,12910,0.3288,1
3092,11762,0.2826,2
3092,3994,0.1874,3
3092,9746,0.1033,4
3092,5520,0.0979,5
3093,2212,0.2928,1
3093,16060,0.2359,2
3093,6399,0.2354,3
3093,15298,0.2104,4
3093,14495,0.0179,5
3093,13511,0.0076,6
3094,2834,0.6802,1
3094,3468,0.1714,2
3094,3403,0.0938,3
3094,4242,0.0252,4
3094,9544,0.0225,5
3094,5007,0.007,6
3095,8174,0.6168,1
3095,5709,0.1852,2
3095,5865,0.0812,3
3095,11344,0.0561,4
3095,3650,0.0257,5
3095,3304,0.0182,6
3095,11621,0.0169,7
3096,11203,0.5713,1
3096,3744,0.243,2
3096,8940,0.1395,3
3096,8439,0.0461,4
3097,7959,0.5858,1
3097,3574,0.312,2
3097,7323,0.0843,3
3097,10997,0.0179,4
3098,10491,0.4515,1
3098,5576,0.2792,2
3098,4828,0.1774,3
3098,4537,0.0919,4
3099,8279,0.4009,1
3099,8854,0.3987,2
3099,9495,0.1187,3
3099,3131,0.0818,4
3100,6213,0.46,1
3100,1879,0.3282,2
3100,11383,0.1844,3
3100,6040,0.0208,4
3100,6744,0.0066,5
3101,7727,0.9903,1
3101,3161,0.0096,2
3101,6639,0.0001,3
3102,8031,0.3437,1
3102,14381,0.2628,2
3102,9360,0.1583,3
3102,7396,0.1407,4
3102,12807,0.0601,5
3102,13249,0.0344,6
3103,6133,0.4132,1
3103,6666,0.2138,2
3103,8834,0.1697,3
3103,13302,0.1156,4
3103,10515,0.0671,5
3103,6210,0.02,6
3103,4124,0.0007,7
3104,4085,0.4409,1
3104,8673,0.2131,2
3104,4202,0.1303,3
3104,8862,0.1238,4
3104,2031,0.0919,5
3105,10988,0.4899,1
3105,9694,0.4734,2
3105,10262,0.0225,3
3105,9429,0.0142,4
3106,5452,0.4592,1
3106,9405,0.3312,2
3106,2098,0.2097,3
3107,4343,0.3933,1
3107,11103,0.2948,2
3107,3570,0.144,3
3107,5312,0.0826,4
3107,5273,0.0727,5
3107,3618,0.0126,6
3108,9525,0.4939,1
3108,11557,0.3352,2
3108,4953,0.1709,3
3109,3809,0.2423,1
3109,4757,0.2031,2
3109,14744,0.1996,3
3109,7621,0.1452,4
3109,2954,0.133,5
3109,4960,0.0711,6
3109,6958,0.0058,7
3110,14007,0.6397,1
3110,12060,0.2675,2
3110,14132,0.0761,3
3110,6522,0.0167,4
3111,4770,0.697,1
3111,4351,0.0939,2
3111,11749,0.0785,3
3111,1667,0.0643,4
3111,10169,0.0528,5
3111,5369,0.0135,6
3112,17590,0.3186,1
3112,3945,0.2452,2
3112,3961,0.151,3
3112,16698,0.1011,4
3112,1838,0.0999,5
3112,17277,0.0768,6
3112,12150,0.0074,7
3113,8665,0.3498,1
3113,6113,0.2953,2
3113,8826,0.1665,3
3113,6310,0.1072,4
3113,2673,0.0432,5
3113,4326,0.0372,6
3113,7994,0.0007,7
3114,5738,0.6471,1
3114,4483,0.2822,2
3114,7818,0.0707,3
3115,9050,0.7354,1
3115,13812,0.0986,2
3115,11167,0.061,3
3115,6668,0.0509,4
3115,12560,0.0481,5
3115,12223,0.0061,6
3116,13293,0.4173,1
3116,13947,0.2684,2
3116,4205,0.2025,3
3116,17060,0.0522,4
3116,9210,0.0511,5
3116,8798,0.0086,6
3117,9483,0.314,1
3117,4600,0.231,2
3117,3687,0.2271,3
3117,5931,0.1183,4
3117,3305,0.0847,5
3117,8825,0.0248,6
3118,4951,0.3845,1
3118,10978,0.259,2
3118,5595,0.2558,3
3118,7733,0.0443,4
3118,9203,0.0335,5
3118,10903,0.0229,6
3119,1890,0.7587,1
3119,4532,0.1247,2
3119,5820,0.0975,3
3119,3453,0.0191,4
3120,4540,0.2843,1
3120,14584,0.2457,2
3120,2797,0.2299,3
3120,1678,0.2002,4
3120,8643,0.0395,5
3120,4157,0.0004,6
3121,4480,0.3872,1
3121,2700,0.3254,2
3121,7432,0.1801,3
3121,10708,0.0869,4
3121,9113,0.0204,5
3122,6852,0.7002,1
3122,9894,0.1848,2
3122,17346,0.0783,3
3122,16827,0.0366,4
3123,6018,0.4552,1
3123,6284,0.1718,2
3123,5530,0.1713,3
3123,10218,0.0941,4
3123,10851,0.0502,5
3123,10279,0.0436,6
3123,10985,0.0138,7
3124,2052,0.8235,1
3124,8358,0.1737,2
3124,4641,0.0028,3
3125,10178,0.4893,1
3125,3957,0.2647,2
3125,4217,0.246,3
3126,5118,0.368,1
3126,4573,0.308,2
3126,8758,0.1037,3
3126,4850,0.0843,4
3126,9513,0.0609,5
3126,4542,0.0415,6
3126,7822,0.0335,7
3127,8470,0.364,1
3127,5505,0.3637,2
3127,3295,0.1634,3
3127,7153,0.0424,4
3127,6297,0.037,5
3127,3893,0.0295,6
3128,4345,0.3098,1
3128,11346,0.2816,2
3128,11873,0.2448,3
3128,7599,0.1638,4
3129,5344,0.3645,1
3129,9040,0.3341,2
3129,11927,0.1695,3
3129,10138,0.0514,4
3129,2371,0.0509,5
3129,6636,0.0296,6
3130,6650,0.4782,1
3130,8243,0.4563,2
3130,4950,0.0655,3
3131,17410,0.3043,1
3131,15871,0.2995,2
3131,8164,0.2943,3
3131,11930,0.1019,4
3132,5797,0.5716,1
3132,4661,0.2021,2
3132,8774,0.0612,3
3132,6545,0.0579,4
3132,7150,0.0549,5
3132,6354,0.0523,6
3133,10341,0.5113,1
3133,11706,0.2499,2
3133,4854,0.1742,3
3133,5675,0.0619,4
3133,17576,0.0026,5
3134,5924,0.3669,1
3134,2685,0.2417,2
3134,12319,0.1928,3
3134,10605,0.1261,4
3134,9147,0.0476,5
3134,9379,0.0138,6
3134,15903,0.0111,7
3135,12359,0.5675,1
3135,16748,0.2564,2
3135,4308,0.104,3
3135,6629,0.0483,4
3135,10658,0.0215,5
3135,17436,0.0023,6
3136,6626,0.5861,1
3136,15217,0.34,2
3136,7798,0.0739,3
3137,8461,0.4876,1
3137,2740,0.2219,2
3137,11096,0.1772,3
3137,2790,0.1116,4
3137,10645,0.0011,5
3137,7228,0.0006,6
3138,13608,0.2522,1
3138,7319,0.2029,2
3138,2939,0.1924,3
3138,1814,0.1636,4
3138,2242,0.1432,5
3138,4190,0.0457,6
3139,4658,0.598,1
3139,8674,0.22,2
3139,8210,0.1178,3
3139,11389,0.061,4
3139,7417,0.0032,5
3140,12189,0.998,1
3140,2651,0.002,2
3141,10600,0.3443,1
3141,4962,0.2795,2
3141,13039,0.1661,3
3141,15813,0.1274,4
3141,17462,0.0675,5
3141,12381,0.0152,6
3142,2309,0.6416,1
3142,1952,0.2665,2
3142,9392,0.0919,3
3143,13753,0.3765,1
3143,16374,0.2326,2
3143,16363,0.1373,3
3143,11146,0.1096,4
3143,6660,0.0696,5
3143,5856,0.0685,6
3143,13689,0.0059,7
3144,10037,0.5413,1
3144,7901,0.2425,2
3144,4857,0.1626,3
3144,7889,0.0435,4
3144,7985,0.0101,5
3145,8987,0.3909,1
3145,9504,0.3292,2
3145,7140,0.1364,3
3145,1959,0.1235,4
3145,7893,0.0122,5
3145,5061,0.0078,6
3146,8664,0.6598,1
3146,5836,0.1565,2
3146,9361,0.0919,3
3146,2190,0.0918,4
3147,12427,0.3934,1
3147,16559,0.2884,2
3147,4618,0.1482,3
3147,2637,0.0846,4
3147,2599,0.0447,5
3147,3252,0.0408,6
3148,9396,0.3855,1
3148,12084,0.3643,2
3148,15258,0.1466,3
3148,17018,0.1036,4
3149,2611,0.3047,1
3149,3068,0.2966,2
3149,12169,0.1966,3
3149,14606,0.1645,4
3149,6109,0.0198,5
3149,12124,0.0178,6
3150,11226,0.3955,1
3150,15088,0.2725,2
3150,5805,0.1272,3
3150,3563,0.1026,4
3150,14936,0.0432,5
3150,7726,0.0355,6
3150,7002,0.0233,7
3151,8417,0.3267,1
3151,10086,0.2498,2
3151,3492,0.1875,3
3151,11727,0.1598,4
3151,3909,0.0629,5
3151,10282,0.0096,6
3151,11499,0.0035,7
3152,2164,0.8057,1
3152,7310,0.1943,2
3153,4095,0.3614,1
3153,6640,0.3548,2
3153,3087,0.1814,3
3153,8595,0.0707,4
3153,4476,0.0316,5
3154,5546,0.3054,1
3154,10262,0.2443,2
3154,5114,0.1765,3
3154,10998,0.1604,4
3154,10466,0.1078,5
3154,6662,0.0056,6
3155,6424,0.3477,1
3155,1643,0.2774,2
3155,9085,0.1679,3
3155,5197,0.086,4
3155,6131,0.0707,5
3155,7439,0.0503,6
3156,6560,0.3835,1
3156,9775,0.3589,2
3156,6116,0.1142,3
3156,9155,0.0943,4
3156,2535,0.0405,5
3156,3765,0.0083,6
3156,6259,0.0002,7
3157,10370,0.4831,1
3157,4597,0.3864,2
3157,6654,0.0673,3
3157,5411,0.0632,4
3158,2303,0.6495,1
3158,3425,0.1469,2
3158,3069,0.0926,3
3158,1959,0.0726,4
3158,11108,0.0263,5
3158,3256,0.0121,6
3159,8091,0.8099,1
3159,2325,0.1067,2
3159,10573,0.0834,3
3160,6144,1.0,1
3161,7344,0.8206,1
3161,6569,0.1691,2
3161,4256,0.0103,3
3162,4247,0.2613,1
3162,8835,0.2573,2
3162,4513,0.2556,3
3162,3450,0.2259,4
3163,2397,0.4461,1
3163,3107,0.3813,2
3163,6365,0.1725,3
3164,16315,0.3808,1
3164,13604,0.2824,2
3164,15735,0.1773,3
3164,5165,0.1113,4
3164,6741,0.0318,5
3164,11418,0.0095,6
3164,14196,0.0069,7
3165,14384,0.3795,1
3165,8494,0.3147,2
3165,13095,0.3058,3
3166,6178,0.5131,1
3166,10771,0.4017,2
3166,2761,0.0853,3
3167,8798,0.4985,1
3167,7705,0.1956,2
3167,8227,0.194,3
3167,9094,0.112,4
3168,3810,0.4393,1
3168,4542,0.2283,2
3168,10661,0.1949,3
3168,2370,0.0663,4
3168,8063,0.034,5
3168,6098,0.0259,6
3168,10491,0.0114,7
3169,5947,0.5612,1
3169,4629,0.2159,2
3169,9632,0.0862,3
3169,3567,0.0548,4
3169,5801,0.0456,5
3169,4499,0.0226,6
3169,7308,0.0137,7
3170,2053,0.6087,1
3170,12014,0.1841,2
3170,5087,0.082,3
3170,13046,0.0708,4
3170,7654,0.0444,5
3170,5865,0.0099,6
3171,5299,0.5566,1
3171,2068,0.2902,2
3171,10778,0.0993,3
3171,3489,0.0477,4
3171,4412,0.0053,5
3171,14415,0.0008,6
3172,7643,0.5368,1
3172,9186,0.149,2
3172,9600,0.1475,3
3172,7786,0.1101,4
3172,7023,0.0354,5
3172,6353,0.0211,6
3173,6973,0.489,1
3173,8542,0.2363,2
3173,11205,0.1782,3
3173,5141,0.0658,4
3173,4319,0.0308,5
3174,8218,0.6928,1
3174,9369,0.2003,2
3174,4915,0.1069,3
3175,7539,0.6657,1
3175,4326,0.1326,2
3175,7097,0.0887,3
3175,6768,0.0858,4
3175,2087,0.0152,5
3175,8059,0.0113,6
3175,10948,0.0008,7
3176,3326,0.4492,1
3176,3613,0.3622,2
3176,9084,0.151,3
3176,2924,0.0324,4
3176,3107,0.0052,5
3177,17227,0.3432,1
3177,17443,0.2854,2
3177,2882,0.23,3
3177,17338,0.0961,4
3177,13319,0.0452,5
3178,4398,0.8746,1
3178,4829,0.0819,2
3178,6543,0.0435,3
3179,10839,0.429,1
3179,3891,0.353,2
3179,1866,0.1932,3
3179,3430,0.0248,4
3180,2828,0.555,1
3180,3172,0.3168,2
3180,2670,0.1282,3
3181,12751,0.7985,1
3181,14793,0.1909,2
3181,1755,0.0106,3
3182,2895,0.4757,1
3182,16459,0.2028,2
3182,13007,0.1997,3
3182,15230,0.1025,4
3182,16643,0.0193,5
3183,7226,0.5625,1
3183,17263,0.2055,2
3183,11875,0.0841,3
3183,17048,0.0835,4
3183,12208,0.0645,5
3184,5127,0.7034,1
3184,1882,0.2134,2
3184,6389,0.0832,3
3185,5989,0.453,1
3185,11445,0.2048,2
3185,6109,0.1582,3
3185,2750,0.1253,4
3185,6176,0.0588,5
3186,3341,0.4392,1
3186,1972,0.4319,2
3186,6999,0.0486,3
3186,3094,0.0441,4
3186,8696,0.0363,5
3187,10376,0.354,1
3187,5327,0.346,2
3187,2199,0.2929,3
3187,3401,0.0071,4
3188,1844,0.4024,1
3188,9161,0.3164,2
3188,4533,0.1468,3
3188,6893,0.1043,4
3188,4877,0.018,5
3188,11405,0.0121,6
3189,6952,0.4774,1
3189,5278,0.1989,2
3189,3668,0.1659,3
3189,2749,0.0961,4
3189,2491,0.0607,5
3189,9239,0.001,6
3190,2010,0.548,1
3190,4206,0.2497,2
3190,13934,0.1582,3
3190,14952,0.044,4
3191,2525,0.3838,1
3191,1853,0.2565,2
3191,7483,0.2402,3
3191,6404,0.1195,4
3192,7017,0.5387,1
3192,10818,0.4459,2
3192,11129,0.0087,3
3192,10838,0.0067,4
3193,15072,0.7605,1
3193,11504,0.1303,2
3193,6742,0.07,3
3193,1960,0.0391,4
3194,5944,0.3005,1
3194,14961,0.2776,2
3194,2147,0.225,3
3194,14916,0.1244,4
3194,16603,0.0725,5
3195,4030,0.342,1
3195,9138,0.2074,2
3195,7198,0.1881,3
3195,2942,0.1656,4
3195,3794,0.0481,5
3195,5261,0.034,6
3195,15819,0.0148,7
3196,14546,1.0,1
3197,5183,0.7373,1
3197,7885,0.163,2
3197,6236,0.0996,3
3198,10138,0.4081,1
3198,6634,0.2532,2
3198,6724,0.1253,3
3198,5406,0.109,4
3198,2123,0.0846,5
3198,11054,0.0197,6
3199,9360,0.3355,1
3199,7780,0.2899,2
3199,5986,0.2501,3
3199,5080,0.1245,4
3200,15997,0.368,1
3200,16581,0.2407,2
3200,15009,0.1967,3
3200,13743,0.1836,4
3200,7352,0.0111,5
3201,5120,0.8872,1
3201,6554,0.1075,2
3201,14148,0.0054,3
3202,13324,0.4639,1
3202,3826,0.2495,2
3202,2353,0.1208,3
3202,7689,0.108,4
3202,4196,0.0313,5
3202,4154,0.0249,6
3202,3080,0.0016,7
3203,2979,0.4442,1
3203,2008,0.2939,2
3203,9307,0.1597,3
3203,8200,0.0611,4
3203,7298,0.041,5
3204,5903,0.6942,1
3204,2336,0.1967,2
3204,9927,0.1091,3
3205,6440,0.8345,1
3205,7473,0.1594,2
3205,9259,0.0061,3
3206,15472,1.0,1
3207,7392,0.5868,1
3207,2184,0.3966,2
3207,8502,0.0167,3
3208,13751,0.4853,1
3208,14773,0.4256,2
3208,4553,0.0891,3
3209,8505,0.3824,1
3209,12748,0.3534,2
3209,11002,0.1595,3
3209,12148,0.0999,4
3209,14127,0.0049,5
3210,8167,0.4845,1
3210,1674,0.3474,2
3210,2446,0.1473,3
3210,5616,0.0208,4
3211,11138,0.3832,1
3211,11299,0.287,2
3211,8912,0.2252,3
3211,17564,0.1046,4
3212,6639,0.4801,1
3212,1964,0.1761,2
3212,8338,0.1156,3
3212,2408,0.1098,4
3212,10771,0.0694,5
3212,7285,0.0375,6
3212,4886,0.0117,7
3213,4400,0.6017,1
3213,2090,0.203,2
3213,10191,0.1667,3
3213,7355,0.0286,4
3214,6682,0.574,1
3214,6392,0.1829,2
3214,3329,0.1294,3
3214,1896,0.0768,4
3214,8399,0.0187,5
3214,4062,0.0181,6
3215,5625,0.3124,1
3215,8684,0.2838,2
3215,3428,0.2161,3
3215,8852,0.13,4
3215,3948,0.0569,5
3215,5372,0.0009,6
3216,2767,0.5066,1
3216,16525,0.2805,2
3216,13207,0.0604,3
3216,5443,0.0523,4
3216,11686,0.0491,5
3216,11749,0.0297,6
3216,8440,0.0215,7
3217,8064,0.4475,1
3217,12410,0.3045,2
3217,4560,0.1669,3
3217,17571,0.0812,4
3218,10100,0.5088,1
3218,10781,0.3564,2
3218,7692,0.102,3
3218,6138,0.0328,4
3219,4009,0.4177,1
3219,3287,0.2497,2
3219,3818,0.1506,3
3219,4514,0.1004,4
3219,4349,0.0815,5
3220,2722,0.3429,1
3220,11938,0.3159,2
3220,4645,0.1368,3
3220,3535,0.099,4
3220,17631,0.0651,5
3220,11830,0.0312,6
3220,13590,0.009,7
3221,5459,0.5901,1
3221,16385,0.2329,2
3221,16934,0.0883,3
3221,16606,0.0717,4
3221,4177,0.017,5
3222,4190,0.6415,1
3222,10661,0.3458,2
3222,3307,0.0127,3
3223,14646,0.5177,1
3223,7363,0.203,2
3223,8226,0.2004,3
3223,2571,0.047,4
3223,6789,0.0289,5
3223,6698,0.0031,6
3224,14492,0.5084,1
3224,13723,0.2992,2
3224,5401,0.104,3
3224,9265,0.046,4
3224,12888,0.039,5
3224,6244,0.0033,6
3225,15541,0.4734,1
3225,15359,0.2337,2
3225,11751,0.0899,3
3225,7785,0.0872,4
3225,6580,0.0686,5
3225,13211,0.0281,6
3225,14551,0.019,7
3226,6607,0.5413,1
3226,3440,0.4511,2
3226,2857,0.0076,3
3227,6659,0.4373,1
3227,4517,0.1962,2
3227,2350,0.1945,3
3227,14582,0.1629,4
3227,6454,0.0091,5
3228,2202,0.6427,1
3228,11529,0.2451,2
3228,13503,0.1122,3
3229,9562,0.4264,1
3229,5428,0.2987,2
3229,4796,0.2218,3
3229,11155,0.0498,4
3229,7344,0.0034,5
3230,15293,0.2314,1
3230,3364,0.227,2
3230,4266,0.1938,3
3230,4128,0.1291,4
3230,12701,0.1151,5
3230,5647,0.0761,6
3230,17102,0.0274,7
3231,8431,0.848,1
3231,8569,0.1453,2
3231,5870,0.0067,3
3232,2542,1.0,1
3233,2474,0.5111,1
3233,11296,0.4348,2
3233,2344,0.0542,3
3234,14321,0.5951,1
3234,12516,0.204,2
3234,17278,0.2008,3
3235,8825,0.2704,1
3235,3708,0.2038,2
3235,2457,0.1918,3
3235,2282,0.1105,4
3235,9638,0.1037,5
3235,2832,0.0711,6
3235,2297,0.0487,7
3236,9447,0.3384,1
3236,5334,0.3136,2
3236,9723,0.1968,3
3236,4835,0.0904,4
3236,7487,0.0594,5
3236,3026,0.0013,6
3237,4348,0.3783,1
3237,4916,0.2222,2
3237,8928,0.2187,3
3237,9385,0.0995,4
3237,8380,0.0526,5
3237,8260,0.0287,6
3238,6088,0.51,1
3238,7974,0.216,2
3238,7048,0.1965,3
3238,9852,0.0327,4
3238,4493,0.0287,5
3238,3932,0.0116,6
3238,7177,0.0044,7
3239,1754,0.4274,1
3239,4841,0.235,2
3239,9953,0.1991,3
3239,3356,0.0988,4
3239,4458,0.034,5
3239,6533,0.0056,6
3240,10412,0.3022,1
3240,8051,0.2477,2
3240,3320,0.1679,3
3240,7056,0.1325,4
3240,3134,0.1129,5
3240,5646,0.0369,6
3241,11903,0.3747,1
3241,13712,0.2742,2
3241,8496,0.2055,3
3241,13019,0.0515,4
3241,12920,0.051,5
3241,2858,0.024,6
3241,4995,0.0192,7
3242,4912,0.5065,1
3242,11193,0.3102,2
3242,9798,0.0923,3
3242,13070,0.0538,4
3242,8888,0.0373,5
3243,4207,0.3809,1
3243,7230,0.1853,2
3243,6759,0.1732,3
3243,9684,0.0946,4
3243,11046,0.0699,5
3243,8797,0.0541,6
3243,4614,0.042,7
3244,10980,0.421,1
3244,9030,0.3491,2
3244,4273,0.2127,3
3244,8114,0.0172,4
3245,3722,0.5594,1
3245,7175,0.2694,2
3245,1667,0.1712,3
3246,8025,0.5271,1
3246,6968,0.4608,2
3246,9325,0.012,3
3247,15204,0.6139,1
3247,2188,0.2856,2
3247,14868,0.0423,3
3247,8298,0.0365,4
3247,9187,0.0217,5
3248,9474,0.4973,1
3248,3236,0.2247,2
3248,10134,0.1146,3
3248,9493,0.1125,4
3248,3216,0.0338,5
3248,4346,0.017,6
3249,7138,0.5163,1
3249,4807,0.2252,2
3249,5804,0.1931,3
3249,4302,0.0655,4
3250,7228,0.2792,1
3250,2717,0.2789,2
3250,2405,0.2387,3
3250,9621,0.2032,4
3251,4498,0.5608,1
3251,4362,0.3791,2
3251,4641,0.0353,3
3251,2944,0.0248,4
3252,6788,0.4519,1
3252,11841,0.4352,2
3252,4102,0.1129,3
3253,7236,0.6009,1
3253,2945,0.2928,2
3253,13146,0.1063,3
3254,7719,0.6374,1
3254,9729,0.1474,2
3254,5182,0.1166,3
3254,2700,0.0891,4
3254,6799,0.0095,5
3255,16021,0.4366,1
3255,14486,0.2345,2
3255,6939,0.2336,3
3255,10054,0.0953,4
3256,4064,0.7042,1
3256,7539,0.24,2
3256,2136,0.0494,3
3256,15049,0.0065,4
3257,3775,0.6767,1
3257,7896,0.1599,2
3257,9890,0.0918,3
3257,2603,0.0716,4
3258,10121,0.2576,1
3258,12393,0.1773,2
3258,1655,0.1456,3
3258,6208,0.1237,4
3258,2224,0.1225,5
3258,8243,0.096,6
3258,7218,0.0774,7
3259,7996,0.3487,1
3259,2071,0.2022,2
3259,16430,0.1586,3
3259,12578,0.1263,4
3259,1763,0.1163,5
3259,7086,0.0479,6
3260,2224,0.6174,1
3260,11919,0.1444,2
3260,8469,0.0851,3
3260,17631,0.0565,4
3260,7690,0.053,5
3260,10128,0.0436,6
3261,7001,0.9075,1
3261,4035,0.0925,2
3262,4924,0.4833,1
3262,6266,0.3782,2
3262,4621,0.1251,3
3262,16952,0.0135,4
3263,7799,0.3557,1
3263,6306,0.2628,2
3263,2716,0.1459,3
3263,7285,0.0958,4
3263,11379,0.0726,5
3263,8461,0.0671,6
3264,8878,0.4857,1
3264,12340,0.3566,2
3264,10448,0.1577,3
3265,5193,0.3342,1
3265,5383,0.3337,2
3265,7078,0.1794,3
3265,8161,0.105,4
3265,10695,0.0438,5
3265,3001,0.004,6
3266,3998,0.4036,1
3266,3728,0.3111,2
3266,7697,0.1578,3
3266,1935,0.0617,4
3266,6739,0.0472,5
3266,17410,0.0185,6
3267,14735,0.4028,1
3267,4693,0.2639,2
3267,3913,0.2172,3
3267,5485,0.1161,4
3268,4687,0.3525,1
3268,6466,0.2288,2
3268,4617,0.1611,3
3268,10792,0.1062,4
3268,3097,0.0965,5
3268,5545,0.0388,6
3268,7439,0.0161,7
3269,8647,0.3405,1
3269,2098,0.246,2
3269,9307,0.1667,3
3269,2626,0.1262,4
3269,4791,0.1206,5
3270,7793,0.3879,1
3270,5263,0.3257,2
3270,2366,0.1342,3
3270,9172,0.1014,4
3270,7973,0.0508,5
3271,1705,0.3442,1
3271,3084,0.2387,2
3271,17492,0.1838,3
3271,6171,0.1295,4
3271,10735,0.0835,5
3271,16607,0.0203,6
3272,2004,0.4202,1
3272,6037,0.2741,2
3272,4254,0.1597,3
3272,10137,0.1344,4
3272,11071,0.0116,5
3273,5068,0.4888,1
3273,2135,0.2527,2
3273,11546,0.233,3
3273,14748,0.0255,4
3274,2852,0.6196,1
3274,3720,0.3523,2
3274,4821,0.0281,3
3275,8663,0.3131,1
3275,7093,0.2626,2
3275,4066,0.1501,3
3275,11027,0.1,4
3275,4723,0.0987,5
3275,4347,0.0755,6
3276,5623,0.2641,1
3276,8044,0.2081,2
3276,2520,0.1935,3
3276,8812,0.1775,4
3276,10056,0.1568,5
3277,2372,0.5038,1
3277,6534,0.1939,2
3277,2164,0.1529,3
3277,3404,0.1478,4
3277,5917,0.0016,5
3278,8274,0.5925,1
3278,4491,0.2217,2
3278,6228,0.1236,3
3278,4415,0.0623,4
3279,4887,0.6552,1
3279,10066,0.3441,2
3279,3466,0.0007,3
3280,12625,0.5757,1
3280,15330,0.2384,2
3280,11985,0.1303,3
3280,3876,0.0507,4
3280,17624,0.0049,5
3281,7201,0.6295,1
3281,6045,0.2901,2
3281,3491,0.0805,3
3282,6774,0.5604,1
3282,10557,0.3119,2
3282,4127,0.1276,3
3283,4851,0.5199,1
3283,7867,0.4096,2
3283,9392,0.0328,3
3283,8736,0.0263,4
3283,6237,0.0114,5
3284,5623,0.4197,1
3284,15999,0.3314,2
3284,17284,0.1975,3
3284,2616,0.0514,4
3285,3519,0.4099,1
3285,7095,0.3787,2
3285,7674,0.2114,3
3286,6426,0.4857,1
3286,9139,0.3358,2
3286,6493,0.1423,3
3286,5529,0.0362,4
3287,10335,0.3366,1
3287,2334,0.2848,2
3287,9694,0.1598,3
3287,11141,0.1005,4
3287,5507,0.0846,5
3287,10875,0.0336,6
3288,1650,0.7549,1
3288,5183,0.1622,2
3288,3461,0.0829,3
3289,2152,0.4783,1
3289,9297,0.3259,2
3289,16231,0.1364,3
3289,12321,0.0426,4
3289,10436,0.0167,5
3290,7353,0.5444,1
3290,8499,0.3071,2
3290,8547,0.1486,3
3291,8916,0.3518,1
3291,8939,0.1798,2
3291,4736,0.1675,3
3291,3489,0.1146,4
3291,3473,0.0966,5
3291,5040,0.0898,6
3292,8823,0.3543,1
3292,2552,0.3113,2
3292,4661,0.2808,3
3292,6048,0.0302,4
3292,12312,0.022,5
3292,2533,0.0015,6
3293,8125,0.4635,1
3293,12778,0.4297,2
3293,14394,0.0505,3
3293,11113,0.0344,4
3293,5497,0.0219,5
3294,13840,0.6896,1
3294,6162,0.1366,2
3294,2822,0.1008,3
3294,15761,0.0729,4
3295,6039,0.6947,1
3295,8613,0.1303,2
3295,6865,0.1011,3
3295,6052,0.0739,4
3296,5598,0.571,1
3296,6785,0.2033,2
3296,8436,0.1549,3
3296,10995,0.0708,4
3297,10056,0.4012,1
3297,1747,0.1816,2
3297,7833,0.1368,3
3297,2902,0.1218,4
3297,10271,0.0647,5
3297,8197,0.0627,6
3297,7804,0.0313,7
3298,3420,0.4102,1
3298,3879,0.3278,2
3298,11144,0.1593,3
3298,2506,0.1027,4
3299,6670,0.6826,1
3299,8032,0.297,2
3299,6897,0.0204,3
3300,12485,0.5355,1
3300,14978,0.1724,2
3300,9116,0.1487,3
3300,6531,0.1434,4
3301,6513,0.4541,1
3301,10782,0.2801,2
3301,4428,0.1314,3
3301,11678,0.0628,4
3301,7742,0.049,5
3301,7112,0.0226,6
3302,5376,0.4077,1
3302,7182,0.1581,2
3302,4396,0.1391,3
3302,8040,0.1315,4
3302,2449,0.125,5
3302,3032,0.0305,6
3302,8940,0.0082,7
3303,11561,0.635,1
3303,13698,0.2342,2
3303,9146,0.1308,3
3304,8889,0.7851,1
3304,7402,0.143,2
3304,2125,0.0495,3
3304,2557,0.022,4
3304,11489,0.0005,5
3305,7219,0.4191,1
3305,5566,0.3438,2
3305,3617,0.2371,3
3306,8518,0.3498,1
3306,5194,0.3314,2
3306,13872,0.3046,3
3306,3582,0.0092,4
3306,9432,0.005,5
3307,16492,0.6528,1
3307,11089,0.3472,2
3308,7211,0.4495,1
3308,2897,0.3214,2
3308,10512,0.111,3
3308,16163,0.1108,4
3308,8855,0.0073,5
3309,13064,0.4304,1
3309,11821,0.3962,2
3309,17007,0.1325,3
3309,16401,0.0409,4
3310,3279,0.3337,1
3310,11081,0.1872,2
3310,11253,0.1723,3
3310,6320,0.1432,4
3310,9737,0.0586,5
3310,8622,0.0551,6
3310,5637,0.0499,7
3311,6185,0.3671,1
3311,7512,0.3077,2
3311,6577,0.1713,3
3311,9366,0.1248,4
3311,9401,0.0276,5
3311,1799,0.0016,6
3312,9090,0.3046,1
3312,5688,0.2177,2
3312,10449,0.1781,3
3312,10592,0.1699,4
3312,4676,0.1297,5
3313,7219,0.5155,1
3313,2912,0.2683,2
3313,11306,0.0911,3
3313,5566,0.0785,4
3313,10537,0.0466,5
3314,2555,0.4499,1
3314,13575,0.421,2
3314,9754,0.1292,3
3315,8939,0.229,1
3315,8186,0.2111,2
3315,4935,0.2026,3
3315,3667,0.1508,4
3315,8095,0.0972,5
3315,3986,0.0818,6
3315,6818,0.0274,7
3316,9414,0.8438,1
3316,5584,0.1562,2
3317,5774,0.6419,1
3317,2595,0.3404,2
3317,11243,0.0177,3
3318,8927,0.3144,1
3318,11766,0.2786,2
3318,5343,0.1612,3
3318,6715,0.1152,4
3318,11270,0.0674,5
3318,3800,0.0338,6
3318,5709,0.0295,7
3319,4145,0.3536,1
3319,6369,0.2887,2
3319,6446,0.2006,3
3319,13586,0.1536,4
3319,3559,0.0035,5
3320,3461,0.4767,1
3320,3116,0.2827,2
3320,11033,0.2372,3
3320,1985,0.0034,4
3321,8475,0.5941,1
3321,7968,0.2401,2
3321,5081,0.0877,3
3321,3832,0.0782,4
3322,4657,0.5483,1
3322,14442,0.2008,2
3322,12557,0.1151,3
3322,5680,0.0893,4
3322,3755,0.0465,5
3323,11357,0.5509,1
3323,2188,0.3888,2
3323,2344,0.0603,3
3324,9916,0.4497,1
3324,9415,0.2842,2
3324,4808,0.2559,3
3324,2739,0.0103,4
3325,11938,0.2592,1
3325,15159,0.2269,2
3325,5390,0.2186,3
3325,16334,0.1812,4
3325,11968,0.1045,5
3325,8662,0.0095,6
3326,6685,0.7856,1
3326,3718,0.1536,2
3326,3697,0.0495,3
3326,2397,0.0081,4
3326,3441,0.0031,5
3327,10322,0.6791,1
3327,5445,0.1761,2
3327,4423,0.0783,3
3327,7681,0.0519,4
3327,7399,0.0146,5
3328,9136,1.0,1
3329,14506,0.4894,1
3329,8336,0.271,2
3329,8986,0.1488,3
3329,3547,0.0908,4
3330,10371,0.3233,1
3330,8194,0.2548,2
3330,3706,0.1432,3
3330,6030,0.1419,4
3330,7196,0.1218,5
3330,5050,0.015,6
3331,6287,0.9576,1
3331,7747,0.029,2
3331,7100,0.0134,3
3332,4854,0.491,1
3332,10689,0.151,2
3332,15682,0.1234,3
3332,1841,0.1126,4
3332,17560,0.0894,5
3332,11607,0.0326,6
3333,3271,0.3536,1
3333,11938,0.3269,2
3333,7520,0.3195,3
3334,11259,0.7718,1
3334,3394,0.1981,2
3334,7040,0.0302,3
3335,3147,0.6405,1
3335,7170,0.2627,2
3335,2092,0.0968,3
3336,8444,0.6451,1
3336,17316,0.352,2
3336,17383,0.0029,3
3337,2047,0.4782,1
3337,8605,0.2193,2
3337,11355,0.16,3
3337,2875,0.059,4
3337,3351,0.0585,5
3337,2234,0.0219,6
3337,4828,0.0031,7
3338,6901,0.4586,1
3338,6068,0.4265,2
3338,2577,0.0764,3
3338,13794,0.0385,4
3339,9533,0.3577,1
3339,7318,0.3058,2
3339,4746,0.2733,3
3339,4491,0.0633,4
3340,7420,0.4031,1
3340,8991,0.2644,2
3340,6477,0.1934,3
3340,4234,0.1308,4
3340,3132,0.0083,5
3341,17504,0.2925,1
3341,12268,0.2241,2
3341,1913,0.2219,3
3341,3792,0.1291,4
3341,3188,0.1248,5
3341,7412,0.0076,6
3342,5903,0.6295,1
3342,7360,0.3415,2
3342,5533,0.027,3
3342,7754,0.002,4
3343,4160,0.3521,1
3343,5816,0.2786,2
3343,2819,0.219,3
3343,5046,0.1176,4
3343,6150,0.0233,5
3343,3310,0.0095,6
3344,7048,0.5216,1
3344,4822,0.3902,2
3344,8538,0.0497,3
3344,7435,0.0382,4
3344,11057,0.0004,5
3345,11065,0.2187,1
3345,3961,0.215,2
3345,12229,0.2001,3
3345,13673,0.1902,4
3345,9579,0.0951,5
3345,6226,0.0439,6
3345,6563,0.0369,7
3346,2509,0.4542,1
3346,10168,0.3029,2
3346,1859,0.1992,3
3346,4178,0.0437,4
3347,4353,0.8908,1
3347,11009,0.0791,2
3347,16377,0.0301,3
3348,5145,0.2397,1
3348,14561,0.1882,2
3348,7018,0.1771,3
3348,12428,0.1291,4
3348,3962,0.0976,5
3348,12123,0.0951,6
3348,2537,0.0732,7
3349,3387,0.5854,1
3349,3021,0.3697,2
3349,7992,0.0449,3
3350,2373,0.3473,1
3350,7938,0.193,2
3350,15453,0.1877,3
3350,12485,0.1327,4
3350,16864,0.1111,5
3350,4911,0.017,6
3350,9541,0.0113,7
3351,10511,0.4647,1
3351,2041,0.3651,2
3351,1982,0.1702,3
3352,4355,0.5078,1
3352,4007,0.4476,2
3352,7035,0.0446,3
3353,11668,0.2987,1
3353,1750,0.2902,2
3353,3379,0.2753,3
3353,10671,0.1358,4
3354,7568,0.445,1
3354,6250,0.2435,2
3354,9786,0.1941,3
3354,7833,0.0446,4
3354,9431,0.041,5
3354,5445,0.0181,6
3354,11105,0.0137,7
3355,10530,0.7827,1
3355,11131,0.0789,2
3355,5362,0.0598,3
3355,3562,0.0491,4
3355,3788,0.0294,5
3356,2865,0.4265,1
3356,16649,0.3473,2
3356,7291,0.2022,3
3356,2765,0.0239,4
3356,7462,0.0,5
3357,9964,0.7008,1
3357,4697,0.176,2
3357,11377,0.0677,3
3357,17391,0.0342,4
3357,4529,0.0213,5
3358,9360,0.8173,1
3358,4970,0.142,2
3358,5106,0.035,3
3358,2174,0.0057,4
3359,6033,0.4925,1
3359,2167,0.3198,2
3359,7407,0.112,3
3359,13123,0.0757,4
3360,3619,0.7705,1
3360,4720,0.2135,2
3360,14556,0.016,3
3361,7552,0.3789,1
3361,9178,0.3341,2
3361,5031,0.287,3
3362,5408,0.3592,1
3362,3939,0.3168,2
3362,15683,0.2573,3
3362,10751,0.0661,4
3362,8740,0.0007,5
3363,9981,0.4276,1
3363,11401,0.3217,2
3363,2341,0.2507,3
3364,8404,0.7531,1
3364,10121,0.107,2
3364,7719,0.0985,3
3364,3406,0.0324,4
3364,7658,0.009,5
3365,10557,0.5557,1
3365,15569,0.3046,2
3365,2747,0.1194,3
3365,5194,0.0136,4
3365,13739,0.0066,5
3365,3293,0.0,6
3366,5667,0.5646,1
3366,2906,0.1674,2
3366,7663,0.1605,3
3366,10995,0.0807,4
3366,3152,0.0269,5
3367,3649,0.3556,1
3367,1932,0.2296,2
3367,7083,0.148,3
3367,9808,0.1277,4
3367,7454,0.1143,5
3367,11288,0.0248,6
3368,7191,0.293,1
3368,10121,0.1943,2
3368,11012,0.1911,3
3368,2825,0.0906,4
3368,12831,0.0882,5
3368,9100,0.0856,6
3368,12748,0.0572,7
3369,8951,0.3359,1
3369,2756,0.2622,2
3369,6579,0.1771,3
3369,2505,0.1647,4
3369,2809,0.0434,5
3369,7756,0.0167,6
3370,6383,0.7785,1
3370,9131,0.1902,2
3370,8965,0.0313,3
3371,2482,0.5768,1
3371,6479,0.3799,2
3371,7937,0.0378,3
3371,7578,0.0055,4
3372,9717,0.9446,1
3372,1911,0.0554,2
3373,12507,0.4567,1
3373,14859,0.2409,2
3373,4052,0.1651,3
3373,15619,0.1096,4
3373,4383,0.0276,5
3374,7184,0.4924,1
3374,12194,0.4004,2
3374,2621,0.0901,3
3374,16297,0.0171,4
3375,4461,0.5411,1
3375,4621,0.2335,2
3375,3829,0.2254,3
3376,3682,0.3385,1
3376,6314,0.2504,2
3376,8198,0.2228,3
3376,3028,0.061,4
3376,1873,0.0604,5
3376,9899,0.0414,6
3376,5601,0.0256,7
3377,7439,0.3104,1
3377,8871,0.2848,2
3377,2014,0.1733,3
3377,10879,0.116,4
3377,10376,0.1036,5
3377,3392,0.0062,6
3377,5095,0.0057,7
3378,11221,0.2786,1
3378,5687,0.1858,2
3378,16719,0.1811,3
3378,10503,0.1534,4
3378,15744,0.117,5
3378,15575,0.074,6
3378,13964,0.0102,7
3379,6353,1.0,1
3380,1721,0.8566,1
3380,10815,0.1434,2
3380,8770,0.0,3
3381,10294,0.4563,1
3381,10789,0.2532,2
3381,6387,0.1544,3
3381,8528,0.0832,4
3381,5279,0.0529,5
3382,8983,0.7044,1
3382,8590,0.1506,2
3382,4005,0.145,3
3383,6886,0.2768,1
3383,7876,0.2166,2
3383,2696,0.184,3
3383,4709,0.1823,4
3383,3203,0.0695,5
3383,2226,0.0467,6
3383,10682,0.024,7
3384,9384,0.7907,1
3384,8301,0.1589,2
3384,7741,0.0504,3
3385,9579,0.7745,1
3385,3754,0.1455,2
3385,8383,0.08,3
3386,10092,0.5172,1
3386,9269,0.135,2
3386,6657,0.1287,3
3386,1959,0.1119,4
3386,9314,0.1072,5
3387,8027,0.4446,1
3387,2682,0.204,2
3387,4238,0.1871,3
3387,8928,0.1643,4
3388,10577,0.371,1
3388,3328,0.3,2
3388,8844,0.1732,3
3388,5494,0.155,4
3388,6942,0.0009,5
3389,15837,0.544,1
3389,4720,0.3076,2
3389,8273,0.0841,3
3389,2869,0.0643,4
3390,9819,0.4214,1
3390,4115,0.3391,2
3390,1824,0.1538,3
3390,5879,0.0857,4
3391,6884,0.6245,1
3391,9295,0.3513,2
3391,10781,0.0241,3
3392,11205,0.6976,1
3392,5704,0.2524,2
3392,14020,0.05,3
3393,8916,1.0,1
3394,6261,0.432,1
3394,5710,0.3896,2
3394,15425,0.1332,3
3394,9941,0.0352,4
3394,4113,0.01,5
3395,6035,0.3492,1
3395,6947,0.2064,2
3395,3993,0.2029,3
3395,7424,0.1883,4
3395,3175,0.0368,5
3395,4491,0.0165,6
3396,14897,0.5192,1
3396,8031,0.2771,2
3396,12751,0.184,3
3396,2907,0.0143,4
3396,9297,0.0053,5
3397,14036,0.4614,1
3397,10607,0.2878,2
3397,6540,0.2308,3
3397,11463,0.02,4
3398,2415,0.4428,1
3398,9322,0.2619,2
3398,2778,0.2186,3
3398,4137,0.0767,4
3399,17364,0.5944,1
3399,14767,0.2117,2
3399,2635,0.1776,3
3399,14130,0.0164,4
3400,6423,0.5591,1
3400,6986,0.3927,2
3400,9437,0.0244,3
3400,10560,0.0237,4
3401,7922,0.5794,1
3401,7369,0.2168,2
3401,7142,0.1525,3
3401,9740,0.0514,4
3402,3375,0.4421,1
3402,6972,0.201,2
3402,2631,0.1658,3
3402,4339,0.0897,4
3402,9798,0.0676,5
3402,16802,0.0338,6
3403,4610,0.4034,1
3403,3668,0.206,2
3403,3523,0.1288,3
3403,7087,0.0931,4
3403,15608,0.0894,5
3403,3470,0.042,6
3403,2432,0.0374,7
3404,2874,1.0,1
3405,9736,0.4225,1
3405,2069,0.3867,2
3405,9546,0.1753,3
3405,5530,0.0155,4
3406,8281,0.6045,1
3406,13795,0.3601,2
3406,10200,0.0354,3
3407,16220,0.4032,1
3407,13292,0.343,2
3407,11127,0.2418,3
3407,10892,0.0121,4
3408,13674,0.5108,1
3408,17394,0.3027,2
3408,15285,0.1214,3
3408,13219,0.0315,4
3408,11047,0.0289,5
3408,6582,0.0047,6
3409,14106,0.2734,1
3409,10443,0.1869,2
3409,14891,0.1629,3
3409,4893,0.107,4
3409,16067,0.1035,5
3409,5972,0.0976,6
3409,12614,0.0686,7
3410,8166,0.7033,1
3410,16250,0.1712,2
3410,2666,0.0695,3
3410,10151,0.0484,4
3410,6846,0.0076,5
3411,6391,0.4837,1
3411,7645,0.2375,2
3411,1938,0.2033,3
3411,8636,0.0561,4
3411,4168,0.0193,5
3412,3454,0.4197,1
3412,5455,0.2147,2
3412,7122,0.1957,3
3412,2177,0.1633,4
3412,2826,0.0066,5
3413,10510,0.5822,1
3413,6076,0.3234,2
3413,5627,0.0936,3
3413,9762,0.0008,4
3414,6012,1.0,1
3415,9876,0.4172,1
3415,4935,0.2788,2
3415,10718,0.1218,3
3415,3934,0.1207,4
3415,8440,0.0615,5
3416,15871,0.3439,1
3416,4782,0.232,2
3416,15159,0.1117,3
3416,3900,0.1091,4
3416,8113,0.0998,5
3416,13125,0.0931,6
3416,2913,0.0104,7
3417,13698,0.5935,1
3417,4718,0.4065,2
3418,4563,0.3601,1
3418,16173,0.2303,2
3418,2882,0.163,3
3418,5677,0.1425,4
3418,9400,0.0709,5
3418,6311,0.0331,6
3419,6626,0.5561,1
3419,6955,0.2864,2
3419,16128,0.0813,3
3419,3364,0.0568,4
3419,3928,0.0194,5
3420,8980,0.732,1
3420,3387,0.1047,2
3420,7177,0.0955,3
3420,5071,0.0678,4
3421,5804,0.3643,1
3421,7939,0.2356,2
3421,4441,0.2187,3
3421,6216,0.1341,4
3421,4187,0.0356,5
3421,2164,0.0117,6
3422,9409,0.4907,1
3422,6771,0.3909,2
3422,5296,0.1184,3
3423,6403,0.4093,1
3423,3674,0.3072,2
3423,12164,0.2769,3
3423,7221,0.0036,4
3423,3464,0.003,5
3424,8767,1.0,1
3425,11426,0.4156,1
3425,1905,0.1991,2
3425,3559,0.164,3
3425,2742,0.1139,4
3425,6900,0.0518,5
3425,14638,0.0347,6
3425,8402,0.0208,7
3426,5681,0.8165,1
3426,9176,0.0972,2
3426,4969,0.0863,3
3427,2174,0.5164,1
3427,10893,0.2049,2
3427,1670,0.1893,3
3427,7177,0.043,4
3427,3091,0.0372,5
3427,10250,0.0092,6
3428,6620,0.3521,1
3428,12408,0.2256,2
3428,7240,0.1361,3
3428,10476,0.1327,4
3428,8317,0.0722,5
3428,7768,0.0601,6
3428,9880,0.0213,7
3429,9029,0.4711,1
3429,15484,0.4148,2
3429,2561,0.0745,3
3429,3890,0.0396,4
3430,11765,0.3762,1
3430,9052,0.1953,2
3430,2385,0.1909,3
3430,15091,0.1215,4
3430,13859,0.1161,5
3431,6000,0.5892,1
3431,17261,0.2281,2
3431,15432,0.1438,3
3431,12702,0.0321,4
3431,12687,0.0068,5
3432,7658,0.6077,1
3432,15263,0.3182,2
3432,7629,0.0741,3
3433,3485,0.4935,1
3433,14963,0.2933,2
3433,13433,0.0935,3
3433,10128,0.0646,4
3433,1963,0.0441,5
3433,9798,0.0109,6
3434,15431,0.8786,1
3434,9256,0.0696,2
3434,3225,0.0518,3
3435,9178,0.5044,1
3435,3412,0.2922,2
3435,3557,0.0764,3
3435,4891,0.0597,4
3435,4185,0.0424,5
3435,4929,0.025,6
3436,14828,0.4535,1
3436,11041,0.3006,2
3436,5676,0.246,3
3437,6416,0.7038,1
3437,9041,0.2962,2
3438,3789,0.7064,1
3438,8084,0.1634,2
3438,10016,0.1301,3
3439,3847,0.4597,1
3439,11243,0.3918,2
3439,5421,0.1485,3
3440,1750,0.4587,1
3440,13982,0.1686,2
3440,4755,0.1371,3
3440,2795,0.1149,4
3440,9470,0.0935,5
3440,6698,0.0272,6
3441,3426,0.6922,1
3441,8504,0.2292,2
3441,4632,0.0786,3
3442,15066,0.3504,1
3442,2513,0.2153,2
3442,14309,0.1305,3
3442,5425,0.1079,4
3442,4570,0.0878,5
3442,9898,0.063,6
3442,8384,0.0453,7
3443,7966,0.617,1
3443,12938,0.242,2
3443,9145,0.1133,3
3443,10690,0.0276,4
3444,8361,0.5994,1
3444,2204,0.2483,2
3444,5572,0.1523,3
3445,2785,0.5291,1
3445,9803,0.142,2
3445,4177,0.1386,3
3445,9190,0.0824,4
3445,3246,0.0554,5
3445,14724,0.0525,6
3446,8817,0.5274,1
3446,6355,0.1804,2
3446,12690,0.1345,3
3446,2417,0.078,4
3446,7968,0.0448,5
3446,5916,0.0233,6
3446,3380,0.0117,7
3447,5311,0.453,1
3447,7097,0.3037,2
3447,7300,0.2433,3
3448,6110,0.3939,1
3448,6315,0.3446,2
3448,7721,0.1565,3
3448,6960,0.0714,4
3448,2186,0.0306,5
3448,3960,0.0029,6
3449,3097,0.7461,1
3449,14666,0.2188,2
3449,6530,0.0351,3
3450,4562,0.4949,1
3450,2406,0.1368,2
3450,7217,0.1287,3
3450,7142,0.1207,4
3450,2772,0.0872,5
3450,7413,0.0317,6
3451,11375,0.5114,1
3451,12630,0.2864,2
3451,9529,0.1569,3
3451,8745,0.0293,4
3451,15163,0.0161,5
3452,3774,0.3128,1
3452,4770,0.2639,2
3452,10663,0.2579,3
3452,3431,0.1222,4
3452,10208,0.0432,5
3453,4577,0.512,1
3453,3302,0.3936,2
3453,2796,0.0924,3
3453,5795,0.002,4
3454,16331,0.6686,1
3454,4382,0.201,2
3454,6377,0.0566,3
3454,15296,0.0333,4
3454,2096,0.0256,5
3454,9262,0.0092,6
3454,9434,0.0056,7
3455,2837,0.2873,1
3455,3265,0.2704,2
3455,4580,0.214,3
3455,3949,0.1285,4
3455,9476,0.094,5
3455,2397,0.0033,6
3455,11288,0.0025,7
3456,11173,0.4348,1
3456,3141,0.3288,2
3456,9827,0.1288,3
3456,3031,0.0424,4
3456,6394,0.0423,5
3456,11026,0.0229,6
3457,7547,0.7688,1
3457,9583,0.1168,2
3457,10404,0.084,3
3457,10241,0.0236,4
3457,6552,0.0068,5
3458,8957,0.2528,1
3458,7720,0.2011,2
3458,10498,0.191,3
3458,1784,0.1712,4
3458,10847,0.1398,5
3458,3574,0.036,6
3458,7111,0.0082,7
3459,12408,0.3273,1
3459,10809,0.3004,2
3459,8795,0.1434,3
3459,9745,0.1311,4
3459,5332,0.0695,5
3459,9746,0.0281,6
3459,2409,0.0001,7
3460,9927,0.4524,1
3460,6616,0.2688,2
3460,1927,0.1718,3
3460,3617,0.054,4
3460,5953,0.0529,5
3461,5333,0.5887,1
3461,7039,0.2123,2
3461,7963,0.199,3
3462,8906,0.6981,1
3462,1775,0.3019,2
3463,7825,0.3086,1
3463,2759,0.2766,2
3463,7793,0.2203,3
3463,6564,0.126,4
3463,5406,0.0633,5
3463,6574,0.0045,6
3463,5515,0.0007,7
3464,11095,0.6327,1
3464,12319,0.2205,2
3464,9434,0.0622,3
3464,9619,0.0469,4
3464,4384,0.0298,5
3464,5628,0.0079,6
3465,8904,0.5305,1
3465,6201,0.3247,2
3465,4663,0.0799,3
3465,11987,0.065,4
3465,13712,0.0,5
3466,2300,0.47,1
3466,6835,0.2532,2
3466,13330,0.19,3
3466,7142,0.0489,4
3466,3198,0.0343,5
3466,10665,0.0036,6
3467,3339,0.6251,1
3467,11986,0.3039,2
3467,15271,0.0711,3
3468,4019,0.753,1
3468,8745,0.2213,2
3468,6300,0.0154,3
3468,8904,0.0103,4
3469,5884,0.7202,1
3469,6706,0.1763,2
3469,8679,0.0688,3
3469,4350,0.0347,4
3470,8031,0.3343,1
3470,5825,0.1918,2
3470,16831,0.1656,3
3470,6353,0.1579,4
3470,2151,0.0834,5
3470,3315,0.0669,6
3471,4844,0.6617,1
3471,1713,0.1367,2
3471,14861,0.097,3
3471,13521,0.0964,4
3471,15619,0.0082,5
3472,11311,0.2527,1
3472,5248,0.1763,2
3472,2092,0.1561,3
3472,9404,0.1523,4
3472,2709,0.1171,5
3472,9229,0.0934,6
3472,10538,0.0521,7
3473,4006,0.586,1
3473,1698,0.383,2
3473,9139,0.031,3
3474,7001,0.6264,1
3474,4337,0.2996,2
3474,4179,0.074,3
3475,4509,0.5788,1
3475,8374,0.3028,2
3475,17173,0.0662,3
3475,11009,0.0522,4
3476,9818,0.9006,1
3476,6690,0.0749,2
3476,6676,0.0245,3
3477,3363,0.2695,1
3477,6057,0.2364,2
3477,8117,0.2032,3
3477,6023,0.1512,4
3477,17315,0.1397,5
3478,8176,0.833,1
3478,4485,0.1151,2
3478,7799,0.0519,3
3479,9661,0.8182,1
3479,1812,0.1043,2
3479,2198,0.06,3
3479,5248,0.0175,4
3480,4081,0.4476,1
3480,7766,0.2119,2
3480,11096,0.1704,3
3480,8564,0.1471,4
3480,2138,0.0165,5
3480,9164,0.0065,6
3481,6302,0.6146,1
3481,4751,0.1747,2
3481,11041,0.0776,3
3481,11260,0.0692,4
3481,14858,0.064,5
3482,4352,0.7098,1
3482,11675,0.191,2
3482,3731,0.0991,3
3483,9760,0.3755,1
3483,4414,0.1777,2
3483,7278,0.153,3
3483,7963,0.1341,4
3483,3233,0.0793,5
3483,6198,0.0726,6
3483,4537,0.0078,7
3484,2467,0.3641,1
3484,2846,0.3379,2
3484,5084,0.1248,3
3484,1880,0.0995,4
3484,11107,0.0706,5
3484,11192,0.0032,6
3485,3291,0.3494,1
3485,5289,0.3218,2
3485,2930,0.2731,3
3485,4774,0.0556,4
3486,2642,0.4457,1
3486,9999,0.3298,2
3486,9586,0.1147,3
3486,6952,0.0567,4
3486,3401,0.053,5
3487,2723,0.4666,1
3487,10075,0.2239,2
3487,2444,0.1677,3
3487,1667,0.1181,4
3487,5444,0.0142,5
3487,2106,0.0095,6
3488,12749,0.4482,1
3488,5223,0.2412,2
3488,4704,0.1715,3
3488,13739,0.0748,4
3488,14769,0.0445,5
3488,8233,0.0197,6
3489,8757,0.6138,1
3489,7915,0.3089,2
3489,4789,0.0773,3
3490,5788,0.556,1
3490,8914,0.2419,2
3490,9967,0.1223,3
3490,9476,0.0758,4
3490,6061,0.004,5
3491,4350,0.3394,1
3491,2800,0.2858,2
3491,4914,0.229,3
3491,10243,0.0884,4
3491,9105,0.0573,5
3492,7882,0.6533,1
3492,3090,0.1716,2
3492,9160,0.1237,3
3492,3748,0.0514,4
3493,6745,0.4039,1
3493,9753,0.218,2
3493,4461,0.2004,3
3493,8131,0.1553,4
3493,1725,0.0221,5
3493,8555,0.0003,6
3494,3239,0.4927,1
3494,8617,0.1544,2
3494,3692,0.1152,3
3494,7664,0.0979,4
3494,3616,0.0661,5
3494,2525,0.0417,6
3494,7815,0.0319,7
3495,10666,0.3745,1
3495,8493,0.3087,2
3495,3195,0.2345,3
3495,8564,0.0798,4
3495,4834,0.0025,5
3496,5329,0.3157,1
3496,6983,0.3114,2
3496,2038,0.1868,3
3496,2116,0.1512,4
3496,3829,0.0239,5
3496,12293,0.0111,6
3497,16371,0.3177,1
3497,9119,0.2665,2
3497,8203,0.2522,3
3497,11270,0.1403,4
3497,9614,0.0191,5
3497,7622,0.0043,6
3498,6909,0.4831,1
3498,12023,0.3342,2
3498,16739,0.0955,3
3498,14572,0.0427,4
3498,17460,0.0253,5
3498,4023,0.0178,6
3498,5108,0.0014,7
3499,3489,0.4835,1
3499,4241,0.2768,2
3499,16371,0.1712,3
3499,11918,0.0685,4
3500,14698,0.5684,1
3500,7865,0.3112,2
3500,17167,0.0969,3
3500,5733,0.0235,4
3501,12427,0.6234,1
3501,10291,0.2502,2
3501,11757,0.1264,3
3502,16083,0.3664,1
3502,5050,0.2953,2
3502,3843,0.2082,3
3502,5853,0.0731,4
3502,14492,0.0569,5
3503,2506,0.4865,1
3503,8361,0.2895,2
3503,4192,0.1537,3
3503,8154,0.0313,4
3503,5262,0.0203,5
3503,6881,0.0187,6
3504,16200,0.4628,1
3504,3663,0.3661,2
3504,8943,0.1642,3
3504,8386,0.0043,4
3504,4777,0.0025,5
3505,2656,0.5901,1
3505,4429,0.2819,2
3505,5757,0.0644,3
3505,8953,0.0473,4
3505,4437,0.0162,5
3506,7093,0.3796,1
3506,6662,0.2476,2
3506,3453,0.2301,3
3506,2825,0.0682,4
3506,3328,0.0603,5
3506,4202,0.0142,6
3507,3574,0.7014,1
3507,3443,0.1498,2
3507,7786,0.0748,3
3507,8331,0.0441,4
3507,4144,0.0298,5
3508,6024,0.4228,1
3508,10977,0.4099,2
3508,11239,0.0937,3
3508,2052,0.0736,4
3509,2481,0.6548,1
3509,9116,0.3061,2
3509,5117,0.0391,3
3510,4623,0.7696,1
3510,7583,0.0978,2
3510,2902,0.0801,3
3510,5631,0.0349,4
3510,3403,0.0141,5
3510,14352,0.0036,6
3511,3228,0.5261,1
3511,3702,0.4111,2
3511,3425,0.0484,3
3511,6275,0.0143,4
3512,4880,0.342,1
3512,10212,0.2744,2
3512,5088,0.2249,3
3512,6960,0.1588,4
3513,1749,0.2943,1
3513,6588,0.2685,2
3513,5561,0.2143,3
3513,14547,0.1709,4
3513,2025,0.037,5
3513,1996,0.015,6
3514,7318,0.7485,1
3514,9493,0.2229,2
3514,2733,0.0286,3
3515,9740,0.6825,1
3515,11341,0.1621,2
3515,7142,0.0868,3
3515,5750,0.0686,4
3516,9804,0.6653,1
3516,1843,0.3054,2
3516,8431,0.0292,3
3517,7994,0.3548,1
3517,4398,0.3346,2
3517,4887,0.1193,3
3517,8408,0.0794,4
3517,3360,0.0709,5
3517,8569,0.041,6
3518,5748,0.4257,1
3518,8236,0.33,2
3518,16359,0.208,3
3518,10278,0.0363,4
3519,2343,0.335,1
3519,5679,0.311,2
3519,4256,0.1753,3
3519,4835,0.097,4
3519,8131,0.0561,5
3519,10345,0.0256,6
3520,5390,0.3544,1
3520,7567,0.2189,2
3520,16649,0.1878,3
3520,9113,0.1427,4
3520,3767,0.053,5
3520,11220,0.0396,6
3520,1836,0.0037,7
3521,6947,0.5599,1
3521,7513,0.3348,2
3521,2044,0.1053,3
3522,13087,0.4038,1
3522,3433,0.2233,2
3522,16038,0.1796,3
3522,10042,0.1156,4
3522,6058,0.0513,5
3522,3417,0.0202,6
3522,2986,0.0063,7
3523,14785,0.3673,1
3523,2660,0.2919,2
3523,2028,0.1465,3
3523,5464,0.1203,4
3523,10436,0.0629,5
3523,15455,0.0111,6
3524,2848,0.497,1
3524,5553,0.4845,2
3524,16189,0.0185,3
3525,7189,0.829,1
3525,3185,0.171,2
3526,8710,0.712,1
3526,5726,0.1858,2
3526,14567,0.0726,3
3526,4241,0.0191,4
3526,1860,0.0105,5
3527,7585,0.9375,1
3527,8414,0.0625,2
3528,11694,0.4619,1
3528,5451,0.3653,2
3528,5384,0.1687,3
3528,17618,0.0041,4
3529,2748,0.2923,1
3529,8622,0.2826,2
3529,9712,0.121,3
3529,6149,0.1124,4
3529,6004,0.081,5
3529,6786,0.0792,6
3529,5438,0.0316,7
3530,7805,0.3341,1
3530,14026,0.2871,2
3530,9639,0.1957,3
3530,5822,0.0693,4
3530,3749,0.0663,5
3530,6305,0.0475,6
3531,9063,0.5908,1
3531,1982,0.3019,2
3531,8190,0.0584,3
3531,7715,0.0387,4
3531,4144,0.0071,5
3531,5218,0.0031,6
3532,7053,0.3972,1
3532,15982,0.25,2
3532,16864,0.1139,3
3532,7477,0.1099,4
3532,12268,0.0648,5
3532,14754,0.0398,6
3532,9629,0.0244,7
3533,3947,0.3572,1
3533,2520,0.3135,2
3533,2944,0.1512,3
3533,4813,0.0913,4
3533,10011,0.0746,5
3533,3411,0.0121,6
3533,3160,0.0001,7
3534,9207,0.5223,1
3534,17497,0.2672,2
3534,4578,0.2105,3
3535,7194,0.3068,1
3535,5415,0.1785,2
3535,16736,0.1778,3
3535,14551,0.1427,4
3535,2565,0.1402,5
3535,16325,0.054,6
3536,2483,0.5403,1
3536,5133,0.3609,2
3536,1946,0.0988,3
3537,3557,0.4602,1
3537,5933,0.4014,2
3537,3947,0.1146,3
3537,5533,0.0239,4
3538,14960,0.4715,1
3538,8988,0.3024,2
3538,2523,0.1343,3
3538,4651,0.0826,4
3538,15504,0.0092,5
3539,8339,0.4387,1
3539,6723,0.1515,2
3539,2472,0.1486,3
3539,10395,0.147,4
3539,8564,0.1141,5
3540,9676,0.4517,1
3540,9530,0.4192,2
3540,2544,0.1051,3
3540,9843,0.0186,4
3540,6787,0.0054,5
3541,5116,0.4833,1
3541,11178,0.2324,2
3541,1845,0.2035,3
3541,8110,0.0403,4
3541,9815,0.0306,5
3541,2304,0.0099,6
3542,11465,0.6236,1
3542,15758,0.2178,2
3542,2180,0.0816,3
3542,5271,0.077,4
3543,13212,0.5885,1
3543,13157,0.2278,2
3543,14510,0.1172,3
3543,2612,0.0409,4
3543,10089,0.0256,5
3544,8547,0.8469,1
3544,9940,0.1395,2
3544,15161,0.0136,3
3545,8023,0.3456,1
3545,16408,0.2672,2
3545,7627,0.1872,3
3545,6677,0.1422,4
3545,9936,0.0578,5
3546,4153,0.4274,1
3546,9861,0.3498,2
3546,6411,0.0942,3
3546,9381,0.0667,4
3546,4472,0.0429,5
3546,6424,0.0135,6
3546,7879,0.0056,7
3547,10389,0.41,1
3547,2316,0.2133,2
3547,7922,0.2072,3
3547,10493,0.13,4
3547,3099,0.0237,5
3547,9063,0.0157,6
3548,13154,0.3962,1
3548,5991,0.3695,2
3548,3417,0.2131,3
3548,17245,0.0158,4
3548,10632,0.0054,5
3549,7225,0.5904,1
3549,7847,0.2319,2
3549,3830,0.0837,3
3549,4977,0.0727,4
3549,1921,0.0212,5
3550,2047,0.5466,1
3550,1677,0.3722,2
3550,16204,0.0428,3
3550,2406,0.0384,4
3551,8482,0.6147,1
3551,7185,0.3382,2
3551,12360,0.0471,3
3552,10679,0.6709,1
3552,3453,0.1835,2
3552,10086,0.1456,3
3553,2920,0.6703,1
3553,2483,0.15,2
3553,4746,0.1239,3
3553,9027,0.019,4
3553,7633,0.0188,5
3553,2168,0.0108,6
3553,4250,0.0072,7
3554,7075,0.3628,1
3554,7067,0.2937,2
3554,6124,0.1132,3
3554,3706,0.0948,4
3554,3897,0.0717,5
3554,2286,0.0637,6
3555,2434,0.6322,1
3555,14985,0.2961,2
3555,13805,0.0718,3
3556,5373,0.2769,1
3556,12545,0.2361,2
3556,15569,0.1765,3
3556,11422,0.1395,4
3556,16372,0.0854,5
3556,12418,0.0692,6
3556,12749,0.0164,7
3557,12085,0.7634,1
3557,14288,0.0992,2
3557,14936,0.0617,3
3557,5195,0.0421,4
3557,15786,0.0252,5
3557,17576,0.0084,6
3558,7408,0.4663,1
3558,12941,0.2714,2
3558,2585,0.1476,3
3558,8212,0.0788,4
3558,16628,0.0359,5
3559,2466,0.8715,1
3559,1754,0.1138,2
3559,6901,0.0147,3
3560,9517,0.3888,1
3560,6426,0.2462,2
3560,3154,0.1274,3
3560,4397,0.0995,4
3560,10901,0.0993,5
3560,7626,0.0388,6
3561,10303,0.4471,1
3561,11859,0.2473,2
3561,2043,0.2434,3
3561,8878,0.0621,4
3562,1686,0.3274,1
3562,13230,0.2878,2
3562,10452,0.2608,3
3562,11254,0.0464,4
3562,15261,0.0453,5
3562,15058,0.0241,6
3562,9837,0.0082,7
3563,9749,0.3653,1
3563,5406,0.3604,2
3563,3345,0.1971,3
3563,4850,0.0708,4
3563,11550,0.0064,5
3564,16318,0.6742,1
3564,9596,0.293,2
3564,4844,0.0214,3
3564,5500,0.0113,4
3565,2955,0.2716,1
3565,9443,0.2632,2
3565,2342,0.1866,3
3565,4247,0.1227,4
3565,6695,0.0943,5
3565,5388,0.0539,6
3565,9863,0.0077,7
3566,8658,0.3503,1
3566,4843,0.1801,2
3566,2192,0.1763,3
3566,7675,0.1496,4
3566,10242,0.1437,5
3567,12631,0.4884,1
3567,12838,0.285,2
3567,11023,0.1489,3
3567,9936,0.0613,4
3567,17578,0.0102,5
3567,12730,0.0061,6
3568,5100,0.8064,1
3568,8010,0.1051,2
3568,9354,0.0885,3
3569,8181,0.4764,1
3569,5757,0.3775,2
3569,2368,0.0961,3
3569,6182,0.0501,4
3570,4652,0.5087,1
3570,5095,0.4913,2
3571,5066,0.5142,1
3571,8839,0.4276,2
3571,6144,0.0582,3
3572,9195,0.5701,1
3572,9406,0.3047,2
3572,6088,0.1252,3
3573,14695,0.559,1
3573,15189,0.3882,2
3573,3449,0.0528,3
3574,9444,0.7136,1
3574,8466,0.1336,2
3574,5494,0.0679,3
3574,6562,0.0476,4
3574,8091,0.0371,5
3574,2119,0.0003,6
3575,8505,0.4785,1
3575,9038,0.3431,2
3575,6999,0.1783,3
3576,8607,0.7632,1
3576,8037,0.1214,2
3576,8338,0.1155,3
3577,3743,0.3771,1
3577,9908,0.3264,2
3577,2046,0.2845,3
3577,6408,0.0119,4
3578,6304,0.5702,1
3578,10904,0.3458,2
3578,10564,0.061,3
3578,8974,0.0231,4
3579,15434,0.4258,1
3579,16509,0.3239,2
3579,3060,0.1657,3
3579,7892,0.0684,4
3579,14475,0.016,5
3579,2501,0.0002,6
3580,9065,0.3502,1
3580,4810,0.3436,2
3580,3404,0.3061,3
3581,17110,0.8562,1
3581,5989,0.0972,2
3581,4793,0.0466,3
3582,2324,0.2924,1
3582,9169,0.2843,2
3582,6017,0.2087,3
3582,6309,0.1352,4
3582,9361,0.0629,5
3582,11069,0.0166,6
3583,10906,0.7052,1
3583,8303,0.15,2
3583,3318,0.0858,3
3583,3015,0.0501,4
3583,7420,0.0089,5
3584,3891,0.5325,1
3584,6829,0.3157,2
3584,9647,0.1518,3
3585,6857,0.5401,1
3585,8082,0.4084,2
3585,10518,0.0515,3
3586,6833,0.4446,1
3586,8704,0.3269,2
3586,11070,0.1687,3
3586,3003,0.0383,4
3586,9080,0.0087,5
3586,8035,0.0085,6
3586,3014,0.0044,7
3587,1750,0.5284,1
3587,8789,0.1956,2
3587,10755,0.1541,3
3587,4595,0.0318,4
3587,5689,0.0313,5
3587,10046,0.0299,6
3587,2345,0.029,7
3588,9521,0.393,1
3588,12112,0.2187,2
3588,9682,0.1865,3
3588,2611,0.183,4
3588,11112,0.0187,5
3589,14939,0.4707,1
3589,13125,0.2921,2
3589,9100,0.1716,3
3589,12195,0.0655,4
3590,5801,0.4893,1
3590,10318,0.4582,2
3590,7963,0.0217,3
3590,4491,0.0209,4
3590,9516,0.0099,5
3591,7399,0.2943,1
3591,9162,0.1727,2
3591,4864,0.1709,3
3591,9194,0.1296,4
3591,3285,0.1294,5
3591,2355,0.1032,6
3592,8562,0.5756,1
3592,9995,0.3575,2
3592,4789,0.0522,3
3592,8321,0.0081,4
3592,3185,0.0066,5
3593,7325,1.0,1
3594,3456,0.4006,1
3594,3191,0.3866,2
3594,16050,0.1487,3
3594,4927,0.044,4
3594,7044,0.0201,5
3595,15966,0.4176,1
3595,5997,0.3114,2
3595,9200,0.2634,3
3595,5485,0.0077,4
3596,8283,0.5953,1
3596,5430,0.3206,2
3596,8809,0.0842,3
3597,4095,0.3694,1
3597,9716,0.2532,2
3597,6788,0.1727,3
3597,4411,0.1084,4
3597,2303,0.0695,5
3597,3128,0.0172,6
3597,9311,0.0095,7
3598,9685,0.3207,1
3598,7395,0.3055,2
3598,1663,0.2013,3
3598,4647,0.1514,4
3598,2075,0.0211,5
3599,14557,0.4321,1
3599,4515,0.3015,2
3599,9798,0.2664,3
3600,2846,0.5734,1
3600,16274,0.2459,2
3600,3322,0.1807,3
3601,3436,0.2815,1
3601,6734,0.2761,2
3601,8432,0.2422,3
3601,1759,0.1057,4
3601,7679,0.0497,5
3601,10518,0.0272,6
3601,5213,0.0175,7
3602,13250,0.7605,1
3602,15009,0.158,2
3602,2618,0.0815,3
3603,12312,0.5118,1
3603,15429,0.4847,2
3603,16044,0.0035,3
3604,7280,0.5992,1
3604,6277,0.2167,2
3604,4723,0.1118,3
3604,9073,0.0578,4
3604,5544,0.0081,5
3604,16050,0.0065,6
3605,4254,0.4997,1
3605,6411,0.2362,2
3605,10260,0.1844,3
3605,4469,0.0339,4
3605,4445,0.0309,5
3605,8078,0.0122,6
3605,9899,0.0025,7
3606,6702,0.529,1
3606,7416,0.2203,2
3606,5563,0.1494,3
3606,3120,0.0817,4
3606,4935,0.0195,5
3607,8482,0.357,1
3607,7275,0.2978,2
3607,4710,0.2366,3
3607,17232,0.1086,4
3608,12639,0.4374,1
3608,10767,0.2179,2
3608,12113,0.1877,3
3608,17086,0.157,4
3609,7809,0.6539,1
3609,8415,0.2201,2
3609,4499,0.1235,3
3609,5619,0.0025,4
3610,17414,0.3919,1
3610,5669,0.293,2
3610,6951,0.2253,3
3610,13206,0.0677,4
3610,14479,0.0218,5
3610,1720,0.0003,6
3611,14163,1.0,1
3612,4175,0.4215,1
3612,7583,0.228,2
3612,8464,0.1823,3
3612,5374,0.1372,4
3612,1933,0.0211,5
3612,2737,0.01,6
3613,4491,0.5194,1
3613,6690,0.4471,2
3613,8339,0.0335,3
3614,13922,0.5986,1
3614,12001,0.1349,2
3614,9372,0.1078,3
3614,11238,0.0719,4
3614,5330,0.0706,5
3614,14673,0.0163,6
3615,5601,0.2979,1
3615,9463,0.1798,2
3615,2927,0.174,3
3615,8256,0.1306,4
3615,9420,0.1145,5
3615,2741,0.1032,6
3616,7263,0.3331,1
3616,9945,0.2612,2
3616,8199,0.2406,3
3616,5461,0.0887,4
3616,12858,0.0638,5
3616,2385,0.0126,6
3617,4297,0.4778,1
3617,7028,0.3239,2
3617,2715,0.1983,3
3618,15024,0.7331,1
3618,6066,0.2215,2
3618,5777,0.0454,3
3619,9787,0.759,1
3619,12395,0.2218,2
3619,2373,0.0192,3
3620,7727,0.5409,1
3620,7169,0.3157,2
3620,6352,0.1236,3
3620,1843,0.0142,4
3620,7275,0.0056,5
3621,10499,0.3838,1
3621,3232,0.3394,2
3621,7415,0.127,3
3621,8657,0.1126,4
3621,5525,0.0372,5
3622,14900,0.6159,1
3622,12146,0.2152,2
3622,16508,0.0923,3
3622,2502,0.0473,4
3622,14086,0.0263,5
3622,3451,0.003,6
3623,6149,0.5863,1
3623,6095,0.2097,2
3623,4886,0.204,3
3624,10490,0.3727,1
3624,10380,0.2605,2
3624,9876,0.1206,3
3624,5305,0.1106,4
3624,8811,0.0774,5
3624,5481,0.0581,6
3625,5468,0.9315,1
3625,7344,0.0685,2
3626,8082,0.4709,1
3626,9712,0.347,2
3626,8035,0.1041,3
3626,9316,0.0479,4
3626,7727,0.0301,5
3627,2041,0.4758,1
3627,6672,0.2989,2
3627,5859,0.1688,3
3627,9483,0.0565,4
3628,2144,0.2561,1
3628,8241,0.2515,2
3628,9045,0.2262,3
3628,2852,0.1544,4
3628,4424,0.0711,5
3628,8357,0.0357,6
3628,4960,0.0051,7
3629,3853,0.3298,1
3629,8764,0.3083,2
3629,6058,0.1811,3
3629,10900,0.1272,4
3629,10771,0.0297,5
3629,4493,0.0239,6
3630,2737,0.515,1
3630,9949,0.4285,2
3630,10771,0.0565,3
3631,9227,0.6565,1
3631,3820,0.1705,2
3631,2750,0.0962,3
3631,5314,0.0697,4
3631,15130,0.0041,5
3631,15055,0.003,6
3632,3839,0.9473,1
3632,2986,0.0416,2
3632,10922,0.0111,3
3633,6173,0.3996,1
3633,3142,0.1451,2
3633,2463,0.1355,3
3633,12388,0.111,4
3633,13918,0.0747,5
3633,6917,0.07,6
3633,15298,0.0641,7
3634,16090,0.5779,1
3634,14935,0.2542,2
3634,8034,0.1679,3
3635,7798,0.351,1
3635,7778,0.2658,2
3635,14136,0.2143,3
3635,5871,0.1072,4
3635,7116,0.0588,5
3635,17459,0.0029,6
3636,10330,0.4707,1
3636,7417,0.2084,2
3636,7242,0.1492,3
3636,7826,0.0753,4
3636,8321,0.0515,5
3636,10872,0.045,6
3637,12928,0.4677,1
3637,16439,0.3412,2
3637,15359,0.1912,3
3638,5964,0.4196,1
3638,6754,0.2518,2
3638,10978,0.2362,3
3638,6422,0.0598,4
3638,9216,0.0326,5
3639,10099,0.4727,1
3639,9027,0.1735,2
3639,10815,0.1478,3
3639,1867,0.1294,4
3639,4522,0.0738,5
3639,8534,0.0028,6
3640,4875,0.7469,1
3640,6880,0.1148,2
3640,13462,0.064,3
3640,11221,0.0606,4
3640,5459,0.0125,5
3640,11976,0.0012,6
3641,9119,0.4502,1
3641,12385,0.4157,2
3641,16201,0.1341,3
3642,8915,0.6097,1
3642,10556,0.205,2
3642,8313,0.1854,3
3643,8949,0.392,1
3643,14128,0.2785,2
3643,5748,0.1449,3
3643,8783,0.0992,4
3643,12106,0.0372,5
3643,3913,0.0247,6
3643,8231,0.0236,7
3644,2678,0.6258,1
3644,8044,0.191,2
3644,2832,0.0863,3
3644,5125,0.0806,4
3644,1744,0.0164,5
3645,2077,0.2739,1
3645,7715,0.2471,2
3645,9678,0.2463,3
3645,9422,0.1313,4
3645,3034,0.07,5
3645,5004,0.0314,6
3646,2347,0.5038,1
3646,9293,0.4835,2
3646,4401,0.0127,3
3647,7872,0.7196,1
3647,4390,0.2254,2
3647,2692,0.055,3
3648,7122,0.4206,1
3648,5726,0.3737,2
3648,1743,0.1924,3
3648,3302,0.0133,4
3649,12806,0.4607,1
3649,5566,0.1498,2
3649,13771,0.125,3
3649,2371,0.1053,4
3649,11334,0.0605,5
3649,2587,0.0568,6
3649,16457,0.0418,7
3650,2505,0.7642,1
3650,10760,0.1928,2
3650,4071,0.043,3
3651,6461,0.531,1
3651,4305,0.2759,2
3651,10489,0.1524,3
3651,4126,0.0407,4
3652,15423,0.5575,1
3652,12521,0.3989,2
3652,9114,0.0437,3
3653,7799,0.6276,1
3653,3857,0.1626,2
3653,4250,0.1316,3
3653,5503,0.0783,4
3654,4696,0.4531,1
3654,17084,0.3384,2
3654,4862,0.0818,3
3654,4751,0.0715,4
3654,14050,0.0552,5
3655,17510,0.76,1
3655,9626,0.1606,2
3655,8285,0.0794,3
3656,14749,0.3863,1
3656,1639,0.3767,2
3656,16802,0.1199,3
3656,3293,0.0518,4
3656,13011,0.0339,5
3656,5712,0.0287,6
3656,15266,0.0028,7
3657,9667,0.4072,1
3657,7894,0.3785,2
3657,2702,0.2136,3
3657,4106,0.0007,4
3658,14941,0.4883,1
3658,15889,0.39,2
3658,2320,0.0665,3
3658,16860,0.0553,4
3659,9055,0.3752,1
3659,2180,0.3238,2
3659,4226,0.1824,3
3659,6469,0.0839,4
3659,6080,0.0348,5
3660,8149,0.3559,1
3660,3370,0.1965,2
3660,2291,0.1711,3
3660,11325,0.1474,4
3660,2700,0.1026,5
3660,6826,0.0265,6
3661,14343,0.3842,1
3661,8340,0.3443,2
3661,16470,0.1575,3
3661,5659,0.0915,4
3661,14265,0.0225,5
3662,4155,0.8716,1
3662,2325,0.0715,2
3662,10699,0.0569,3
3663,13037,0.2616,1
3663,3316,0.2166,2
3663,8769,0.1942,3
3663,14462,0.1775,4
3663,7910,0.0879,5
3663,13932,0.0622,6
3664,8212,0.4014,1
3664,10608,0.4013,2
3664,13670,0.1973,3
3665,16861,0.3772,1
3665,9086,0.313,2
3665,3335,0.3098,3
3666,5982,0.431,1
3666,14090,0.3039,2
3666,9383,0.1728,3
3666,8909,0.0602,4
3666,6255,0.0322,5
3667,15613,0.6441,1
3667,15394,0.2096,2
3667,16606,0.0666,3
3667,5957,0.0652,4
3667,8159,0.0146,5
3668,4908,0.6008,1
3668,7880,0.3992,2
3669,9069,0.7369,1
3669,11281,0.152,2
3669,16688,0.1111,3
3670,2651,1.0,1
3671,1832,0.3866,1
3671,4352,0.3272,2
3671,10441,0.2008,3
3671,11151,0.0854,4
3672,14928,0.641,1
3672,9619,0.1554,2
3672,6671,0.0979,3
3672,6020,0.0925,4
3672,15819,0.0101,5
3672,6882,0.0031,6
3673,16273,0.5646,1
3673,12711,0.1789,2
3673,16999,0.1483,3
3673,15927,0.1082,4
3674,3851,0.4612,1
3674,7087,0.2196,2
3674,6137,0.1499,3
3674,7387,0.0985,4
3674,4095,0.0514,5
3674,5457,0.0193,6
3675,5097,0.2816,1
3675,3387,0.2713,2
3675,12150,0.2588,3
3675,10814,0.1882,4
3676,9664,0.4929,1
3676,10134,0.2629,2
3676,9636,0.133,3
3676,7233,0.0573,4
3676,2206,0.0464,5
3676,8969,0.0075,6
3677,16220,0.7539,1
3677,17416,0.11,2
3677,5431,0.0497,3
3677,17109,0.0448,4
3677,14324,0.0417,5
3678,6842,0.4,1
3678,10127,0.2531,2
3678,6927,0.1831,3
3678,6187,0.0703,4
3678,3673,0.046,5
3678,2189,0.0405,6
3678,5757,0.0071,7
3679,14557,0.9578,1
3679,15646,0.0301,2
3679,5628,0.0121,3
3680,13422,0.4226,1
3680,5204,0.3434,2
3680,1777,0.1589,3
3680,11989,0.0752,4
3681,7360,0.5079,1
3681,8498,0.2658,2
3681,1969,0.128,3
3681,3002,0.0731,4
3681,8274,0.0232,5
3681,2830,0.002,6
3682,7593,0.4696,1
3682,6321,0.2423,2
3682,5313,0.2412,3
3682,5998,0.0384,4
3682,4207,0.0086,5
3683,3520,0.7836,1
3683,1785,0.1361,2
3683,5377,0.0803,3
3684,8272,0.4594,1
3684,8380,0.2381,2
3684,10226,0.1494,3
3684,9983,0.1321,4
3684,3606,0.021,5
3685,5675,0.4073,1
3685,6100,0.341,2
3685,4442,0.2517,3
3686,3972,0.4921,1
3686,9825,0.153,2
3686,10326,0.1429,3
3686,12799,0.1383,4
3686,13572,0.0697,5
3686,5391,0.0041,6
3687,13300,0.2451,1
3687,16787,0.2275,2
3687,6457,0.1602,3
3687,5981,0.155,4
3687,10676,0.0834,5
3687,1743,0.0777,6
3687,6800,0.0512,7
3688,14034,0.5382,1
3688,12152,0.2712,2
3688,17354,0.0917,3
3688,13079,0.0847,4
3688,2321,0.0142,5
3689,2251,0.8669,1
3689,6502,0.1095,2
3689,11755,0.0145,3
3689,11576,0.0091,4
3690,9120,0.5884,1
3690,5609,0.2328,2
3690,3036,0.1033,3
3690,8758,0.0651,4
3690,10510,0.0104,5
3691,6030,0.5843,1
3691,5876,0.4157,2
3692,11200,0.6424,1
3692,5732,0.2071,2
3692,3390,0.0576,3
3692,7644,0.0479,4
3692,3665,0.0315,5
3692,1688,0.0136,6
3693,12804,0.6889,1
3693,6369,0.2639,2
3693,5451,0.0473,3
3694,6939,0.6834,1
3694,7970,0.1894,2
3694,11872,0.1271,3
3695,12795,0.3287,1
3695,3359,0.2543,2
3695,2509,0.2285,3
3695,9222,0.0665,4
3695,10243,0.045,5
3695,8035,0.0402,6
3695,5034,0.0368,7
3696,3999,0.4613,1
3696,2669,0.2963,2
3696,17378,0.1285,3
3696,3589,0.0772,4
3696,2003,0.0367,5
3697,8597,0.2851,1
3697,7195,0.2538,2
3697,4348,0.1816,3
3697,10097,0.1349,4
3697,6051,0.0822,5
3697,4204,0.0623,6
3698,5401,0.3716,1
3698,5720,0.345,2
3698,4768,0.2206,3
3698,16018,0.0628,4
3699,2343,0.2545,1
3699,5156,0.1708,2
3699,5453,0.1647,3
3699,4966,0.154,4
3699,3109,0.1224,5
3699,6259,0.106,6
3699,7318,0.0276,7
3700,8204,0.3984,1
3700,7455,0.2567,2
3700,3759,0.1588,3
3700,2717,0.1092,4
3700,10412,0.0769,5
3701,14666,0.465,1
3701,8319,0.3001,2
3701,16596,0.1568,3
3701,11198,0.0781,4
3702,10404,0.3288,1
3702,6335,0.285,2
3702,6411,0.2645,3
3702,9109,0.0724,4
3702,6521,0.0493,5
3703,10714,0.6486,1
3703,7187,0.2155,2
3703,7140,0.0591,3
3703,11131,0.0409,4
3703,2792,0.029,5
3703,11196,0.0069,6
3704,16988,0.3919,1
3704,12090,0.3114,2
3704,8007,0.1079,3
3704,16445,0.0967,4
3704,2797,0.0543,5
3704,9141,0.025,6
3704,1706,0.0128,7
3705,6216,0.2687,1
3705,2292,0.2609,2
3705,1837,0.2155,3
3705,9464,0.1039,4
3705,3100,0.0861,5
3705,5094,0.065,6
3706,3632,0.4323,1
3706,2090,0.2154,2
3706,10169,0.1525,3
3706,2525,0.0759,4
3706,7767,0.0553,5
3706,4196,0.039,6
3706,7707,0.0296,7
3707,10332,0.5042,1
3707,4327,0.2963,2
3707,3307,0.1994,3
3708,4966,0.9096,1
3708,2742,0.0904,2
3709,12408,0.4141,1
3709,2933,0.3264,2
3709,10613,0.2287,3
3709,16546,0.0308,4
3710,7565,0.5778,1
3710,2955,0.1959,2
3710,2384,0.1179,3
3710,6905,0.1084,4
3711,8459,1.0,1
3712,7610,0.8136,1
3712,14259,0.1154,2
3712,6205,0.071,3
3713,5630,0.5368,1
3713,4821,0.2195,2
3713,3438,0.1816,3
3713,3128,0.0621,4
3714,9141,0.3756,1
3714,7037,0.2218,2
3714,2882,0.1783,3
3714,14717,0.1613,4
3714,1728,0.063,5
3715,6890,0.5368,1
3715,10707,0.442,2
3715,3702,0.0145,3
3715,3001,0.0067,4
3716,2273,0.619,1
3716,7826,0.293,2
3716,3195,0.088,3
3717,6863,0.3799,1
3717,7172,0.2328,2
3717,9570,0.2171,3
3717,9886,0.1702,4
3718,5789,0.653,1
3718,6271,0.2154,2
3718,3269,0.1317,3
3719,7351,0.668,1
3719,4571,0.1518,2
3719,3689,0.1264,3
3719,4990,0.0532,4
3719,5494,0.0006,5
3720,7668,0.3393,1
3720,7164,0.204,2
3720,10663,0.1858,3
3720,10268,0.1537,4
3720,3080,0.0742,5
3720,3658,0.0252,6
3720,4504,0.0178,7
3721,16952,0.4227,1
3721,3409,0.2725,2
3721,11891,0.272,3
3721,11507,0.0328,4
3722,2032,0.5783,1
3722,3125,0.1544,2
3722,3481,0.1123,3
3722,7203,0.0867,4
3722,6618,0.064,5
3722,13555,0.0043,6
3723,7488,0.7351,1
3723,7778,0.2548,2
3723,17338,0.0071,3
3723,6540,0.003,4
3724,2629,0.5833,1
3724,6760,0.3372,2
3724,6870,0.0572,3
3724,10495,0.0177,4
3724,2708,0.0045,5
3725,8227,0.5611,1
3725,15459,0.2433,2
3725,10675,0.154,3
3725,9468,0.0416,4
3726,4403,0.7686,1
3726,7767,0.1682,2
3726,9130,0.0632,3
3727,8196,0.3369,1
3727,10662,0.2877,2
3727,5740,0.1895,3
3727,7501,0.1848,4
3727,15716,0.0011,5
3728,15858,0.5703,1
3728,2599,0.4092,2
3728,13292,0.0205,3
3729,2843,0.5965,1
3729,15532,0.1543,2
3729,12334,0.0879,3
3729,12181,0.077,4
3729,5831,0.0557,5
3729,7781,0.0286,6
3730,6909,0.2991,1
3730,3061,0.1808,2
3730,3033,0.1743,3
3730,15958,0.1187,4
3730,7433,0.0919,5
3730,16973,0.0854,6
3730,1953,0.0498,7
3731,8082,0.2199,1
3731,11282,0.1629,2
3731,1932,0.1529,3
3731,4594,0.1474,4
3731,2264,0.1327,5
3731,7552,0.1014,6
3731,2783,0.0827,7
3732,9168,0.4952,1
3732,7483,0.2368,2
3732,3756,0.1173,3
3732,5327,0.1167,4
3732,5376,0.0176,5
3732,10361,0.0121,6
3732,4960,0.0043,7
3733,2847,0.3596,1
3733,2376,0.3049,2
3733,8289,0.2713,3
3733,5597,0.0642,4
3734,6359,0.3875,1
3734,4409,0.3813,2
3734,7708,0.1126,3
3734,3100,0.1016,4
3734,2779,0.017,5
3735,11260,0.8202,1
3735,15130,0.0897,2
3735,6433,0.0664,3
3735,8789,0.0232,4
3735,9247,0.0005,5
3736,5220,0.4717,1
3736,15422,0.3094,2
3736,4846,0.2189,3
3737,13542,0.4193,1
3737,4623,0.3624,2
3737,8153,0.1836,3
3737,8896,0.0347,4
3738,3649,0.9225,1
3738,1897,0.0448,2
3738,3392,0.0327,3
3739,10989,0.6188,1
3739,10253,0.2853,2
3739,9706,0.0959,3
3740,15666,0.397,1
3740,12792,0.2352,2
3740,2045,0.1603,3
3740,9407,0.0911,4
3740,17249,0.075,5
3740,5948,0.0414,6
3741,2429,0.6631,1
3741,2811,0.1947,2
3741,4441,0.0829,3
3741,5728,0.0543,4
3741,5147,0.005,5
3742,9119,0.4912,1
3742,15433,0.4153,2
3742,9657,0.0609,3
3742,5029,0.0326,4
3743,9491,0.878,1
3743,3708,0.1058,2
3743,2554,0.0162,3
3744,8906,0.3531,1
3744,17006,0.2489,2
3744,17229,0.2256,3
3744,12685,0.1725,4
3745,6943,0.2994,1
3745,3345,0.2177,2
3745,6441,0.1784,3
3745,5859,0.1655,4
3745,11121,0.139,5
3746,4562,0.3541,1
3746,11172,0.2893,2
3746,9056,0.1926,3
3746,6927,0.0714,4
3746,10922,0.0504,5
3746,5934,0.0423,6
3747,2838,0.3467,1
3747,4215,0.2524,2
3747,5088,0.2266,3
3747,10989,0.1128,4
3747,5135,0.0342,5
3747,3706,0.0273,6
3748,2902,0.3887,1
3748,6802,0.3219,2
3748,3115,0.1385,3
3748,5782,0.1059,4
3748,3028,0.0254,5
3748,4285,0.0151,6
3748,5616,0.0044,7
3749,2709,0.4404,1
3749,5789,0.3064,2
3749,10540,0.1461,3
3749,10505,0.0762,4
3749,4836,0.0189,5
3749,3066,0.0092,6
3749,8368,0.0028,7
3750,2443,1.0,1
3751,2070,0.2845,1
3751,5623,0.1878,2
3751,5742,0.1845,3
3751,13711,0.1629,4
3751,16827,0.1592,5
3751,8691,0.0211,6
3752,12788,0.4686,1
3752,15696,0.2133,2
3752,11249,0.1558,3
3752,8156,0.1304,4
3752,15807,0.025,5
3752,5427,0.0069,6
3753,14088,0.3792,1
3753,7360,0.2319,2
3753,9787,0.1663,3
3753,8403,0.1496,4
3753,6629,0.0492,5
3753,6088,0.0239,6
3754,6574,0.4075,1
3754,10916,0.1905,2
3754,4555,0.1296,3
3754,7992,0.1291,4
3754,7532,0.0638,5
3754,10905,0.0457,6
3754,3358,0.0338,7
3755,3471,0.5424,1
3755,8152,0.4156,2
3755,10697,0.042,3
3756,17326,0.5631,1
3756,6481,0.1497,2
3756,9862,0.147,3
3756,15089,0.1089,4
3756,14694,0.0314,5
3757,5201,0.517,1
3757,9916,0.3541,2
3757,5279,0.0841,3
3757,3619,0.0448,4
3758,5506,0.5212,1
3758,8424,0.121,2
3758,7742,0.1184,3
3758,9039,0.0934,4
3758,9404,0.0694,5
3758,8949,0.0561,6
3758,4485,0.0206,7
3759,2472,0.5712,1
3759,6377,0.2395,2
3759,16163,0.0809,3
3759,11378,0.0803,4
3759,13812,0.0282,5
3760,2963,0.435,1
3760,6884,0.2416,2
3760,4636,0.1564,3
3760,5656,0.1316,4
3760,9293,0.0353,5
3761,4447,0.9004,1
3761,1905,0.0678,2
3761,7382,0.0318,3
3762,2323,1.0,1
3763,5925,0.609,1
3763,1753,0.1728,2
3763,4852,0.1034,3
3763,6878,0.0646,4
3763,5004,0.0339,5
3763,4585,0.0153,6
3763,6420,0.0011,7
3764,7920,0.4131,1
3764,16330,0.2663,2
3764,13432,0.1295,3
3764,5678,0.1167,4
3764,13223,0.0407,5
3764,15211,0.0292,6
3764,14175,0.0045,7
3765,5955,0.6355,1
3765,14186,0.1811,2
3765,7032,0.1325,3
3765,9226,0.0295,4
3765,2232,0.0214,5
3766,13091,0.7087,1
3766,5959,0.1719,2
3766,3066,0.0684,3
3766,14593,0.0511,4
3767,5049,0.3809,1
3767,6569,0.3396,2
3767,7799,0.2795,3
3768,10104,0.3843,1
3768,5048,0.3049,2
3768,10156,0.1135,3
3768,6096,0.1019,4
3768,4857,0.0953,5
3768,10993,0.0001,6
3769,5344,0.2844,1
3769,4776,0.2192,2
3769,16141,0.1647,3
3769,14221,0.1535,4
3769,14508,0.1026,5
3769,16665,0.06,6
3769,3902,0.0156,7
3770,5421,0.2875,1
3770,8582,0.2661,2
3770,3529,0.2163,3
3770,6554,0.2079,4
3770,2103,0.0209,5
3770,2698,0.0013,6
3771,2503,0.6606,1
3771,8672,0.2252,2
3771,5926,0.0435,3
3771,3422,0.0423,4
3771,3821,0.0284,5
3771,10739,0.0,6
3772,12637,0.6724,1
3772,12416,0.2366,2
3772,15036,0.0909,3
3773,3347,0.6759,1
3773,10949,0.312,2
3773,13985,0.0121,3
3774,9394,0.5408,1
3774,6479,0.222,2
3774,8756,0.1212,3
3774,2243,0.116,4
3775,11675,0.6469,1
3775,1761,0.1049,2
3775,11232,0.0787,3
3775,9163,0.0699,4
3775,15903,0.0402,5
3775,14378,0.0369,6
3775,4309,0.0226,7
3776,8376,0.452,1
3776,3663,0.1686,2
3776,10330,0.1677,3
3776,3984,0.1374,4
3776,9847,0.0674,5
3776,10817,0.007,6
3777,4059,0.4417,1
3777,6689,0.4015,2
3777,7580,0.1568,3
3778,7453,0.5199,1
3778,5226,0.228,2
3778,6843,0.1138,3
3778,5572,0.0753,4
3778,5774,0.0522,5
3778,5565,0.0107,6
3779,2977,0.3627,1
3779,8151,0.3616,2
3779,2925,0.1978,3
3779,4117,0.0711,4
3779,6040,0.0068,5
3779,5407,0.0,6
3780,2603,0.3279,1
3780,2421,0.2438,2
3780,5388,0.192,3
3780,6285,0.1042,4
3780,5817,0.0637,5
3780,2927,0.0487,6
3780,8832,0.0196,7
3781,6997,0.5052,1
3781,10484,0.3866,2
3781,7043,0.0963,3
3781,4102,0.0119,4
3782,4764,0.5959,1
3782,8344,0.4041,2
3783,10420,0.4114,1
3783,9878,0.304,2
3783,13048,0.138,3
3783,16325,0.0835,4
3783,2747,0.0631,5
3784,5273,0.9317,1
3784,12769,0.0683,2
3785,1828,0.3493,1
3785,16088,0.2739,2
3785,16341,0.1597,3
3785,15872,0.1111,4
3785,17501,0.106,5
3786,11894,0.5139,1
3786,10188,0.1662,2
3786,5610,0.1658,3
3786,4671,0.1057,4
3786,2059,0.0484,5
3787,7756,0.3783,1
3787,10380,0.1892,2
3787,5082,0.1521,3
3787,8339,0.1377,4
3787,8364,0.106,5
3787,6474,0.0367,6
3788,10687,0.6975,1
3788,2137,0.1314,2
3788,10913,0.1252,3
3788,5086,0.037,4
3788,17493,0.0063,5
3788,11221,0.0027,6
3789,4939,0.3307,1
3789,1746,0.2682,2
3789,7825,0.2285,3
3789,6079,0.0973,4
3789,7708,0.0431,5
3789,7993,0.0322,6
3790,9436,0.8287,1
3790,13762,0.1639,2
3790,9707,0.0074,3
3791,4274,0.503,1
3791,3135,0.4347,2
3791,3740,0.0622,3
3792,3028,0.7689,1
3792,2963,0.1217,2
3792,2198,0.0683,3
3792,6709,0.0217,4
3792,6150,0.0193,5
3793,6395,0.5674,1
3793,8794,0.1762,2
3793,4678,0.1474,3
3793,6728,0.0759,4
3793,3466,0.0265,5
3793,3538,0.0067,6
3794,2633,0.5526,1
3794,5966,0.2775,2
3794,2939,0.0619,3
3794,8992,0.05,4
3794,10082,0.038,5
3794,3708,0.0201,6
3795,5803,0.4181,1
3795,3661,0.1958,2
3795,7571,0.158,3
3795,15018,0.1189,4
3795,1783,0.1078,5
3795,5030,0.0013,6
3796,9833,0.3092,1
3796,5224,0.2855,2
3796,8713,0.191,3
3796,13004,0.1692,4
3796,6499,0.0342,5
3796,3611,0.011,6
3797,2673,0.553,1
3797,2168,0.3333,2
3797,1783,0.0542,3
3797,9729,0.0332,4
3797,5750,0.0263,5
3798,3455,0.3348,1
3798,9056,0.196,2
3798,3020,0.1846,3
3798,9085,0.1754,4
3798,6864,0.0849,5
3798,8658,0.0212,6
3798,9352,0.0032,7
3799,5310,0.3326,1
3799,8532,0.2942,2
3799,9722,0.1817,3
3799,3970,0.1676,4
3799,9756,0.0238,5
3800,16657,0.2874,1
3800,3834,0.1984,2
3800,17097,0.183,3
3800,6070,0.1706,4
3800,2114,0.1086,5
3800,13015,0.0478,6
3800,5137,0.0042,7
3801,8442,0.2936,1
3801,1662,0.2524,2
3801,4296,0.2053,3
3801,7475,0.1639,4
3801,3680,0.044,5
3801,3557,0.0247,6
3801,4362,0.0161,7
3802,17038,0.5024,1
3802,15488,0.3475,2
3802,13190,0.1239,3
3802,16166,0.0262,4
3803,7965,0.5451,1
3803,2471,0.2037,2
3803,6510,0.1703,3
3803,1821,0.0808,4
3804,13271,0.3809,1
3804,4925,0.3129,2
3804,7637,0.3041,3
3804,2085,0.0021,4
3805,8001,0.7217,1
3805,8121,0.1396,2
3805,4529,0.0552,3
3805,17291,0.0501,4
3805,15691,0.032,5
3805,2437,0.0014,6
3806,2261,0.5041,1
3806,5416,0.3015,2
3806,9137,0.1944,3
3807,3057,0.6658,1
3807,7845,0.2126,2
3807,4624,0.1192,3
3807,11334,0.0025,4
3808,16202,0.5328,1
3808,15860,0.2125,2
3808,16747,0.1406,3
3808,8981,0.0705,4
3808,15434,0.0221,5
3808,15698,0.0216,6
3809,1659,0.2298,1
3809,13982,0.2211,2
3809,2682,0.1551,3
3809,14407,0.1383,4
3809,12695,0.0903,5
3809,3995,0.0831,6
3809,4642,0.0822,7
3810,10063,0.4948,1
3810,2183,0.191,2
3810,11762,0.1546,3
3810,14438,0.1163,4
3810,8374,0.0433,5
3811,10627,0.7029,1
3811,9138,0.1006,2
3811,14805,0.0818,3
3811,10768,0.0553,4
3811,5738,0.0335,5
3811,7037,0.0258,6
3812,7381,0.6073,1
3812,6756,0.2235,2
3812,1933,0.1288,3
3812,3625,0.0404,4
3813,5969,0.3821,1
3813,3499,0.2939,2
3813,9609,0.1376,3
3813,5021,0.0965,4
3813,8819,0.0501,5
3813,3016,0.0273,6
3813,9987,0.0125,7
3814,10791,0.8527,1
3814,8499,0.1473,2
3815,9361,0.2319,1
3815,3890,0.2073,2
3815,6821,0.2047,3
3815,7295,0.1696,4
3815,7524,0.147,5
3815,10697,0.0328,6
3815,4155,0.0068,7
3816,8727,0.3687,1
3816,2531,0.3675,2
3816,15394,0.2014,3
3816,6697,0.0624,4
3817,8439,0.6514,1
3817,5447,0.1836,2
3817,3551,0.165,3
3818,15373,1.0,1
3819,6284,0.5697,1
3819,2640,0.2149,2
3819,6300,0.1336,3
3819,15570,0.0711,4
3819,9339,0.0084,5
3819,11676,0.0022,6
3820,2425,0.6527,1
3820,6785,0.3373,2
3820,10821,0.01,3
3821,6425,0.7982,1
3821,8196,0.2018,2
3822,3466,0.4699,1
3822,6222,0.4544,2
3822,6881,0.0545,3
3822,12712,0.0212,4
3823,7836,0.6396,1
3823,2768,0.2157,2
3823,9871,0.0996,3
3823,8207,0.0243,4
3823,11285,0.0193,5
3823,7816,0.0015,6
3824,4680,0.3106,1
3824,3630,0.1783,2
3824,16050,0.163,3
3824,6396,0.1232,4
3824,4134,0.1034,5
3824,2655,0.1001,6
3824,1780,0.0213,7
3825,4823,0.3025,1
3825,2876,0.2527,2
3825,17477,0.2293,3
3825,7066,0.127,4
3825,7857,0.0885,5
3826,2411,0.4997,1
3826,7536,0.4262,2
3826,5698,0.0492,3
3826,9575,0.0192,4
3826,6745,0.0057,5
3827,13415,0.4369,1
3827,15893,0.3372,2
3827,8420,0.1631,3
3827,15035,0.0629,4
3828,4810,0.5175,1
3828,3680,0.1387,2
3828,9851,0.1225,3
3828,7879,0.0848,4
3828,4360,0.07,5
3828,7469,0.044,6
3828,5656,0.0225,7
3829,1928,0.6118,1
3829,6443,0.327,2
3829,17572,0.0612,3
3830,3230,0.3733,1
3830,9416,0.3569,2
3830,6497,0.2697,3
3831,2724,0.7125,1
3831,11924,0.1291,2
3831,5194,0.0973,3
3831,3690,0.0433,4
3831,13524,0.0178,5
3832,4354,0.6756,1
3832,7436,0.2354,2
3832,11352,0.0729,3
3832,6812,0.0161,4
3833,3912,0.4801,1
3833,8218,0.2125,2
3833,7283,0.1873,3
3833,2371,0.0613,4
3833,5808,0.0587,5
3834,10371,0.4763,1
3834,4158,0.2889,2
3834,3282,0.2102,3
3834,4420,0.0246,4
3835,2660,0.4171,1
3835,14163,0.2925,2
3835,12883,0.1212,3
3835,4314,0.0867,4
3835,9667,0.0497,5
3835,12504,0.0329,6
3836,10718,0.9132,1
3836,6448,0.0451,2
3836,9001,0.0417,3
3837,4347,0.6208,1
3837,10554,0.2134,2
3837,5423,0.1452,3
3837,9471,0.0205,4
3838,6198,0.6106,1
3838,10625,0.3378,2
3838,8068,0.0227,3
3838,8091,0.02,4
3838,9217,0.0088,5
3839,8124,0.533,1
3839,9558,0.3766,2
3839,1760,0.0903,3
3840,2473,0.5125,1
3840,9935,0.2251,2
3840,8720,0.1203,3
3840,5725,0.0655,4
3840,2803,0.0599,5
3840,5131,0.0168,6
3841,4076,0.3839,1
3841,3559,0.3294,2
3841,11317,0.0955,3
3841,8417,0.0755,4
3841,7724,0.0745,5
3841,17354,0.0384,6
3841,8010,0.0028,7
3842,3635,0.7668,1
3842,2759,0.2274,2
3842,13016,0.0058,3
3843,1977,0.4636,1
3843,13952,0.314,2
3843,7714,0.1369,3
3843,11864,0.0784,4
3843,7752,0.0071,5
3844,8767,0.4812,1
3844,2913,0.2747,2
3844,9863,0.2441,3
3845,6395,0.5713,1
3845,4513,0.1569,2
3845,10782,0.1211,3
3845,7278,0.109,4
3845,8784,0.0417,5
3846,7537,0.7453,1
3846,4913,0.2547,2
3847,4967,0.5195,1
3847,4989,0.4275,2
3847,8743,0.053,3
3848,8245,0.6634,1
3848,3579,0.3003,2
3848,2340,0.0364,3
3849,8078,0.7665,1
3849,10490,0.12,2
3849,2483,0.1053,3
3849,2176,0.0081,4
3849,3172,0.0,5
3850,6602,0.7749,1
3850,9717,0.121,2
3850,6704,0.0773,3
3850,2419,0.0267,4
3851,2216,0.5432,1
3851,2000,0.2215,2
3851,1753,0.1802,3
3851,9350,0.0551,4
3852,8693,0.5601,1
3852,5832,0.215,2
3852,11568,0.1925,3
3852,12395,0.0324,4
3853,4007,0.5505,1
3853,7637,0.435,2
3853,4506,0.0146,3
3854,7075,0.4023,1
3854,4916,0.3538,2
3854,8210,0.1793,3
3854,7381,0.045,4
3854,8178,0.0178,5
3854,4955,0.0017,6
3855,17492,0.4961,1
3855,2151,0.3497,2
3855,15070,0.1223,3
3855,1711,0.0319,4
3856,6076,0.5963,1
3856,11100,0.2556,2
3856,5686,0.1056,3
3856,7100,0.0293,4
3856,3482,0.0082,5
3856,6039,0.0028,6
3856,9399,0.0021,7
3857,2741,0.5051,1
3857,8501,0.3885,2
3857,10060,0.1063,3
3858,4657,0.4275,1
3858,7836,0.2755,2
3858,7982,0.1789,3
3858,2129,0.1182,4
3859,10108,0.681,1
3859,5616,0.219,2
3859,6612,0.0632,3
3859,3728,0.0355,4
3859,4625,0.0013,5
3860,17597,0.4392,1
3860,6683,0.2083,2
3860,9149,0.1626,3
3860,9191,0.0628,4
3860,13807,0.0521,5
3860,15746,0.0412,6
3860,2676,0.0338,7
3861,7884,0.4269,1
3861,10430,0.387,2
3861,2537,0.1397,3
3861,10236,0.0464,4
3862,4331,0.4775,1
3862,10823,0.2099,2
3862,1650,0.1904,3
3862,3056,0.0649,4
3862,6602,0.0573,5
3863,3751,0.4596,1
3863,15036,0.4226,2
3863,16603,0.1177,3
3864,6949,0.4898,1
3864,5080,0.2172,2
3864,5928,0.1746,3
3864,16579,0.1183,4
3865,6424,0.4438,1
3865,4852,0.1885,2
3865,3528,0.1317,3
3865,9261,0.0975,4
3865,8095,0.092,5
3865,9348,0.0464,6
3866,5355,0.4121,1
3866,7756,0.159,2
3866,3078,0.147,3
3866,7708,0.125,4
3866,3192,0.0666,5
3866,8747,0.0464,6
3866,5715,0.0438,7
3867,2648,0.5805,1
3867,4057,0.2754,2
3867,10868,0.084,3
3867,6854,0.0357,4
3867,2059,0.0166,5
3867,7581,0.0078,6
3868,8065,0.4463,1
3868,16009,0.2248,2
3868,6940,0.1307,3
3868,11174,0.0923,4
3868,9985,0.0608,5
3868,15532,0.0393,6
3868,15695,0.0058,7
3869,6574,0.4946,1
3869,10269,0.2666,2
3869,6976,0.1816,3
3869,6799,0.0518,4
3869,8107,0.004,5
3869,10504,0.0015,6
3870,5189,0.3591,1
3870,3309,0.319,2
3870,6352,0.2276,3
3870,5916,0.0801,4
3870,11155,0.0142,5
3871,6039,0.3722,1
3871,10956,0.2718,2
3871,7720,0.2143,3
3871,3724,0.0602,4
3871,3455,0.0407,5
3871,4543,0.0315,6
3871,5406,0.0093,7
3872,10779,0.3136,1
3872,5565,0.2298,2
3872,9716,0.1513,3
3872,3725,0.1097,4
3872,2406,0.0945,5
3872,7794,0.0743,6
3872,2900,0.0268,7
3873,3248,0.2497,1
3873,4006,0.2055,2
3873,9722,0.2029,3
3873,4102,0.144,4
3873,1651,0.1417,5
3873,5859,0.0412,6
3873,5613,0.0148,7
3874,2217,0.3521,1
3874,6047,0.2714,2
3874,5359,0.1963,3
3874,2001,0.1801,4
3875,11334,0.3644,1
3875,6419,0.2173,2
3875,7658,0.2057,3
3875,4143,0.1472,4
3875,9802,0.0654,5
3876,6788,0.4854,1
3876,16946,0.1999,2
3876,2225,0.1609,3
3876,6866,0.1538,4
3877,7798,0.3651,1
3877,16573,0.2637,2
3877,4128,0.2568,3
3877,17459,0.1144,4
3878,13551,0.6781,1
3878,6139,0.2213,2
3878,10019,0.0736,3
3878,13444,0.027,4
3879,11132,0.4086,1
3879,7790,0.332,2
3879,14428,0.2594,3
3880,9748,0.568,1
3880,2007,0.3196,2
3880,1973,0.1123,3
3881,11905,0.8837,1
3881,12175,0.0439,2
3881,13660,0.0321,3
3881,12915,0.0211,4
3881,6925,0.0192,5
3882,9717,0.5075,1
3882,6160,0.4925,2
3883,11883,0.7124,1
3883,10381,0.1752,2
3883,13030,0.1041,3
3883,7263,0.0083,4
3884,8460,0.3826,1
3884,4113,0.3224,2
3884,13070,0.1142,3
3884,11562,0.0994,4
3884,9213,0.0729,5
3884,5620,0.0086,6
3885,10958,0.4315,1
3885,4815,0.3138,2
3885,9154,0.1377,3
3885,9858,0.0609,4
3885,7822,0.0308,5
3885,9616,0.0252,6
3886,8458,0.7863,1
3886,2215,0.0862,2
3886,8928,0.0783,3
3886,7450,0.0492,4
3887,8283,0.574,1
3887,9949,0.2975,2
3887,8804,0.1285,3
3888,9781,0.5757,1
3888,7992,0.3361,2
3888,7009,0.0882,3
3889,8381,0.5857,1
3889,5194,0.2794,2
3889,11422,0.0871,3
3889,11997,0.039,4
3889,17162,0.0078,5
3889,9598,0.001,6
3890,3595,0.3778,1
3890,9476,0.2422,2
3890,10872,0.1719,3
3890,6474,0.098,4
3890,4625,0.089,5
3890,8812,0.0151,6
3890,4983,0.0059,7
3891,10403,0.3136,1
3891,4318,0.2347,2
3891,9128,0.146,3
3891,6989,0.137,4
3891,9835,0.0839,5
3891,7643,0.0737,6
3891,4738,0.0111,7
3892,7072,0.6534,1
3892,17235,0.3466,2
3893,11216,0.7099,1
3893,12014,0.1825,2
3893,6277,0.1076,3
3894,7596,0.9525,1
3894,8856,0.033,2
3894,9008,0.0138,3
3894,16004,0.0007,4
3895,16260,0.4344,1
3895,4906,0.3688,2
3895,12204,0.1089,3
3895,10310,0.0879,4
3896,10571,0.6198,1
3896,12722,0.2905,2
3896,12110,0.0896,3
3897,6991,0.374,1
3897,16476,0.2796,2
3897,7117,0.149,3
3897,9922,0.0713,4
3897,6740,0.0712,5
3897,10858,0.0347,6
3897,12842,0.0201,7
3898,7757,0.9287,1
3898,6613,0.0506,2
3898,12309,0.0083,3
3898,15099,0.0062,4
3898,14480,0.0061,5
3899,3503,0.7004,1
3899,16419,0.1651,2
3899,13682,0.0933,3
3899,6277,0.0413,4
3900,10514,0.6424,1
3900,2397,0.3243,2
3900,15736,0.0332,3
3901,6110,0.4732,1
3901,7760,0.3193,2
3901,1743,0.1264,3
3901,7510,0.0575,4
3901,7455,0.0236,5
3901,4919,0.0,6
3902,16696,0.4854,1
3902,4520,0.2854,2
3902,7699,0.1404,3
3902,10827,0.0887,4
3903,6260,0.4948,1
3903,3138,0.2086,2
3903,3428,0.1076,3
3903,2681,0.0936,4
3903,1880,0.0912,5
3903,2297,0.0041,6
3904,4274,0.3809,1
3904,9139,0.2888,2
3904,11073,0.2743,3
3904,9692,0.056,4
3905,2549,0.6045,1
3905,4265,0.3152,2
3905,2119,0.0803,3
3906,17263,0.5307,1
3906,1711,0.3136,2
3906,7116,0.1187,3
3906,12067,0.037,4
3907,3392,0.6171,1
3907,9172,0.1646,2
3907,4720,0.1248,3
3907,11400,0.0811,4
3907,6827,0.0123,5
3908,16498,0.8404,1
3908,17311,0.1108,2
3908,11855,0.0489,3
3909,3936,0.4423,1
3909,5342,0.2039,2
3909,15452,0.1605,3
3909,7655,0.0946,4
3909,9862,0.0651,5
3909,1986,0.0225,6
3909,4172,0.0111,7
3910,3225,0.7721,1
3910,5069,0.21,2
3910,10254,0.0144,3
3910,8174,0.0035,4
3911,6360,0.3033,1
3911,7408,0.2474,2
3911,5824,0.2372,3
3911,3615,0.2121,4
3912,12534,0.9549,1
3912,12139,0.0451,2
3913,8326,0.7268,1
3913,7628,0.2732,2
3914,16794,0.3141,1
3914,10751,0.2755,2
3914,4954,0.1715,3
3914,15217,0.1455,4
3914,13751,0.0656,5
3914,5840,0.0278,6
3914,6312,0.0001,7
3915,7381,0.5222,1
3915,3567,0.1971,2
3915,4620,0.1601,3
3915,7210,0.08,4
3915,6122,0.0322,5
3915,3681,0.0084,6
3916,14469,0.3538,1
3916,1912,0.2606,2
3916,5522,0.1393,3
3916,5925,0.1346,4
3916,7640,0.0728,5
3916,6983,0.0358,6
3916,15457,0.0031,7
3917,7684,0.6796,1
3917,6969,0.3053,2
3917,5776,0.0151,3
3918,3089,0.5074,1
3918,10938,0.305,2
3918,9601,0.0734,3
3918,11268,0.0489,4
3918,5186,0.0408,5
3918,6113,0.0145,6
3918,8954,0.0099,7
3919,16827,0.7707,1
3919,8943,0.2094,2
3919,4731,0.0137,3
3919,2730,0.0062,4
3920,6907,0.6592,1
3920,2037,0.3408,2
3921,4822,0.6781,1
3921,2081,0.3211,2
3921,9546,0.0008,3
3922,8610,0.4616,1
3922,10580,0.4183,2
3922,1722,0.1202,3
3923,16579,0.2993,1
3923,11828,0.286,2
3923,13554,0.2263,3
3923,9633,0.1118,4
3923,3584,0.0766,5
3924,9150,0.2882,1
3924,4932,0.2321,2
3924,10702,0.2196,3
3924,2176,0.2107,4
3924,4632,0.0417,5
3924,2152,0.0079,6
3925,11692,0.2859,1
3925,13952,0.1856,2
3925,4393,0.168,3
3925,7987,0.143,4
3925,12831,0.0981,5
3925,7126,0.0703,6
3925,8123,0.0491,7
3926,10349,0.5944,1
3926,3248,0.2488,2
3926,11110,0.1567,3
3927,8804,0.7257,1
3927,10324,0.1893,2
3927,7796,0.0849,3
3928,4094,0.5433,1
3928,8762,0.2035,2
3928,7317,0.0895,3
3928,7626,0.0675,4
3928,5150,0.0501,5
3928,10909,0.0452,6
3928,9851,0.0008,7
3929,7389,0.5508,1
3929,2547,0.2496,2
3929,5073,0.1229,3
3929,8378,0.0767,4
3930,6709,0.38,1
3930,5471,0.3441,2
3930,4469,0.2024,3
3930,7552,0.0725,4
3930,7075,0.0009,5
3931,2170,0.3705,1
3931,10725,0.3,2
3931,6603,0.2813,3
3931,2910,0.0327,4
3931,8022,0.0145,5
3931,3595,0.001,6
3932,4491,0.6068,1
3932,11076,0.1968,2
3932,6590,0.1358,3
3932,5153,0.0455,4
3932,1832,0.0152,5
3933,14903,0.8992,1
3933,7408,0.0922,2
3933,17232,0.0087,3
3934,7877,0.347,1
3934,2009,0.1862,2
3934,9157,0.1751,3
3934,3245,0.1018,4
3934,8536,0.0997,5
3934,2867,0.0846,6
3934,2830,0.0056,7
3935,13827,0.6547,1
3935,6251,0.1696,2
3935,7601,0.1011,3
3935,15185,0.0635,4
3935,7345,0.0091,5
3935,9767,0.002,6
3936,4633,0.3613,1
3936,8586,0.3028,2
3936,10662,0.124,3
3936,4435,0.0798,4
3936,9752,0.0764,5
3936,11028,0.0557,6
3937,6291,0.3355,1
3937,6683,0.2844,2
3937,9741,0.2299,3
3937,5793,0.1037,4
3937,2443,0.0373,5
3937,5857,0.0091,6
3938,4376,0.5079,1
3938,17616,0.2655,2
3938,4173,0.1119,3
3938,3280,0.1101,4
3938,5322,0.0046,5
3939,3095,0.391,1
3939,6095,0.25,2
3939,4810,0.105,3
3939,5908,0.0746,4
3939,9382,0.068,5
3939,2658,0.0642,6
3939,5656,0.0472,7
3940,9701,0.353,1
3940,8026,0.2856,2
3940,13202,0.2311,3
3940,5813,0.1232,4
3940,8325,0.007,5
3941,8635,0.5575,1
3941,5739,0.4425,2
3942,9859,0.441,1
3942,9108,0.3849,2
3942,5413,0.0679,3
3942,1769,0.0527,4
3942,3510,0.0282,5
3942,5491,0.0253,6
3943,3421,0.2723,1
3943,14583,0.187,2
3943,11997,0.1831,3
3943,2399,0.145,4
3943,7670,0.11,5
3943,10866,0.1,6
3943,6325,0.0026,7
3944,15139,0.3549,1
3944,4401,0.3284,2
3944,3663,0.2691,3
3944,17383,0.0453,4
3944,7133,0.0023,5
3945,8433,0.3694,1
3945,5549,0.2785,2
3945,7436,0.2021,3
3945,1964,0.1346,4
3945,5627,0.0154,5
3946,13456,0.484,1
3946,3389,0.2846,2
3946,8040,0.2314,3
3947,5406,0.303,1
3947,3284,0.2581,2
3947,10650,0.1934,3
3947,3104,0.1618,4
3947,3265,0.0592,5
3947,3708,0.0173,6
3947,10316,0.0071,7
3948,9511,0.5358,1
3948,9856,0.2261,2
3948,7002,0.1369,3
3948,4664,0.0886,4
3948,3494,0.0083,5
3948,8077,0.0037,6
3948,16827,0.0006,7
3949,11383,0.3229,1
3949,6876,0.2786,2
3949,9113,0.2415,3
3949,10467,0.1488,4
3949,6873,0.0081,5
3950,8865,0.4487,1
3950,13429,0.2841,2
3950,11480,0.1656,3
3950,4185,0.1016,4
3951,7349,0.522,1
3951,13397,0.2603,2
3951,2317,0.207,3
3951,14218,0.0089,4
3951,12941,0.0019,5
3952,5332,0.5921,1
3952,13330,0.1584,2
3952,12934,0.1129,3
3952,9877,0.0625,4
3952,15261,0.054,5
3952,17622,0.016,6
3952,6808,0.0041,7
3953,12379,0.6407,1
3953,2618,0.2111,2
3953,4327,0.0914,3
3953,4636,0.0403,4
3953,6397,0.0164,5
3954,9508,1.0,1
3955,3660,0.3755,1
3955,3305,0.3383,2
3955,11235,0.2863,3
3956,6833,0.6507,1
3956,7068,0.3119,2
3956,8504,0.0198,3
3956,4292,0.0176,4
3957,6187,1.0,1
3958,8992,0.6613,1
3958,9172,0.311,2
3958,4788,0.0276,3
3959,13433,0.5187,1
3959,3008,0.2653,2
3959,4832,0.0842,3
3959,13210,0.0839,4
3959,1763,0.0416,5
3959,5924,0.0063,6
3960,8756,0.6751,1
3960,7170,0.3203,2
3960,7197,0.0046,3
3961,7262,0.7776,1
3961,4687,0.1149,2
3961,5335,0.0808,3
3961,3563,0.0267,4
3962,2744,0.3665,1
3962,4756,0.2638,2
3962,7574,0.1193,3
3962,3863,0.1031,4
3962,10073,0.0806,5
3962,9920,0.0618,6
3962,8779,0.0048,7
3963,5076,0.5102,1
3963,13666,0.456,2
3963,6075,0.0338,3
3964,8682,0.3375,1
3964,10558,0.2604,2
3964,2939,0.133,3
3964,2105,0.1159,4
3964,2847,0.1073,5
3964,8378,0.0253,6
3964,6622,0.0206,7
3965,6072,0.6162,1
3965,3727,0.3272,2
3965,4701,0.0561,3
3965,1836,0.0005,4
3966,10574,0.4947,1
3966,2394,0.4177,2
3966,9567,0.0556,3
3966,1717,0.032,4
3967,6138,0.5756,1
3967,12771,0.3539,2
3967,6600,0.0553,3
3967,12736,0.0151,4
3968,16854,0.4107,1
3968,15972,0.1925,2
3968,9081,0.1263,3
3968,11604,0.1167,4
3968,2915,0.0773,5
3968,11983,0.0765,6
3969,8082,0.5637,1
3969,2457,0.3613,2
3969,2544,0.0529,3
3969,10266,0.022,4
3970,7479,0.3797,1
3970,5731,0.2926,2
3970,6756,0.1862,3
3970,1802,0.1414,4
3971,4088,0.9641,1
3971,7212,0.0309,2
3971,8712,0.005,3
3972,3258,0.5882,1
3972,8254,0.1723,2
3972,6122,0.0881,3
3972,4966,0.0719,4
3972,2464,0.0707,5
3972,8844,0.0088,6
3973,2105,0.6306,1
3973,7487,0.2832,2
3973,11159,0.0608,3
3973,2811,0.0147,4
3973,8229,0.0107,5
3974,8558,0.5351,1
3974,9155,0.1781,2
3974,3302,0.1405,3
3974,3499,0.1327,4
3974,9360,0.0136,5
3975,3683,0.5065,1
3975,5478,0.3055,2
3975,13372,0.1348,3
3975,1848,0.0532,4
3976,17616,0.5382,1
3976,10040,0.2957,2
3976,5586,0.1022,3
3976,14307,0.0639,4
3977,14639,0.4887,1
3977,15366,0.2455,2
3977,6016,0.1505,3
3977,8253,0.0778,4
3977,3429,0.0299,5
3977,6582,0.0077,6
3978,17565,0.789,1
3978,5391,0.2083,2
3978,1732,0.0027,3
3979,4086,0.4126,1
3979,2550,0.2614,2
3979,13222,0.164,3
3979,10814,0.1007,4
3979,5026,0.0614,5
3980,5702,0.2887,1
3980,15416,0.2771,2
3980,6100,0.1468,3
3980,3192,0.1395,4
3980,5818,0.074,5
3980,8842,0.0558,6
3980,15512,0.0181,7
3981,5810,0.7845,1
3981,7428,0.2081,2
3981,4007,0.0074,3
3982,13536,0.3859,1
3982,9044,0.2526,2
3982,7070,0.1896,3
3982,15958,0.0921,4
3982,15386,0.0349,5
3982,2889,0.0276,6
3982,16590,0.0173,7
3983,9059,0.5242,1
3983,5487,0.2476,2
3983,2034,0.2282,3
3984,4489,0.3461,1
3984,1961,0.2159,2
3984,7756,0.1741,3
3984,8678,0.1371,4
3984,9541,0.0646,5
3984,7429,0.0621,6
3985,12956,1.0,1
3986,2230,0.7127,1
3986,2527,0.1481,2
3986,3228,0.0839,3
3986,6231,0.0452,4
3986,17482,0.0101,5
3987,4668,0.4887,1
3987,9742,0.3077,2
3987,6233,0.1427,3
3987,5269,0.0347,4
3987,5829,0.0262,5
3988,8509,0.5904,1
3988,3061,0.2886,2
3988,6080,0.0765,3
3988,13599,0.0373,4
3988,12155,0.0071,5
3989,4531,1.0,1
3990,3506,0.6894,1
3990,2817,0.0937,2
3990,5606,0.0883,3
3990,8631,0.0779,4
3990,6304,0.0362,5
3990,7170,0.0146,6
3991,9830,0.5489,1
3991,7414,0.3836,2
3991,9345,0.0675,3
3992,3918,0.4471,1
3992,3377,0.3965,2
3992,7627,0.135,3
3992,2400,0.0214,4
3993,1842,0.3614,1
3993,10909,0.328,2
3993,4528,0.2079,3
3993,10155,0.0719,4
3993,2323,0.0308,5
3994,4010,0.3725,1
3994,2111,0.2801,2
3994,10157,0.1691,3
3994,3621,0.0921,4
3994,7541,0.0736,5
3994,5303,0.0122,6
3994,3443,0.0003,7
3995,11264,0.3449,1
3995,4922,0.253,2
3995,3969,0.2172,3
3995,3638,0.1239,4
3995,2515,0.061,5
3996,12482,0.5954,1
3996,1815,0.2703,2
3996,13149,0.0961,3
3996,7725,0.0383,4
3997,8213,0.4708,1
3997,1828,0.3046,2
3997,15009,0.0802,3
3997,10860,0.0781,4
3997,5942,0.0438,5
3997,13798,0.0225,6
3998,1946,0.3707,1
3998,4465,0.2172,2
3998,4546,0.1796,3
3998,15284,0.1742,4
3998,1740,0.0583,5
3999,6169,0.805,1
3999,13414,0.0945,2
3999,6680,0.0678,3
3999,15249,0.0274,4
3999,15506,0.0038,5
3999,12142,0.0014,6
4000,2345,0.3932,1
4000,10307,0.3726,2
4000,16147,0.2342,3
4001,10984,0.9346,1
4001,7915,0.0648,2
4001,2203,0.0006,3
4002,8412,0.7117,1
4002,9440,0.2813,2
4002,5608,0.0071,3
4003,9137,0.4596,1
4003,2723,0.2654,2
4003,6359,0.1461,3
4003,4069,0.1273,4
4003,7093,0.0016,5
4004,14820,0.5449,1
4004,15696,0.2375,2
4004,17289,0.2176,3
4005,9840,0.3405,1
4005,10873,0.3152,2
4005,1875,0.1778,3
4005,3985,0.1304,4
4005,6523,0.0134,5
4005,5221,0.0132,6
4005,4924,0.0094,7
4006,7136,0.63,1
4006,3440,0.1478,2
4006,12995,0.1429,3
4006,11572,0.0473,4
4006,10114,0.0284,5
4006,2703,0.0019,6
4006,9028,0.0017,7
4007,5867,0.3575,1
4007,3455,0.3328,2
4007,4225,0.1599,3
4007,7836,0.0757,4
4007,2577,0.074,5
4008,7711,0.7714,1
4008,15614,0.2,2
4008,5120,0.0286,3
4009,10709,0.5422,1
4009,8211,0.2213,2
4009,2078,0.1673,3
4009,9426,0.0457,4
4009,2854,0.0235,5
4010,16528,0.4933,1
4010,13626,0.4646,2
4010,4636,0.0421,3
4011,6706,0.594,1
4011,4602,0.2018,2
4011,6050,0.1175,3
4011,12440,0.0492,4
4011,12215,0.0375,5
4012,9800,0.546,1
4012,7317,0.1641,2
4012,2809,0.1143,3
4012,9636,0.0686,4
4012,4199,0.0564,5
4012,5468,0.028,6
4012,7428,0.0226,7
4013,4869,0.6147,1
4013,6096,0.168,2
4013,12665,0.0894,3
4013,2561,0.0696,4
4013,17082,0.0584,5
4014,8205,1.0,1
4015,4829,0.7875,1
4015,4196,0.094,2
4015,3818,0.059,3
4015,10724,0.0477,4
4015,2751,0.0118,5
4016,7228,0.3064,1
4016,5916,0.3032,2
4016,4191,0.114,3
4016,9715,0.1058,4
4016,3426,0.0733,5
4016,8704,0.0672,6
4016,10683,0.03,7
4017,17470,0.4594,1
4017,5131,0.3903,2
4017,12455,0.1491,3
4017,2155,0.0011,4
4018,16073,0.5634,1
4018,13513,0.3495,2
4018,3464,0.0454,3
4018,10885,0.0417,4
4019,5351,0.6696,1
4019,3054,0.2002,2
4019,9595,0.1302,3
4020,7330,0.3827,1
4020,15496,0.319,2
4020,13064,0.2984,3
4021,4073,0.672,1
4021,14713,0.2668,2
4021,5652,0.0612,3
4022,2895,0.3187,1
4022,1922,0.2077,2
4022,1955,0.1953,3
4022,10617,0.1396,4
4022,2270,0.0947,5
4022,16946,0.044,6
4023,10724,0.419,1
4023,3960,0.3509,2
4023,7847,0.2301,3
4024,10150,0.542,1
4024,7922,0.2886,2
4024,5696,0.1034,3
4024,7918,0.0453,4
4024,5211,0.0206,5
4025,8633,0.8247,1
4025,10743,0.0751,2
4025,6058,0.0457,3
4025,8090,0.0316,4
4025,7613,0.0128,5
4025,6574,0.01,6
4026,11480,0.2018,1
4026,12763,0.199,2
4026,7424,0.1913,3
4026,14924,0.1498,4
4026,16891,0.0949,5
4026,2272,0.0829,6
4026,10024,0.0803,7
4027,2238,0.42,1
4027,10984,0.3432,2
4027,6956,0.1953,3
4027,1878,0.0247,4
4027,5879,0.0167,5
4028,10131,0.4948,1
4028,4177,0.2774,2
4028,14591,0.0927,3
4028,17564,0.0726,4
4028,4515,0.0437,5
4028,13185,0.0188,6
4029,15623,0.2355,1
4029,10736,0.1817,2
4029,14019,0.1616,3
4029,14861,0.1592,4
4029,9452,0.136,5
4029,12799,0.1047,6
4029,2072,0.0213,7
4030,2838,0.4008,1
4030,9359,0.3262,2
4030,5900,0.1088,3
4030,6766,0.1078,4
4030,5179,0.0469,5
4030,5244,0.0096,6
4031,5312,0.6111,1
4031,8754,0.1613,2
4031,11741,0.1344,3
4031,10052,0.0511,4
4031,3771,0.0274,5
4031,9525,0.0148,6
4032,5252,0.3577,1
4032,4331,0.3019,2
4032,9440,0.2097,3
4032,7434,0.1307,4
4033,7439,0.6597,1
4033,6194,0.2566,2
4033,9572,0.0609,3
4033,4169,0.0228,4
4034,14048,0.5736,1
4034,3390,0.2982,2
4034,13545,0.0697,3
4034,15300,0.0412,4
4034,13844,0.0103,5
4034,10102,0.0069,6
4035,3341,0.3277,1
4035,4364,0.2406,2
4035,1933,0.239,3
4035,10905,0.1725,4
4035,7018,0.0186,5
4035,8610,0.0015,6
4036,8801,0.6218,1
4036,6227,0.3535,2
4036,5095,0.0247,3
4037,16468,0.528,1
4037,7831,0.3283,2
4037,17618,0.1438,3
4038,14698,0.6002,1
4038,17249,0.2925,2
4038,13806,0.0557,3
4038,15258,0.0517,4
4039,10292,0.3625,1
4039,9418,0.2337,2
4039,9782,0.1583,3
4039,7586,0.1437,4
4039,9392,0.1019,5
4040,9663,0.2316,1
4040,5892,0.2105,2
4040,7435,0.2047,3
4040,2333,0.1753,4
4040,1873,0.1352,5
4040,4507,0.0377,6
4040,7974,0.005,7
4041,1824,1.0,1
4042,1826,0.2522,1
4042,7783,0.2443,2
4042,9250,0.2248,3
4042,9050,0.2072,4
4042,8386,0.043,5
4042,5041,0.0283,6
4043,11551,0.3816,1
4043,2879,0.2524,2
4043,5463,0.2314,3
4043,10735,0.0799,4
4043,5119,0.0547,5
4044,14238,0.8275,1
4044,15738,0.1572,2
4044,17080,0.0153,3
4045,15838,0.2593,1
4045,9142,0.2535,2
4045,8705,0.2263,3
4045,2917,0.162,4
4045,8425,0.0957,5
4045,13397,0.0032,6
4046,8977,0.5999,1
4046,11051,0.2302,2
4046,8748,0.1698,3
4047,8555,0.4919,1
4047,5998,0.3208,2
4047,2117,0.1873,3
4048,9326,0.7213,1
4048,6206,0.1654,2
4048,9408,0.0361,3
4048,9217,0.0331,4
4048,9323,0.0226,5
4048,6481,0.0215,6
4049,4405,0.5315,1
4049,7687,0.3122,2
4049,7298,0.1563,3
4050,6181,0.4322,1
4050,1984,0.2778,2
4050,1919,0.1181,3
4050,4362,0.0961,4
4050,2403,0.0707,5
4050,8131,0.005,6
4051,8579,0.3378,1
4051,13009,0.2772,2
4051,13010,0.1971,3
4051,10177,0.1484,4
4051,5508,0.024,5
4051,5364,0.0154,6
4051,9701,0.0,7
4052,7643,0.4967,1
4052,5156,0.3515,2
4052,3195,0.1043,3
4052,11381,0.0475,4
4053,14334,0.737,1
4053,2114,0.2319,2
4053,15203,0.0311,3
4054,6561,0.451,1
4054,1708,0.2995,2
4054,2981,0.1,3
4054,6476,0.0734,4
4054,1726,0.049,5
4054,2472,0.0272,6
4055,6992,0.4165,1
4055,10925,0.1705,2
4055,10828,0.1517,3
4055,6560,0.1283,4
4055,9348,0.075,5
4055,3291,0.044,6
4055,9301,0.0141,7
4056,5932,0.8298,1
4056,7804,0.1036,2
4056,4834,0.0666,3
4057,7347,0.504,1
4057,5455,0.4927,2
4057,3682,0.0033,3
4058,10958,0.9078,1
4058,4265,0.0561,2
4058,6474,0.036,3
4059,11024,0.5461,1
4059,3110,0.1392,2
4059,9016,0.1332,3
4059,6342,0.1149,4
4059,9938,0.0588,5
4059,4269,0.0078,6
4060,14680,0.7634,1
4060,10353,0.1282,2
4060,4413,0.0941,3
4060,2833,0.0137,4
4060,6851,0.0005,5
4061,2255,0.4895,1
4061,8488,0.4368,2
4061,6125,0.0737,3
4062,10679,0.5152,1
4062,7951,0.2389,2
4062,3294,0.0928,3
4062,8896,0.0704,4
4062,13241,0.0439,5
4062,13890,0.0243,6
4062,4223,0.0144,7
4063,1799,0.5475,1
4063,6646,0.2314,2
4063,9312,0.1522,3
4063,4362,0.0689,4
4064,16155,0.4383,1
4064,16020,0.3822,2
4064,7607,0.17,3
4064,11734,0.0094,4
4065,10491,0.4814,1
4065,8182,0.1508,2
4065,3635,0.0961,3
4065,5149,0.0789,4
4065,5428,0.0696,5
4065,4622,0.0634,6
4065,7792,0.0596,7
4066,5008,0.6181,1
4066,2591,0.2255,2
4066,6012,0.1515,3
4066,11106,0.0049,4
4067,3291,0.3937,1
4067,3924,0.2996,2
4067,2246,0.2591,3
4067,12460,0.0475,4
4068,8696,0.5709,1
4068,1878,0.3362,2
4068,2891,0.0929,3
4069,2629,0.4301,1
4069,9500,0.426,2
4069,3309,0.097,3
4069,1706,0.0304,4
4069,10554,0.0165,5
4070,3471,0.8178,1
4070,1774,0.0845,2
4070,4278,0.061,3
4070,8686,0.0285,4
4070,8379,0.0082,5
4071,10468,0.6083,1
4071,7721,0.1683,2
4071,5020,0.0919,3
4071,5032,0.0797,4
4071,10635,0.0379,5
4071,10653,0.0139,6
4072,6973,0.4727,1
4072,9354,0.185,2
4072,2481,0.135,3
4072,6093,0.1245,4
4072,2006,0.0628,5
4072,2472,0.0111,6
4072,15789,0.0089,7
4073,10906,0.5143,1
4073,2618,0.3219,2
4073,10039,0.1494,3
4073,9046,0.0144,4
4074,5944,0.5272,1
4074,11735,0.2318,2
4074,2133,0.2217,3
4074,10494,0.0194,4
4075,3184,0.59,1
4075,3095,0.3676,2
4075,9389,0.0424,3
4076,6101,0.8598,1
4076,7388,0.1402,2
4077,13657,0.9658,1
4077,17326,0.0342,2
4078,3137,0.6407,1
4078,5393,0.2425,2
4078,13821,0.0581,3
4078,15304,0.0578,4
4078,7018,0.0009,5
4079,10212,0.5091,1
4079,11173,0.2501,2
4079,3135,0.1659,3
4079,9002,0.0749,4
4080,11720,0.335,1
4080,16413,0.2568,2
4080,7232,0.2264,3
4080,5116,0.126,4
4080,14283,0.0391,5
4080,6641,0.0098,6
4080,13872,0.0069,7
4081,2672,0.4155,1
4081,16008,0.3305,2
4081,10022,0.1143,3
4081,16261,0.0855,4
4081,12953,0.0542,5
4082,5513,0.5398,1
4082,6715,0.1965,2
4082,6402,0.143,3
4082,14573,0.0426,4
4082,15834,0.041,5
4082,13116,0.0359,6
4082,14949,0.0012,7
4083,11740,0.3721,1
4083,5112,0.3622,2
4083,11805,0.2025,3
4083,3988,0.0465,4
4083,5501,0.0166,5
4084,1635,0.4242,1
4084,1837,0.2566,2
4084,8760,0.2244,3
4084,5004,0.0495,4
4084,9756,0.0453,5
4085,13930,0.4245,1
4085,10400,0.4174,2
4085,15656,0.1017,3
4085,8675,0.0564,4
4086,4331,0.6043,1
4086,1747,0.1632,2
4086,11125,0.1261,3
4086,8915,0.0662,4
4086,11020,0.0403,5
4087,12990,0.4043,1
4087,1858,0.3378,2
4087,16597,0.1768,3
4087,12449,0.0541,4
4087,8029,0.027,5
4088,9781,0.6872,1
4088,8205,0.2053,2
4088,10965,0.0927,3
4088,2216,0.0149,4
4089,1855,0.3555,1
4089,2244,0.1969,2
4089,7724,0.1834,3
4089,9426,0.161,4
4089,4919,0.0531,5
4089,16201,0.0481,6
4089,10829,0.002,7
4090,4052,0.4246,1
4090,12162,0.369,2
4090,9525,0.198,3
4090,9181,0.0084,4
4091,16148,0.4324,1
4091,4313,0.4166,2
4091,5029,0.151,3
4092,16376,0.6215,1
4092,7541,0.2124,2
4092,3019,0.1371,3
4092,2728,0.0289,4
4093,15982,0.7743,1
4093,9489,0.142,2
4093,14954,0.0838,3
4094,2314,0.7377,1
4094,2048,0.2582,2
4094,5891,0.0041,3
4095,5636,0.6645,1
4095,6997,0.2841,2
4095,7956,0.0287,3
4095,10408,0.0227,4
4096,10481,0.3586,1
4096,11173,0.2574,2
4096,8991,0.1936,3
4096,3753,0.1282,4
4096,6253,0.0486,5
4096,8622,0.0136,6
4097,4966,0.5038,1
4097,2991,0.3972,2
4097,7740,0.099,3
4098,4047,0.7283,1
4098,8981,0.1974,2
4098,9919,0.0498,3
4098,7449,0.0125,4
4098,16952,0.0107,5
4098,6276,0.0011,6
4098,14132,0.0002,7
4099,13948,0.6713,1
4099,5314,0.1979,2
4099,11260,0.1196,3
4099,17478,0.0112,4
4100,16078,0.6107,1
4100,13218,0.1848,2
4100,5164,0.0892,3
4100,5717,0.0714,4
4100,12112,0.0439,5
4101,2057,0.5262,1
4101,8013,0.326,2
4101,2240,0.1478,3
4102,5155,0.4924,1
4102,10464,0.2566,2
4102,9049,0.1818,3
4102,9552,0.0692,4
4103,7475,0.7243,1
4103,1969,0.1782,2
4103,4270,0.0976,3
4104,6431,0.4732,1
4104,4742,0.2795,2
4104,3162,0.1648,3
4104,3804,0.0383,4
4104,10281,0.0212,5
4104,8422,0.0132,6
4104,11346,0.0099,7
4105,2857,0.2911,1
4105,12893,0.2749,2
4105,1691,0.273,3
4105,5075,0.0712,4
4105,13373,0.0658,5
4105,17041,0.024,6
4106,4902,0.6601,1
4106,2563,0.3147,2
4106,5828,0.0198,3
4106,4096,0.0054,4
4107,12022,0.7716,1
4107,10658,0.2247,2
4107,16735,0.0036,3
4108,10690,0.4453,1
4108,15813,0.3999,2
4108,8561,0.1548,3
4109,8476,0.4896,1
4109,6426,0.3238,2
4109,5133,0.1866,3
4110,10590,0.6956,1
4110,8382,0.1716,2
4110,11350,0.1328,3
4111,11741,0.5463,1
4111,15991,0.228,2
4111,11807,0.161,3
4111,9500,0.0646,4
4112,10161,1.0,1
4113,11210,0.5,1
4113,6527,0.474,2
4113,8999,0.026,3
4114,3541,0.5597,1
4114,5544,0.2478,2
4114,14510,0.1121,3
4114,14414,0.0329,4
4114,11994,0.0256,5
4114,2165,0.0219,6
4115,8146,0.8209,1
4115,11106,0.1672,2
4115,3947,0.0119,3
4116,7278,0.3745,1
4116,8823,0.2741,2
4116,2807,0.2193,3
4116,3250,0.0806,4
4116,17229,0.0251,5
4116,5903,0.0144,6
4116,10196,0.012,7
4117,17111,0.687,1
4117,5517,0.2,2
4117,2963,0.113,3
4118,9151,0.9264,1
4118,2493,0.051,2
4118,11106,0.0226,3
4119,8797,0.502,1
4119,6186,0.1937,2
4119,6695,0.1047,3
4119,5073,0.0901,4
4119,3367,0.0601,5
4119,3846,0.0263,6
4119,2832,0.0232,7
4120,5653,0.3749,1
4120,7833,0.3474,2
4120,6676,0.1371,3
4120,5666,0.1283,4
4120,3295,0.0122,5
4121,16978,0.2843,1
4121,6847,0.2143,2
4121,7016,0.2134,3
4121,1698,0.1187,4
4121,8328,0.103,5
4121,6900,0.0662,6
4122,12580,0.9377,1
4122,7512,0.0397,2
4122,4214,0.0129,3
4122,2131,0.0097,4
4123,4437,0.5549,1
4123,7851,0.2353,2
4123,6972,0.1916,3
4123,2769,0.0181,4
4124,7970,0.6233,1
4124,13250,0.1715,2
4124,4601,0.1515,3
4124,6027,0.0538,4
4125,8975,0.3471,1
4125,2155,0.238,2
4125,10387,0.2161,3
4125,10338,0.0851,4
4125,9539,0.0767,5
4125,5173,0.0302,6
4125,7209,0.0068,7
4126,3949,0.3876,1
4126,6754,0.3415,2
4126,3126,0.1005,3
4126,14593,0.0953,4
4126,4346,0.0751,5
4127,13485,0.6494,1
4127,4329,0.2536,2
4127,9783,0.0946,3
4127,16857,0.0024,4
4128,2218,0.8716,1
4128,16339,0.0646,2
4128,7259,0.0638,3
4129,3851,0.3112,1
4129,6532,0.2552,2
4129,16376,0.2197,3
4129,6745,0.1704,4
4129,7624,0.0435,5
4130,4983,0.5989,1
4130,3318,0.1331,2
4130,16243,0.1149,3
4130,13572,0.0946,4
4130,8960,0.043,5
4130,7147,0.0154,6
4131,15690,0.4088,1
4131,17566,0.2404,2
4131,7463,0.1544,3
4131,13864,0.0939,4
4131,8668,0.07,5
4131,17469,0.0252,6
4131,12047,0.0073,7
4132,6036,0.5784,1
4132,11240,0.3349,2
4132,7745,0.0807,3
4132,12167,0.006,4
4133,8644,0.8182,1
4133,5946,0.1149,2
4133,10398,0.0669,3
4134,5345,0.4498,1
4134,5221,0.3904,2
4134,4276,0.1599,3
4135,6537,0.4291,1
4135,8656,0.4158,2
4135,2920,0.1551,3
4136,4565,0.4324,1
4136,5776,0.2873,2
4136,9700,0.2803,3
4137,9451,0.5835,1
4137,7277,0.1551,2
4137,5945,0.1329,3
4137,2713,0.1285,4
4138,7414,0.4594,1
4138,4964,0.2799,2
4138,9229,0.1808,3
4138,8043,0.0799,4
4139,8527,0.6118,1
4139,4494,0.2594,2
4139,11836,0.0623,3
4139,7396,0.041,4
4139,8800,0.0225,5
4139,1693,0.003,6
4139,9688,0.0001,7
4140,7407,0.6274,1
4140,14831,0.2784,2
4140,2138,0.0774,3
4140,11414,0.0168,4
4141,2056,0.392,1
4141,7369,0.2326,2
4141,10753,0.1712,3
4141,4568,0.0946,4
4141,9810,0.0494,5
4141,5256,0.0482,6
4141,3804,0.012,7
4142,1730,0.343,1
4142,5262,0.2771,2
4142,4438,0.1894,3
4142,9263,0.1447,4
4142,8757,0.0457,5
4143,9664,0.5069,1
4143,7747,0.3178,2
4143,11111,0.1258,3
4143,9494,0.0495,4
4144,9088,0.5504,1
4144,8503,0.2252,2
4144,12887,0.1606,3
4144,16885,0.0614,4
4144,11928,0.0023,5
4145,12655,0.5985,1
4145,10569,0.348,2
4145,10745,0.0535,3
4146,5157,0.5122,1
4146,2899,0.4268,2
4146,4606,0.0397,3
4146,5949,0.0213,4
4147,7885,1.0,1
4148,15382,1.0,1
4149,3702,0.351,1
4149,6150,0.2416,2
4149,7254,0.2075,3
4149,7055,0.0992,4
4149,11355,0.0831,5
4149,10324,0.0136,6
4149,3536,0.0041,7
4150,4031,0.942,1
4150,2232,0.0402,2
4150,4742,0.0177,3
4151,1916,0.5737,1
4151,13986,0.2817,2
4151,15175,0.1324,3
4151,13458,0.0122,4
4152,9958,0.5866,1
4152,15273,0.2219,2
4152,11405,0.1915,3
4153,5408,0.6832,1
4153,12948,0.2,2
4153,5388,0.0646,3
4153,11968,0.0522,4
4154,5767,0.6666,1
4154,17156,0.1578,2
4154,3176,0.1247,3
4154,8149,0.0371,4
4154,9397,0.0123,5
4154,6533,0.0016,6
4155,7083,0.8786,1
4155,2340,0.1214,2
4156,3764,0.588,1
4156,8206,0.283,2
4156,17627,0.129,3
4157,9104,0.6363,1
4157,5319,0.3381,2
4157,1726,0.0256,3
4158,4836,0.4316,1
4158,7885,0.3881,2
4158,4935,0.0766,3
4158,10160,0.075,4
4158,8535,0.0216,5
4158,5507,0.007,6
4159,3507,0.4882,1
4159,8844,0.3488,2
4159,8194,0.163,3
4160,5667,0.6701,1
4160,6051,0.2163,2
4160,2561,0.1136,3
4161,5719,0.6121,1
4161,6803,0.3879,2
4162,8214,0.483,1
4162,12349,0.2812,2
4162,3313,0.1401,3
4162,13726,0.0585,4
4162,6084,0.0202,5
4162,5637,0.0169,6
4163,14387,0.5899,1
4163,3123,0.2464,2
4163,5814,0.1513,3
4163,7271,0.0125,4
4164,2604,0.445,1
4164,7759,0.2721,2
4164,2301,0.1518,3
4164,16230,0.1311,4
4165,7254,0.4653,1
4165,5608,0.2942,2
4165,9209,0.1321,3
4165,5070,0.0418,4
4165,10124,0.0271,5
4165,9180,0.026,6
4165,5285,0.0135,7
4166,9835,0.5758,1
4166,5053,0.257,2
4166,5020,0.1548,3
4166,12002,0.0124,4
4167,9447,0.4102,1
4167,9027,0.2504,2
4167,1943,0.1937,3
4167,11400,0.1052,4
4167,5932,0.0406,5
4168,5582,1.0,1
4169,5953,0.3877,1
4169,4442,0.1702,2
4169,6477,0.1257,3
4169,8321,0.1146,4
4169,7774,0.1136,5
4169,9045,0.0615,6
4169,10663,0.0267,7
4170,9013,0.5006,1
4170,14135,0.1775,2
4170,3620,0.1252,3
4170,5701,0.1048,4
4170,3203,0.0919,5
4171,4896,0.4267,1
4171,8258,0.3736,2
4171,4401,0.1167,3
4171,3624,0.0527,4
4171,3185,0.0153,5
4171,3660,0.015,6
4172,15589,0.2995,1
4172,11307,0.2325,2
4172,7962,0.2181,3
4172,12149,0.1654,4
4172,14019,0.069,5
4172,12604,0.012,6
4172,12022,0.0035,7
4173,6245,0.8918,1
4173,10181,0.1082,2
4174,5554,0.6335,1
4174,3735,0.211,2
4174,11372,0.1059,3
4174,2312,0.0434,4
4174,3751,0.0062,5
4175,2595,0.5529,1
4175,2012,0.2599,2
4175,6905,0.148,3
4175,4262,0.0348,4
4175,6368,0.0044,5
4176,15186,0.4729,1
4176,13932,0.4041,2
4176,15937,0.0626,3
4176,9833,0.0435,4
4176,16303,0.0169,5
4177,6714,0.5435,1
4177,8771,0.3261,2
4177,9363,0.0746,3
4177,4133,0.0388,4
4177,4962,0.0109,5
4177,8290,0.0061,6
4178,1853,0.5967,1
4178,6849,0.2862,2
4178,3693,0.1171,3
4179,4736,0.4487,1
4179,7171,0.2628,2
4179,6642,0.1286,3
4179,8886,0.1265,4
4179,11004,0.0156,5
4179,8517,0.0095,6
4179,3147,0.0084,7
4180,14514,0.4908,1
4180,2213,0.3837,2
4180,6888,0.0906,3
4180,13872,0.0226,4
4180,2724,0.0109,5
4180,11841,0.0014,6
4181,3980,0.8481,1
4181,16323,0.1481,2
4181,7649,0.0038,3
4182,9356,0.5619,1
4182,8387,0.38,2
4182,8763,0.0581,3
4183,12856,0.7275,1
4183,14313,0.1555,2
4183,5880,0.1119,3
4183,4659,0.005,4
4184,11285,0.3387,1
4184,7180,0.2734,2
4184,6069,0.1413,3
4184,8674,0.1045,4
4184,4640,0.0827,5
4184,8525,0.0593,6
4185,6216,0.6606,1
4185,10168,0.1253,2
4185,10824,0.0667,3
4185,9788,0.0664,4
4185,8256,0.0604,5
4185,10481,0.0189,6
4185,8942,0.0016,7
4186,8621,0.4256,1
4186,9791,0.3379,2
4186,5376,0.1324,3
4186,3401,0.0525,4
4186,2525,0.0517,5
4187,2024,0.5948,1
4187,5978,0.387,2
4187,4693,0.0183,3
4188,2944,0.3492,1
4188,7818,0.1892,2
4188,8648,0.1513,3
4188,11087,0.1461,4
4188,10415,0.1257,5
4188,3673,0.0385,6
4189,7020,0.3959,1
4189,12252,0.3148,2
4189,5277,0.1469,3
4189,7768,0.0696,4
4189,4325,0.0542,5
4189,9634,0.0186,6
4190,6188,0.5324,1
4190,3442,0.1608,2
4190,5670,0.1231,3
4190,11529,0.0922,4
4190,6318,0.0847,5
4190,14303,0.0068,6
4191,9584,0.2804,1
4191,15156,0.2597,2
4191,6489,0.2185,3
4191,7271,0.1295,4
4191,7730,0.1119,5
4192,8767,0.3681,1
4192,4870,0.2058,2
4192,7967,0.1624,3
4192,6435,0.1211,4
4192,4972,0.0918,5
4192,10615,0.0507,6
4193,2777,0.4085,1
4193,7707,0.2257,2
4193,4879,0.1373,3
4193,10791,0.121,4
4193,4754,0.0907,5
4193,13721,0.0108,6
4193,13334,0.006,7
4194,6521,0.5322,1
4194,9042,0.2509,2
4194,8954,0.2169,3
4195,5098,0.3523,1
4195,10359,0.3034,2
4195,10038,0.1967,3
4195,10026,0.0934,4
4195,5592,0.0512,5
4195,11142,0.003,6
4196,10801,0.618,1
4196,4814,0.2274,2
4196,15842,0.0876,3
4196,14306,0.0514,4
4196,9230,0.0134,5
4196,14029,0.0022,6
4197,12201,0.371,1
4197,16227,0.2786,2
4197,11050,0.1106,3
4197,9560,0.1043,4
4197,15884,0.0975,5
4197,11762,0.0378,6
4197,4321,0.0001,7
4198,14330,0.4608,1
4198,5030,0.2827,2
4198,2760,0.1252,3
4198,7469,0.1214,4
4198,1843,0.0099,5
4199,8044,0.9565,1
4199,6600,0.0415,2
4199,8422,0.002,3
4200,17082,0.5283,1
4200,5228,0.2986,2
4200,5622,0.1358,3
4200,8669,0.0373,4
4201,7439,0.2938,1
4201,11349,0.2521,2
4201,10862,0.2223,3
4201,5910,0.1551,4
4201,2483,0.0398,5
4201,11196,0.0203,6
4201,4571,0.0167,7
4202,12379,0.5139,1
4202,6132,0.1549,2
4202,3584,0.1482,3
4202,3465,0.1427,4
4202,3759,0.0403,5
4203,12159,0.5286,1
4203,4189,0.1361,2
4203,13128,0.1336,3
4203,7466,0.1018,4
4203,6544,0.0747,5
4203,15024,0.0198,6
4203,6250,0.0054,7
4204,15189,0.4878,1
4204,4959,0.2731,2
4204,16883,0.1554,3
4204,11249,0.071,4
4204,14061,0.0127,5
4205,7327,0.3423,1
4205,2020,0.3181,2
4205,9067,0.1774,3
4205,13884,0.1383,4
4205,9867,0.0153,5
4205,6243,0.0049,6
4205,7917,0.0036,7
4206,5116,0.7442,1
4206,4095,0.1179,2
4206,10419,0.08,3
4206,8250,0.0579,4
4207,7616,0.6345,1
4207,5011,0.3219,2
4207,12804,0.0437,3
4208,4346,0.5405,1
4208,2160,0.1945,2
4208,13216,0.0885,3
4208,1659,0.0795,4
4208,3729,0.0716,5
4208,4159,0.0233,6
4208,3725,0.002,7
4209,14259,0.8383,1
4209,15745,0.0671,2
4209,15812,0.0434,3
4209,16310,0.0343,4
4209,16856,0.0125,5
4209,1928,0.0029,6
4209,10429,0.0015,7
4210,5192,0.7702,1
4210,3411,0.2102,2
4210,7880,0.0196,3
4211,7360,0.8597,1
4211,4514,0.1318,2
4211,7948,0.0064,3
4211,4163,0.0021,4
4212,13146,0.7607,1
4212,15928,0.1247,2
4212,16052,0.1107,3
4212,6499,0.0038,4
4213,8035,0.445,1
4213,8019,0.3265,2
4213,7216,0.1292,3
4213,5053,0.0992,4
4214,3515,0.379,1
4214,2998,0.3137,2
4214,3903,0.2035,3
4214,2841,0.0775,4
4214,2755,0.0142,5
4214,5334,0.0121,6
4215,1912,0.4151,1
4215,6088,0.3297,2
4215,6527,0.0907,3
4215,1641,0.0795,4
4215,9585,0.0743,5
4215,9886,0.0106,6
4216,4302,0.4616,1
4216,8195,0.2068,2
4216,5350,0.1402,3
4216,3431,0.103,4
4216,4189,0.0858,5
4216,6550,0.0025,6
4217,10228,0.4869,1
4217,3798,0.2239,2
4217,4339,0.1188,3
4217,9899,0.1142,4
4217,5848,0.0551,5
4217,10122,0.0011,6
4218,9731,0.7466,1
4218,3520,0.1655,2
4218,3975,0.0879,3
4219,9548,0.2986,1
4219,14900,0.2937,2
4219,16663,0.2852,3
4219,12857,0.1225,4
4220,6010,0.6134,1
4220,7045,0.2234,2
4220,3948,0.1633,3
4221,6937,0.737,1
4221,15092,0.2064,2
4221,12881,0.0566,3
4222,2764,0.3752,1
4222,13554,0.2453,2
4222,9750,0.1436,3
4222,17215,0.1007,4
4222,2713,0.0807,5
4222,10522,0.0397,6
4222,3953,0.0148,7
4223,9574,0.4161,1
4223,6874,0.3383,2
4223,6519,0.2456,3
4224,2652,0.5295,1
4224,1856,0.1708,2
4224,13948,0.1648,3
4224,6082,0.0645,4
4224,6516,0.0457,5
4224,8336,0.0248,6
4225,4791,0.4098,1
4225,6506,0.1978,2
4225,1999,0.1904,3
4225,15871,0.0654,4
4225,4835,0.0632,5
4225,16159,0.0391,6
4225,7520,0.0343,7
4226,9021,0.7418,1
4226,8258,0.1468,2
4226,6137,0.1114,3
4227,8082,0.332,1
4227,6487,0.2824,2
4227,5025,0.196,3
4227,7723,0.1274,4
4227,3116,0.0621,5
4227,11322,0.0001,6
4228,2117,0.3604,1
4228,2149,0.184,2
4228,2461,0.1374,3
4228,3413,0.1192,4
4228,6069,0.0991,5
4228,4488,0.0708,6
4228,5724,0.0291,7
4229,8674,0.3572,1
4229,10322,0.3083,2
4229,2877,0.1819,3
4229,3343,0.1414,4
4229,11053,0.0112,5
4230,6829,0.3522,1
4230,2835,0.2511,2
4230,17581,0.1734,3
4230,13190,0.1498,4
4230,11229,0.0736,5
4231,17612,0.9271,1
4231,17135,0.0551,2
4231,13685,0.0178,3
4232,9017,0.6557,1
4232,11231,0.1675,2
4232,6053,0.1468,3
4232,3574,0.03,4
4233,13502,0.6012,1
4233,3123,0.2696,2
4233,10077,0.1202,3
4233,10073,0.0089,4
4234,8957,0.7002,1
4234,8819,0.2154,2
4234,4247,0.0822,3
4234,9155,0.0016,4
4234,9491,0.0005,5
4235,1756,0.4672,1
4235,11751,0.3771,2
4235,8243,0.1321,3
4235,8885,0.0236,4
4236,4375,0.5055,1
4236,8656,0.4927,2
4236,9661,0.0018,3
4237,9313,0.6362,1
4237,8026,0.1894,2
4237,16049,0.083,3
4237,12856,0.0504,4
4237,9424,0.041,5
4238,5843,0.7128,1
4238,4085,0.2872,2
4239,5310,1.0,1
4240,16250,0.5475,1
4240,7169,0.2633,2
4240,12739,0.1324,3
4240,2940,0.0369,4
4240,13482,0.0199,5
4241,2836,0.4726,1
4241,7153,0.2487,2
4241,3691,0.2135,3
4241,7470,0.0651,4
4242,7661,0.4705,1
4242,5537,0.3611,2
4242,16053,0.1683,3
4243,4140,0.7395,1
4243,2595,0.1416,2
4243,8545,0.0763,3
4243,9984,0.0229,4
4243,6905,0.0198,5
4244,13551,0.407,1
4244,13503,0.2019,2
4244,13157,0.184,3
4244,10812,0.1043,4
4244,15073,0.1028,5
4245,5473,0.3557,1
4245,8746,0.3088,2
4245,7416,0.19,3
4245,2540,0.0974,4
4245,2408,0.0231,5
4245,3693,0.0216,6
4245,7922,0.0034,7
4246,4341,0.3163,1
4246,9018,0.2841,2
4246,9734,0.2362,3
4246,14276,0.1634,4
4247,4302,0.2988,1
4247,15211,0.1883,2
4247,3039,0.1874,3
4247,6581,0.1395,4
4247,10202,0.0853,5
4247,3401,0.0724,6
4247,10473,0.0283,7
4248,16970,0.5296,1
4248,14928,0.1348,2
4248,13431,0.1222,3
4248,17557,0.0893,4
4248,5002,0.077,5
4248,13657,0.0471,6
4249,6401,0.871,1
4249,15797,0.097,2
4249,14447,0.032,3
4250,4886,0.3041,1
4250,10445,0.215,2
4250,2001,0.191,3
4250,2947,0.1455,4
4250,17050,0.0846,5
4250,3227,0.0493,6
4250,6039,0.0105,7
4251,4964,0.7769,1
4251,9321,0.1843,2
4251,6003,0.0307,3
4251,4710,0.0081,4
4252,3184,0.5907,1
4252,5624,0.2538,2
4252,8651,0.0879,3
4252,1764,0.0401,4
4252,10584,0.0275,5
4253,14478,0.3255,1
4253,1833,0.2455,2
4253,14987,0.2245,3
4253,4503,0.1513,4
4253,6851,0.0531,5
4254,14354,0.401,1
4254,4434,0.2409,2
4254,3218,0.1857,3
4254,4966,0.1086,4
4254,3501,0.0452,5
4254,6218,0.0107,6
4254,6545,0.0079,7
4255,13142,0.6172,1
4255,16275,0.3506,2
4255,8046,0.0298,3
4255,17632,0.0024,4
4256,2835,0.4203,1
4256,5520,0.3022,2
4256,9746,0.183,3
4256,16971,0.0945,4
4257,2425,0.6479,1
4257,2640,0.1935,2
4257,12054,0.1132,3
4257,1769,0.0454,4
4258,5817,0.7522,1
4258,7832,0.126,2
4258,7366,0.0591,3
4258,5613,0.0467,4
4258,4528,0.0093,5
4258,1983,0.0068,6
4259,9308,0.3142,1
4259,8515,0.3114,2
4259,11331,0.2967,3
4259,5950,0.0777,4
4260,6825,0.9058,1
4260,5784,0.0855,2
4260,13058,0.0087,3
4261,1820,0.3506,1
4261,10056,0.3254,2
4261,8073,0.3241,3
4262,14828,1.0,1
4263,8583,1.0,1
4264,9659,0.4885,1
4264,7775,0.2904,2
4264,5069,0.1304,3
4264,17616,0.0907,4
4265,9822,0.779,1
4265,6547,0.0985,2
4265,10702,0.0915,3
4265,9415,0.0266,4
4265,6117,0.0044,5
4266,5963,0.5618,1
4266,7006,0.1441,2
4266,8561,0.1317,3
4266,2750,0.0936,4
4266,5331,0.0345,5
4266,2965,0.0185,6
4266,15457,0.0157,7
4267,3900,0.433,1
4267,6564,0.2113,2
4267,1926,0.1851,3
4267,1868,0.1234,4
4267,2474,0.0274,5
4267,4023,0.0198,6
4268,8254,1.0,1
4269,8069,0.4318,1
4269,16130,0.3333,2
4269,7119,0.1043,3
4269,16524,0.0466,4
4269,9326,0.0419,5
4269,6150,0.0355,6
4269,3735,0.0065,7
4270,4172,0.3763,1
4270,9873,0.3446,2
4270,5320,0.279,3
4271,9360,0.5449,1
4271,9471,0.1903,2
4271,10811,0.1823,3
4271,11121,0.0377,4
4271,9105,0.0189,5
4271,10474,0.018,6
4271,3984,0.0079,7
4272,3291,0.4775,1
4272,5642,0.3461,2
4272,4636,0.1565,3
4272,7389,0.0199,4
4273,9195,0.371,1
4273,15513,0.3139,2
4273,2587,0.1791,3
4273,5197,0.096,4
4273,8247,0.0401,5
4274,4223,0.8853,1
4274,2365,0.0616,2
4274,1897,0.0532,3
4275,14150,0.3429,1
4275,17037,0.328,2
4275,5748,0.2255,3
4275,13511,0.1013,4
4275,13210,0.0022,5
4276,4741,0.7201,1
4276,1779,0.1993,2
4276,16571,0.0485,3
4276,3276,0.0259,4
4276,9037,0.0062,5
4277,4963,0.583,1
4277,10362,0.2886,2
4277,4767,0.1284,3
4278,8400,0.3421,1
4278,3743,0.2084,2
4278,5357,0.1759,3
4278,5715,0.144,4
4278,12928,0.1296,5
4279,12628,0.3474,1
4279,13312,0.2567,2
4279,8669,0.1635,3
4279,9926,0.1258,4
4279,9262,0.1066,5
4280,12056,0.3632,1
4280,8579,0.2547,2
4280,7759,0.2479,3
4280,16934,0.1294,4
4280,13401,0.0048,5
4281,13559,0.4561,1
4281,3929,0.3928,2
4281,9633,0.0833,3
4281,12293,0.0679,4
4282,1700,0.4764,1
4282,5215,0.2309,2
4282,3725,0.1889,3
4282,3933,0.0848,4
4282,1880,0.0189,5
4283,9757,0.4362,1
4283,14091,0.3605,2
4283,5993,0.2033,3
4284,7485,0.374,1
4284,17514,0.321,2
4284,1980,0.305,3
4285,10481,0.4509,1
4285,5962,0.3989,2
4285,6206,0.0897,3
4285,2682,0.0605,4
4286,7349,0.9913,1
4286,14065,0.0087,2
4287,14590,0.214,1
4287,6532,0.1958,2
4287,13280,0.1809,3
4287,6440,0.1801,4
4287,16018,0.162,5
4287,4768,0.0672,6
4288,9879,0.8074,1
4288,10335,0.1044,2
4288,4235,0.0725,3
4288,10794,0.0156,4
4289,7552,0.5959,1
4289,6003,0.2518,2
4289,6447,0.1183,3
4289,4531,0.0199,4
4289,7206,0.0131,5
4289,5617,0.001,6
4290,11263,0.8567,1
4290,3481,0.0618,2
4290,6998,0.0596,3
4290,15584,0.0219,4
4291,9497,0.4993,1
4291,9333,0.1903,2
4291,3454,0.1613,3
4291,7956,0.0819,4
4291,6801,0.0362,5
4291,4998,0.0311,6
4292,6526,0.4376,1
4292,3176,0.1536,2
4292,9139,0.1249,3
4292,3438,0.1181,4
4292,7360,0.0939,5
4292,1905,0.0719,6
4293,10357,0.415,1
4293,10294,0.3112,2
4293,10823,0.2738,3
4294,7721,0.4737,1
4294,4681,0.4066,2
4294,7268,0.0786,3
4294,2616,0.041,4
4295,10580,0.6047,1
4295,3700,0.3187,2
4295,10901,0.0765,3
4296,4303,0.6742,1
4296,9556,0.2026,2
4296,9329,0.0753,3
4296,7954,0.0248,4
4296,1698,0.0176,5
4296,4064,0.0054,6
4297,6989,0.7922,1
4297,10442,0.1347,2
4297,9114,0.0708,3
4297,7180,0.0023,4
4298,1921,0.394,1
4298,5547,0.2051,2
4298,3694,0.1203,3
4298,15108,0.1186,4
4298,14897,0.1073,5
4298,4773,0.0546,6
4299,9195,0.8622,1
4299,3800,0.0901,2
4299,14011,0.0477,3
4300,8645,0.2347,1
4300,8149,0.2341,2
4300,9263,0.2057,3
4300,8734,0.1709,4
4300,5867,0.1043,5
4300,9394,0.0363,6
4300,8266,0.0141,7
4301,16371,0.8477,1
4301,13563,0.128,2
4301,9025,0.0221,3
4301,8378,0.0022,4
4302,2435,1.0,1
4303,4029,0.322,1
4303,4792,0.3189,2
4303,8664,0.2096,3
4303,8554,0.1366,4
4303,7519,0.013,5
4304,16178,0.4555,1
4304,5541,0.146,2
4304,9096,0.1274,3
4304,14153,0.0931,4
4304,7966,0.0858,5
4304,12753,0.076,6
4304,17632,0.0162,7
4305,6444,0.3938,1
4305,2205,0.3414,2
4305,10255,0.2344,3
4305,4630,0.025,4
4305,1986,0.0054,5
4306,13955,0.6424,1
4306,13193,0.3391,2
4306,5331,0.0185,3
4307,12706,0.3613,1
4307,5271,0.3081,2
4307,2494,0.2127,3
4307,13328,0.0569,4
4307,15666,0.046,5
4307,11128,0.015,6
4307,6599,0.0001,7
4308,7041,0.3925,1
4308,14153,0.2994,2
4308,3123,0.2266,3
4308,11242,0.0816,4
4309,10239,0.3587,1
4309,5021,0.3057,2
4309,8104,0.1589,3
4309,3765,0.0666,4
4309,5876,0.0627,5
4309,6457,0.0271,6
4309,9539,0.0203,7
4310,4082,1.0,1
4311,11766,0.5538,1
4311,9214,0.2298,2
4311,16828,0.1381,3
4311,13347,0.0366,4
4311,4814,0.0287,5
4311,13333,0.0131,6
4312,5765,0.342,1
4312,7192,0.2401,2
4312,10949,0.2383,3
4312,1638,0.0934,4
4312,17065,0.0699,5
4312,13324,0.0117,6
4312,7510,0.0047,7
4313,15665,0.6311,1
4313,12909,0.1981,2
4313,15788,0.1708,3
4314,6227,0.8594,1
4314,13368,0.097,2
4314,5191,0.0436,3
4315,2826,0.7515,1
4315,4879,0.2418,2
4315,12303,0.0067,3
4316,9244,0.5739,1
4316,2638,0.2154,2
4316,6760,0.2107,3
4317,5751,0.92,1
4317,1870,0.0446,2
4317,4779,0.0354,3
4318,3722,0.7493,1
4318,8475,0.1623,2
4318,8752,0.0718,3
4318,5633,0.0166,4
4319,16126,0.4109,1
4319,14800,0.3221,2
4319,9121,0.1878,3
4319,9205,0.0791,4
4320,6847,0.4739,1
4320,5407,0.3221,2
4320,11033,0.1543,3
4320,6604,0.0315,4
4320,9463,0.0174,5
4320,2316,0.0008,6
4321,8955,0.3974,1
4321,6725,0.3085,2
4321,3988,0.2907,3
4321,11268,0.0034,4
4322,6435,0.3603,1
4322,4276,0.2975,2
4322,4637,0.2323,3
4322,7925,0.0981,4
4322,9034,0.0096,5
4322,4902,0.0022,6
4323,10650,0.5248,1
4323,9070,0.4674,2
4323,2680,0.0078,3
4324,1758,0.4317,1
4324,2711,0.1881,2
4324,6264,0.1767,3
4324,16690,0.0888,4
4324,10643,0.0675,5
4324,3637,0.0343,6
4324,2168,0.0128,7
4325,1917,1.0,1
4326,1842,0.3559,1
4326,7369,0.3358,2
4326,5721,0.2121,3
4326,12360,0.0662,4
4326,4811,0.0215,5
4326,9749,0.0047,6
4326,4580,0.0039,7
4327,12001,0.4099,1
4327,9604,0.2868,2
4327,1672,0.1736,3
4327,15581,0.1223,4
4327,6239,0.0075,5
4328,16330,0.706,1
4328,6493,0.191,2
4328,10632,0.103,3
4329,7761,0.3267,1
4329,5445,0.3262,2
4329,4188,0.1073,3
4329,10196,0.105,4
4329,5625,0.0899,5
4329,9925,0.0449,6
4330,13899,0.552,1
4330,11142,0.2348,2
4330,16227,0.1049,3
4330,6886,0.0715,4
4330,11009,0.0368,5
4331,11238,0.5582,1
4331,10866,0.1734,2
4331,11830,0.1555,3
4331,3197,0.053,4
4331,8472,0.0358,5
4331,9878,0.0177,6
4331,12866,0.0063,7
4332,9413,0.558,1
4332,14118,0.2744,2
4332,17566,0.1144,3
4332,15221,0.0483,4
4332,11348,0.0049,5
4333,7215,0.4,1
4333,17146,0.2037,2
4333,11281,0.1143,3
4333,4151,0.1079,4
4333,4516,0.0763,5
4333,7315,0.0639,6
4333,13279,0.034,7
4334,10054,0.5723,1
4334,14690,0.1784,2
4334,1807,0.1027,3
4334,16111,0.0858,4
4334,13031,0.0607,5
4335,4671,0.5603,1
4335,5609,0.1581,2
4335,4947,0.1167,3
4335,8282,0.1145,4
4335,3477,0.0504,5
4336,7548,0.6543,1
4336,3413,0.1838,2
4336,3944,0.0565,3
4336,5182,0.0488,4
4336,7357,0.0432,5
4336,5256,0.0135,6
4337,2093,0.3157,1
4337,2178,0.2787,2
4337,16842,0.2262,3
4337,3534,0.1794,4
4338,3427,0.3144,1
4338,8656,0.2493,2
4338,9401,0.1734,3
4338,6131,0.1603,4
4338,7014,0.1027,5
4339,9599,0.6605,1
4339,6988,0.2006,2
4339,9157,0.0744,3
4339,3993,0.0492,4
4339,11303,0.0152,5
4340,6149,0.2976,1
4340,2582,0.2367,2
4340,7622,0.2214,3
4340,13204,0.1894,4
4340,5601,0.0549,5
4341,4546,0.3799,1
4341,10036,0.2104,2
4341,6838,0.2076,3
4341,7536,0.1301,4
4341,4005,0.0431,5
4341,3995,0.0288,6
4342,16254,0.3566,1
4342,2566,0.2479,2
4342,10954,0.245,3
4342,13995,0.0663,4
4342,10955,0.05,5
4342,2383,0.0343,6
4343,2343,0.4622,1
4343,15445,0.2318,2
4343,2953,0.1081,3
4343,5922,0.0881,4
4343,5804,0.0634,5
4343,3947,0.0464,6
4344,2976,0.4444,1
4344,13806,0.4057,2
4344,5770,0.1499,3
4345,10418,0.8024,1
4345,1640,0.1111,2
4345,2824,0.0865,3
4346,1898,0.5974,1
4346,9725,0.302,2
4346,3386,0.1005,3
4346,2533,0.0001,4
4347,12329,0.4529,1
4347,17162,0.3485,2
4347,16372,0.1986,3
4348,8710,0.5652,1
4348,16872,0.1421,2
4348,9410,0.1284,3
4348,7117,0.0613,4
4348,3125,0.0548,5
4348,17566,0.0482,6
4349,2834,0.6253,1
4349,2429,0.224,2
4349,3774,0.1506,3
4350,13454,0.4725,1
4350,1831,0.409,2
4350,6244,0.0845,3
4350,13599,0.0172,4
4350,14492,0.011,5
4350,16683,0.0057,6
4350,10256,0.0001,7
4351,2757,0.342,1
4351,3118,0.263,2
4351,2533,0.1999,3
4351,8231,0.1506,4
4351,8915,0.0438,5
4351,3389,0.0007,6
4352,2937,0.574,1
4352,12152,0.2431,2
4352,13655,0.1828,3
4353,5075,0.6356,1
4353,7353,0.1904,2
4353,2857,0.1263,3
4353,4293,0.0214,4
4353,4200,0.0134,5
4353,9877,0.0128,6
4354,5133,0.4909,1
4354,8158,0.2793,2
4354,2312,0.147,3
4354,4773,0.0685,4
4354,2195,0.0143,5
4355,10864,0.3035,1
4355,5648,0.2619,2
4355,6441,0.251,3
4355,15771,0.0901,4
4355,3811,0.0377,5
4355,3732,0.0296,6
4355,11466,0.0263,7
4356,14438,0.4029,1
4356,10857,0.2628,2
4356,7321,0.2503,3
4356,8240,0.084,4
4357,14821,0.6276,1
4357,12047,0.2096,2
4357,8093,0.1591,3
4357,15930,0.0036,4
4358,15595,0.4975,1
4358,15445,0.2655,2
4358,15108,0.1676,3
4358,3248,0.0694,4
4359,15277,0.6291,1
4359,16633,0.3554,2
4359,11434,0.0155,3
4360,3621,0.4255,1
4360,6903,0.3405,2
4360,5244,0.2326,3
4360,4631,0.0014,4
4361,3206,0.4644,1
4361,6304,0.1436,2
4361,6068,0.1366,3
4361,4947,0.1005,4
4361,5642,0.0816,5
4361,1999,0.0733,6
4362,6550,0.3651,1
4362,3124,0.2774,2
4362,4420,0.15,3
4362,2790,0.1056,4
4362,8113,0.0943,5
4362,4258,0.0075,6
4363,12427,0.5566,1
4363,15723,0.3072,2
4363,16974,0.1362,3
4364,8214,0.6055,1
4364,9348,0.3055,2
4364,6414,0.0636,3
4364,6945,0.016,4
4364,10497,0.0063,5
4364,5577,0.0031,6
4365,17618,0.6557,1
4365,5384,0.1934,2
4365,2666,0.1509,3
4366,1974,0.2064,1
4366,11193,0.2025,2
4366,5078,0.1899,3
4366,11707,0.169,4
4366,16343,0.1626,5
4366,3204,0.0696,6
4367,13991,0.3289,1
4367,8446,0.3235,2
4367,16688,0.2439,3
4367,13057,0.1036,4
4368,16128,0.376,1
4368,5960,0.2196,2
4368,12940,0.197,3
4368,9108,0.1613,4
4368,14689,0.0232,5
4368,7789,0.0229,6
4369,2535,0.6192,1
4369,3673,0.1954,2
4369,9175,0.1787,3
4369,1758,0.0066,4
4370,12704,0.5052,1
4370,17422,0.3679,2
4370,11447,0.1268,3
4371,15018,0.6835,1
4371,14933,0.2431,2
4371,3995,0.0459,3
4371,13444,0.0275,4
4372,1696,0.5629,1
4372,3656,0.1965,2
4372,14871,0.1099,3
4372,15523,0.0944,4
4372,14806,0.0363,5
4373,15818,0.4615,1
4373,4084,0.1658,2
4373,14288,0.1407,3
4373,7391,0.1128,4
4373,5539,0.0718,5
4373,8213,0.0362,6
4373,8040,0.0112,7
4374,4338,0.2771,1
4374,5371,0.249,2
4374,4213,0.2157,3
4374,10390,0.1537,4
4374,5613,0.1046,5
4375,17167,0.9226,1
4375,7049,0.0774,2
4376,4687,0.6119,1
4376,3391,0.2536,2
4376,8715,0.113,3
4376,4988,0.0213,4
4376,8756,0.0002,5
4377,7825,0.5184,1
4377,9228,0.4816,2
4378,14960,0.9077,1
4378,15348,0.061,2
4378,5242,0.0307,3
4378,14936,0.0005,4
4378,7666,0.0001,5
4379,8631,0.4744,1
4379,9692,0.3014,2
4379,3384,0.0799,3
4379,1944,0.0779,4
4379,7080,0.0528,5
4379,4924,0.0136,6
4380,8065,0.8051,1
4380,12373,0.1809,2
4380,16947,0.0139,3
4381,9028,0.5241,1
4381,6785,0.2258,2
4381,3904,0.177,3
4381,8831,0.0475,4
4381,12475,0.0255,5
4382,10412,0.5174,1
4382,10923,0.1995,2
4382,5308,0.1378,3
4382,10183,0.062,4
4382,3892,0.0416,5
4382,5826,0.036,6
4382,9229,0.0057,7
4383,6298,0.2933,1
4383,4389,0.1823,2
4383,10149,0.1553,3
4383,13767,0.145,4
4383,7789,0.141,5
4383,7214,0.0825,6
4383,9421,0.0005,7
4384,17184,0.649,1
4384,4831,0.15,2
4384,9707,0.1384,3
4384,13415,0.0626,4
4385,10850,0.4865,1
4385,12278,0.2532,2
4385,17061,0.1081,3
4385,6666,0.1,4
4385,2570,0.0251,5
4385,8929,0.0251,6
4385,16578,0.002,7
4386,3528,0.3195,1
4386,5135,0.3082,2
4386,2059,0.2175,3
4386,3247,0.1544,4
4386,6506,0.0004,5
4387,12527,0.387,1
4387,3112,0.1832,2
4387,12939,0.1401,3
4387,3603,0.1393,4
4387,13334,0.0651,5
4387,5513,0.0528,6
4387,12086,0.0324,7
4388,3080,0.4892,1
4388,4232,0.4395,2
4388,3552,0.0712,3
4389,11128,0.3411,1
4389,17167,0.2817,2
4389,5733,0.2073,3
4389,13685,0.1493,4
4389,12434,0.0179,5
4389,5551,0.0027,6
4390,5263,0.8058,1
4390,9984,0.1577,2
4390,1670,0.0204,3
4390,5680,0.0162,4
4391,10335,0.4674,1
4391,2425,0.2593,2
4391,14238,0.0921,3
4391,6543,0.0793,4
4391,4175,0.0539,5
4391,9859,0.048,6
4392,13029,0.5429,1
4392,8556,0.1614,2
4392,6224,0.1372,3
4392,12943,0.0701,4
4392,1929,0.0505,5
4392,16315,0.038,6
4393,9090,0.3623,1
4393,2639,0.2607,2
4393,7160,0.2354,3
4393,3236,0.124,4
4393,6956,0.0145,5
4393,8638,0.003,6
4394,5863,0.5215,1
4394,4351,0.3879,2
4394,14164,0.0907,3
4395,13190,0.775,1
4395,16991,0.2171,2
4395,14841,0.008,3
4396,10824,0.6861,1
4396,5662,0.1429,2
4396,9573,0.1005,3
4396,4134,0.0704,4
4397,11400,0.6788,1
4397,1859,0.2307,2
4397,3985,0.0883,3
4397,4196,0.0022,4
4398,11633,0.4746,1
4398,17425,0.1756,2
4398,15163,0.1647,3
4398,11876,0.0678,4
4398,2005,0.0659,5
4398,6209,0.0513,6
4399,1893,0.2904,1
4399,3881,0.2643,2
4399,7646,0.1733,3
4399,7658,0.1454,4
4399,5211,0.0791,5
4399,7959,0.0476,6
4400,6341,0.3169,1
4400,10019,0.2338,2
4400,12289,0.2057,3
4400,5123,0.1224,4
4400,13699,0.1047,5
4400,4034,0.0152,6
4400,8511,0.0013,7
4401,6888,0.7258,1
4401,10866,0.1233,2
4401,13702,0.0781,3
4401,9961,0.0587,4
4401,11751,0.0141,5
4402,10256,0.5786,1
4402,8249,0.2537,2
4402,15258,0.1359,3
4402,14692,0.0228,4
4402,5720,0.009,5
4403,7534,0.6819,1
4403,13471,0.117,2
4403,12008,0.1082,3
4403,10132,0.0613,4
4403,7232,0.0317,5
4404,4644,0.4332,1
4404,8366,0.2828,2
4404,8802,0.2454,3
4404,6165,0.0283,4
4404,11376,0.0103,5
4405,6776,0.2899,1
4405,1692,0.2454,2
4405,15492,0.2265,3
4405,9275,0.184,4
4405,15853,0.0457,5
4405,12013,0.0085,6
4406,6636,0.6184,1
4406,2384,0.1945,2
4406,1744,0.1007,3
4406,2981,0.0772,4
4406,6471,0.0051,5
4406,7481,0.004,6
4407,8682,0.4676,1
4407,8128,0.236,2
4407,1786,0.1526,3
4407,10570,0.113,4
4407,2873,0.0308,5
4408,6209,0.5027,1
4408,13884,0.2891,2
4408,10502,0.1171,3
4408,4639,0.0846,4
4408,4495,0.0052,5
4408,3487,0.0013,6
4409,2232,0.5773,1
4409,3398,0.1735,2
4409,9039,0.1491,3
4409,3718,0.0502,4
4409,3985,0.0383,5
4409,8794,0.0117,6
4410,6309,0.504,1
4410,3649,0.3508,2
4410,9463,0.1384,3
4410,9109,0.0068,4
4411,6255,0.4481,1
4411,6715,0.2323,2
4411,9050,0.149,3
4411,9614,0.1448,4
4411,8542,0.0258,5
4412,2508,0.4234,1
4412,7622,0.2761,2
4412,6106,0.1204,3
4412,8035,0.1169,4
4412,8564,0.0632,5
4413,10850,0.691,1
4413,10848,0.3035,2
4413,6629,0.0055,3
4414,7837,0.6071,1
4414,2153,0.3383,2
4414,7918,0.0545,3
4414,8506,0.0001,4
4415,9029,0.5789,1
4415,10741,0.2946,2
4415,7691,0.0761,3
4415,8071,0.0504,4
4416,10162,0.3613,1
4416,6100,0.2428,2
4416,4459,0.1954,3
4416,7941,0.0756,4
4416,7806,0.0636,5
4416,10244,0.0488,6
4416,2354,0.0124,7
4417,8577,0.4276,1
4417,12508,0.3489,2
4417,13915,0.2235,3
4418,6485,0.4133,1
4418,4189,0.3914,2
4418,6037,0.138,3
4418,11312,0.0573,4
4419,7993,0.5242,1
4419,4815,0.2661,2
4419,8765,0.2097,3
4420,4918,0.558,1
4420,5931,0.287,2
4420,2790,0.155,3
4421,8840,0.5783,1
4421,4069,0.2753,2
4421,2979,0.1464,3
4422,6890,0.3204,1
4422,7385,0.2883,2
4422,3881,0.1648,3
4422,8663,0.1621,4
4422,4847,0.0642,5
4422,9523,0.0003,6
4423,10791,0.6011,1
4423,5354,0.2443,2
4423,11243,0.0737,3
4423,9266,0.0592,4
4423,2725,0.0217,5
4424,4766,0.666,1
4424,6066,0.3328,2
4424,5423,0.0012,3
4425,2821,0.4159,1
4425,16504,0.3847,2
4425,12108,0.1993,3
4426,3466,0.3891,1
4426,3064,0.3303,2
4426,2390,0.2073,3
4426,11314,0.0683,4
4426,1896,0.005,5
4427,6032,0.3864,1
4427,12303,0.1635,2
4427,2869,0.1069,3
4427,3001,0.0996,4
4427,1824,0.0955,5
4427,14309,0.0853,6
4427,8348,0.0629,7
4428,9178,0.8953,1
4428,6625,0.0919,2
4428,10905,0.0129,3
4429,10809,0.3687,1
4429,12176,0.2094,2
4429,11538,0.1736,3
4429,15021,0.0948,4
4429,13308,0.0803,5
4429,13696,0.0631,6
4429,9103,0.01,7
4430,3614,0.4197,1
4430,4094,0.2148,2
4430,5151,0.1969,3
4430,5169,0.0715,4
4430,6238,0.0641,5
4430,4631,0.028,6
4430,9651,0.005,7
4431,4354,0.7962,1
4431,6679,0.1978,2
4431,7578,0.006,3
4432,15189,1.0,1
4433,5667,0.5375,1
4433,7133,0.3636,2
4433,9264,0.074,3
4433,2877,0.0217,4
4433,7984,0.0023,5
4433,5536,0.0009,6
4434,4641,0.5832,1
4434,2639,0.3764,2
4434,16533,0.0404,3
4435,7173,0.4643,1
4435,17307,0.3095,2
4435,5203,0.2262,3
4436,9575,0.5231,1
4436,6212,0.3752,2
4436,5644,0.0802,3
4436,8894,0.0215,4
4437,5150,0.6495,1
4437,6509,0.2217,2
4437,4852,0.0784,3
4437,5455,0.0331,4
4437,4811,0.0173,5
4438,10838,0.3305,1
4438,5737,0.2533,2
4438,7721,0.209,3
4438,4489,0.2072,4
4439,5210,0.5192,1
4439,8515,0.4808,2
4440,3810,0.3745,1
4440,6043,0.3401,2
4440,4579,0.2786,3
4440,1845,0.0068,4
4441,2265,0.4228,1
4441,14194,0.2749,2
4441,2280,0.2739,3
4441,13037,0.0284,4
4442,6759,0.5618,1
4442,8895,0.2394,2
4442,8397,0.1988,3
4443,7553,0.45,1
4443,10099,0.3989,2
4443,3963,0.0854,3
4443,7169,0.026,4
4443,9164,0.0219,5
4443,8028,0.0178,6
4444,2509,1.0,1
4445,3020,0.457,1
4445,9126,0.2991,2
4445,9600,0.1539,3
4445,3560,0.0847,4
4445,1964,0.0054,5
4446,14510,0.4803,1
4446,1644,0.3057,2
4446,12385,0.1787,3
4446,14615,0.0181,4
4446,14077,0.0173,5
4447,17571,0.3502,1
4447,12773,0.3346,2
4447,16743,0.2146,3
4447,7114,0.081,4
4447,11226,0.0197,5
4448,9543,0.4811,1
4448,7172,0.3297,2
4448,3450,0.1026,3
4448,11169,0.0742,4
4448,4887,0.0124,5
4449,5910,0.4077,1
4449,13609,0.25,2
4449,1660,0.18,3
4449,6778,0.1459,4
4449,8909,0.0165,5
4450,3951,0.4121,1
4450,7025,0.227,2
4450,10932,0.1991,3
4450,1784,0.1479,4
4450,1744,0.0139,5
4451,8453,0.3434,1
4451,4546,0.2428,2
4451,8282,0.1533,3
4451,6077,0.1385,4
4451,2590,0.1219,5
4452,4269,0.6654,1
4452,4409,0.3231,2
4452,10791,0.0115,3
4453,14021,0.9008,1
4453,5683,0.0524,2
4453,9910,0.0468,3
4454,17514,0.4691,1
4454,4298,0.362,2
4454,11052,0.1023,3
4454,3737,0.0665,4
4455,1697,0.56,1
4455,11358,0.2777,2
4455,11991,0.1041,3
4455,13954,0.0583,4
4456,2737,0.7923,1
4456,4146,0.1947,2
4456,8131,0.013,3
4457,3529,0.6422,1
4457,5259,0.1324,2
4457,3759,0.1174,3
4457,3806,0.0601,4
4457,2942,0.0242,5
4457,5724,0.0238,6
4458,4774,0.2389,1
4458,2684,0.233,2
4458,3223,0.1749,3
4458,9836,0.1553,4
4458,6864,0.1295,5
4458,4060,0.0432,6
4458,6828,0.0252,7
4459,2882,0.6143,1
4459,7488,0.2333,2
4459,12859,0.1524,3
4460,16511,0.5361,1
4460,9224,0.2914,2
4460,14866,0.1634,3
4460,2379,0.0091,4
4461,10285,0.4918,1
4461,11062,0.4528,2
4461,7154,0.0554,3
4462,10577,0.5257,1
4462,2262,0.2548,2
4462,9169,0.0684,3
4462,10963,0.0553,4
4462,6839,0.0486,5
4462,2651,0.0446,6
4462,5607,0.0026,7
4463,8104,0.5359,1
4463,3643,0.4641,2
4464,6623,0.3103,1
4464,7527,0.2859,2
4464,3636,0.2634,3
4464,10733,0.1403,4
4465,7763,0.4717,1
4465,4608,0.1987,2
4465,9208,0.1188,3
4465,9670,0.0846,4
4465,2576,0.0654,5
4465,3809,0.0344,6
4465,3080,0.0264,7
4466,10566,0.3222,1
4466,1932,0.3104,2
4466,2336,0.2008,3
4466,6023,0.0965,4
4466,9678,0.0357,5
4466,6662,0.0344,6
4467,2053,0.5128,1
4467,3297,0.3091,2
4467,16954,0.1282,3
4467,4245,0.0347,4
4467,12789,0.0095,5
4467,11157,0.0033,6
4467,10067,0.0025,7
4468,11999,0.7087,1
4468,7897,0.2133,2
4468,14395,0.0519,3
4468,17307,0.0261,4
4469,2603,0.4122,1
4469,5153,0.2898,2
4469,6526,0.1522,3
4469,3194,0.1459,4
4470,5833,0.3031,1
4470,10939,0.2458,2
4470,9227,0.2124,3
4470,17325,0.1519,4
4470,3607,0.0492,5
4470,17630,0.0334,6
4470,10073,0.0043,7
4471,6753,0.5054,1
4471,7070,0.3114,2
4471,9077,0.1832,3
4472,4141,0.5346,1
4472,17476,0.3815,2
4472,6328,0.0838,3
4473,10192,0.283,1
4473,5239,0.1911,2
4473,6812,0.1868,3
4473,9785,0.1419,4
4473,6089,0.1388,5
4473,10056,0.0583,6
4474,3920,0.4395,1
4474,12575,0.1701,2
4474,12687,0.1441,3
4474,2835,0.1231,4
4474,15352,0.1207,5
4474,13296,0.0025,6
4475,9315,0.288,1
4475,9667,0.2597,2
4475,5130,0.1463,3
4475,5887,0.1215,4
4475,1749,0.0969,5
4475,15133,0.0877,6
4476,1910,0.3328,1
4476,1708,0.3243,2
4476,4640,0.1874,3
4476,2459,0.0724,4
4476,2256,0.051,5
4476,2336,0.0321,6
4477,6619,0.3931,1
4477,9626,0.1728,2
4477,8092,0.1188,3
4477,7514,0.1164,4
4477,12677,0.116,5
4477,4554,0.0829,6
4478,1870,0.4091,1
4478,4153,0.3724,2
4478,4621,0.1483,3
4478,6032,0.0703,4
4479,17503,0.4554,1
4479,1935,0.2913,2
4479,1790,0.206,3
4479,12019,0.0473,4
4480,8005,0.6522,1
4480,8663,0.2148,2
4480,7347,0.1331,3
4481,7685,0.464,1
4481,1878,0.1948,2
4481,6061,0.142,3
4481,8617,0.0974,4
4481,4307,0.0465,5
4481,7902,0.0457,6
4481,10489,0.0096,7
4482,8730,0.5503,1
4482,2002,0.1606,2
4482,7597,0.1602,3
4482,2533,0.1289,4
4483,10436,0.9408,1
4483,2875,0.0518,2
4483,4724,0.0074,3
4484,1832,0.6359,1
4484,10627,0.2748,2
4484,10143,0.0892,3
4485,8797,0.445,1
4485,2153,0.2276,2
4485,9301,0.194,3
4485,10155,0.1334,4
4486,14346,0.6216,1
4486,13658,0.3344,2
4486,6067,0.038,3
4486,2008,0.006,4
4486,15663,0.0,5
4487,8324,0.3443,1
4487,4395,0.2611,2
4487,2739,0.216,3
4487,9636,0.1767,4
4487,4236,0.0019,5
4488,3707,0.3925,1
4488,3457,0.3528,2
4488,16029,0.2312,3
4488,3414,0.0235,4
4489,15293,0.6541,1
4489,12897,0.1173,2
4489,15062,0.1057,3
4489,11103,0.1023,4
4489,9098,0.0206,5
4490,7075,0.373,1
4490,5836,0.3432,2
4490,2119,0.172,3
4490,13011,0.0867,4
4490,11682,0.0251,5
4491,12693,0.3842,1
4491,6293,0.3389,2
4491,8222,0.2458,3
4491,9934,0.0202,4
4491,11930,0.011,5
4492,11210,0.6309,1
4492,2059,0.1901,2
4492,11269,0.1165,3
4492,7233,0.0625,4
4493,13590,0.4171,1
4493,11029,0.2786,2
4493,4225,0.1939,3
4493,7697,0.1104,4
4494,13280,0.434,1
4494,12520,0.2982,2
4494,13328,0.1621,3
4494,13927,0.1053,4
4494,2926,0.0005,5
4495,10662,0.7843,1
4495,5107,0.1259,2
4495,10123,0.0473,3
4495,14820,0.0305,4
4495,14811,0.012,5
4496,4636,0.3989,1
4496,11537,0.2541,2
4496,1692,0.225,3
4496,7444,0.0774,4
4496,9511,0.0445,5
4497,8968,0.4693,1
4497,9575,0.2162,2
4497,1998,0.1561,3
4497,11186,0.1474,4
4497,6802,0.011,5
4498,3888,0.7876,1
4498,10385,0.1741,2
4498,4507,0.0326,3
4498,9123,0.0057,4
4499,2603,0.5838,1
4499,8012,0.3814,2
4499,7512,0.0348,3
4500,8471,0.7433,1
4500,7043,0.1342,2
4500,7190,0.116,3
4500,6023,0.0065,4
4501,2299,0.6855,1
4501,3250,0.1173,2
4501,9895,0.1139,3
4501,15829,0.0522,4
4501,7368,0.0311,5
4502,9275,0.4622,1
4502,12280,0.2083,2
4502,7295,0.1739,3
4502,13220,0.1185,4
4502,4262,0.0368,5
4502,10766,0.0003,6
4503,4200,0.5408,1
4503,13470,0.1692,2
4503,2971,0.154,3
4503,7345,0.0679,4
4503,5075,0.0422,5
4503,4891,0.0216,6
4503,10516,0.0043,7
4504,7756,0.6502,1
4504,5645,0.2857,2
4504,8386,0.0359,3
4504,1997,0.0281,4
4505,8855,0.2796,1
4505,6472,0.2598,2
4505,6692,0.2171,3
4505,12743,0.1266,4
4505,2021,0.1169,5
4506,4516,0.7486,1
4506,3323,0.2483,2
4506,6519,0.0031,3
4507,1870,0.5875,1
4507,15455,0.3273,2
4507,9084,0.0467,3
4507,4488,0.0385,4
4508,10995,0.534,1
4508,5267,0.223,2
4508,8651,0.1287,3
4508,4235,0.1144,4
4509,5095,0.5212,1
4509,8316,0.2682,2
4509,6598,0.2106,3
4510,3629,0.5471,1
4510,10217,0.211,2
4510,4910,0.21,3
4510,8564,0.0319,4
4511,2462,0.4725,1
4511,9580,0.244,2
4511,10287,0.0923,3
4511,8885,0.0846,4
4511,5482,0.0661,5
4511,10557,0.0405,6
4512,4706,0.7687,1
4512,16443,0.2313,2
4513,6051,0.5146,1
4513,5919,0.4854,2
4514,15933,0.6482,1
4514,11510,0.1562,2
4514,17199,0.0733,3
4514,12956,0.0547,4
4514,11221,0.0324,5
4514,17239,0.0191,6
4514,4314,0.016,7
4515,5226,0.7489,1
4515,6741,0.2172,2
4515,2955,0.0339,3
4516,7463,0.4515,1
4516,5246,0.3304,2
4516,9461,0.2181,3
4517,4225,0.3696,1
4517,8545,0.3121,2
4517,10132,0.2209,3
4517,11306,0.0931,4
4517,8183,0.0029,5
4517,9970,0.0014,6
4518,11445,0.4235,1
4518,14077,0.2261,2
4518,6071,0.1724,3
4518,15813,0.1023,4
4518,7718,0.0758,5
4519,6127,0.4163,1
4519,6822,0.2006,2
4519,2838,0.1262,3
4519,4447,0.1094,4
4519,3685,0.051,5
4519,1753,0.05,6
4519,2263,0.0465,7
4520,4374,0.5024,1
4520,12601,0.2596,2
4520,3294,0.2211,3
4520,12508,0.0169,4
4521,9592,0.4849,1
4521,5383,0.4485,2
4521,5525,0.0666,3
4522,1878,0.4273,1
4522,2794,0.1803,2
4522,2460,0.1516,3
4522,2384,0.1047,4
4522,6899,0.0843,5
4522,6905,0.0518,6
4523,7210,0.3516,1
4523,3461,0.2395,2
4523,8019,0.2026,3
4523,4163,0.117,4
4523,3387,0.0892,5
4524,7684,0.5204,1
4524,9838,0.3215,2
4524,3436,0.0923,3
4524,5934,0.0359,4
4524,5859,0.0247,5
4524,2031,0.0051,6
4524,8570,0.0001,7
4525,8657,0.7084,1
4525,9840,0.2916,2
4526,4134,0.3849,1
4526,2773,0.3413,2
4526,8854,0.1297,3
4526,10495,0.1194,4
4526,11020,0.0178,5
4526,3785,0.0041,6
4526,7875,0.0028,7
4527,16520,0.7689,1
4527,5515,0.1295,2
4527,7510,0.1016,3
4528,7956,0.4136,1
4528,3524,0.225,2
4528,6155,0.1571,3
4528,8762,0.1295,4
4528,6797,0.0702,5
4528,8512,0.0045,6
4529,3191,0.4804,1
4529,2084,0.2603,2
4529,6945,0.2593,3
4530,8397,0.5315,1
4530,6509,0.4514,2
4530,8187,0.0171,3
4531,3320,0.6333,1
4531,8588,0.3086,2
4531,3145,0.058,3
4532,7767,0.4221,1
4532,9689,0.2245,2
4532,3687,0.1141,3
4532,4093,0.0872,4
4532,8057,0.0724,5
4532,5741,0.0619,6
4532,8358,0.0178,7
4533,9052,0.4751,1
4533,12443,0.2039,2
4533,2089,0.1956,3
4533,9449,0.0657,4
4533,11305,0.0596,5
4534,13762,0.6827,1
4534,13064,0.2304,2
4534,14152,0.0869,3
4535,9718,0.4439,1
4535,6004,0.1972,2
4535,7766,0.1356,3
4535,5624,0.1307,4
4535,10088,0.0755,5
4535,10750,0.0171,6
4536,2162,0.6039,1
4536,10692,0.2745,2
4536,9603,0.1216,3
4537,4661,0.3697,1
4537,12085,0.3453,2
4537,2438,0.285,3
4538,9619,0.5982,1
4538,2767,0.1805,2
4538,11734,0.1344,3
4538,7696,0.0869,4
4539,15985,0.3744,1
4539,9227,0.3561,2
4539,8850,0.1568,3
4539,8567,0.0704,4
4539,4672,0.0284,5
4539,10320,0.0139,6
4540,7452,0.6721,1
4540,10159,0.2632,2
4540,2425,0.0647,3
4541,8785,0.431,1
4541,9437,0.3684,2
4541,4178,0.1287,3
4541,2781,0.0719,4
4541,9602,0.0001,5
4542,1958,0.4766,1
4542,3986,0.3364,2
4542,3919,0.1139,3
4542,9839,0.0413,4
4542,2237,0.0319,5
4543,3089,0.509,1
4543,4096,0.3935,2
4543,5405,0.0836,3
4543,3500,0.0139,4
4544,9540,0.5036,1
4544,8908,0.3728,2
4544,4733,0.0745,3
4544,5996,0.0236,4
4544,8536,0.0174,5
4544,6108,0.0077,6
4544,2093,0.0005,7
4545,8489,0.2658,1
4545,3384,0.2156,2
4545,7439,0.1839,3
4545,9685,0.0934,4
4545,7445,0.0874,5
4545,3538,0.0867,6
4545,6556,0.0672,7
4546,1713,0.4852,1
4546,16576,0.2435,2
4546,2908,0.1464,3
4546,7186,0.112,4
4546,15634,0.0129,5
4547,8078,1.0,1
4548,11537,0.4189,1
4548,1891,0.1375,2
4548,11680,0.1369,3
4548,15284,0.0998,4
4548,7134,0.0929,5
4548,7614,0.064,6
4548,17410,0.05,7
4549,5309,0.5936,1
4549,1836,0.2905,2
4549,13075,0.0444,3
4549,2998,0.0431,4
4549,12665,0.0284,5
4550,7991,0.4324,1
4550,2715,0.1896,2
4550,11051,0.1639,3
4550,3413,0.1346,4
4550,9311,0.0302,5
4550,2874,0.0299,6
4550,8433,0.0194,7
4551,4063,0.4008,1
4551,3095,0.2759,2
4551,4326,0.2103,3
4551,7202,0.062,4
4551,8569,0.051,5
4552,1785,0.3505,1
4552,7786,0.2646,2
4552,2057,0.2091,3
4552,6949,0.1005,4
4552,8868,0.0394,5
4552,7638,0.0356,6
4552,7978,0.0002,7
4553,3153,0.5913,1
4553,11368,0.3115,2
4553,2221,0.0971,3
4554,15080,0.4369,1
4554,4411,0.3403,2
4554,4589,0.1342,3
4554,10882,0.0492,4
4554,4312,0.0198,5
4554,4925,0.0146,6
4554,6342,0.0049,7
4555,7489,0.4252,1
4555,6516,0.2433,2
4555,10158,0.1504,3
4555,2100,0.1258,4
4555,14768,0.037,5
4555,5164,0.0161,6
4555,4435,0.0022,7
4556,10171,0.6286,1
4556,9520,0.3004,2
4556,7336,0.071,3
4557,4750,0.4168,1
4557,2156,0.3611,2
4557,8098,0.1764,3
4557,8149,0.0457,4
4558,3846,0.3894,1
4558,3169,0.2974,2
4558,3613,0.2527,3
4558,16648,0.0569,4
4558,5523,0.0036,5
4559,5801,0.5193,1
4559,2658,0.1937,2
4559,3352,0.182,3
4559,4366,0.0837,4
4559,6009,0.0213,5
4560,12630,0.3799,1
4560,9033,0.2661,2
4560,16369,0.2587,3
4560,15354,0.0846,4
4560,16245,0.0107,5
4561,11070,0.4746,1
4561,5745,0.2986,2
4561,10643,0.1283,3
4561,4375,0.0986,4
4562,6653,0.2775,1
4562,8355,0.2699,2
4562,15048,0.2551,3
4562,12750,0.0818,4
4562,8715,0.0776,5
4562,8512,0.0277,6
4562,7272,0.0103,7
4563,9104,0.7812,1
4563,5023,0.1112,2
4563,3701,0.1062,3
4563,9066,0.0014,4
4564,11307,0.435,1
4564,3845,0.345,2
4564,9254,0.1363,3
4564,4554,0.0441,4
4564,9226,0.0396,5
4565,4951,0.5506,1
4565,1692,0.1744,2
4565,3717,0.1314,3
4565,2406,0.0709,4
4565,2745,0.0377,5
4565,8220,0.0299,6
4565,9042,0.005,7
4566,2289,1.0,1
4567,6306,0.4722,1
4567,7899,0.4407,2
4567,7577,0.0871,3
4568,8657,0.4897,1
4568,3376,0.2813,2
4568,2514,0.229,3
4569,14524,1.0,1
4570,2861,0.4447,1
4570,4605,0.3792,2
4570,7563,0.1475,3
4570,8758,0.0286,4
4571,15432,0.2939,1
4571,13444,0.2835,2
4571,1789,0.2003,3
4571,6913,0.1892,4
4571,3556,0.0296,5
4571,6019,0.0035,6
4572,4667,0.7562,1
4572,5893,0.2438,2
4573,1944,0.7348,1
4573,7832,0.148,2
4573,5077,0.1173,3
4574,6932,0.6791,1
4574,10042,0.3167,2
4574,12983,0.0041,3
4575,5608,0.4786,1
4575,7875,0.2918,2
4575,10933,0.2296,3
4576,9739,0.6214,1
4576,11466,0.3519,2
4576,12521,0.0266,3
4577,9765,0.364,1
4577,6759,0.2918,2
4577,10664,0.1925,3
4577,8498,0.097,4
4577,3415,0.0547,5
4578,10538,0.7857,1
4578,5572,0.1349,2
4578,3126,0.0668,3
4578,5305,0.0126,4
4579,4074,0.6232,1
4579,9941,0.2645,2
4579,16765,0.091,3
4579,4803,0.0214,4
4580,15972,0.4434,1
4580,15729,0.3249,2
4580,16111,0.2256,3
4580,16737,0.0061,4
4581,16475,0.7785,1
4581,16679,0.1528,2
4581,11657,0.0583,3
4581,16305,0.0104,4
4582,6157,0.4072,1
4582,2599,0.3761,2
4582,9867,0.1928,3
4582,15354,0.0121,4
4582,15374,0.0119,5
4583,8832,0.4413,1
4583,7357,0.278,2
4583,7933,0.0745,3
4583,3532,0.068,4
4583,6047,0.0497,5
4583,10378,0.0465,6
4583,5354,0.042,7
4584,3196,0.7365,1
4584,3362,0.1869,2
4584,6812,0.0442,3
4584,9546,0.0324,4
4585,13699,0.5,1
4585,5152,0.2944,2
4585,9214,0.2056,3
4586,16750,0.4752,1
4586,9067,0.2613,2
4586,11019,0.0905,3
4586,11362,0.0793,4
4586,4748,0.0544,5
4586,4156,0.0303,6
4586,6606,0.009,7
4587,9744,0.5186,1
4587,9839,0.2085,2
4587,7924,0.1628,3
4587,10329,0.1023,4
4587,10983,0.0068,5
4587,1731,0.001,6
4588,3800,0.6477,1
4588,4548,0.1969,2
4588,11127,0.1553,3
4588,13524,0.0002,4
4589,1914,0.6419,1
4589,10184,0.3479,2
4589,4561,0.0102,3
4590,3674,0.5221,1
4590,3954,0.2084,2
4590,7690,0.1763,3
4590,14276,0.0932,4
4591,3475,0.5671,1
4591,14212,0.2954,2
4591,4393,0.1375,3
4592,14754,0.8705,1
4592,13820,0.0944,2
4592,8711,0.035,3
4593,17393,0.8466,1
4593,14853,0.0797,2
4593,5252,0.0736,3
4594,7415,0.4818,1
4594,4327,0.4347,2
4594,6487,0.0836,3
4595,4901,0.2906,1
4595,11416,0.2328,2
4595,9455,0.1779,3
4595,13930,0.173,4
4595,1828,0.0662,5
4595,6090,0.0595,6
4596,8395,0.7606,1
4596,6126,0.1961,2
4596,10333,0.0433,3
4597,16546,0.71,1
4597,17622,0.2623,2
4597,13141,0.0276,3
4598,7079,0.8168,1
4598,7980,0.1023,2
4598,8745,0.0809,3
4599,13764,0.7405,1
4599,16637,0.1776,2
4599,12928,0.0705,3
4599,2802,0.0115,4
4600,9012,0.4753,1
4600,8499,0.3299,2
4600,9716,0.1619,3
4600,16361,0.0329,4
4601,3392,0.3952,1
4601,9846,0.1577,2
4601,8084,0.1544,3
4601,7581,0.1264,4
4601,5696,0.0696,5
4601,9613,0.0528,6
4601,3827,0.044,7
4602,7087,0.4317,1
4602,6423,0.3034,2
4602,5039,0.1095,3
4602,6821,0.064,4
4602,9753,0.0421,5
4602,2726,0.0339,6
4602,9054,0.0155,7
4603,11324,0.3464,1
4603,5474,0.1905,2
4603,7010,0.1437,3
4603,1961,0.1256,4
4603,5724,0.0941,5
4603,8241,0.0663,6
4603,11225,0.0334,7
4604,2660,0.4655,1
4604,12023,0.3358,2
4604,14960,0.0825,3
4604,2978,0.0677,4
4604,11384,0.0245,5
4604,4048,0.024,6
4605,17623,0.5403,1
4605,17021,0.2401,2
4605,5196,0.1798,3
4605,2523,0.027,4
4605,7908,0.0127,5
4606,12624,0.9717,1
4606,15760,0.0173,2
4606,4231,0.008,3
4606,12706,0.0031,4
4607,8592,0.6695,1
4607,8953,0.0999,2
4607,5020,0.0794,3
4607,4488,0.0766,4
4607,3110,0.0745,5
4608,8622,0.5191,1
4608,4174,0.4444,2
4608,10725,0.0267,3
4608,9416,0.0098,4
4609,6292,0.269,1
4609,4780,0.2241,2
4609,4618,0.222,3
4609,1858,0.1418,4
4609,13845,0.0748,5
4609,16694,0.0651,6
4609,4675,0.0031,7
4610,3103,0.3614,1
4610,3256,0.2205,2
4610,4461,0.208,3
4610,7023,0.1924,4
4610,3332,0.0178,5
4611,14713,0.4966,1
4611,8273,0.4536,2
4611,10604,0.0463,3
4611,9006,0.0035,4
4612,15921,0.6941,1
4612,1682,0.2512,2
4612,14402,0.0547,3
4613,8806,0.7836,1
4613,13099,0.117,2
4613,9798,0.0994,3
4614,2315,0.4418,1
4614,2114,0.1182,2
4614,10038,0.1172,3
4614,10476,0.1073,4
4614,17041,0.0876,5
4614,8728,0.0835,6
4614,17097,0.0442,7
4615,5745,0.4396,1
4615,5037,0.2545,2
4615,2196,0.2177,3
4615,9172,0.0872,4
4615,6088,0.001,5
4616,9006,0.3695,1
4616,5087,0.2374,2
4616,6369,0.2186,3
4616,9711,0.1422,4
4616,4241,0.0147,5
4616,4421,0.0127,6
4616,11823,0.0049,7
4617,10004,1.0,1
4618,3672,0.6356,1
4618,8104,0.1838,2
4618,2972,0.1025,3
4618,11352,0.0373,4
4618,1867,0.0296,5
4618,10676,0.0112,6
4619,8105,0.5136,1
4619,9378,0.2563,2
4619,7318,0.1985,3
4619,9269,0.0316,4
4620,2119,0.708,1
4620,4894,0.2646,2
4620,3740,0.0274,3
4621,7613,0.4733,1
4621,8218,0.2204,2
4621,4324,0.1531,3
4621,4170,0.1342,4
4621,7171,0.0189,5
4622,8272,0.7617,1
4622,6770,0.2112,2
4622,4640,0.0271,3
4623,3176,0.5319,1
4623,10923,0.4523,2
4623,15258,0.0159,3
4624,5965,0.5004,1
4624,5287,0.2535,2
4624,5734,0.2461,3
4625,5904,0.4873,1
4625,3230,0.3013,2
4625,3021,0.2114,3
4626,4172,0.4783,1
4626,8142,0.4361,2
4626,8152,0.077,3
4626,5049,0.0086,4
4627,1717,0.5038,1
4627,2494,0.208,2
4627,7049,0.1142,3
4627,5200,0.1038,4
4627,12520,0.0494,5
4627,14549,0.0209,6
4628,9210,0.5126,1
4628,11012,0.2996,2
4628,12440,0.1854,3
4628,1794,0.0024,4
4629,5017,1.0,1
4630,6645,0.3633,1
4630,14624,0.1913,2
4630,5458,0.1554,3
4630,5899,0.1202,4
4630,8834,0.1165,5
4630,16642,0.0535,6
4631,11067,0.8093,1
4631,4442,0.1188,2
4631,7175,0.0719,3
4632,17082,0.4159,1
4632,1657,0.208,2
4632,16728,0.1813,3
4632,14142,0.066,4
4632,14950,0.0656,5
4632,14767,0.0632,6
4633,7896,1.0,1
4634,8953,0.495,1
4634,3789,0.1596,2
4634,7939,0.1472,3
4634,5769,0.1463,4
4634,4126,0.0519,5
4635,7989,0.8025,1
4635,6848,0.1632,2
4635,9999,0.0321,3
4635,6394,0.0022,4
4636,5747,0.5666,1
4636,7788,0.2376,2
4636,13357,0.1958,3
4637,9536,0.8621,1
4637,4283,0.1015,2
4637,7527,0.032,3
4637,9544,0.0044,4
4638,6826,0.4142,1
4638,5882,0.303,2
4638,8573,0.1033,3
4638,7180,0.0685,4
4638,3184,0.0631,5
4638,6853,0.0479,6
4639,2639,0.4726,1
4639,7990,0.4326,2
4639,15457,0.0706,3
4639,14721,0.0243,4
4640,4288,0.2443,1
4640,1666,0.2358,2
4640,8614,0.224,3
4640,11176,0.1919,4
4640,8358,0.0977,5
4640,8042,0.0049,6
4640,5179,0.0016,7
4641,3870,0.5131,1
4641,15579,0.3716,2
4641,16755,0.0595,3
4641,16854,0.0559,4
4642,7853,0.292,1
4642,6253,0.2349,2
4642,11060,0.2262,3
4642,10774,0.165,4
4642,3098,0.0819,5
4643,6603,0.5897,1
4643,13132,0.1861,2
4643,7382,0.1652,3
4643,2925,0.0228,4
4643,3376,0.0198,5
4643,2446,0.0147,6
4643,7570,0.0016,7
4644,12865,0.3977,1
4644,6618,0.374,2
4644,4319,0.2122,3
4644,9614,0.016,4
4645,2689,0.4411,1
4645,3829,0.3742,2
4645,1972,0.0976,3
4645,4031,0.0675,4
4645,5867,0.0196,5
4646,9370,0.358,1
4646,11213,0.3069,2
4646,2885,0.2167,3
4646,2725,0.0458,4
4646,10615,0.041,5
4646,3881,0.0315,6
4647,7823,0.7083,1
4647,7818,0.2827,2
4647,6492,0.009,3
4648,12043,0.625,1
4648,12060,0.1358,2
4648,6377,0.1129,3
4648,4899,0.0816,4
4648,4341,0.0352,5
4648,4722,0.0096,6
4649,3718,0.3165,1
4649,11313,0.2428,2
4649,2047,0.2048,3
4649,10328,0.1826,4
4649,3032,0.046,5
4649,2716,0.0073,6
4650,7096,0.438,1
4650,13579,0.3055,2
4650,12272,0.2566,3
4651,2364,0.6683,1
4651,14135,0.3226,2
4651,5075,0.0091,3
4652,10306,0.3734,1
4652,5657,0.2486,2
4652,12676,0.1304,3
4652,3898,0.1258,4
4652,4861,0.1112,5
4652,15712,0.0106,6
4653,12960,0.2784,1
4653,4133,0.2664,2
4653,7294,0.2318,3
4653,11112,0.1527,4
4653,14506,0.0707,5
4654,16947,0.7855,1
4654,12654,0.1421,2
4654,16233,0.0723,3
4655,7233,0.6346,1
4655,8441,0.1672,2
4655,10002,0.0942,3
4655,6484,0.0775,4
4655,8907,0.0144,5
4655,10953,0.012,6
4656,9030,0.4927,1
4656,5370,0.3282,2
4656,4031,0.1253,3
4656,5484,0.0538,4
4657,1830,0.6546,1
4657,3100,0.2408,2
4657,4077,0.0696,3
4657,7444,0.0351,4
4658,16385,0.654,1
4658,10864,0.2971,2
4658,7001,0.0272,3
4658,2507,0.0216,4
4659,2904,0.7657,1
4659,5356,0.1715,2
4659,7039,0.0628,3
4660,5020,1.0,1
4661,6238,0.3332,1
4661,16710,0.3146,2
4661,3851,0.209,3
4661,11546,0.1432,4
4662,4472,1.0,1
4663,2629,0.2827,1
4663,13511,0.272,2
4663,5872,0.1921,3
4663,9434,0.0821,4
4663,17625,0.081,5
4663,7483,0.0741,6
4663,13961,0.0161,7
4664,3576,0.3249,1
4664,10027,0.2778,2
4664,3583,0.2379,3
4664,4144,0.0834,4
4664,8895,0.0398,5
4664,9348,0.0362,6
4665,12948,0.7828,1
4665,10884,0.1215,2
4665,16053,0.0957,3
4666,4146,0.6731,1
4666,5771,0.3183,2
4666,5567,0.0086,3
4667,5952,0.6295,1
4667,17036,0.2476,2
4667,7401,0.1157,3
4667,15684,0.0071,4
4667,8143,0.0001,5
4668,9859,0.4215,1
4668,12331,0.3718,2
4668,4458,0.1993,3
4668,2377,0.0073,4
4669,16533,0.4011,1
4669,5846,0.2288,2
4669,15928,0.2209,3
4669,4692,0.1309,4
4669,2144,0.0184,5
4670,9275,0.3572,1
4670,1894,0.2524,2
4670,5592,0.1601,3
4670,7575,0.1473,4
4670,4425,0.0504,5
4670,6830,0.02,6
4670,8273,0.0125,7
4671,14227,0.7824,1
4671,10211,0.1511,2
4671,2089,0.0622,3
4671,1900,0.0043,4
4672,8193,0.5996,1
4672,8022,0.2056,2
4672,8272,0.1585,3
4672,6427,0.0328,4
4672,10681,0.0036,5
4673,4116,0.4179,1
4673,6978,0.3167,2
4673,6685,0.1681,3
4673,10699,0.0844,4
4673,6123,0.0108,5
4673,10645,0.002,6
4674,15448,0.3365,1
4674,12142,0.2621,2
4674,16029,0.12,3
4674,15506,0.0979,4
4674,13635,0.0691,5
4674,17334,0.0603,6
4674,9110,0.054,7
4675,5944,0.2195,1
4675,13541,0.2071,2
4675,8755,0.1877,3
4675,6726,0.178,4
4675,9308,0.1502,5
4675,10578,0.0575,6
4676,2362,0.4112,1
4676,4805,0.3196,2
4676,11303,0.1526,3
4676,3840,0.1165,4
4677,5535,0.7585,1
4677,11856,0.207,2
4677,3067,0.0346,3
4678,3463,0.5556,1
4678,3854,0.1518,2
4678,4390,0.1139,3
4678,6096,0.0964,4
4678,10628,0.0343,5
4678,10719,0.0328,6
4678,5997,0.0152,7
4679,6113,0.3155,1
4679,6126,0.2358,2
4679,7043,0.1644,3
4679,6812,0.1465,4
4679,3798,0.1377,5
4680,6411,0.425,1
4680,7990,0.2545,2
4680,3934,0.1448,3
4680,5908,0.0874,4
4680,11692,0.0709,5
4680,9029,0.0174,6
4681,3775,0.5347,1
4681,10781,0.1688,2
4681,1770,0.13,3
4681,8942,0.082,4
4681,5738,0.0397,5
4681,9404,0.0307,6
4681,8894,0.0141,7
4682,3433,0.5582,1
4682,2240,0.3013,2
4682,4360,0.1404,3
4683,2941,0.2569,1
4683,7567,0.2549,2
4683,5525,0.1937,3
4683,5020,0.1221,4
4683,9383,0.0886,5
4683,2375,0.0838,6
4684,8802,0.2993,1
4684,9949,0.292,2
4684,3609,0.1462,3
4684,3471,0.1048,4
4684,6935,0.0962,5
4684,9100,0.0616,6
4685,9556,0.6337,1
4685,9212,0.157,2
4685,17106,0.0729,3
4685,3228,0.059,4
4685,11264,0.0448,5
4685,12039,0.0325,6
4686,9093,0.3147,1
4686,7344,0.23,2
4686,3124,0.1595,3
4686,10806,0.1021,4
4686,4565,0.0774,5
4686,8179,0.0699,6
4686,7645,0.0463,7
4687,8144,0.549,1
4687,2120,0.2123,2
4687,12124,0.1685,3
4687,2846,0.0702,4
4688,2890,0.6882,1
4688,14771,0.16,2
4688,15175,0.1519,3
4689,5494,0.497,1
4689,9404,0.3059,2
4689,7780,0.1112,3
4689,2980,0.0859,4
4690,9059,0.4526,1
4690,8284,0.3258,2
4690,4362,0.1256,3
4690,6432,0.096,4
4691,14227,0.3387,1
4691,11428,0.1965,2
4691,10381,0.1679,3
4691,12174,0.1444,4
4691,12858,0.1012,5
4691,16484,0.0276,6
4691,6917,0.0236,7
4692,4551,0.4851,1
4692,12897,0.1818,2
4692,5659,0.1273,3
4692,4408,0.086,4
4692,12793,0.0528,5
4692,14746,0.0422,6
4692,7533,0.0248,7
4693,11141,0.4188,1
4693,4219,0.2089,2
4693,4527,0.136,3
4693,2916,0.0818,4
4693,6538,0.0736,5
4693,7699,0.0681,6
4693,6621,0.0128,7
4694,9094,0.5872,1
4694,10644,0.3022,2
4694,7400,0.0983,3
4694,6377,0.0123,4
4695,13724,0.3411,1
4695,5264,0.3197,2
4695,10149,0.2064,3
4695,11168,0.0958,4
4695,13574,0.0335,5
4695,2653,0.0035,6
4696,5781,0.5719,1
4696,12501,0.1948,2
4696,5760,0.1821,3
4696,14171,0.029,4
4696,2743,0.0206,5
4696,9481,0.0015,6
4697,11286,0.9969,1
4697,6524,0.0031,2
4698,6232,0.4758,1
4698,10363,0.2737,2
4698,4131,0.1723,3
4698,5795,0.0783,4
4699,16932,0.6189,1
4699,10671,0.1733,2
4699,16472,0.1194,3
4699,11241,0.0883,4
4700,15404,0.931,1
4700,17153,0.069,2
4701,2438,0.4381,1
4701,2398,0.2397,2
4701,9429,0.2013,3
4701,5970,0.1209,4
4702,13988,0.6533,1
4702,5491,0.2676,2
4702,1831,0.0791,3
4703,8335,0.3883,1
4703,8313,0.3017,2
4703,2360,0.2652,3
4703,10995,0.0311,4
4703,6409,0.0138,5
4704,15347,0.2742,1
4704,4800,0.2204,2
4704,13984,0.2153,3
4704,10336,0.1806,4
4704,12739,0.1059,5
4704,11963,0.0036,6
4705,14492,0.4097,1
4705,2394,0.2919,2
4705,12434,0.19,3
4705,13201,0.1085,4
4706,11877,0.3095,1
4706,9033,0.2805,2
4706,14324,0.1289,3
4706,6157,0.0786,4
4706,12463,0.0745,5
4706,10443,0.0732,6
4706,5661,0.0549,7
4707,14721,0.3942,1
4707,17356,0.2584,2
4707,4749,0.1379,3
4707,7020,0.1051,4
4707,2027,0.0657,5
4707,10553,0.0245,6
4707,3784,0.0143,7
4708,8956,0.5725,1
4708,6483,0.337,2
4708,2028,0.0906,3
4709,8035,0.8901,1
4709,2835,0.0977,2
4709,10018,0.0122,3
4710,3883,0.6593,1
4710,2514,0.2109,2
4710,8179,0.1103,3
4710,4160,0.0194,4
4711,3707,0.6987,1
4711,6212,0.1753,2
4711,7232,0.1259,3
4712,4140,0.4194,1
4712,6506,0.2439,2
4712,10496,0.2435,3
4712,2870,0.084,4
4712,11304,0.0079,5
4712,8996,0.0014,6
4713,6683,0.387,1
4713,16535,0.2331,2
4713,7667,0.2157,3
4713,6214,0.0688,4
4713,7834,0.0565,5
4713,5781,0.039,6
4714,14789,0.5464,1
4714,7095,0.2308,2
4714,15484,0.0853,3
4714,12092,0.0728,4
4714,15352,0.0328,5
4714,13345,0.0318,6
4715,3656,0.2985,1
4715,10914,0.1562,2
4715,16961,0.1491,3
4715,17239,0.1241,4
4715,11829,0.1225,5
4715,15128,0.1178,6
4715,5911,0.0318,7
4716,9790,0.3549,1
4716,12695,0.2005,2
4716,13218,0.128,3
4716,15055,0.1236,4
4716,14714,0.0748,5
4716,6235,0.0671,6
4716,6489,0.0512,7
4717,12517,0.3975,1
4717,7468,0.3445,2
4717,13272,0.1054,3
4717,4049,0.0531,4
4717,2425,0.0527,5
4717,16751,0.0467,6
4718,9113,0.8913,1
4718,16138,0.0804,2
4718,17104,0.0283,3
4719,10610,0.3308,1
4719,2406,0.2545,2
4719,2499,0.1414,3
4719,2357,0.0818,4
4719,6352,0.0765,5
4719,15909,0.0764,6
4719,2939,0.0385,7
4720,6948,0.9797,1
4720,9940,0.0203,2
4721,5486,0.358,1
4721,2587,0.3323,2
4721,6724,0.1301,3
4721,16858,0.0685,4
4721,5619,0.0645,5
4721,5035,0.0467,6
4722,1641,0.487,1
4722,3469,0.3292,2
4722,16494,0.1838,3
4723,4161,0.3228,1
4723,10942,0.2876,2
4723,10867,0.1068,3
4723,5688,0.1002,4
4723,9537,0.0789,5
4723,2577,0.0722,6
4723,10244,0.0316,7
4724,10790,0.5649,1
4724,14966,0.1919,2
4724,14428,0.0856,3
4724,11480,0.0565,4
4724,12777,0.0545,5
4724,5894,0.0467,6
4725,6217,0.6108,1
4725,14897,0.3737,2
4725,15541,0.0155,3
4726,16562,0.3171,1
4726,2218,0.2417,2
4726,17078,0.2371,3
4726,1881,0.1459,4
4726,2005,0.0462,5
4726,4639,0.0119,6
4727,7321,0.4956,1
4727,7392,0.1642,2
4727,5332,0.1587,3
4727,4544,0.1369,4
4727,16820,0.0446,5
4728,5419,0.5174,1
4728,1998,0.1747,2
4728,3629,0.1567,3
4728,6903,0.1011,4
4728,7202,0.044,5
4728,2861,0.006,6
4729,7845,0.3338,1
4729,8770,0.2181,2
4729,5697,0.1987,3
4729,6662,0.1036,4
4729,9157,0.0921,5
4729,5573,0.0379,6
4729,9306,0.0158,7
4730,2371,0.4686,1
4730,7460,0.3112,2
4730,10601,0.2201,3
4731,8256,0.4079,1
4731,11185,0.1643,2
4731,2829,0.1625,3
4731,4394,0.119,4
4731,3431,0.1145,5
4731,8766,0.0252,6
4731,10465,0.0066,7
4732,8614,0.5706,1
4732,10039,0.3053,2
4732,2297,0.1241,3
4733,5160,0.7177,1
4733,8457,0.1904,2
4733,2216,0.0918,3
4734,7382,0.9343,1
4734,5186,0.0341,2
4734,4681,0.0316,3
4735,9318,0.5638,1
4735,7594,0.229,2
4735,7856,0.2072,3
4736,16598,0.6136,1
4736,13990,0.3288,2
4736,7409,0.0577,3
4737,12215,0.7458,1
4737,2431,0.1506,2
4737,8040,0.1022,3
4737,7916,0.0013,4
4738,2416,0.7287,1
4738,8019,0.1279,2
4738,9625,0.0848,3
4738,8114,0.0586,4
4739,4347,0.534,1
4739,2255,0.3609,2
4739,1861,0.0745,3
4739,7515,0.0306,4
4740,11619,0.8195,1
4740,7500,0.1262,2
4740,5412,0.0542,3
4741,8786,0.5754,1
4741,10598,0.2129,2
4741,6654,0.2117,3
4742,7679,0.5025,1
4742,2008,0.3654,2
4742,1670,0.1321,3
4743,1661,0.3445,1
4743,7613,0.2812,2
4743,6642,0.2162,3
4743,12416,0.0779,4
4743,2682,0.0705,5
4743,7621,0.0096,6
4744,7144,0.3401,1
4744,5617,0.2646,2
4744,6493,0.2073,3
4744,2591,0.1512,4
4744,9282,0.0219,5
4744,5913,0.0149,6
4745,2929,0.462,1
4745,2559,0.4146,2
4745,3881,0.1235,3
4746,1919,0.6496,1
4746,8539,0.1885,2
4746,6728,0.1618,3
4747,16046,0.3118,1
4747,7521,0.282,2
4747,6734,0.1884,3
4747,8502,0.1518,4
4747,5225,0.0258,5
4747,4099,0.0242,6
4747,4906,0.0159,7
4748,5553,0.5447,1
4748,2170,0.2782,2
4748,7350,0.1259,3
4748,5723,0.0512,4
4749,17472,0.4304,1
4749,11656,0.2397,2
4749,10005,0.1286,3
4749,8374,0.0889,4
4749,3276,0.0552,5
4749,17275,0.0472,6
4749,15021,0.01,7
4750,11331,0.813,1
4750,9136,0.1733,2
4750,7891,0.0137,3
4751,4778,0.4347,1
4751,5536,0.2776,2
4751,5847,0.1688,3
4751,6140,0.0675,4
4751,4581,0.0513,5
4752,10596,0.3872,1
4752,1728,0.1731,2
4752,14466,0.1346,3
4752,11432,0.1167,4
4752,10807,0.1039,5
4752,11478,0.067,6
4752,4482,0.0175,7
4753,2649,0.3561,1
4753,16710,0.2782,2
4753,2902,0.2482,3
4753,5434,0.0877,4
4753,6694,0.0298,5
4754,8241,0.4161,1
4754,2790,0.1883,2
4754,6159,0.1467,3
4754,3434,0.1083,4
4754,7710,0.0722,5
4754,10203,0.0684,6
4755,6819,0.3521,1
4755,3356,0.2643,2
4755,1932,0.2127,3
4755,9655,0.1281,4
4755,7625,0.0428,5
4755,6664,0.0001,6
4756,9177,0.5002,1
4756,8178,0.1841,2
4756,9412,0.176,3
4756,2384,0.0867,4
4756,5162,0.0529,5
4757,4161,0.5077,1
4757,6541,0.3,2
4757,7941,0.1172,3
4757,10561,0.0443,4
4757,11191,0.0307,5
4758,1774,0.5857,1
4758,2454,0.2149,2
4758,15405,0.1994,3
4759,11953,0.7002,1
4759,16008,0.1491,2
4759,2516,0.0714,3
4759,14782,0.029,4
4759,7293,0.028,5
4759,17395,0.0148,6
4759,5331,0.0075,7
4760,15239,0.4208,1
4760,2568,0.3813,2
4760,16388,0.0669,3
4760,15789,0.0589,4
4760,5621,0.0451,5
4760,6393,0.0268,6
4760,6893,0.0003,7
4761,2724,0.3339,1
4761,8288,0.2943,2
4761,7521,0.2138,3
4761,9580,0.1273,4
4761,6888,0.0263,5
4761,2747,0.0044,6
4762,7219,0.6892,1
4762,10135,0.2026,2
4762,4939,0.0872,3
4762,5858,0.021,4
4763,7211,0.4488,1
4763,3896,0.3463,2
4763,3914,0.1243,3
4763,11851,0.071,4
4763,9038,0.0078,5
4763,13649,0.002,6
4764,6449,0.9177,1
4764,3015,0.0823,2
4765,9854,0.2833,1
4765,9873,0.234,2
4765,10825,0.1909,3
4765,2768,0.1424,4
4765,1740,0.1327,5
4765,3232,0.0151,6
4765,5187,0.0015,7
4766,7045,0.556,1
4766,10867,0.2796,2
4766,8751,0.1643,3
4767,8354,0.8583,1
4767,10548,0.091,2
4767,10356,0.044,3
4767,7310,0.0068,4
4768,8671,0.3013,1
4768,2669,0.2626,2
4768,4768,0.2127,3
4768,4043,0.1092,4
4768,11806,0.0591,5
4768,4978,0.0551,6
4769,14582,0.4468,1
4769,6698,0.2809,2
4769,10166,0.1575,3
4769,8822,0.1147,4
4770,1654,0.6519,1
4770,3523,0.1724,2
4770,3825,0.142,3
4770,6123,0.0337,4
4771,14494,0.352,1
4771,6255,0.2471,2
4771,15962,0.2058,3
4771,9962,0.14,4
4771,14589,0.055,5
4772,3083,0.4956,1
4772,2838,0.45,2
4772,2111,0.0545,3
4773,3787,0.2188,1
4773,5225,0.1906,2
4773,3717,0.1869,3
4773,10677,0.1492,4
4773,6031,0.1064,5
4773,15071,0.1059,6
4773,2129,0.0422,7
4774,6672,0.4197,1
4774,3640,0.3485,2
4774,10518,0.0987,3
4774,5030,0.0777,4
4774,10867,0.0423,5
4774,3363,0.0131,6
4775,2368,0.5652,1
4775,10266,0.2182,2
4775,7799,0.1101,3
4775,7534,0.0422,4
4775,2993,0.036,5
4775,11054,0.0283,6
4776,8755,0.3842,1
4776,3253,0.2734,2
4776,12607,0.1528,3
4776,8958,0.078,4
4776,9904,0.073,5
4776,4011,0.0265,6
4776,14961,0.0121,7
4777,10988,0.5111,1
4777,4354,0.4374,2
4777,4444,0.0273,3
4777,5030,0.0242,4
4778,15863,0.3919,1
4778,6680,0.3695,2
4778,5957,0.1032,3
4778,2923,0.0578,4
4778,6377,0.054,5
4778,17077,0.0236,6
4779,3329,0.2945,1
4779,6873,0.2926,2
4779,8694,0.1684,3
4779,8573,0.1082,4
4779,8482,0.082,5
4779,8412,0.0419,6
4779,4355,0.0124,7
4780,1807,0.4443,1
4780,10881,0.1814,2
4780,2657,0.1638,3
4780,15094,0.1143,4
4780,4516,0.0782,5
4780,4301,0.018,6
4781,8354,0.5709,1
4781,2577,0.2389,2
4781,1859,0.1902,3
4782,8192,0.4735,1
4782,8765,0.424,2
4782,4326,0.0514,3
4782,2242,0.0503,4
4782,4970,0.0007,5
4783,9357,0.3764,1
4783,6983,0.3398,2
4783,7979,0.2838,3
4784,5326,0.6746,1
4784,2143,0.1771,2
4784,4441,0.1482,3
4785,6744,0.2899,1
4785,9279,0.1787,2
4785,4031,0.1726,3
4785,6116,0.1721,4
4785,2679,0.146,5
4785,9066,0.0317,6
4785,8793,0.009,7
4786,10323,0.6248,1
4786,8765,0.1717,2
4786,8886,0.1686,3
4786,8819,0.0347,4
4786,6150,0.0002,5
4787,5218,0.3695,1
4787,4107,0.246,2
4787,2178,0.2332,3
4787,7527,0.0797,4
4787,11053,0.0285,5
4787,9714,0.0234,6
4787,10879,0.0196,7
4788,7420,0.9676,1
4788,5180,0.0324,2
4789,9321,0.6109,1
4789,8109,0.3891,2
4790,10772,0.6796,1
4790,1883,0.2151,2
4790,9847,0.1053,3
4791,16982,0.5024,1
4791,16924,0.4302,2
4791,1894,0.0388,3
4791,13767,0.0154,4
4791,6364,0.0133,5
4792,14094,0.3346,1
4792,17011,0.2821,2
4792,5328,0.1989,3
4792,1797,0.1025,4
4792,9074,0.0623,5
4792,7484,0.0196,6
4793,7195,0.534,1
4793,5370,0.3187,2
4793,10443,0.0841,3
4793,3990,0.0576,4
4793,13767,0.0056,5
4794,1787,0.4466,1
4794,1848,0.192,2
4794,14174,0.137,3
4794,16060,0.1062,4
4794,2385,0.0729,5
4794,8721,0.0452,6
4795,3956,0.9779,1
4795,6118,0.0221,2
4796,3698,0.59,1
4796,5358,0.2501,2
4796,2371,0.106,3
4796,8321,0.0539,4
4797,14354,0.901,1
4797,5507,0.0621,2
4797,7517,0.0369,3
4798,6510,0.4836,1
4798,5251,0.2635,2
4798,1998,0.2529,3
4799,6935,0.5911,1
4799,5816,0.1999,2
4799,5533,0.1317,3
4799,11283,0.0773,4
4800,11624,0.5328,1
4800,8878,0.3722,2
4800,4025,0.0489,3
4800,12104,0.0391,4
4800,6393,0.0071,5
4801,8439,0.4471,1
4801,7480,0.4223,2
4801,10208,0.1306,3
4802,2513,0.3236,1
4802,7635,0.3181,2
4802,8083,0.1308,3
4802,14634,0.1188,4
4802,9783,0.0625,5
4802,16513,0.0319,6
4802,8936,0.0143,7
4803,4983,0.5108,1
4803,10925,0.2474,2
4803,5410,0.1459,3
4803,9583,0.096,4
4804,1732,0.9311,1
4804,4839,0.0689,2
4805,4297,0.3905,1
4805,8012,0.3374,2
4805,2709,0.1706,3
4805,4270,0.0925,4
4805,6110,0.0066,5
4805,7275,0.0023,6
4806,9346,0.8309,1
4806,5070,0.0664,2
4806,4614,0.0438,3
4806,3522,0.0278,4
4806,5394,0.0275,5
4806,6988,0.0035,6
4807,15102,0.4285,1
4807,17216,0.3686,2
4807,8480,0.1073,3
4807,15832,0.0375,4
4807,4651,0.033,5
4807,13015,0.0187,6
4807,16135,0.0064,7
4808,15527,0.3632,1
4808,11486,0.2856,2
4808,5516,0.1674,3
4808,3448,0.0919,4
4808,6566,0.0677,5
4808,10370,0.0243,6
4809,12557,0.3417,1
4809,11220,0.224,2
4809,16404,0.2197,3
4809,9329,0.0769,4
4809,13270,0.0738,5
4809,14273,0.0355,6
4809,3571,0.0284,7
4810,12151,1.0,1
4811,7194,0.2982,1
4811,11279,0.2733,2
4811,5250,0.1932,3
4811,12866,0.1806,4
4811,9882,0.0368,5
4811,12421,0.0179,6
4812,16952,0.3359,1
4812,3075,0.3051,2
4812,14298,0.2546,3
4812,12612,0.1043,4
4813,16337,0.3779,1
4813,12788,0.3263,2
4813,4359,0.2909,3
4813,15845,0.0049,4
4814,15425,0.279,1
4814,14730,0.1986,2
4814,15459,0.1811,3
4814,15443,0.163,4
4814,12655,0.1242,5
4814,12948,0.0541,6
4815,14034,0.5852,1
4815,4145,0.1457,2
4815,13555,0.1349,3
4815,2257,0.1146,4
4815,11596,0.0195,5
4816,3179,0.4686,1
4816,1913,0.2324,2
4816,14940,0.0837,3
4816,15799,0.0769,4
4816,7037,0.0713,5
4816,9433,0.0672,6
4817,11196,0.9006,1
4817,4958,0.0887,2
4817,5355,0.0107,3
4818,1635,0.441,1
4818,6521,0.2284,2
4818,4480,0.1597,3
4818,6799,0.1495,4
4818,2204,0.0143,5
4818,8639,0.007,6
4819,5776,0.229,1
4819,8679,0.215,2
4819,2809,0.2059,3
4819,7561,0.1694,4
4819,9223,0.1407,5
4819,9360,0.04,6
4820,13159,0.4058,1
4820,1652,0.3041,2
4820,7865,0.2901,3
4821,7306,0.4441,1
4821,1799,0.2633,2
4821,9399,0.135,3
4821,8055,0.0656,4
4821,6482,0.0465,5
4821,5323,0.0345,6
4821,3983,0.0109,7
4822,12858,0.3908,1
4822,11428,0.3791,2
4822,15538,0.2146,3
4822,11856,0.012,4
4822,12443,0.0034,5
4823,4811,0.3368,1
4823,8909,0.2629,2
4823,13102,0.1806,3
4823,3081,0.1591,4
4823,2297,0.0525,5
4823,12196,0.0079,6
4824,2310,0.3878,1
4824,2545,0.2581,2
4824,9501,0.2546,3
4824,7040,0.0885,4
4824,7055,0.011,5
4825,16649,0.4766,1
4825,16162,0.2888,2
4825,13620,0.2346,3
4826,9819,0.4165,1
4826,3375,0.2543,2
4826,3503,0.1873,3
4826,2205,0.0848,4
4826,4855,0.0571,5
4827,9699,0.5497,1
4827,6826,0.2085,2
4827,3887,0.1148,3
4827,9011,0.076,4
4827,2492,0.051,5
4828,4149,0.425,1
4828,10014,0.328,2
4828,9046,0.1222,3
4828,8734,0.0558,4
4828,7093,0.0398,5
4828,9822,0.0168,6
4828,2238,0.0124,7
4829,1817,0.5317,1
4829,6425,0.3707,2
4829,8841,0.084,3
4829,5636,0.0134,4
4829,9143,0.0002,5
4830,7932,0.4477,1
4830,7317,0.2269,2
4830,8686,0.1046,3
4830,7190,0.1003,4
4830,9304,0.0734,5
4830,7662,0.0276,6
4830,2715,0.0195,7
4831,9180,0.5814,1
4831,2459,0.3515,2
4831,1866,0.0671,3
4832,10113,0.7072,1
4832,5037,0.1996,2
4832,2906,0.0932,3
4833,9619,0.5622,1
4833,7114,0.1432,2
4833,14391,0.1311,3
4833,14134,0.085,4
4833,2122,0.0569,5
4833,3577,0.0215,6
4834,7539,0.5351,1
4834,3428,0.1649,2
4834,3433,0.1392,3
4834,3175,0.1274,4
4834,3036,0.0213,5
4834,6860,0.0121,6
4835,1665,0.6118,1
4835,5890,0.1685,2
4835,2643,0.1005,3
4835,3413,0.0565,4
4835,10666,0.0312,5
4835,5810,0.023,6
4835,9772,0.0086,7
4836,3356,1.0,1
4837,2594,0.7429,1
4837,1877,0.2571,2
4838,2292,0.775,1
4838,1760,0.0833,2
4838,4187,0.0802,3
4838,4498,0.0615,4
4839,2819,0.3221,1
4839,1957,0.2123,2
4839,7247,0.1574,3
4839,5329,0.1331,4
4839,7536,0.0878,5
4839,7621,0.0874,6
4840,3259,0.5448,1
4840,16701,0.3022,2
4840,6004,0.0849,3
4840,9814,0.0411,4
4840,2861,0.0271,5
4841,2239,0.4001,1
4841,15452,0.2748,2
4841,15256,0.1242,3
4841,13087,0.1167,4
4841,10420,0.0841,5
4842,6728,0.3353,1
4842,2737,0.2552,2
4842,5749,0.1867,3
4842,8802,0.0954,4
4842,5020,0.0881,5
4842,11139,0.0393,6
4843,9753,0.3094,1
4843,2151,0.2662,2
4843,6349,0.2543,3
4843,10208,0.1701,4
4844,13031,0.4795,1
4844,7435,0.3832,2
4844,5037,0.1373,3
4845,4272,0.679,1
4845,12923,0.2035,2
4845,9511,0.1175,3
4846,11140,0.4662,1
4846,4620,0.1943,2
4846,1938,0.1676,3
4846,2103,0.1318,4
4846,2781,0.0402,5
4847,14387,0.286,1
4847,4591,0.2328,2
4847,4028,0.1793,3
4847,4696,0.1564,4
4847,10101,0.0812,5
4847,15055,0.0643,6
4848,9289,0.5699,1
4848,7269,0.3752,2
4848,1799,0.0549,3
4849,9943,0.4153,1
4849,14171,0.4143,2
4849,3986,0.1496,3
4849,13423,0.0208,4
4850,8650,0.4759,1
4850,6534,0.4038,2
4850,2414,0.0691,3
4850,8688,0.0513,4
4851,1755,0.7439,1
4851,16225,0.2548,2
4851,8706,0.0013,3
4852,5198,0.6546,1
4852,6527,0.1205,2
4852,7256,0.0939,3
4852,5782,0.0904,4
4852,7924,0.0407,5
4853,5567,0.3987,1
4853,10568,0.2367,2
4853,10982,0.1938,3
4853,14960,0.1485,4
4853,6726,0.022,5
4853,12607,0.0003,6
4854,12855,0.8458,1
4854,14786,0.1434,2
4854,10334,0.0107,3
4855,9948,1.0,1
4856,6037,0.2851,1
4856,13415,0.2638,2
4856,3546,0.2014,3
4856,14593,0.1675,4
4856,6187,0.0823,5
4857,9344,0.581,1
4857,6084,0.2921,2
4857,1698,0.0782,3
4857,4903,0.0488,4
4858,6172,0.4668,1
4858,8715,0.3439,2
4858,1878,0.1892,3
4859,4746,0.5831,1
4859,10313,0.2135,2
4859,2398,0.1197,3
4859,1651,0.0515,4
4859,4646,0.0278,5
4859,1843,0.0043,6
4860,3117,0.3536,1
4860,8139,0.2711,2
4860,8540,0.2203,3
4860,2334,0.1432,4
4860,2753,0.0117,5
4861,8427,0.277,1
4861,9967,0.1998,2
4861,3291,0.1935,3
4861,3420,0.1508,4
4861,7835,0.0691,5
4861,4618,0.0569,6
4861,5177,0.0529,7
4862,3966,0.2969,1
4862,7636,0.2872,2
4862,12528,0.2298,3
4862,2285,0.1125,4
4862,1787,0.0735,5
4863,10604,0.6915,1
4863,9413,0.1988,2
4863,14752,0.1097,3
4864,6309,0.3518,1
4864,4398,0.2004,2
4864,2146,0.1984,3
4864,5116,0.1469,4
4864,4077,0.0906,5
4864,7554,0.0118,6
4865,4275,0.6651,1
4865,3473,0.3042,2
4865,3261,0.0306,3
4866,8544,0.3114,1
4866,10854,0.31,2
4866,3775,0.1494,3
4866,16443,0.1132,4
4866,2824,0.0694,5
4866,5405,0.0466,6
4867,4058,0.4767,1
4867,4368,0.2344,2
4867,5953,0.229,3
4867,7415,0.0599,4
4868,3781,0.4048,1
4868,3817,0.2086,2
4868,5725,0.1977,3
4868,9416,0.0676,4
4868,5511,0.0479,5
4868,6695,0.0426,6
4868,15515,0.0308,7
4869,4328,0.3383,1
4869,7374,0.3249,2
4869,4794,0.1022,3
4869,14479,0.086,4
4869,5497,0.0777,5
4869,16788,0.0664,6
4869,15360,0.0045,7
4870,4911,0.4999,1
4870,12634,0.2526,2
4870,3577,0.0867,3
4870,4591,0.0478,4
4870,6386,0.0437,5
4870,3868,0.0358,6
4870,17524,0.0336,7
4871,14216,0.4985,1
4871,5968,0.4646,2
4871,3090,0.0369,3
4872,4451,0.5868,1
4872,15428,0.1815,2
4872,5753,0.168,3
4872,3833,0.05,4
4872,2957,0.0086,5
4872,15139,0.0051,6
4873,8265,0.8034,1
4873,5727,0.1844,2
4873,5412,0.0122,3
4874,10902,0.8657,1
4874,4587,0.0875,2
4874,5013,0.0468,3
4875,1913,0.4558,1
4875,5284,0.3652,2
4875,15175,0.1398,3
4875,8455,0.0392,4
4876,5322,0.5444,1
4876,8600,0.1973,2
4876,6446,0.1076,3
4876,14092,0.093,4
4876,11859,0.0577,5
4877,6721,0.6814,1
4877,5440,0.167,2
4877,11400,0.0885,3
4877,2273,0.0591,4
4877,1814,0.004,5
4878,4275,0.6599,1
4878,8940,0.1828,2
4878,6428,0.0555,3
4878,9853,0.0459,4
4878,3166,0.0455,5
4878,10704,0.0104,6
4879,7687,0.7014,1
4879,2905,0.2986,2
4880,4036,0.777,1
4880,3107,0.1518,2
4880,2548,0.0355,3
4880,14867,0.0202,4
4880,8443,0.0155,5
4881,3579,0.4283,1
4881,16987,0.2398,2
4881,2426,0.2142,3
4881,2961,0.0945,4
4881,4909,0.0231,5
4882,11762,0.627,1
4882,10729,0.1652,2
4882,10831,0.1427,3
4882,16623,0.0652,4
4883,17315,0.9153,1
4883,2930,0.0847,2
4884,8731,0.5177,1
4884,7075,0.3294,2
4884,10182,0.1196,3
4884,10540,0.0333,4
4885,17024,0.4236,1
4885,4399,0.2852,2
4885,13843,0.1711,3
4885,8496,0.1092,4
4885,11505,0.0097,5
4885,9857,0.0011,6
4886,3270,0.4652,1
4886,2785,0.2683,2
4886,1914,0.1818,3
4886,7694,0.0572,4
4886,12449,0.0274,5
4887,3145,0.3984,1
4887,16947,0.3553,2
4887,15237,0.1271,3
4887,4434,0.1111,4
4887,11019,0.0081,5
4888,17079,0.32,1
4888,10364,0.2797,2
4888,10923,0.1531,3
4888,3172,0.1429,4
4888,17174,0.0941,5
4888,5122,0.0092,6
4888,3196,0.0011,7
4889,16725,0.8332,1
4889,6289,0.108,2
4889,7846,0.0589,3
4890,6143,0.3141,1
4890,7260,0.3127,2
4890,1863,0.1457,3
4890,2446,0.1171,4
4890,11791,0.1105,5
4891,7388,0.5113,1
4891,9714,0.4555,2
4891,2613,0.018,3
4891,8868,0.014,4
4891,9431,0.0012,5
4892,2373,0.3975,1
4892,2417,0.2076,2
4892,6664,0.1682,3
4892,13948,0.1115,4
4892,3175,0.0562,5
4892,9772,0.0443,6
4892,2441,0.0147,7
4893,3646,0.3937,1
4893,6437,0.3216,2
4893,7994,0.1951,3
4893,6664,0.0743,4
4893,11258,0.0153,5
4894,2978,0.6915,1
4894,6091,0.3002,2
4894,9373,0.006,3
4894,15058,0.0022,4
4895,16757,0.2744,1
4895,5197,0.2678,2
4895,11498,0.1506,3
4895,3142,0.102,4
4895,15157,0.0942,5
4895,6906,0.0673,6
4895,3445,0.0436,7
4896,7405,0.4273,1
4896,2639,0.2449,2
4896,13710,0.1504,3
4896,6356,0.0745,4
4896,13727,0.0705,5
4896,1800,0.0324,6
4897,17235,0.4637,1
4897,4076,0.2196,2
4897,11652,0.1474,3
4897,7722,0.0804,4
4897,16182,0.077,5
4897,13061,0.0119,6
4898,5919,0.6158,1
4898,3127,0.2363,2
4898,4075,0.0855,3
4898,7625,0.0624,4
4899,1812,0.4864,1
4899,3457,0.254,2
4899,3183,0.2126,3
4899,9555,0.047,4
4900,16228,0.4689,1
4900,16536,0.316,2
4900,7015,0.1346,3
4900,4698,0.0344,4
4900,7559,0.0314,5
4900,12654,0.0129,6
4900,3950,0.0019,7
4901,9234,1.0,1
4902,6904,0.3197,1
4902,7668,0.2426,2
4902,4451,0.1734,3
4902,4271,0.1637,4
4902,5310,0.0874,5
4902,5088,0.0133,6
4903,12753,0.3105,1
4903,10320,0.2799,2
4903,7730,0.1902,3
4903,2100,0.0936,4
4903,7099,0.0521,5
4903,10317,0.0486,6
4903,13772,0.0251,7
4904,4285,0.4953,1
4904,3908,0.2087,2
4904,9740,0.1807,3
4904,10959,0.0992,4
4904,2639,0.0162,5
4905,5105,0.5133,1
4905,7859,0.2061,2
4905,4689,0.1777,3
4905,8187,0.075,4
4905,5817,0.0243,5
4905,5900,0.0019,6
4905,4373,0.0017,7
4906,4693,0.427,1
4906,7643,0.3007,2
4906,3804,0.2723,3
4907,8928,0.4782,1
4907,5798,0.3079,2
4907,4096,0.1131,3
4907,4430,0.0801,4
4907,2056,0.0207,5
4908,7934,0.4485,1
4908,4027,0.1858,2
4908,7918,0.1339,3
4908,8254,0.1028,4
4908,1742,0.0839,5
4908,4815,0.0248,6
4908,9668,0.0203,7
4909,10996,0.4175,1
4909,2147,0.2573,2
4909,3494,0.1282,3
4909,14480,0.0801,4
4909,16402,0.0773,5
4909,6883,0.0397,6
4910,8064,0.4941,1
4910,5771,0.341,2
4910,14539,0.147,3
4910,8353,0.0179,4
4911,9614,0.4379,1
4911,10450,0.3993,2
4911,2932,0.1629,3
4912,8692,0.3181,1
4912,16748,0.2583,2
4912,8586,0.1863,3
4912,9051,0.1187,4
4912,4011,0.0656,5
4912,8728,0.0519,6
4912,16649,0.0011,7
4913,3907,0.573,1
4913,7550,0.3426,2
4913,6501,0.054,3
4913,6947,0.0304,4
4914,4282,0.4693,1
4914,8377,0.2387,2
4914,3688,0.1236,3
4914,5369,0.1101,4
4914,5051,0.0323,5
4914,3995,0.0261,6
4915,6156,0.4222,1
4915,5268,0.1841,2
4915,5043,0.1578,3
4915,4077,0.1344,4
4915,11166,0.0711,5
4915,8563,0.0303,6
4916,13202,0.4518,1
4916,16719,0.427,2
4916,16827,0.0559,3
4916,17189,0.0493,4
4916,8162,0.016,5
4917,5943,0.5991,1
4917,6137,0.1952,2
4917,2484,0.1197,3
4917,3532,0.0789,4
4917,5050,0.0071,5
4918,4446,0.2683,1
4918,15169,0.249,2
4918,15615,0.2329,3
4918,10030,0.1319,4
4918,4070,0.069,5
4918,5703,0.0463,6
4918,17043,0.0026,7
4919,4487,0.5585,1
4919,11061,0.2486,2
4919,13742,0.1118,3
4919,12185,0.0812,4
4920,8242,0.3782,1
4920,9029,0.3572,2
4920,14651,0.171,3
4920,14999,0.0821,4
4920,8947,0.0116,5
4921,4542,0.5935,1
4921,3396,0.1889,2
4921,6978,0.1377,3
4921,16079,0.0799,4
4922,3618,0.4898,1
4922,15659,0.2123,2
4922,5532,0.1824,3
4922,10780,0.0737,4
4922,4428,0.0259,5
4922,13004,0.0149,6
4922,10326,0.0011,7
4923,14378,0.3959,1
4923,5168,0.2921,2
4923,5935,0.2423,3
4923,12633,0.0667,4
4923,4152,0.003,5
4924,2264,0.6872,1
4924,6003,0.2747,2
4924,4009,0.029,3
4924,9408,0.0061,4
4924,5114,0.003,5
4925,3606,0.6299,1
4925,5049,0.2039,2
4925,4311,0.0703,3
4925,7691,0.0509,4
4925,10653,0.0319,5
4925,2405,0.013,6
4926,8218,0.3984,1
4926,6827,0.1703,2
4926,9233,0.1564,3
4926,1845,0.1422,4
4926,3476,0.1328,5
4927,8097,0.424,1
4927,16139,0.323,2
4927,16757,0.253,3
4928,3589,0.4037,1
4928,2010,0.3591,2
4928,8671,0.1909,3
4928,7070,0.0265,4
4928,16826,0.0151,5
4928,12792,0.0047,6
4929,10304,0.3411,1
4929,10114,0.2765,2
4929,6808,0.1975,3
4929,10026,0.138,4
4929,6645,0.0468,5
4930,16445,0.6247,1
4930,15224,0.1257,2
4930,4650,0.1207,3
4930,3618,0.1198,4
4930,5298,0.0091,5
4931,7528,0.7141,1
4931,5464,0.1697,2
4931,5694,0.1162,3
4932,9506,0.4496,1
4932,9347,0.266,2
4932,5887,0.2539,3
4932,2393,0.0204,4
4932,13099,0.0054,5
4932,13069,0.0046,6
4933,14100,0.6099,1
4933,15003,0.3542,2
4933,9844,0.036,3
4934,4592,0.5071,1
4934,10150,0.4533,2
4934,7907,0.0396,3
4935,3562,0.4173,1
4935,6316,0.218,2
4935,3595,0.198,3
4935,9724,0.1405,4
4935,4092,0.0262,5
4936,3042,0.4296,1
4936,7313,0.2067,2
4936,3456,0.1743,3
4936,3929,0.1468,4
4936,5358,0.0425,5
4937,15763,0.2616,1
4937,13739,0.1834,2
4937,12534,0.1718,3
4937,10615,0.1513,4
4937,5255,0.1505,5
4937,1643,0.0814,6
4938,9384,0.6913,1
4938,4415,0.1856,2
4938,2104,0.0726,3
4938,10826,0.0278,4
4938,5063,0.0225,5
4938,10711,0.0001,6
4939,13635,0.4258,1
4939,5426,0.2794,2
4939,3349,0.2623,3
4939,15846,0.0293,4
4939,2071,0.0033,5
4940,9286,0.6459,1
4940,5922,0.1648,2
4940,7726,0.0749,3
4940,6215,0.0433,4
4940,7552,0.0346,5
4940,8962,0.0336,6
4940,4394,0.0028,7
4941,13701,0.3933,1
4941,8920,0.3592,2
4941,9428,0.1625,3
4941,4235,0.051,4
4941,14686,0.034,5
4942,2660,0.5454,1
4942,6000,0.1476,2
4942,4919,0.1246,3
4942,16148,0.121,4
4942,1816,0.04,5
4942,3906,0.0215,6
4943,5612,0.3482,1
4943,13784,0.262,2
4943,4524,0.1809,3
4943,8283,0.1604,4
4943,6611,0.039,5
4943,2085,0.0096,6
4944,8794,0.3202,1
4944,8184,0.309,2
4944,7071,0.2273,3
4944,3417,0.0752,4
4944,7741,0.0614,5
4944,3479,0.0069,6
4945,5335,0.3284,1
4945,3949,0.3264,2
4945,6270,0.264,3
4945,8890,0.0812,4
4946,8741,0.6332,1
4946,9117,0.1577,2
4946,9600,0.1128,3
4946,6140,0.0964,4
4947,8555,0.6496,1
4947,10467,0.288,2
4947,5422,0.0461,3
4947,9753,0.0163,4
4948,9020,0.6269,1
4948,3228,0.2151,2
4948,5999,0.1504,3
4948,3215,0.0077,4
4949,8263,0.5606,1
4949,14487,0.1503,2
4949,16559,0.141,3
4949,13246,0.1006,4
4949,17548,0.0325,5
4949,8496,0.015,6
4950,7203,0.5622,1
4950,13655,0.2822,2
4950,14949,0.0828,3
4950,12371,0.0312,4
4950,11894,0.0261,5
4950,9413,0.0155,6
4951,15518,0.6887,1
4951,7927,0.3113,2
4952,9422,0.2991,1
4952,8550,0.2828,2
4952,8191,0.2282,3
4952,11381,0.163,4
4952,9137,0.0269,5
4953,5561,0.6046,1
4953,11378,0.2481,2
4953,14591,0.0851,3
4953,7705,0.0621,4
4954,9124,0.8592,1
4954,6395,0.074,2
4954,6689,0.0668,3
4955,12359,0.6639,1
4955,2798,0.227,2
4955,15964,0.1091,3
4956,13652,0.6166,1
4956,15247,0.2252,2
4956,13995,0.0581,3
4956,1739,0.0541,4
4956,16970,0.0306,5
4956,11891,0.0153,6
4957,9131,0.8223,1
4957,5376,0.1395,2
4957,6423,0.0346,3
4957,3900,0.0036,4
4958,6975,0.4094,1
4958,2707,0.2917,2
4958,8517,0.1898,3
4958,10766,0.109,4
4959,4377,0.9118,1
4959,7451,0.0576,2
4959,3308,0.0306,3
4960,2243,0.3407,1
4960,3109,0.3168,2
4960,11306,0.1925,3
4960,4599,0.1488,4
4960,2582,0.0013,5
4961,9394,0.3955,1
4961,10965,0.3459,2
4961,5473,0.0928,3
4961,4610,0.074,4
4961,10014,0.0698,5
4961,9415,0.0182,6
4961,3032,0.0039,7
4962,7924,0.5583,1
4962,8377,0.2662,2
4962,9494,0.1688,3
4962,1723,0.0068,4
4963,3546,0.5796,1
4963,6807,0.2211,2
4963,11345,0.1993,3
4964,10148,0.5967,1
4964,3865,0.1912,2
4964,4292,0.1272,3
4964,2642,0.0837,4
4964,6484,0.0013,5
4965,4614,0.5426,1
4965,1721,0.4023,2
4965,2741,0.0499,3
4965,2260,0.0052,4
4966,2080,0.5023,1
4966,2210,0.1526,2
4966,3196,0.1301,3
4966,6468,0.1197,4
4966,9117,0.0781,5
4966,5996,0.0172,6
4967,4181,0.4921,1
4967,7520,0.1744,2
4967,3054,0.1584,3
4967,2626,0.1012,4
4967,5817,0.0564,5
4967,4354,0.0126,6
4967,5554,0.0049,7
4968,5422,0.4496,1
4968,2457,0.2034,2
4968,4008,0.1912,3
4968,8037,0.0954,4
4968,6274,0.0518,5
4968,3672,0.0084,6
4968,7448,0.0003,7
4969,10014,0.3557,1
4969,10419,0.3078,2
4969,5536,0.2973,3
4969,4086,0.0326,4
4969,3637,0.0066,5
4970,3037,0.6654,1
4970,2342,0.2373,2
4970,3198,0.0973,3
4971,3738,0.3413,1
4971,7507,0.2438,2
4971,10069,0.2212,3
4971,1890,0.1559,4
4971,3314,0.0287,5
4971,2059,0.0081,6
4971,10018,0.001,7
4972,11186,0.3697,1
4972,7681,0.2458,2
4972,7344,0.1568,3
4972,10263,0.1463,4
4972,4804,0.0814,5
4973,12812,0.3809,1
4973,5663,0.3243,2
4973,14719,0.2932,3
4973,5732,0.0016,4
4974,3978,0.2856,1
4974,6068,0.2661,2
4974,1962,0.1715,3
4974,3788,0.1691,4
4974,9154,0.1078,5
4975,2350,0.3019,1
4975,9297,0.182,2
4975,8822,0.1394,3
4975,5639,0.1336,4
4975,6082,0.1214,5
4975,6257,0.0994,6
4975,16275,0.0222,7
4976,3766,0.614,1
4976,11480,0.1382,2
4976,13541,0.1319,3
4976,4002,0.1159,4
4977,9652,0.4695,1
4977,17219,0.3795,2
4977,1649,0.0932,3
4977,12475,0.0577,4
4978,14821,0.5552,1
4978,16316,0.186,2
4978,6705,0.0949,3
4978,4310,0.0867,4
4978,11619,0.0346,5
4978,7912,0.0245,6
4978,11181,0.018,7
4979,11287,0.4541,1
4979,8656,0.397,2
4979,10774,0.1287,3
4979,10872,0.0202,4
4980,5653,0.4399,1
4980,7027,0.2944,2
4980,6545,0.2482,3
4980,6729,0.0176,4
4981,11303,0.5219,1
4981,3269,0.2715,2
4981,6354,0.2066,3
4982,10900,1.0,1
4983,7687,0.768,1
4983,9496,0.232,2
4984,3367,0.5514,1
4984,3335,0.2551,2
4984,3638,0.1015,3
4984,11401,0.0374,4
4984,5768,0.0298,5
4984,8073,0.0241,6
4984,10108,0.0006,7
4985,12080,0.3379,1
4985,9433,0.2048,2
4985,7714,0.1835,3
4985,13820,0.1376,4
4985,3764,0.1166,5
4985,11741,0.0197,6
4986,12107,0.6712,1
4986,10701,0.1993,2
4986,5935,0.1295,3
4987,3837,0.2965,1
4987,8759,0.2224,2
4987,8810,0.215,3
4987,10018,0.1808,4
4987,2371,0.0763,5
4987,10879,0.009,6
4988,9838,0.526,1
4988,9642,0.2641,2
4988,2739,0.2099,3
4988,6456,0.0001,4
4989,14562,0.4952,1
4989,14673,0.4439,2
4989,10287,0.0378,3
4989,5873,0.0095,4
4989,10109,0.0089,5
4989,7890,0.0047,6
4990,12863,0.3665,1
4990,2779,0.2877,2
4990,1866,0.1609,3
4990,11460,0.0853,4
4990,10473,0.065,5
4990,5928,0.0335,6
4990,5230,0.001,7
4991,7657,0.3654,1
4991,9308,0.2334,2
4991,7970,0.1745,3
4991,14220,0.115,4
4991,12704,0.0788,5
4991,8065,0.0297,6
4991,1803,0.0031,7
4992,9836,0.5808,1
4992,5917,0.2971,2
4992,6419,0.122,3
4993,5825,0.4586,1
4993,2686,0.1864,2
4993,6561,0.1435,3
4993,7534,0.1231,4
4993,10415,0.0884,5
4994,4217,0.4255,1
4994,2207,0.2827,2
4994,2542,0.1672,3
4994,9925,0.1245,4
4995,3609,0.5972,1
4995,6428,0.2568,2
4995,6709,0.146,3
4996,10040,0.3254,1
4996,4173,0.3238,2
4996,15308,0.2244,3
4996,5141,0.0678,4
4996,6982,0.0586,5
4997,10804,0.3717,1
4997,9684,0.2968,2
4997,8762,0.197,3
4997,5444,0.1344,4
4998,16998,0.7286,1
4998,15181,0.1951,2
4998,6166,0.0599,3
4998,13821,0.0164,4
4999,4077,0.3629,1
4999,9523,0.3615,2
4999,6218,0.1838,3
4999,3443,0.0775,4
4999,2243,0.0084,5
4999,7954,0.006,6
5000,8414,0.2953,1
5000,7998,0.2313,2
5000,2540,0.1598,3
5000,2922,0.151,4
5000,2910,0.0975,5
5000,2023,0.0651,6
5001,16870,0.4839,1
5001,8553,0.4447,2
5001,6575,0.0714,3
5002,3329,0.2663,1
5002,4791,0.2348,2
5002,5218,0.1951,3
5002,3579,0.1621,4
5002,4134,0.0856,5
5002,2472,0.0493,6
5002,2563,0.0068,7
5003,7087,0.7766,1
5003,9218,0.1131,2
5003,8363,0.0994,3
5003,2846,0.0109,4
5004,4146,0.505,1
5004,10247,0.1666,2
5004,10681,0.1106,3
5004,4707,0.1101,4
5004,7274,0.1076,5
5004,2505,0.0,6
5005,8313,0.6348,1
5005,3802,0.2886,2
5005,10195,0.0353,3
5005,10236,0.0236,4
5005,2169,0.0176,5
5006,1655,0.4753,1
5006,5267,0.4035,2
5006,4163,0.1212,3
5007,7048,0.9396,1
5007,10874,0.0512,2
5007,10404,0.0092,3
5008,6759,0.3188,1
5008,4001,0.3095,2
5008,4393,0.2263,3
5008,3375,0.1455,4
5009,13335,0.518,1
5009,14388,0.2539,2
5009,14510,0.2281,3
5010,17608,0.6691,1
5010,14118,0.2749,2
5010,3650,0.049,3
5010,11936,0.007,4
5011,17252,0.4861,1
5011,16643,0.304,2
5011,13485,0.1843,3
5011,12150,0.0255,4
5012,5084,0.7381,1
5012,4126,0.2537,2
5012,8179,0.0082,3
5013,2109,0.6431,1
5013,9660,0.219,2
5013,14485,0.0849,3
5013,4753,0.0448,4
5013,6225,0.0082,5
5014,3875,0.4743,1
5014,10890,0.2642,2
5014,3002,0.1095,3
5014,10047,0.0973,4
5014,6706,0.0243,5
5014,7084,0.0242,6
5014,5624,0.0063,7
5015,9913,0.713,1
5015,1739,0.1994,2
5015,2676,0.0876,3
5016,10056,0.2181,1
5016,10663,0.2054,2
5016,5094,0.1857,3
5016,10943,0.1835,4
5016,4532,0.1301,5
5016,2561,0.0772,6
5017,14805,0.4961,1
5017,5732,0.3663,2
5017,10206,0.0925,3
5017,2614,0.0451,4
5018,9120,0.7182,1
5018,10593,0.0792,2
5018,7756,0.0749,3
5018,9698,0.0611,4
5018,5715,0.0414,5
5018,3932,0.0252,6
5019,6975,0.5662,1
5019,8815,0.1479,2
5019,5892,0.1068,3
5019,4821,0.0887,4
5019,8055,0.0466,5
5019,8181,0.0439,6
5020,2356,0.6762,1
5020,5417,0.1738,2
5020,2017,0.1425,3
5020,2352,0.0075,4
5021,9779,0.3588,1
5021,6359,0.3324,2
5021,6299,0.2291,3
5021,8248,0.0563,4
5021,3645,0.0171,5
5021,1886,0.0064,6
5022,4597,0.5206,1
5022,4934,0.2308,2
5022,4513,0.1187,3
5022,4447,0.0794,4
5022,8042,0.0322,5
5022,9725,0.0104,6
5022,9536,0.0079,7
5023,13127,0.9291,1
5023,4459,0.0709,2
5024,7758,0.5322,1
5024,13590,0.3741,2
5024,1962,0.0794,3
5024,12845,0.0108,4
5024,4309,0.0035,5
5025,5778,0.5105,1
5025,7320,0.2866,2
5025,4725,0.1229,3
5025,9483,0.0789,4
5025,8440,0.0011,5
5026,11341,0.8168,1
5026,9600,0.1754,2
5026,7957,0.0079,3
5027,6938,0.5849,1
5027,15691,0.152,2
5027,15373,0.1302,3
5027,11216,0.1034,4
5027,9711,0.0295,5
5028,1818,0.8418,1
5028,10159,0.1084,2
5028,2235,0.0498,3
5029,6131,0.5253,1
5029,4915,0.4131,2
5029,8198,0.0616,3
5030,17060,0.561,1
5030,3204,0.1064,2
5030,15680,0.1041,3
5030,10382,0.0979,4
5030,9619,0.0873,5
5030,7946,0.0431,6
5030,2061,0.0001,7
5031,4591,0.3743,1
5031,7359,0.2518,2
5031,5331,0.2099,3
5031,13440,0.1215,4
5031,16345,0.0425,5
5032,6847,0.3666,1
5032,9647,0.1903,2
5032,8205,0.1766,3
5032,10345,0.0951,4
5032,3976,0.0923,5
5032,2176,0.0791,6
5033,14227,0.4594,1
5033,9945,0.3516,2
5033,17452,0.1492,3
5033,7636,0.0399,4
5034,3954,0.2935,1
5034,6364,0.246,2
5034,6166,0.1986,3
5034,2869,0.1493,4
5034,8532,0.1126,5
5035,10731,1.0,1
5036,3579,0.5329,1
5036,15332,0.1857,2
5036,4913,0.0966,3
5036,6787,0.0949,4
5036,2904,0.0744,5
5036,3242,0.0099,6
5036,12681,0.0056,7
5037,7808,0.6023,1
5037,11780,0.3964,2
5037,11876,0.0013,3
5038,6800,0.6448,1
5038,4632,0.157,2
5038,7230,0.1418,3
5038,2353,0.0564,4
5039,7604,0.8315,1
5039,15133,0.0565,2
5039,13819,0.0439,3
5039,5548,0.0419,4
5039,4583,0.0261,5
5040,3634,0.3222,1
5040,5501,0.1737,2
5040,3432,0.1587,3
5040,2569,0.1346,4
5040,2772,0.1216,5
5040,11314,0.0737,6
5040,8363,0.0155,7
5041,7229,0.3045,1
5041,9002,0.2458,2
5041,4687,0.1798,3
5041,7008,0.1588,4
5041,3042,0.1096,5
5041,10792,0.0014,6
5042,3753,0.4375,1
5042,5904,0.244,2
5042,5971,0.1616,3
5042,1863,0.1445,4
5042,10433,0.0123,5
5043,6676,0.604,1
5043,3972,0.3215,2
5043,3083,0.0425,3
5043,7068,0.032,4
5044,12223,0.3181,1
5044,15178,0.2317,2
5044,4721,0.1818,3
5044,10864,0.1095,4
5044,8140,0.1017,5
5044,4891,0.0572,6
5045,9960,0.5301,1
5045,6567,0.3374,2
5045,16421,0.0553,3
5045,9893,0.045,4
5045,6269,0.018,5
5045,14172,0.0071,6
5045,16719,0.0071,7
5046,4258,0.8093,1
5046,5242,0.136,2
5046,8445,0.0546,3
5047,16423,0.3096,1
5047,15066,0.2927,2
5047,11236,0.2456,3
5047,7156,0.1521,4
5048,3013,0.8814,1
5048,3933,0.107,2
5048,10864,0.0116,3
5049,13448,0.4942,1
5049,2159,0.4854,2
5049,14163,0.0204,3
5050,10761,0.5542,1
5050,5050,0.2689,2
5050,10360,0.1168,3
5050,4913,0.0295,4
5050,9895,0.0267,5
5050,7943,0.0039,6
5051,7721,0.5138,1
5051,2753,0.3852,2
5051,8306,0.101,3
5052,10618,0.6434,1
5052,2368,0.1747,2
5052,7764,0.1018,3
5052,3432,0.0495,4
5052,3756,0.0165,5
5052,2572,0.0077,6
5052,10496,0.0063,7
5053,10272,0.368,1
5053,15690,0.2202,2
5053,4092,0.1803,3
5053,7267,0.1629,4
5053,6120,0.0686,5
5054,15359,0.5695,1
5054,14238,0.29,2
5054,12054,0.1405,3
5055,1813,0.2874,1
5055,7348,0.2827,2
5055,3930,0.2473,3
5055,10750,0.1826,4
5056,2365,0.6644,1
5056,3660,0.3064,2
5056,5003,0.0291,3
5057,10966,0.4617,1
5057,10806,0.3231,2
5057,5353,0.2152,3
5058,8819,0.8589,1
5058,7643,0.1411,2
5059,3149,0.4468,1
5059,5578,0.3095,2
5059,9138,0.1949,3
5059,13235,0.0488,4
5060,11832,0.5207,1
5060,6971,0.2654,2
5060,14934,0.1869,3
5060,4709,0.0269,4
5061,5258,0.5604,1
5061,3640,0.2112,2
5061,6253,0.0816,3
5061,8456,0.0717,4
5061,8405,0.0614,5
5061,4938,0.0121,6
5061,5563,0.0016,7
5062,7368,0.3335,1
5062,16459,0.2492,2
5062,3604,0.1343,3
5062,9108,0.1218,4
5062,7126,0.0848,5
5062,9468,0.0734,6
5062,12798,0.0031,7
5063,11478,0.6277,1
5063,6932,0.2329,2
5063,13954,0.1394,3
5064,6768,0.5737,1
5064,13109,0.2387,2
5064,4097,0.1876,3
5065,5003,0.3984,1
5065,1809,0.3041,2
5065,5525,0.1605,3
5065,10416,0.1016,4
5065,5048,0.0354,5
5066,8988,0.2639,1
5066,14985,0.2309,2
5066,9498,0.1852,3
5066,7504,0.1785,4
5066,1985,0.0933,5
5066,8247,0.0294,6
5066,10850,0.0187,7
5067,7766,0.4436,1
5067,3410,0.3025,2
5067,6076,0.2247,3
5067,6263,0.0292,4
5068,6288,0.2684,1
5068,3909,0.2587,2
5068,4370,0.1331,3
5068,15308,0.1189,4
5068,16786,0.1185,5
5068,16846,0.0807,6
5068,5152,0.0217,7
5069,11764,0.4122,1
5069,17565,0.2419,2
5069,11089,0.1279,3
5069,12296,0.1101,4
5069,15893,0.1078,5
5070,6884,0.5543,1
5070,5153,0.2504,2
5070,5097,0.1633,3
5070,10953,0.032,4
5071,7534,0.3038,1
5071,1639,0.2092,2
5071,10363,0.1743,3
5071,5079,0.16,4
5071,7699,0.1445,5
5071,10284,0.0082,6
5072,12066,0.3535,1
5072,15891,0.2592,2
5072,2772,0.2209,3
5072,3546,0.0998,4
5072,6116,0.0413,5
5072,8855,0.0167,6
5072,4653,0.0086,7
5073,5018,0.4956,1
5073,13958,0.3428,2
5073,4175,0.1364,3
5073,14588,0.0252,4
5074,2742,0.3254,1
5074,5227,0.2814,2
5074,10768,0.1293,3
5074,6278,0.106,4
5074,10374,0.0865,5
5074,8620,0.0558,6
5074,7517,0.0156,7
5075,8188,0.7542,1
5075,9080,0.1715,2
5075,10909,0.036,3
5075,10407,0.0242,4
5075,7845,0.0141,5
5076,10987,0.6423,1
5076,2333,0.3577,2
5077,12445,0.4712,1
5077,11091,0.2737,2
5077,4891,0.2552,3
5078,7129,0.6289,1
5078,9451,0.224,2
5078,2308,0.1121,3
5078,5065,0.0351,4
5079,6262,0.4204,1
5079,12764,0.3351,2
5079,8934,0.1823,3
5079,8598,0.0622,4
5080,5434,0.4816,1
5080,8501,0.2602,2
5080,11045,0.1956,3
5080,9876,0.0488,4
5080,4335,0.0138,5
5081,3430,0.3452,1
5081,11780,0.2862,2
5081,4180,0.1307,3
5081,6618,0.1264,4
5081,3774,0.1116,5
5082,7914,0.6741,1
5082,3486,0.1594,2
5082,5814,0.1298,3
5082,5963,0.0367,4
5083,7859,0.631,1
5083,6023,0.2791,2
5083,9225,0.0866,3
5083,7442,0.0033,4
5084,3402,0.636,1
5084,15522,0.3526,2
5084,8322,0.0113,3
5085,5039,0.4561,1
5085,1730,0.206,2
5085,9173,0.1809,3
5085,5796,0.0913,4
5085,3904,0.0376,5
5085,6755,0.028,6
5086,7624,0.7341,1
5086,3123,0.1544,2
5086,12343,0.1067,3
5086,11873,0.0048,4
5087,6921,0.4177,1
5087,3797,0.3933,2
5087,16200,0.1774,3
5087,11298,0.0117,4
5088,9010,0.7376,1
5088,10003,0.2489,2
5088,4152,0.0135,3
5089,2047,0.3638,1
5089,2302,0.2446,2
5089,9360,0.1699,3
5089,2293,0.114,4
5089,9289,0.1077,5
5090,1771,0.5475,1
5090,8211,0.2949,2
5090,1809,0.1562,3
5090,3301,0.0014,4
5091,3241,0.5177,1
5091,15390,0.2377,2
5091,7795,0.1304,3
5091,8325,0.0663,4
5091,5086,0.0254,5
5091,3464,0.0129,6
5091,12036,0.0096,7
5092,7087,0.5123,1
5092,9813,0.4132,2
5092,4077,0.039,3
5092,7952,0.0354,4
5093,9624,0.4157,1
5093,8028,0.2298,2
5093,4420,0.1452,3
5093,10419,0.1368,4
5093,2138,0.0725,5
5094,9483,0.5246,1
5094,4966,0.4225,2
5094,2484,0.053,3
5095,9511,0.5057,1
5095,4907,0.16,2
5095,2075,0.1343,3
5095,2319,0.0921,4
5095,12631,0.0709,5
5095,12223,0.0256,6
5095,11240,0.0114,7
5096,6315,0.8422,1
5096,7479,0.1202,2
5096,15052,0.0369,3
5096,2228,0.0007,4
5097,14727,0.5028,1
5097,17394,0.2587,2
5097,4840,0.1533,3
5097,8261,0.0824,4
5097,2076,0.0028,5
5098,6828,0.4858,1
5098,10567,0.3504,2
5098,4720,0.1638,3
5099,2286,0.3832,1
5099,4724,0.2301,2
5099,12729,0.2013,3
5099,4494,0.1853,4
5100,2778,0.3306,1
5100,6784,0.2835,2
5100,13346,0.2418,3
5100,5128,0.0741,4
5100,11138,0.0521,5
5100,12258,0.0179,6
5101,7964,0.8489,1
5101,2143,0.0798,2
5101,11315,0.0713,3
5102,10285,0.7637,1
5102,4398,0.0996,2
5102,3321,0.0793,3
5102,11400,0.0533,4
5102,2713,0.004,5
5103,7161,0.5512,1
5103,8996,0.1463,2
5103,2145,0.133,3
5103,2309,0.1248,4
5103,9788,0.0435,5
5103,3266,0.0012,6
5103,4181,0.0,7
5104,1708,0.4781,1
5104,7501,0.2609,2
5104,5890,0.121,3
5104,16662,0.078,4
5104,10679,0.062,5
5105,11297,0.3755,1
5105,2581,0.2292,2
5105,9429,0.1936,3
5105,8032,0.1174,4
5105,10253,0.0737,5
5105,8066,0.0107,6
5106,5942,0.7173,1
5106,2911,0.2022,2
5106,6292,0.0804,3
5107,6213,0.5998,1
5107,5371,0.3643,2
5107,16701,0.0359,3
5108,3458,0.4235,1
5108,2675,0.3936,2
5108,10853,0.095,3
5108,3963,0.0778,4
5108,6374,0.01,5
5109,4353,0.8954,1
5109,11278,0.0916,2
5109,15902,0.013,3
5110,10326,0.7526,1
5110,9870,0.1321,2
5110,13482,0.1126,3
5110,6946,0.0027,4
5111,5080,0.6059,1
5111,5664,0.153,2
5111,6892,0.146,3
5111,8998,0.0952,4
5112,11426,0.2633,1
5112,3383,0.2495,2
5112,17506,0.1534,3
5112,7116,0.1453,4
5112,15503,0.1292,5
5112,2754,0.0439,6
5112,13575,0.0156,7
5113,12580,0.2585,1
5113,6775,0.2393,2
5113,11550,0.1952,3
5113,12155,0.186,4
5113,10163,0.121,5
5114,7251,0.595,1
5114,4514,0.346,2
5114,8637,0.059,3
5115,6706,0.4514,1
5115,8610,0.3402,2
5115,3257,0.098,3
5115,9385,0.0863,4
5115,3150,0.0241,5
5116,11624,1.0,1
5117,10693,0.4244,1
5117,4365,0.3737,2
5117,11060,0.2019,3
5118,2696,1.0,1
5119,2518,0.447,1
5119,12966,0.2725,2
5119,2114,0.1485,3
5119,11988,0.0963,4
5119,12118,0.0274,5
5119,10552,0.0083,6
5120,10023,0.5307,1
5120,9407,0.2155,2
5120,14549,0.1542,3
5120,16590,0.0969,4
5120,5200,0.0026,5
5121,1770,1.0,1
5122,6024,0.5447,1
5122,11085,0.3112,2
5122,2680,0.1225,3
5122,9717,0.0173,4
5122,4796,0.0043,5
5123,3424,0.4401,1
5123,3118,0.1389,2
5123,3613,0.1259,3
5123,8470,0.1211,4
5123,3900,0.085,5
5123,3688,0.0577,6
5123,8611,0.0314,7
5124,6985,0.4196,1
5124,9396,0.2429,2
5124,5538,0.1965,3
5124,4670,0.0681,4
5124,12334,0.0516,5
5124,12679,0.0213,6
5125,16050,0.6711,1
5125,4367,0.1931,2
5125,14719,0.0538,3
5125,13415,0.045,4
5125,12799,0.037,5
5126,10381,0.3744,1
5126,12443,0.2949,2
5126,7263,0.1809,3
5126,2835,0.1085,4
5126,10211,0.0413,5
5127,12948,0.4042,1
5127,8619,0.3988,2
5127,4899,0.197,3
5128,14203,0.6593,1
5128,12147,0.2843,2
5128,11236,0.0433,3
5128,11741,0.013,4
5129,15483,0.6582,1
5129,11286,0.1277,2
5129,3704,0.0909,3
5129,2369,0.0716,4
5129,6524,0.0313,5
5129,14924,0.0161,6
5129,13114,0.0043,7
5130,1818,0.4288,1
5130,4361,0.2931,2
5130,8050,0.2419,3
5130,3831,0.0362,4
5131,3185,0.4645,1
5131,11839,0.2656,2
5131,16266,0.1449,3
5131,13715,0.0547,4
5131,6539,0.0373,5
5131,13618,0.033,6
5132,3260,0.5201,1
5132,10554,0.3665,2
5132,14293,0.1135,3
5133,6734,0.8517,1
5133,5910,0.0771,2
5133,2545,0.036,3
5133,5688,0.0353,4
5134,8207,0.5489,1
5134,8741,0.4365,2
5134,6533,0.0146,3
5135,8389,0.6037,1
5135,7027,0.2447,2
5135,3371,0.1255,3
5135,10074,0.0206,4
5135,6799,0.0056,5
5136,8781,0.2965,1
5136,8957,0.287,2
5136,9970,0.1805,3
5136,3854,0.1645,4
5136,9891,0.0467,5
5136,6189,0.0247,6
5137,14279,0.2881,1
5137,4666,0.2728,2
5137,9051,0.2722,3
5137,5091,0.1083,4
5137,14624,0.0585,5
5138,2745,0.4403,1
5138,6003,0.4009,2
5138,3124,0.1588,3
5139,11758,0.3678,1
5139,3762,0.2965,2
5139,7851,0.1325,3
5139,2765,0.0714,4
5139,10005,0.057,5
5139,14295,0.0511,6
5139,16123,0.0236,7
5140,9880,0.3345,1
5140,7021,0.3057,2
5140,6085,0.2511,3
5140,13373,0.0588,4
5140,5512,0.0499,5
5141,2895,0.3958,1
5141,15698,0.2557,2
5141,9430,0.1524,3
5141,5344,0.0866,4
5141,6925,0.0852,5
5141,15435,0.0124,6
5141,12663,0.0118,7
5142,2954,0.5277,1
5142,2169,0.3625,2
5142,3817,0.1098,3
5143,2139,0.3344,1
5143,17325,0.2587,2
5143,3607,0.1863,3
5143,15156,0.1417,4
5143,11494,0.0437,5
5143,5314,0.0352,6
5144,5068,0.4553,1
5144,6481,0.4543,2
5144,5294,0.0904,3
5145,8049,0.3935,1
5145,11379,0.269,2
5145,9513,0.2572,3
5145,2980,0.0803,4
5146,5695,0.5235,1
5146,1763,0.2517,2
5146,8744,0.1148,3
5146,2555,0.11,4
5147,3880,0.3422,1
5147,8906,0.302,2
5147,4116,0.2268,3
5147,9113,0.0724,4
5147,8969,0.042,5
5147,8190,0.0147,6
5148,2810,0.6319,1
5148,7857,0.2969,2
5148,2630,0.0653,3
5148,14144,0.0059,4
5149,11060,0.655,1
5149,3500,0.3379,2
5149,2372,0.0071,3
5150,7429,0.3376,1
5150,7483,0.2001,2
5150,3236,0.1764,3
5150,10506,0.1521,4
5150,9305,0.1104,5
5150,2738,0.0234,6
5151,5361,0.6443,1
5151,3018,0.3557,2
5152,4081,0.3194,1
5152,5565,0.315,2
5152,3617,0.2585,3
5152,5945,0.0907,4
5152,7237,0.0164,5
5153,7505,0.7187,1
5153,16320,0.1604,2
5153,9262,0.0437,3
5153,10833,0.0405,4
5153,9960,0.0367,5
5154,6328,0.4273,1
5154,6650,0.2908,2
5154,4360,0.2817,3
5154,3986,0.0001,4
5155,6188,0.3224,1
5155,6976,0.2822,2
5155,8641,0.2631,3
5155,5299,0.1036,4
5155,12086,0.0146,5
5155,15258,0.0141,6
5156,4403,0.4863,1
5156,7511,0.3192,2
5156,8786,0.1196,3
5156,9208,0.0749,4
5157,14309,0.3715,1
5157,10751,0.2901,2
5157,8155,0.1584,3
5157,17417,0.0958,4
5157,11343,0.0395,5
5157,7562,0.0274,6
5157,1688,0.0175,7
5158,9541,0.4293,1
5158,13391,0.2518,2
5158,16238,0.1674,3
5158,2559,0.0574,4
5158,3785,0.0512,5
5158,6512,0.0338,6
5158,9046,0.0092,7
5159,12327,0.4948,1
5159,15352,0.3312,2
5159,17227,0.1739,3
5160,16261,0.3963,1
5160,6440,0.3249,2
5160,9321,0.1407,3
5160,10009,0.138,4
5161,3262,0.393,1
5161,5378,0.3704,2
5161,15817,0.2366,3
5162,7079,0.6967,1
5162,7484,0.1171,2
5162,4294,0.104,3
5162,5295,0.0705,4
5162,11515,0.0116,5
5163,4599,0.745,1
5163,4857,0.1841,2
5163,8826,0.0709,3
5164,14561,0.6123,1
5164,4411,0.1996,2
5164,3865,0.1361,3
5164,5753,0.0461,4
5164,14074,0.006,5
5165,9305,0.4365,1
5165,10116,0.1885,2
5165,3854,0.15,3
5165,11288,0.1484,4
5165,9616,0.0405,5
5165,4060,0.0293,6
5165,7684,0.0068,7
5166,13030,1.0,1
5167,16583,0.4339,1
5167,9849,0.3492,2
5167,15366,0.1217,3
5167,5745,0.0583,4
5167,1656,0.0298,5
5167,9784,0.0072,6
5168,4304,0.2468,1
5168,6040,0.2374,2
5168,12767,0.1912,3
5168,3559,0.1898,4
5168,6086,0.0646,5
5168,11230,0.0515,6
5168,17493,0.0187,7
5169,10081,0.9243,1
5169,2639,0.0757,2
5170,10282,0.2604,1
5170,13310,0.2534,2
5170,6610,0.2068,3
5170,17321,0.1532,4
5170,1967,0.0658,5
5170,5641,0.0605,6
5171,16053,0.4988,1
5171,17277,0.191,2
5171,5113,0.1726,3
5171,14591,0.1376,4
5172,8415,0.5819,1
5172,4675,0.2644,2
5172,3798,0.1537,3
5173,10802,0.6199,1
5173,14859,0.2879,2
5173,11700,0.0922,3
5174,8025,0.3442,1
5174,3933,0.2403,2
5174,11111,0.1135,3
5174,2334,0.1109,4
5174,11125,0.1008,5
5174,11044,0.0903,6
5175,13057,0.4025,1
5175,16996,0.2259,2
5175,9763,0.1846,3
5175,12679,0.1754,4
5175,8261,0.0116,5
5176,8186,0.3566,1
5176,4632,0.2588,2
5176,11027,0.2371,3
5176,10313,0.1475,4
5177,16812,0.4227,1
5177,1974,0.2524,2
5177,14127,0.1216,3
5177,7505,0.1049,4
5177,7290,0.0508,5
5177,17370,0.0477,6
5178,11565,0.6193,1
5178,9541,0.3025,2
5178,14360,0.0782,3
5179,10332,0.4763,1
5179,9729,0.2522,2
5179,9010,0.1534,3
5179,9663,0.0735,4
5179,4083,0.0446,5
5180,3383,0.8336,1
5180,11543,0.0985,2
5180,9864,0.0313,3
5180,12505,0.0224,4
5180,9704,0.0143,5
5181,9647,0.434,1
5181,6426,0.1864,2
5181,11152,0.1829,3
5181,9779,0.0916,4
5181,5405,0.0577,5
5181,1959,0.0475,6
5182,6466,0.5979,1
5182,6956,0.2216,2
5182,17557,0.0822,3
5182,4146,0.0673,4
5182,17516,0.0311,5
5183,12225,0.6043,1
5183,15105,0.1544,2
5183,16675,0.1447,3
5183,9012,0.0849,4
5183,4954,0.0116,5
5184,10988,0.5,1
5184,3329,0.4588,2
5184,8767,0.0412,3
5185,6478,0.3058,1
5185,13635,0.3018,2
5185,16556,0.1972,3
5185,10644,0.1952,4
5186,3837,0.7076,1
5186,15488,0.1799,2
5186,2334,0.0619,3
5186,2897,0.0282,4
5186,16751,0.0203,5
5186,4115,0.002,6
5187,10140,0.4754,1
5187,6967,0.2686,2
5187,2372,0.0941,3
5187,5356,0.0869,4
5187,5061,0.0403,5
5187,6662,0.0346,6
5188,12462,0.5781,1
5188,1753,0.3968,2
5188,1891,0.025,3
5189,4815,0.5684,1
5189,2638,0.2172,2
5189,10855,0.2144,3
5190,7865,0.8895,1
5190,8750,0.1057,2
5190,3297,0.0047,3
5191,9308,0.7851,1
5191,4439,0.1983,2
5191,15972,0.0092,3
5191,11721,0.0074,4
5192,3398,0.5527,1
5192,8412,0.2974,2
5192,10412,0.1167,3
5192,8826,0.0132,4
5192,1887,0.0115,5
5192,3616,0.0048,6
5192,11144,0.0037,7
5193,7766,0.3595,1
5193,5510,0.26,2
5193,6191,0.1224,3
5193,7195,0.0945,4
5193,7164,0.0731,5
5193,12441,0.0705,6
5193,2587,0.0201,7
5194,7475,0.261,1
5194,6565,0.2263,2
5194,2834,0.1952,3
5194,4850,0.1731,4
5194,4984,0.0827,5
5194,3343,0.0426,6
5194,4380,0.0191,7
5195,8709,0.9169,1
5195,9025,0.0831,2
5196,10499,0.711,1
5196,1675,0.218,2
5196,2945,0.0711,3
5197,12681,0.8573,1
5197,12060,0.1234,2
5197,6790,0.0192,3
5198,5480,0.4439,1
5198,7463,0.2075,2
5198,7336,0.189,3
5198,13538,0.1056,4
5198,16783,0.0539,5
5199,11387,0.5107,1
5199,15968,0.243,2
5199,7250,0.093,3
5199,9259,0.0808,4
5199,16545,0.058,5
5199,7750,0.0145,6
5200,3503,0.4569,1
5200,7856,0.4212,2
5200,7163,0.0874,3
5200,5197,0.0345,4
5201,12174,0.4663,1
5201,12443,0.259,2
5201,13977,0.1444,3
5201,13030,0.1021,4
5201,5033,0.0221,5
5201,10211,0.006,6
5202,11304,0.3411,1
5202,11066,0.2364,2
5202,7109,0.1627,3
5202,6897,0.1306,4
5202,7481,0.1292,5
5203,6061,0.5055,1
5203,3372,0.287,2
5203,7158,0.2075,3
5204,9497,0.6755,1
5204,7283,0.3245,2
5205,3431,0.5243,1
5205,4658,0.3394,2
5205,5721,0.11,3
5205,6674,0.0163,4
5205,1762,0.01,5
5206,12124,0.3571,1
5206,7046,0.2397,2
5206,7438,0.2115,3
5206,14985,0.0931,4
5206,6393,0.0684,5
5206,13500,0.0187,6
5206,10679,0.0116,7
5207,8060,1.0,1
5208,8829,0.4574,1
5208,1700,0.2825,2
5208,10469,0.0795,3
5208,4240,0.0634,4
5208,9007,0.0559,5
5208,2192,0.0449,6
5208,9905,0.0163,7
5209,8277,0.5724,1
5209,3104,0.2347,2
5209,4348,0.1929,3
5210,3051,0.5515,1
5210,3016,0.3938,2
5210,10983,0.0291,3
5210,8631,0.0179,4
5210,2234,0.0077,5
5211,7180,0.5808,1
5211,2022,0.2225,2
5211,4414,0.0989,3
5211,9994,0.0977,4
5212,10286,0.66,1
5212,10508,0.2118,2
5212,11017,0.1282,3
5213,11791,0.4918,1
5213,1949,0.3525,2
5213,4194,0.1557,3
5214,7616,0.4143,1
5214,5699,0.221,2
5214,1767,0.1619,3
5214,5892,0.1441,4
5214,4807,0.0449,5
5214,5065,0.0139,6
5215,14026,0.8172,1
5215,4578,0.1656,2
5215,10981,0.0171,3
5216,8916,0.7285,1
5216,5949,0.1867,2
5216,3760,0.0848,3
5217,5656,0.5604,1
5217,8005,0.2698,2
5217,2717,0.1697,3
5218,3340,0.3844,1
5218,17487,0.179,2
5218,15243,0.163,3
5218,7013,0.1195,4
5218,5514,0.1062,5
5218,16330,0.0478,6
5219,4084,0.3705,1
5219,9086,0.2618,2
5219,2690,0.1973,3
5219,13784,0.1229,4
5219,5534,0.0364,5
5219,11767,0.0112,6
5220,3554,0.4136,1
5220,10587,0.2108,2
5220,2540,0.1444,3
5220,8147,0.105,4
5220,8974,0.0705,5
5220,1999,0.0556,6
5221,5945,0.6089,1
5221,2870,0.2261,2
5221,2116,0.1448,3
5221,8335,0.0203,4
5222,6948,0.5887,1
5222,11538,0.1726,2
5222,10359,0.1182,3
5222,11034,0.1145,4
5222,14830,0.006,5
5223,4644,0.3048,1
5223,4651,0.1843,2
5223,9261,0.1538,3
5223,11100,0.1466,4
5223,10143,0.1109,5
5223,3021,0.0691,6
5223,10804,0.0306,7
5224,1799,0.5904,1
5224,2973,0.2909,2
5224,8355,0.1187,3
5225,14482,0.5373,1
5225,6536,0.1623,2
5225,12148,0.1241,3
5225,5020,0.1235,4
5225,3471,0.0365,5
5225,4078,0.0162,6
5226,5666,0.5969,1
5226,13319,0.2727,2
5226,15692,0.0736,3
5226,6193,0.0568,4
5227,11046,0.3534,1
5227,5876,0.3278,2
5227,7528,0.2291,3
5227,5888,0.0771,4
5227,7515,0.0126,5
5228,1958,0.7842,1
5228,3646,0.2124,2
5228,4600,0.0034,3
5229,11031,0.3577,1
5229,9852,0.2472,2
5229,8013,0.2262,3
5229,5997,0.0847,4
5229,2708,0.0425,5
5229,8480,0.0416,6
5229,5893,0.0002,7
5230,2881,0.6345,1
5230,14232,0.3046,2
5230,13235,0.0609,3
5231,3283,0.5642,1
5231,12763,0.2674,2
5231,6081,0.1684,3
5232,4553,0.4587,1
5232,10917,0.2989,2
5232,1668,0.1521,3
5232,11792,0.0681,4
5232,12225,0.0222,5
5233,4887,0.42,1
5233,8574,0.3891,2
5233,5549,0.0966,3
5233,3476,0.0741,4
5233,1984,0.0201,5
5234,5245,0.4477,1
5234,6590,0.289,2
5234,8976,0.2633,3
5235,12298,0.8389,1
5235,3300,0.1569,2
5235,2974,0.0042,3
5236,5065,0.4978,1
5236,1835,0.2288,2
5236,5350,0.1183,3
5236,8408,0.1143,4
5236,15329,0.0407,5
5237,2678,0.7906,1
5237,11012,0.1748,2
5237,7174,0.0338,3
5237,5037,0.0008,4
5238,7145,0.4551,1
5238,2708,0.3194,2
5238,10263,0.2035,3
5238,3927,0.0219,4
5239,16007,0.5064,1
5239,17291,0.3606,2
5239,5212,0.0437,3
5239,4315,0.0368,4
5239,8876,0.0269,5
5239,3281,0.0256,6
5240,8434,0.6121,1
5240,2540,0.1415,2
5240,9448,0.1319,3
5240,6110,0.0679,4
5240,9114,0.0302,5
5240,5624,0.0165,6
5241,4846,0.4186,1
5241,4607,0.2738,2
5241,16018,0.1166,3
5241,16598,0.1051,4
5241,12155,0.0788,5
5241,7788,0.0071,6
5242,2031,0.6241,1
5242,9981,0.3003,2
5242,2807,0.042,3
5242,11073,0.0336,4
5243,16481,0.5684,1
5243,14008,0.1633,2
5243,13545,0.1132,3
5243,3661,0.0858,4
5243,8125,0.0609,5
5243,12360,0.0084,6
5244,7399,0.3567,1
5244,6355,0.2797,2
5244,5001,0.2201,3
5244,9487,0.1112,4
5244,1861,0.0296,5
5244,6600,0.0026,6
5245,3510,0.2754,1
5245,9379,0.2392,2
5245,14429,0.1877,3
5245,7430,0.1809,4
5245,8133,0.102,5
5245,5083,0.0148,6
5246,5417,0.6226,1
5246,4016,0.2173,2
5246,8692,0.0647,3
5246,13470,0.0541,4
5246,15001,0.0364,5
5246,2655,0.005,6
5247,7295,0.9871,1
5247,4911,0.0129,2
5248,3615,0.4955,1
5248,13521,0.4589,2
5248,6008,0.0456,3
5249,9920,0.3694,1
5249,12960,0.3599,2
5249,13895,0.146,3
5249,2965,0.0507,4
5249,14050,0.0471,5
5249,12108,0.0152,6
5249,7489,0.0118,7
5250,13895,0.3882,1
5250,16844,0.3379,2
5250,9900,0.2037,3
5250,14646,0.0677,4
5250,3486,0.0025,5
5251,6621,0.2659,1
5251,5544,0.2416,2
5251,2862,0.2351,3
5251,14897,0.1883,4
5251,4494,0.0389,5
5251,6215,0.0303,6
5252,6119,0.3363,1
5252,2655,0.3134,2
5252,7676,0.2505,3
5252,4594,0.085,4
5252,7860,0.0147,5
5253,6964,0.2451,1
5253,2892,0.2098,2
5253,5193,0.192,3
5253,3092,0.1849,4
5253,3239,0.1683,5
5254,12967,0.5339,1
5254,8003,0.2505,2
5254,2196,0.207,3
5254,13100,0.0086,4
5255,15455,0.5578,1
5255,14903,0.1517,2
5255,14572,0.1367,3
5255,15240,0.0777,4
5255,2913,0.0428,5
5255,4705,0.0326,6
5255,6657,0.0006,7
5256,10031,0.4909,1
5256,10198,0.2712,2
5256,15267,0.177,3
5256,15332,0.061,4
5257,6068,0.5785,1
5257,6359,0.3038,2
5257,3568,0.0913,3
5257,9216,0.0264,4
5258,2663,0.8417,1
5258,10553,0.1583,2
5259,1908,0.3844,1
5259,3077,0.2489,2
5259,3984,0.1776,3
5259,6641,0.1441,4
5259,1920,0.045,5
5260,15455,0.7229,1
5260,13938,0.1732,2
5260,9704,0.0899,3
5260,10249,0.0141,4
5261,9932,0.9062,1
5261,1662,0.055,2
5261,11235,0.0388,3
5262,7344,0.5073,1
5262,5932,0.3772,2
5262,4279,0.0848,3
5262,10419,0.0229,4
5262,8529,0.0078,5
5263,4462,0.7338,1
5263,2772,0.1489,2
5263,1880,0.1111,3
5263,7310,0.0063,4
5264,7996,0.4521,1
5264,10910,0.37,2
5264,11546,0.1269,3
5264,14532,0.047,4
5264,16770,0.0041,5
5265,15230,0.3739,1
5265,5866,0.328,2
5265,1984,0.1574,3
5265,7631,0.0722,4
5265,2058,0.0684,5
5266,3791,0.328,1
5266,4828,0.3002,2
5266,17024,0.2493,3
5266,7225,0.0683,4
5266,14929,0.0385,5
5266,12213,0.0157,6
5267,4881,0.5051,1
5267,7517,0.2819,2
5267,2447,0.1421,3
5267,8538,0.0709,4
5268,11465,0.9019,1
5268,5200,0.0505,2
5268,2926,0.0319,3
5268,3746,0.0158,4
5269,1946,0.6558,1
5269,3211,0.1859,2
5269,3248,0.0922,3
5269,3896,0.0414,4
5269,8781,0.0247,5
5270,6869,0.5072,1
5270,3226,0.2259,2
5270,7660,0.1007,3
5270,4078,0.0967,4
5270,9989,0.0589,5
5270,1829,0.0106,6
5271,5386,0.5493,1
5271,5801,0.1615,2
5271,9558,0.1291,3
5271,3476,0.0814,4
5271,2360,0.0787,5
5272,2545,0.5172,1
5272,7810,0.3425,2
5272,2190,0.1404,3
5273,15404,0.671,1
5273,16882,0.1639,2
5273,3873,0.1554,3
5273,5140,0.0097,4
5274,2001,0.4091,1
5274,2920,0.3791,2
5274,10035,0.2118,3
5275,2286,0.5632,1
5275,4191,0.1913,2
5275,2800,0.0884,3
5275,4972,0.0789,4
5275,1735,0.0783,5
5276,6839,1.0,1
5277,11983,0.5353,1
5277,2763,0.4585,2
5277,2784,0.0062,3
5278,17474,0.6317,1
5278,9531,0.3657,2
5278,6874,0.0026,3
5279,15583,0.3065,1
5279,11505,0.2488,2
5279,11019,0.2111,3
5279,8168,0.1716,4
5279,8157,0.062,5
5280,7798,0.3694,1
5280,10658,0.367,2
5280,10607,0.1912,3
5280,9452,0.067,4
5280,8739,0.0054,5
5281,15224,0.7791,1
5281,14954,0.2202,2
5281,6019,0.0007,3
5282,3271,0.6155,1
5282,10308,0.27,2
5282,13485,0.1145,3
5283,10304,0.3553,1
5283,15902,0.3393,2
5283,4904,0.2447,3
5283,10861,0.0265,4
5283,4973,0.0251,5
5283,11833,0.009,6
5284,7714,0.4169,1
5284,8007,0.1752,2
5284,13901,0.1603,3
5284,17311,0.1527,4
5284,2267,0.095,5
5285,4630,0.6776,1
5285,6376,0.1678,2
5285,5859,0.1182,3
5285,6581,0.0274,4
5285,9411,0.009,5
5286,13761,0.4406,1
5286,15157,0.2732,2
5286,16139,0.2189,3
5286,13805,0.0673,4
5287,10021,0.494,1
5287,12928,0.1536,2
5287,8162,0.1333,3
5287,12037,0.133,4
5287,8214,0.0861,5
5288,3147,0.4895,1
5288,9916,0.3587,2
5288,2291,0.0756,3
5288,11020,0.0514,4
5288,3458,0.0248,5
5289,6152,0.5428,1
5289,2683,0.3208,2
5289,3006,0.0864,3
5289,2269,0.0265,4
5289,7262,0.0235,5
5290,3282,0.7035,1
5290,5559,0.1316,2
5290,5219,0.1001,3
5290,8135,0.0366,4
5290,7028,0.0282,5
5291,8287,0.6634,1
5291,15139,0.3366,2
5292,4416,0.6639,1
5292,10841,0.2548,2
5292,10496,0.0687,3
5292,10327,0.0126,4
5293,8961,0.5974,1
5293,7517,0.1504,2
5293,3342,0.1471,3
5293,9311,0.0737,4
5293,6987,0.0302,5
5293,2262,0.0012,6
5294,4503,1.0,1
5295,11055,0.3398,1
5295,9649,0.3041,2
5295,10866,0.261,3
5295,14950,0.0844,4
5295,10106,0.0108,5
5296,11150,0.5118,1
5296,2312,0.3542,2
5296,8350,0.0616,3
5296,4617,0.0517,4
5296,6672,0.0207,5
5297,11745,0.5152,1
5297,17540,0.2974,2
5297,6388,0.0928,3
5297,9891,0.0538,4
5297,2206,0.0408,5
5298,8380,0.4577,1
5298,11244,0.1801,2
5298,8607,0.1755,3
5298,5983,0.1202,4
5298,3218,0.0418,5
5298,8694,0.0246,6
5299,15111,0.2821,1
5299,10689,0.2767,2
5299,12728,0.1835,3
5299,14573,0.1601,4
5299,6364,0.0908,5
5299,5641,0.0069,6
5300,2484,0.9056,1
5300,3688,0.0587,2
5300,3007,0.0234,3
5300,9781,0.0068,4
5300,3220,0.0055,5
5301,7501,0.4065,1
5301,4374,0.397,2
5301,11208,0.1616,3
5301,16004,0.0348,4
5302,10049,0.4597,1
5302,6982,0.2971,2
5302,11029,0.1829,3
5302,17373,0.0531,4
5302,17229,0.0071,5
5303,2442,0.59,1
5303,12189,0.24,2
5303,6848,0.1307,3
5303,5966,0.0394,4
5304,8490,0.7829,1
5304,3589,0.1356,2
5304,15306,0.0815,3
5305,15983,1.0,1
5306,7836,0.3833,1
5306,9416,0.3741,2
5306,7953,0.1983,3
5306,5021,0.0324,4
5306,3931,0.0118,5
5307,1749,0.3975,1
5307,5754,0.3893,2
5307,14796,0.2132,3
5308,9735,0.5527,1
5308,2412,0.4424,2
5308,2101,0.0049,3
5309,15279,0.4372,1
5309,14960,0.2409,2
5309,12382,0.1846,3
5309,6931,0.1366,4
5309,6507,0.0007,5
5310,4852,0.3928,1
5310,10692,0.309,2
5310,6464,0.0995,3
5310,5505,0.0641,4
5310,5262,0.0629,5
5310,4335,0.0364,6
5310,5362,0.0353,7
5311,1920,0.3172,1
5311,3594,0.1979,2
5311,4472,0.1404,3
5311,5731,0.1369,4
5311,10478,0.1004,5
5311,7952,0.0996,6
5311,3438,0.0075,7
5312,11428,0.3763,1
5312,13301,0.2235,2
5312,11673,0.2113,3
5312,15162,0.189,4
5313,1637,0.4301,1
5313,5003,0.1513,2
5313,8183,0.135,3
5313,4687,0.121,4
5313,11062,0.1151,5
5313,4433,0.0476,6
5314,2525,0.3619,1
5314,9889,0.2514,2
5314,6530,0.1191,3
5314,2196,0.0959,4
5314,9460,0.0707,5
5314,8370,0.0706,6
5314,9304,0.0303,7
5315,3788,0.4661,1
5315,5464,0.4151,2
5315,3538,0.1188,3
5316,4950,0.417,1
5316,7414,0.3209,2
5316,7485,0.2596,3
5316,7843,0.0014,4
5316,9334,0.0012,5
5317,6772,1.0,1
5318,13146,0.4437,1
5318,2586,0.2303,2
5318,14985,0.2026,3
5318,5811,0.055,4
5318,3656,0.0388,5
5318,6344,0.0288,6
5318,8913,0.0008,7
5319,8751,0.383,1
5319,4397,0.2445,2
5319,6957,0.1713,3
5319,7302,0.0778,4
5319,4307,0.066,5
5319,10371,0.0348,6
5319,8907,0.0227,7
5320,9013,0.5905,1
5320,7682,0.1819,2
5320,5458,0.141,3
5320,2546,0.0865,4
5321,1726,0.7763,1
5321,16330,0.1528,2
5321,6622,0.044,3
5321,9550,0.0268,4
5322,6949,0.4936,1
5322,3737,0.3181,2
5322,4154,0.1883,3
5323,13391,0.3568,1
5323,15138,0.2406,2
5323,8943,0.126,3
5323,10030,0.1041,4
5323,14767,0.0967,5
5323,6231,0.0758,6
5324,7689,0.5825,1
5324,8893,0.3228,2
5324,3705,0.0933,3
5324,7826,0.0015,4
5325,3387,0.4979,1
5325,5588,0.3204,2
5325,5079,0.1735,3
5325,4366,0.0082,4
5326,4331,0.2885,1
5326,6228,0.2268,2
5326,3066,0.2176,3
5326,5367,0.2113,4
5326,8241,0.0557,5
5327,13115,0.6372,1
5327,4018,0.1401,2
5327,3937,0.1172,3
5327,14422,0.1055,4
5328,4959,0.7032,1
5328,9691,0.1357,2
5328,4241,0.0786,3
5328,11658,0.0325,4
5328,5641,0.0271,5
5328,11607,0.0143,6
5328,11023,0.0085,7
5329,6193,0.6503,1
5329,15318,0.3109,2
5329,11016,0.0389,3
5330,8636,0.3749,1
5330,8794,0.3224,2
5330,5245,0.1545,3
5330,1751,0.1333,4
5330,3846,0.015,5
5331,4791,0.8133,1
5331,6299,0.1412,2
5331,9493,0.0392,3
5331,4886,0.0064,4
5332,8880,0.6701,1
5332,3018,0.3118,2
5332,9782,0.0176,3
5332,2845,0.0005,4
5333,4300,0.6366,1
5333,2607,0.2665,2
5333,9262,0.0822,3
5333,16380,0.0146,4
5334,6696,0.3253,1
5334,6383,0.3014,2
5334,8187,0.1889,3
5334,6869,0.1066,4
5334,6191,0.0779,5
5335,4310,0.4954,1
5335,14956,0.1838,2
5335,8889,0.1433,3
5335,7908,0.0782,4
5335,11766,0.0507,5
5335,13046,0.0246,6
5335,3156,0.0241,7
5336,10791,0.3942,1
5336,4789,0.2927,2
5336,11968,0.1685,3
5336,7164,0.1075,4
5336,2244,0.0371,5
5337,11478,1.0,1
5338,7376,0.5253,1
5338,15073,0.4581,2
5338,12701,0.0166,3
5339,5528,0.8528,1
5339,7008,0.0849,2
5339,6155,0.0623,3
5340,10011,0.6173,1
5340,3417,0.3382,2
5340,4001,0.0446,3
5341,3783,0.5148,1
5341,4390,0.2358,2
5341,10712,0.1704,3
5341,4843,0.0531,4
5341,8189,0.0256,5
5341,8165,0.0003,6
5342,1852,0.5726,1
5342,5841,0.3899,2
5342,1718,0.0375,3
5343,9744,0.8268,1
5343,8289,0.1388,2
5343,3308,0.0215,3
5343,10298,0.013,4
5344,11586,0.8359,1
5344,17443,0.1641,2
5345,3666,0.3478,1
5345,10798,0.3186,2
5345,4842,0.1805,3
5345,5473,0.153,4
5346,2424,0.7844,1
5346,10342,0.209,2
5346,11758,0.0065,3
5347,7104,0.3463,1
5347,10012,0.2538,2
5347,6253,0.2252,3
5347,11192,0.0979,4
5347,6354,0.062,5
5347,2689,0.0099,6
5347,7933,0.0049,7
5348,17104,0.3442,1
5348,11168,0.218,2
5348,9513,0.1495,3
5348,5408,0.1486,4
5348,8650,0.0855,5
5348,3191,0.0348,6
5348,7556,0.0194,7
5349,8431,0.5902,1
5349,5671,0.308,2
5349,2417,0.1018,3
5350,3532,0.4548,1
5350,6827,0.1854,2
5350,6850,0.1559,3
5350,7801,0.0846,4
5350,4760,0.083,5
5350,2057,0.0308,6
5350,3601,0.0055,7
5351,5303,1.0,1
5352,4366,0.4797,1
5352,3740,0.2235,2
5352,4412,0.1992,3
5352,6848,0.0828,4
5352,5820,0.0148,5
5353,8116,0.4325,1
5353,11209,0.3383,2
5353,5911,0.1069,3
5353,4803,0.0795,4
5353,1992,0.0286,5
5353,8790,0.0142,6
5354,6533,0.7637,1
5354,8231,0.1546,2
5354,8422,0.0441,3
5354,5715,0.0375,4
5355,11163,0.2883,1
5355,2389,0.2615,2
5355,13458,0.2044,3
5355,3495,0.1409,4
5355,15835,0.0724,5
5355,14040,0.0268,6
5355,17311,0.0057,7
5356,2824,0.4612,1
5356,10634,0.3356,2
5356,3619,0.2029,3
5356,4839,0.0004,4
5357,4805,0.3517,1
5357,5624,0.3184,2
5357,11062,0.2022,3
5357,4190,0.1277,4
5358,10558,0.4295,1
5358,3399,0.283,2
5358,1667,0.1183,3
5358,2360,0.0763,4
5358,3985,0.0708,5
5358,6185,0.0221,6
5359,10499,0.3748,1
5359,10380,0.2602,2
5359,6654,0.2108,3
5359,3498,0.1116,4
5359,2004,0.0425,5
5360,13201,0.7214,1
5360,16739,0.1868,2
5360,2938,0.0918,3
5361,6309,0.8418,1
5361,11346,0.1214,2
5361,6020,0.0317,3
5361,2529,0.0051,4
5362,11755,0.4326,1
5362,5534,0.352,2
5362,4488,0.2153,3
5363,2535,0.6546,1
5363,8557,0.1654,2
5363,10349,0.1381,3
5363,6590,0.0419,4
5364,4438,0.4686,1
5364,5805,0.2769,2
5364,2553,0.1977,3
5364,8182,0.0291,4
5364,9279,0.0265,5
5364,9641,0.0012,6
5365,5156,0.7135,1
5365,5081,0.1618,2
5365,10814,0.0982,3
5365,9684,0.0248,4
5365,6865,0.0016,5
5366,8318,0.5388,1
5366,7353,0.4104,2
5366,11434,0.0508,3
5367,17597,0.8224,1
5367,12840,0.0826,2
5367,8100,0.0659,3
5367,12701,0.0291,4
5368,7203,0.3895,1
5368,8010,0.1957,2
5368,6785,0.1771,3
5368,11809,0.1605,4
5368,1932,0.0773,5
5369,2535,0.6684,1
5369,8532,0.1422,2
5369,12428,0.1262,3
5369,9362,0.0632,4
5370,8172,0.2118,1
5370,6870,0.1924,2
5370,9689,0.1826,3
5370,7968,0.164,4
5370,2067,0.1563,5
5370,7548,0.0706,6
5370,9853,0.0223,7
5371,8830,0.3726,1
5371,3285,0.2994,2
5371,5555,0.2049,3
5371,8679,0.1231,4
5372,5623,0.4552,1
5372,3847,0.2074,2
5372,4760,0.2017,3
5372,6512,0.0733,4
5372,3737,0.0624,5
5373,12331,0.8327,1
5373,1925,0.1286,2
5373,16664,0.0387,3
5374,9153,0.7754,1
5374,6084,0.1873,2
5374,13416,0.0262,3
5374,17121,0.0112,4
5375,13423,0.4658,1
5375,15332,0.2718,2
5375,1982,0.2624,3
5376,9541,0.6128,1
5376,15363,0.2053,2
5376,16606,0.1007,3
5376,3725,0.0812,4
5377,3974,0.5938,1
5377,11621,0.2886,2
5377,7117,0.0671,3
5377,10275,0.0296,4
5377,16324,0.0209,5
5378,9663,0.3428,1
5378,5270,0.206,2
5378,7515,0.1821,3
5378,3152,0.1664,4
5378,5294,0.0886,5
5378,10352,0.0086,6
5378,3724,0.0054,7
5379,5930,0.5,1
5379,14051,0.2902,2
5379,11134,0.1578,3
5379,12637,0.0435,4
5379,17188,0.0084,5
5380,2507,0.4118,1
5380,8846,0.3903,2
5380,4975,0.1445,3
5380,16658,0.0383,4
5380,11891,0.0151,5
5381,6486,0.5555,1
5381,6828,0.1943,2
5381,8569,0.1695,3
5381,3018,0.06,4
5381,5933,0.0151,5
5381,6836,0.0056,6
5382,8928,0.5448,1
5382,2977,0.3875,2
5382,11321,0.0442,3
5382,9700,0.0236,4
5383,15918,0.3224,1
5383,4607,0.2972,2
5383,12881,0.1993,3
5383,15666,0.1138,4
5383,13723,0.0621,5
5383,12637,0.0052,6
5384,2718,0.3116,1
5384,9085,0.289,2
5384,8114,0.1522,3
5384,3453,0.0951,4
5384,9847,0.0755,5
5384,9366,0.0738,6
5384,8996,0.0028,7
5385,5818,0.4536,1
5385,11379,0.4404,2
5385,5301,0.069,3
5385,6476,0.037,4
5386,16228,0.5419,1
5386,13644,0.2303,2
5386,11527,0.2249,3
5386,16748,0.0029,4
5387,8531,0.7507,1
5387,8189,0.1303,2
5387,4526,0.0676,3
5387,3488,0.0514,4
5388,2867,0.4026,1
5388,7313,0.2968,2
5388,1786,0.1342,3
5388,3511,0.133,4
5388,5205,0.022,5
5388,5696,0.0099,6
5388,7229,0.0017,7
5389,10503,0.863,1
5389,8579,0.083,2
5389,10954,0.054,3
5390,3538,0.6955,1
5390,5381,0.1824,2
5390,2642,0.1221,3
5391,11303,0.6096,1
5391,10727,0.1594,2
5391,7216,0.1293,3
5391,3557,0.1016,4
5391,5251,0.0,5
5392,5516,0.4176,1
5392,9514,0.4091,2
5392,9183,0.0951,3
5392,14065,0.0756,4
5392,8075,0.0027,5
5393,2959,0.4734,1
5393,8611,0.2062,2
5393,10724,0.1248,3
5393,2085,0.0829,4
5393,5598,0.0411,5
5393,4628,0.0358,6
5393,9301,0.0358,7
5394,9465,0.8525,1
5394,6519,0.1475,2
5395,10374,0.6455,1
5395,4463,0.2536,2
5395,5039,0.0759,3
5395,10791,0.025,4
5396,7003,0.3985,1
5396,8648,0.365,2
5396,11289,0.1461,3
5396,11001,0.0904,4
5397,3408,0.4772,1
5397,9332,0.2013,2
5397,8889,0.146,3
5397,5713,0.0839,4
5397,3974,0.0645,5
5397,8153,0.0186,6
5397,14442,0.0084,7
5398,1807,0.4522,1
5398,11480,0.1769,2
5398,14015,0.1532,3
5398,13253,0.1194,4
5398,17398,0.0506,5
5398,16755,0.0342,6
5398,6329,0.0135,7
5399,14503,0.4291,1
5399,10310,0.306,2
5399,13638,0.1051,3
5399,16908,0.1029,4
5399,16012,0.057,5
5400,14061,0.3888,1
5400,8121,0.354,2
5400,10123,0.1916,3
5400,7590,0.0425,4
5400,11167,0.023,5
5401,2014,0.6392,1
5401,4008,0.1856,2
5401,6439,0.1299,3
5401,8333,0.0237,4
5401,11363,0.0113,5
5401,10155,0.0104,6
5402,8303,0.6838,1
5402,7938,0.2667,2
5402,7239,0.0293,3
5402,10145,0.0166,4
5402,4469,0.0037,5
5403,4413,0.7156,1
5403,16174,0.1877,2
5403,15366,0.0808,3
5403,9396,0.0159,4
5404,15035,0.5243,1
5404,11738,0.1839,2
5404,4443,0.1577,3
5404,1726,0.1297,4
5404,16671,0.0044,5
5405,3995,0.3331,1
5405,3287,0.2787,2
5405,5030,0.1789,3
5405,3257,0.1521,4
5405,7045,0.0288,5
5405,3078,0.0284,6
5406,7277,0.577,1
5406,6841,0.3789,2
5406,4935,0.0441,3
5407,6996,0.6143,1
5407,8304,0.2668,2
5407,7026,0.1189,3
5408,7348,0.4512,1
5408,4121,0.2776,2
5408,3226,0.2292,3
5408,7794,0.0307,4
5408,2618,0.0112,5
5409,16815,0.7674,1
5409,6041,0.1025,2
5409,11835,0.0805,3
5409,8052,0.0298,4
5409,16139,0.0198,5
5410,9023,0.2895,1
5410,5246,0.2587,2
5410,3793,0.2173,3
5410,1778,0.1249,4
5410,5138,0.0639,5
5410,4332,0.0456,6
5411,9683,1.0,1
5412,10952,0.4723,1
5412,10593,0.3237,2
5412,6434,0.112,3
5412,10771,0.0844,4
5412,8633,0.0075,5
5413,5106,0.6517,1
5413,6550,0.3294,2
5413,5118,0.019,3
5414,4885,0.3121,1
5414,10846,0.2793,2
5414,7927,0.1723,3
5414,15755,0.123,4
5414,7223,0.0399,5
5414,14524,0.0392,6
5414,10515,0.0342,7
5415,3011,0.3895,1
5415,6894,0.3567,2
5415,3613,0.2538,3
5416,14058,0.566,1
5416,8417,0.2827,2
5416,15656,0.1231,3
5416,14494,0.0282,4
5417,4007,0.3905,1
5417,5588,0.2558,2
5417,4927,0.2528,3
5417,10695,0.0668,4
5417,2658,0.0176,5
5417,6287,0.0165,6
5418,16853,0.7313,1
5418,3396,0.2016,2
5418,6397,0.0371,3
5418,7453,0.026,4
5418,3807,0.004,5
5419,13250,0.4661,1
5419,4988,0.1809,2
5419,9141,0.1379,3
5419,15659,0.1258,4
5419,3018,0.0534,5
5419,11842,0.0359,6
5420,10334,0.4649,1
5420,8598,0.3389,2
5420,14279,0.1751,3
5420,6407,0.0211,4
5421,15415,0.4492,1
5421,12892,0.1582,2
5421,2206,0.1272,3
5421,11091,0.1083,4
5421,14054,0.0757,5
5421,7250,0.0694,6
5421,9514,0.012,7
5422,9206,0.5335,1
5422,8888,0.2582,2
5422,2367,0.1367,3
5422,12997,0.0715,4
5423,3136,0.4568,1
5423,10191,0.3234,2
5423,8167,0.1457,3
5423,1966,0.0632,4
5423,3819,0.0109,5
5424,11497,0.38,1
5424,2952,0.3132,2
5424,16220,0.3068,3
5425,7191,0.5156,1
5425,7551,0.2613,2
5425,15998,0.223,3
5426,9614,0.4891,1
5426,9466,0.1981,2
5426,11116,0.1719,3
5426,9214,0.0563,4
5426,11005,0.0518,5
5426,7118,0.0329,6
5427,5890,0.4487,1
5427,10417,0.3064,2
5427,12739,0.1642,3
5427,8499,0.036,4
5427,3423,0.03,5
5427,12428,0.0147,6
5428,3698,0.4239,1
5428,6609,0.3041,2
5428,2237,0.272,3
5429,7585,0.2797,1
5429,15256,0.254,2
5429,8123,0.2019,3
5429,16118,0.1687,4
5429,6918,0.0613,5
5429,12139,0.0292,6
5429,16443,0.0052,7
5430,13895,0.3594,1
5430,15842,0.2694,2
5430,7201,0.133,3
5430,16564,0.1226,4
5430,7630,0.0552,5
5430,3577,0.0469,6
5430,3516,0.0136,7
5431,6918,0.3964,1
5431,6894,0.2532,2
5431,5316,0.1927,3
5431,9533,0.1128,4
5431,5703,0.036,5
5431,4956,0.0089,6
5432,12634,0.4852,1
5432,3336,0.2402,2
5432,15763,0.1852,3
5432,14841,0.0519,4
5432,13879,0.0346,5
5432,10072,0.0029,6
5433,14153,0.5118,1
5433,13502,0.3898,2
5433,4004,0.0985,3
5434,9295,0.5394,1
5434,6670,0.3215,2
5434,7466,0.1391,3
5435,8102,0.9573,1
5435,2547,0.0335,2
5435,7378,0.0091,3
5436,5686,0.506,1
5436,8638,0.4808,2
5436,5259,0.0132,3
5437,5963,0.6616,1
5437,5958,0.1297,2
5437,4962,0.0783,3
5437,7841,0.065,4
5437,15096,0.0333,5
5437,7870,0.0215,6
5437,6033,0.0104,7
5438,3549,0.2873,1
5438,7362,0.2174,2
5438,10995,0.1772,3
5438,5361,0.1443,4
5438,10192,0.1173,5
5438,5172,0.0327,6
5438,9178,0.0238,7
5439,4423,1.0,1
5440,5642,0.5366,1
5440,7423,0.4432,2
5440,4537,0.0203,3
5441,11302,0.3488,1
5441,10721,0.2891,2
5441,6303,0.1795,3
5441,10914,0.0784,4
5441,14547,0.0524,5
5441,16343,0.0387,6
5441,4727,0.0131,7
5442,10915,0.8396,1
5442,7002,0.1604,2
5443,10132,0.3538,1
5443,6600,0.3484,2
5443,7313,0.1382,3
5443,6786,0.0982,4
5443,8363,0.0244,5
5443,4393,0.0188,6
5443,5270,0.0182,7
5444,5850,0.7505,1
5444,7723,0.2495,2
5445,16409,0.7495,1
5445,6277,0.1107,2
5445,3351,0.0451,3
5445,4563,0.0409,4
5445,9522,0.0312,5
5445,16524,0.0226,6
5446,9214,0.4379,1
5446,9991,0.2009,2
5446,2032,0.1796,3
5446,9005,0.1626,4
5446,9943,0.019,5
5447,14789,0.3409,1
5447,16952,0.3167,2
5447,17480,0.2304,3
5447,2661,0.0465,4
5447,9941,0.0382,5
5447,7874,0.0222,6
5447,1715,0.0051,7
5448,8450,0.3601,1
5448,3524,0.3238,2
5448,6739,0.3019,3
5448,6526,0.0142,4
5449,4688,0.4819,1
5449,6439,0.2184,2
5449,3108,0.1565,3
5449,4527,0.1427,4
5449,1955,0.0004,5
5449,3103,0.0,6
5450,8068,0.5731,1
5450,4271,0.2307,2
5450,5393,0.1091,3
5450,9827,0.0871,4
5451,4714,0.3119,1
5451,10413,0.2274,2
5451,4265,0.205,3
5451,5047,0.1114,4
5451,17255,0.073,5
5451,5582,0.0714,6
5452,6456,0.5388,1
5452,3553,0.3225,2
5452,4249,0.1387,3
5453,7816,0.6612,1
5453,9305,0.3388,2
5454,2661,0.4933,1
5454,12517,0.4739,2
5454,12056,0.0328,3
5455,15737,0.558,1
5455,4899,0.1786,2
5455,7874,0.0936,3
5455,8494,0.0874,4
5455,3008,0.0824,5
5456,6565,0.5195,1
5456,12084,0.4724,2
5456,8482,0.008,3
5457,5515,0.3923,1
5457,10937,0.259,2
5457,16135,0.1783,3
5457,17276,0.1606,4
5457,7054,0.0098,5
5458,4194,0.4307,1
5458,6457,0.3828,2
5458,13872,0.0908,3
5458,11941,0.0649,4
5458,15070,0.0308,5
5459,12735,0.4456,1
5459,13172,0.3167,2
5459,14442,0.125,3
5459,16974,0.1128,4
5460,16006,0.4911,1
5460,2557,0.2722,2
5460,9023,0.2153,3
5460,8511,0.0174,4
5460,5641,0.004,5
5461,7634,0.6117,1
5461,2214,0.1939,2
5461,9913,0.1197,3
5461,14264,0.0747,4
5462,10648,0.6345,1
5462,11245,0.1928,2
5462,2650,0.0566,3
5462,17492,0.0525,4
5462,2165,0.0434,5
5462,10028,0.0202,6
5463,15296,0.4373,1
5463,17086,0.3241,2
5463,7795,0.1021,3
5463,6279,0.0814,4
5463,9563,0.0485,5
5463,15248,0.0038,6
5463,5465,0.0028,7
5464,13073,0.3477,1
5464,13280,0.2422,2
5464,4487,0.2198,3
5464,10321,0.1153,4
5464,17092,0.0749,5
5465,14392,0.5027,1
5465,9234,0.4973,2
5466,5094,0.9666,1
5466,16840,0.0293,2
5466,15515,0.004,3
5466,3454,0.0,4
5467,4210,0.3808,1
5467,4911,0.3477,2
5467,4962,0.1544,3
5467,16008,0.0899,4
5467,14463,0.0168,5
5467,12753,0.0103,6
5467,14153,0.0,7
5468,3286,0.4728,1
5468,1769,0.3518,2
5468,8993,0.0992,3
5468,14892,0.0762,4
5469,8097,0.3162,1
5469,13301,0.2961,2
5469,5461,0.1643,3
5469,12443,0.12,4
5469,6272,0.0909,5
5469,1733,0.0126,6
5470,6043,0.6017,1
5470,10445,0.2813,2
5470,15194,0.0423,3
5470,11346,0.0332,4
5470,5372,0.0314,5
5470,4445,0.0096,6
5470,3740,0.0004,7
5471,2210,0.3555,1
5471,7712,0.329,2
5471,5052,0.3155,3
5472,10863,0.2821,1
5472,8970,0.2466,2
5472,2296,0.2053,3
5472,16918,0.1744,4
5472,16496,0.0558,5
5472,5466,0.0358,6
5473,11888,0.9091,1
5473,11706,0.0909,2
5474,3620,0.327,1
5474,12028,0.3178,2
5474,16679,0.2448,3
5474,11142,0.0978,4
5474,16114,0.0126,5
5475,2739,0.595,1
5475,12331,0.3234,2
5475,2083,0.0525,3
5475,5906,0.0291,4
5476,1668,0.7025,1
5476,13950,0.1772,2
5476,12684,0.0846,3
5476,8308,0.0357,4
5477,8314,0.3803,1
5477,5888,0.3039,2
5477,2693,0.1737,3
5477,4873,0.0738,4
5477,8438,0.0683,5
5478,8343,0.3195,1
5478,8833,0.3049,2
5478,10827,0.1888,3
5478,10238,0.1694,4
5478,7896,0.0174,5
5479,2537,0.6786,1
5479,9346,0.1316,2
5479,5088,0.0864,3
5479,10810,0.0369,4
5479,8636,0.0321,5
5479,6348,0.0253,6
5479,7565,0.0091,7
5480,9217,0.3283,1
5480,8338,0.259,2
5480,11076,0.2263,3
5480,6765,0.1709,4
5480,2365,0.0112,5
5480,4599,0.0043,6
5481,11938,0.9451,1
5481,3720,0.0549,2
5482,7129,0.5376,1
5482,7150,0.3215,2
5482,2620,0.1409,3
5483,2057,0.4824,1
5483,11110,0.2473,2
5483,2588,0.2324,3
5483,2168,0.0379,4
5484,9694,0.95,1
5484,9450,0.0272,2
5484,4594,0.0227,3
5485,12749,0.3611,1
5485,7631,0.256,2
5485,16734,0.2546,3
5485,12329,0.1283,4
5486,6446,0.3226,1
5486,3105,0.2659,2
5486,4633,0.2053,3
5486,3369,0.0959,4
5486,6776,0.0912,5
5486,5336,0.019,6
5487,7692,0.7259,1
5487,10785,0.1373,2
5487,2748,0.0902,3
5487,4014,0.0466,4
5488,6549,0.5667,1
5488,11893,0.1642,2
5488,3200,0.1117,3
5488,11798,0.0865,4
5488,13112,0.0602,5
5488,9185,0.0108,6
5489,16159,0.4667,1
5489,13249,0.189,2
5489,17215,0.1657,3
5489,4999,0.1225,4
5489,11089,0.0245,5
5489,9654,0.0172,6
5489,10304,0.0145,7
5490,5200,0.712,1
5490,11134,0.1463,2
5490,13610,0.0904,3
5490,6199,0.0411,4
5490,13357,0.0102,5
5491,12367,0.2903,1
5491,7812,0.1791,2
5491,4619,0.1648,3
5491,6356,0.1641,4
5491,17581,0.1448,5
5491,10443,0.0522,6
5491,2639,0.0047,7
5492,8953,0.3633,1
5492,3220,0.3263,2
5492,2099,0.2407,3
5492,3328,0.0376,4
5492,3985,0.0321,5
5493,8810,0.4993,1
5493,11314,0.2593,2
5493,2492,0.2059,3
5493,7755,0.0355,4
5494,5627,0.5008,1
5494,8416,0.187,2
5494,3396,0.1336,3
5494,4543,0.062,4
5494,4419,0.0538,5
5494,1824,0.0349,6
5494,9066,0.0278,7
5495,10839,0.4646,1
5495,9398,0.3123,2
5495,2506,0.2231,3
5496,14817,0.3679,1
5496,11464,0.2637,2
5496,11879,0.1096,3
5496,7591,0.1052,4
5496,2314,0.092,5
5496,15384,0.0573,6
5496,4576,0.0043,7
5497,10811,0.5991,1
5497,10507,0.2132,2
5497,5737,0.1877,3
5498,4839,1.0,1
5499,9161,0.3294,1
5499,7942,0.2741,2
5499,17458,0.2075,3
5499,15173,0.1102,4
5499,4375,0.0472,5
5499,17566,0.0316,6
5500,13165,0.4208,1
5500,8511,0.2021,2
5500,11339,0.1857,3
5500,7590,0.0935,4
5500,7191,0.0558,5
5500,6488,0.0421,6
5501,3904,0.3101,1
5501,5782,0.2816,2
5501,12331,0.2422,3
5501,4738,0.1001,4
5501,16347,0.0543,5
5501,1786,0.0118,6
5502,7920,0.6477,1
5502,11298,0.241,2
5502,2302,0.1063,3
5502,6137,0.005,4
5503,14298,0.5083,1
5503,2778,0.1593,2
5503,14705,0.1061,3
5503,16385,0.0944,4
5503,9667,0.0537,5
5503,9322,0.0412,6
5503,9379,0.0371,7
5504,6682,0.3294,1
5504,11682,0.309,2
5504,2504,0.2816,3
5504,7572,0.0586,4
5504,8129,0.0114,5
5504,16148,0.0099,6
5505,9258,0.6668,1
5505,6395,0.3275,2
5505,10711,0.0057,3
5506,11234,0.7923,1
5506,7112,0.1887,2
5506,15780,0.019,3
5507,4627,0.4086,1
5507,2800,0.2898,2
5507,1933,0.2464,3
5507,3731,0.0349,4
5507,2491,0.0203,5
5508,5383,0.6736,1
5508,7005,0.3118,2
5508,5342,0.0147,3
5509,10034,0.299,1
5509,7530,0.2246,2
5509,5153,0.1437,3
5509,2980,0.1274,4
5509,16927,0.1077,5
5509,5169,0.0977,6
5510,10615,1.0,1
5511,9711,0.7884,1
5511,4171,0.1961,2
5511,14033,0.0156,3
5512,9303,0.4186,1
5512,2369,0.2795,2
5512,4993,0.1995,3
5512,3490,0.0929,4
5512,16662,0.0047,5
5512,9426,0.0047,6
5513,4498,0.549,1
5513,3088,0.296,2
5513,11309,0.1224,3
5513,9084,0.019,4
5513,2968,0.0135,5
5514,4272,0.5709,1
5514,5121,0.4197,2
5514,7067,0.0094,3
5515,6865,0.5069,1
5515,11149,0.3538,2
5515,8915,0.1393,3
5516,13751,1.0,1
5517,1805,0.373,1
5517,10931,0.2614,2
5517,6483,0.2181,3
5517,2105,0.1475,4
5518,13678,0.648,1
5518,10270,0.2162,2
5518,15056,0.0549,3
5518,6357,0.0383,4
5518,7290,0.0232,5
5518,16321,0.0194,6
5519,6570,0.3701,1
5519,12405,0.3646,2
5519,12287,0.2425,3
5519,2573,0.0229,4
5520,10484,0.4735,1
5520,9494,0.2313,2
5520,5231,0.1941,3
5520,3942,0.0818,4
5520,5990,0.0193,5
5521,7796,0.3022,1
5521,5240,0.2509,2
5521,8662,0.2073,3
5521,5780,0.1574,4
5521,6493,0.0444,5
5521,9425,0.035,6
5521,7217,0.0028,7
5522,7060,0.6225,1
5522,6287,0.2661,2
5522,4058,0.0809,3
5522,4747,0.0305,4
5523,9361,0.3675,1
5523,5470,0.3037,2
5523,2264,0.2955,3
5523,3258,0.0197,4
5523,9541,0.0089,5
5523,5721,0.0047,6
5524,7058,0.4197,1
5524,11083,0.1931,2
5524,7110,0.1753,3
5524,16091,0.1679,4
5524,15902,0.0258,5
5524,13956,0.0182,6
5525,5910,0.5173,1
5525,14037,0.2696,2
5525,8787,0.1092,3
5525,6139,0.0478,4
5525,16503,0.044,5
5525,3273,0.012,6
5526,8516,0.5565,1
5526,6061,0.2244,2
5526,9737,0.078,3
5526,5966,0.0635,4
5526,3424,0.0462,5
5526,4471,0.0202,6
5526,9841,0.0113,7
5527,2378,0.4281,1
5527,5320,0.4016,2
5527,6232,0.1703,3
5528,4441,0.7861,1
5528,7884,0.1102,2
5528,9573,0.1037,3
5529,7454,0.456,1
5529,6785,0.2361,2
5529,4444,0.2068,3
5529,7521,0.1012,4
5530,6866,0.2252,1
5530,5630,0.2204,2
5530,4280,0.1978,3
5530,7140,0.1871,4
5530,1761,0.1567,5
5530,4252,0.0128,6
5531,1887,0.6081,1
5531,8416,0.2405,2
5531,7161,0.1195,3
5531,3413,0.0317,4
5531,4982,0.0002,5
5532,14782,0.6555,1
5532,14508,0.2287,2
5532,13698,0.1074,3
5532,9864,0.0084,4
5533,2228,0.3621,1
5533,9244,0.1837,2
5533,3273,0.1775,3
5533,8768,0.1722,4
5533,6690,0.0858,5
5533,6134,0.0188,6
5534,2427,0.2773,1
5534,5587,0.2752,2
5534,5886,0.1755,3
5534,6384,0.1412,4
5534,8562,0.0746,5
5534,8335,0.0562,6
5535,9007,0.6172,1
5535,6565,0.1477,2
5535,5890,0.1,3
5535,6655,0.0839,4
5535,9558,0.0294,5
5535,4126,0.0217,6
5536,6268,0.4602,1
5536,4366,0.2649,2
5536,6855,0.1295,3
5536,4078,0.1292,4
5536,13657,0.0161,5
5537,9609,0.4016,1
5537,6401,0.3165,2
5537,3637,0.2733,3
5537,2246,0.0086,4
5538,7689,0.4274,1
5538,10034,0.2561,2
5538,1887,0.1039,3
5538,9965,0.0911,4
5538,11382,0.0559,5
5538,4622,0.0539,6
5538,4155,0.0117,7
5539,2153,0.4868,1
5539,7401,0.1618,2
5539,3019,0.0918,3
5539,4458,0.0906,4
5539,4222,0.086,5
5539,5017,0.0829,6
5540,9789,0.4388,1
5540,9238,0.3354,2
5540,12819,0.085,3
5540,15988,0.0748,4
5540,4127,0.0455,5
5540,11551,0.0116,6
5540,5897,0.0088,7
5541,12019,0.206,1
5541,17589,0.2051,2
5541,5479,0.2003,3
5541,5842,0.1957,4
5541,14793,0.1332,5
5541,15463,0.0569,6
5541,15675,0.0028,7
5542,6754,0.5754,1
5542,12557,0.2979,2
5542,3562,0.1033,3
5542,6448,0.0234,4
5543,15494,0.6167,1
5543,5125,0.2936,2
5543,15333,0.0896,3
5544,12066,0.4944,1
5544,15852,0.3476,2
5544,2899,0.1237,3
5544,3820,0.0343,4
5545,8295,0.5121,1
5545,3648,0.3305,2
5545,15918,0.1574,3
5546,4914,0.4806,1
5546,3175,0.3804,2
5546,10642,0.139,3
5547,4145,0.5583,1
5547,5060,0.3971,2
5547,11658,0.0446,3
5548,1671,0.6923,1
5548,8334,0.215,2
5548,6048,0.0373,3
5548,6787,0.0367,4
5548,3613,0.0154,5
5548,9967,0.0023,6
5548,10415,0.0009,7
5549,4885,0.4512,1
5549,2865,0.2059,2
5549,12408,0.1696,3
5549,5054,0.0761,4
5549,3530,0.0598,5
5549,15146,0.0375,6
5550,8680,0.4001,1
5550,13890,0.2691,2
5550,6073,0.1667,3
5550,3093,0.0899,4
5550,9777,0.0442,5
5550,10626,0.0285,6
5550,4587,0.0016,7
5551,8590,0.7966,1
5551,3109,0.1171,2
5551,1842,0.0468,3
5551,5063,0.0285,4
5551,8012,0.0066,5
5551,1732,0.0044,6
5552,2506,0.66,1
5552,10774,0.1655,2
5552,7466,0.1299,3
5552,5731,0.0447,4
5553,7621,0.6156,1
5553,6204,0.2557,2
5553,1924,0.0703,3
5553,4111,0.049,4
5553,10859,0.0094,5
5554,5007,0.3907,1
5554,5049,0.3533,2
5554,7550,0.1702,3
5554,3706,0.0695,4
5554,5876,0.0162,5
5555,4571,0.6985,1
5555,2210,0.1172,2
5555,11030,0.1007,3
5555,8067,0.0689,4
5555,6765,0.0148,5
5556,7124,0.5329,1
5556,4878,0.4276,2
5556,3560,0.0209,3
5556,2552,0.0186,4
5557,10942,0.6782,1
5557,9817,0.1338,2
5557,3735,0.1054,3
5557,10406,0.0826,4
5558,9539,0.8746,1
5558,5049,0.0985,2
5558,2203,0.0256,3
5558,8731,0.0013,4
5559,6560,0.2427,1
5559,5160,0.2337,2
5559,6483,0.2293,3
5559,8242,0.1872,4
5559,8289,0.0681,5
5559,4749,0.0222,6
5559,8200,0.0169,7
5560,5902,0.3783,1
5560,6424,0.2832,2
5560,15637,0.1729,3
5560,6840,0.164,4
5560,9513,0.0016,5
5561,6247,0.4979,1
5561,4457,0.3463,2
5561,5256,0.126,3
5561,3195,0.0298,4
5562,9872,0.522,1
5562,1641,0.4774,2
5562,4198,0.0006,3
5563,2017,0.4446,1
5563,17552,0.2845,2
5563,17215,0.1426,3
5563,7321,0.0618,4
5563,8024,0.045,5
5563,2445,0.0166,6
5563,10552,0.0048,7
5564,3091,0.6646,1
5564,3478,0.1985,2
5564,8006,0.1235,3
5564,8623,0.0134,4
5565,14891,0.4129,1
5565,17491,0.2566,2
5565,10129,0.2356,3
5565,2736,0.0948,4
5566,15374,0.9541,1
5566,5400,0.0459,2
5567,14898,0.435,1
5567,8513,0.2291,2
5567,12246,0.173,3
5567,12881,0.0885,4
5567,14492,0.0522,5
5567,16590,0.0221,6
5568,1817,1.0,1
5569,15353,0.4767,1
5569,13470,0.2444,2
5569,3289,0.1224,3
5569,9554,0.081,4
5569,5558,0.0414,5
5569,13979,0.0177,6
5569,9373,0.0164,7
5570,11181,0.7887,1
5570,13106,0.1875,2
5570,7920,0.0229,3
5570,7912,0.0009,4
5571,6532,0.6185,1
5571,9302,0.1663,2
5571,17400,0.0664,3
5571,7701,0.0646,4
5571,12155,0.0608,5
5571,13988,0.0234,6
5572,10803,0.3794,1
5572,5353,0.2923,2
5572,10776,0.1751,3
5572,7712,0.1221,4
5572,11085,0.0311,5
5573,6794,0.654,1
5573,6846,0.1721,2
5573,6762,0.1631,3
5573,3036,0.0108,4
5574,4262,0.3007,1
5574,10645,0.2042,2
5574,8440,0.187,3
5574,6539,0.1032,4
5574,6884,0.097,5
5574,6327,0.0681,6
5574,4285,0.0397,7
5575,12151,0.2795,1
5575,4861,0.2486,2
5575,16419,0.2034,3
5575,2928,0.1283,4
5575,16091,0.1256,5
5575,4885,0.0146,6
5576,4622,0.7434,1
5576,2326,0.1533,2
5576,1889,0.1032,3
5577,3269,0.387,1
5577,9573,0.3059,2
5577,5762,0.2432,3
5577,10630,0.0437,4
5577,5755,0.0203,5
5578,10079,1.0,1
5579,17050,0.4068,1
5579,2265,0.3602,2
5579,6151,0.2257,3
5579,7333,0.0073,4
5580,9705,0.3777,1
5580,7067,0.24,2
5580,9290,0.1885,3
5580,17369,0.0899,4
5580,11730,0.0719,5
5580,9392,0.0172,6
5580,3258,0.0149,7
5581,9565,0.3953,1
5581,8322,0.3426,2
5581,14182,0.2621,3
5581,9322,0.0,4
5582,13230,0.2906,1
5582,6773,0.2815,2
5582,14438,0.1992,3
5582,6607,0.1663,4
5582,14334,0.0624,5
5583,1875,0.3476,1
5583,1727,0.2943,2
5583,6269,0.1961,3
5583,5498,0.1621,4
5584,10506,0.3632,1
5584,5525,0.3325,2
5584,4811,0.2387,3
5584,3102,0.0441,4
5584,8732,0.0215,5
5585,1911,0.3366,1
5585,4305,0.3011,2
5585,5218,0.1452,3
5585,8082,0.1299,4
5585,9486,0.053,5
5585,3967,0.0342,6
5586,4080,0.5847,1
5586,2143,0.2033,2
5586,2680,0.0665,3
5586,10837,0.056,4
5586,3444,0.0531,5
5586,3960,0.0364,6
5587,8014,0.5432,1
5587,13320,0.3258,2
5587,6240,0.098,3
5587,10861,0.033,4
5588,7703,0.4276,1
5588,8661,0.3726,2
5588,9175,0.1767,3
5588,5132,0.0231,4
5589,3551,0.3242,1
5589,10871,0.2009,2
5589,8796,0.1621,3
5589,10862,0.1459,4
5589,3630,0.0824,5
5589,7167,0.0683,6
5589,9601,0.0161,7
5590,10430,0.7537,1
5590,1839,0.1827,2
5590,6786,0.0637,3
5591,5044,0.4719,1
5591,6186,0.361,2
5591,8368,0.0751,3
5591,4733,0.0415,4
5591,4044,0.0315,5
5591,4810,0.0149,6
5591,6706,0.0041,7
5592,6066,0.8049,1
5592,7452,0.1372,2
5592,15871,0.0579,3
5593,1659,0.3955,1
5593,14016,0.2561,2
5593,10036,0.1743,3
5593,16735,0.0842,4
5593,14894,0.0679,5
5593,10364,0.022,6
5594,9546,0.2687,1
5594,14114,0.2483,2
5594,12620,0.1595,3
5594,7689,0.1557,4
5594,16471,0.1161,5
5594,4958,0.0516,6
5595,5147,0.7479,1
5595,6661,0.1635,2
5595,9925,0.0886,3
5596,4715,0.5211,1
5596,2756,0.3634,2
5596,4420,0.0624,3
5596,9120,0.0287,4
5596,4567,0.0244,5
5597,2347,0.3449,1
5597,7915,0.3436,2
5597,14498,0.1969,3
5597,1723,0.0797,4
5597,3488,0.035,5
5598,4260,0.3568,1
5598,8305,0.2525,2
5598,7173,0.2509,3
5598,8206,0.1218,4
5598,10734,0.018,5
5599,17210,0.4189,1
5599,14094,0.3796,2
5599,8990,0.1573,3
5599,5568,0.0309,4
5599,15781,0.0089,5
5599,9885,0.0043,6
5600,9862,0.5549,1
5600,4424,0.2247,2
5600,10059,0.1785,3
5600,6952,0.0418,4
5601,16599,0.7674,1
5601,16872,0.1872,2
5601,15504,0.0454,3
5602,6725,0.4571,1
5602,6905,0.2224,2
5602,4453,0.184,3
5602,11191,0.1365,4
5603,10498,0.7913,1
5603,3689,0.2087,2
5604,3887,0.3383,1
5604,3119,0.3243,2
5604,8618,0.2194,3
5604,8328,0.0669,4
5604,8539,0.0511,5
5605,8428,0.8127,1
5605,2852,0.0841,2
5605,5964,0.0395,3
5605,8519,0.0302,4
5605,7959,0.0262,5
5605,4451,0.0071,6
5606,11953,0.9095,1
5606,9166,0.0905,2
5607,3450,0.4548,1
5607,2232,0.2666,2
5607,3698,0.1636,3
5607,10018,0.1151,4
5608,3342,0.5918,1
5608,2987,0.2096,2
5608,4987,0.1986,3
5609,3515,0.3996,1
5609,12892,0.3522,2
5609,2403,0.1783,3
5609,3893,0.0656,4
5609,2824,0.0043,5
5610,7485,0.4384,1
5610,6864,0.3353,2
5610,7628,0.194,3
5610,3403,0.0323,4
5611,7938,0.3163,1
5611,7023,0.3125,2
5611,11144,0.281,3
5611,1721,0.0526,4
5611,2738,0.0371,5
5611,7251,0.0004,6
5612,4733,1.0,1
5613,9724,0.4583,1
5613,5515,0.2109,2
5613,3456,0.1318,3
5613,11306,0.0855,4
5613,3166,0.076,5
5613,5361,0.0375,6
5614,2533,0.4598,1
5614,9852,0.314,2
5614,8484,0.1272,3
5614,7435,0.0782,4
5614,10561,0.0209,5
5615,8757,0.684,1
5615,9749,0.1657,2
5615,10587,0.1503,3
5616,14897,0.4097,1
5616,13520,0.2883,2
5616,12026,0.2726,3
5616,15868,0.0199,4
5616,4586,0.0093,5
5616,13524,0.0002,6
5617,7665,0.4438,1
5617,7675,0.1823,2
5617,4460,0.1816,3
5617,10518,0.1008,4
5617,6650,0.0391,5
5617,4086,0.0275,6
5617,3325,0.0249,7
5618,11506,0.2668,1
5618,11617,0.2525,2
5618,15754,0.244,3
5618,4080,0.1096,4
5618,9582,0.0703,5
5618,7897,0.0533,6
5618,11780,0.0036,7
5619,9308,0.3882,1
5619,4392,0.32,2
5619,12287,0.1626,3
5619,1738,0.0832,4
5619,7490,0.025,5
5619,7379,0.0209,6
5620,15932,0.4656,1
5620,16204,0.3307,2
5620,14206,0.0766,3
5620,3779,0.0727,4
5620,8168,0.03,5
5620,14597,0.0211,6
5620,5599,0.0034,7
5621,2197,1.0,1
5622,4844,0.3995,1
5622,14103,0.2048,2
5622,4209,0.1677,3
5622,9355,0.0694,4
5622,12940,0.0689,5
5622,9088,0.0652,6
5622,13004,0.0245,7
5623,16480,0.4588,1
5623,12091,0.1745,2
5623,12124,0.1403,3
5623,12612,0.1174,4
5623,8094,0.084,5
5623,8681,0.0247,6
5623,11962,0.0003,7
5624,10403,0.4604,1
5624,2832,0.2693,2
5624,5798,0.2531,3
5624,4615,0.0172,4
5625,2875,0.7933,1
5625,3116,0.148,2
5625,12863,0.0559,3
5625,8261,0.0027,4
5626,13852,0.9753,1
5626,5594,0.0247,2
5627,7806,0.5095,1
5627,6944,0.2073,2
5627,7485,0.1891,3
5627,10138,0.0941,4
5628,9859,0.4615,1
5628,2705,0.4319,2
5628,5024,0.1066,3
5629,17097,0.3458,1
5629,14985,0.3069,2
5629,17472,0.1991,3
5629,14098,0.0855,4
5629,2371,0.0448,5
5629,4924,0.018,6
5630,14632,0.2884,1
5630,16829,0.2679,2
5630,16695,0.1869,3
5630,11249,0.093,4
5630,11167,0.0719,5
5630,15225,0.0576,6
5630,5123,0.0342,7
5631,6522,0.3977,1
5631,5756,0.349,2
5631,9434,0.183,3
5631,8846,0.0703,4
5632,7042,0.4439,1
5632,13670,0.262,2
5632,7289,0.1389,3
5632,8972,0.1206,4
5632,8346,0.02,5
5632,14757,0.0102,6
5632,17466,0.0045,7
5633,3580,0.7707,1
5633,8471,0.2192,2
5633,5104,0.0101,3
5634,2165,0.4788,1
5634,2779,0.3316,2
5634,9618,0.138,3
5634,8215,0.0516,4
5635,11792,0.7239,1
5635,14327,0.1556,2
5635,5647,0.0793,3
5635,7245,0.0412,4
5636,7084,0.9123,1
5636,7175,0.0549,2
5636,4532,0.0328,3
5637,15360,0.2961,1
5637,9704,0.2128,2
5637,15499,0.1758,3
5637,15608,0.1459,4
5637,5273,0.0732,5
5637,11215,0.0674,6
5637,5623,0.0287,7
5638,9804,0.4587,1
5638,9272,0.1756,2
5638,11176,0.168,3
5638,7622,0.1526,4
5638,6204,0.0451,5
5639,5213,0.4482,1
5639,1677,0.3429,2
5639,3172,0.2088,3
5640,7112,0.3013,1
5640,9384,0.2163,2
5640,2836,0.1928,3
5640,7848,0.1557,4
5640,2540,0.1299,5
5640,8983,0.004,6
5641,6704,0.6561,1
5641,4143,0.1657,2
5641,1842,0.1282,3
5641,7439,0.0267,4
5641,7565,0.0133,5
5641,2991,0.0099,6
5642,2285,0.6632,1
5642,12174,0.3368,2
5643,1867,0.8107,1
5643,9834,0.1269,2
5643,7401,0.0623,3
5644,2119,0.8199,1
5644,6794,0.1504,2
5644,4796,0.0297,3
5645,9234,0.7085,1
5645,9900,0.1287,2
5645,10887,0.1054,3
5645,3540,0.0575,4
5646,9947,0.5423,1
5646,8302,0.3465,2
5646,2160,0.0961,3
5646,10794,0.015,4
5647,4651,0.4688,1
5647,6366,0.2723,2
5647,1952,0.1393,3
5647,8207,0.0673,4
5647,3335,0.0523,5
5648,8067,0.5675,1
5648,1993,0.2618,2
5648,3971,0.06,3
5648,5055,0.0546,4
5648,5109,0.0352,5
5648,8841,0.0208,6
5649,12349,0.5373,1
5649,2658,0.1755,2
5649,6038,0.1712,3
5649,6146,0.116,4
5650,4214,0.3434,1
5650,3950,0.327,2
5650,15359,0.2408,3
5650,5523,0.0605,4
5650,11249,0.0283,5
5651,5228,0.4477,1
5651,8028,0.2028,2
5651,9902,0.1531,3
5651,5320,0.1302,4
5651,10683,0.0575,5
5651,1809,0.0087,6
5652,6943,0.7498,1
5652,9415,0.2301,2
5652,3021,0.0201,3
5653,6885,0.3774,1
5653,2424,0.2191,2
5653,13090,0.1465,3
5653,17565,0.1153,4
5653,10063,0.0949,5
5653,6851,0.0468,6
5654,3279,0.5493,1
5654,6838,0.4056,2
5654,3686,0.045,3
5655,6327,0.4174,1
5655,2867,0.4162,2
5655,11376,0.0762,3
5655,1780,0.0728,4
5655,7822,0.0174,5
5656,2905,0.5651,1
5656,2792,0.2544,2
5656,2533,0.1016,3
5656,3976,0.0621,4
5656,3152,0.0168,5
5657,10105,0.7092,1
5657,10687,0.1514,2
5657,15420,0.0964,3
5657,1739,0.043,4
5658,12840,0.47,1
5658,17390,0.4273,2
5658,15744,0.0727,3
5658,6475,0.0188,4
5658,6307,0.0113,5
5659,16347,0.572,1
5659,13632,0.375,2
5659,9324,0.053,3
5660,6119,1.0,1
5661,6250,0.3708,1
5661,16853,0.316,2
5661,2306,0.2013,3
5661,7171,0.1119,4
5662,2297,0.5259,1
5662,5624,0.351,2
5662,11052,0.123,3
5663,11173,0.5334,1
5663,8650,0.4026,2
5663,9352,0.0503,3
5663,6983,0.0138,4
5664,7602,0.384,1
5664,13281,0.352,2
5664,1776,0.264,3
5665,8389,0.5161,1
5665,7583,0.3437,2
5665,11087,0.0687,3
5665,4750,0.0404,4
5665,6134,0.0258,5
5665,10406,0.0053,6
5666,10875,0.4402,1
5666,5658,0.2674,2
5666,9850,0.2051,3
5666,6236,0.077,4
5666,8057,0.0102,5
5667,10780,0.3957,1
5667,13434,0.2555,2
5667,9650,0.1371,3
5667,13901,0.108,4
5667,14503,0.085,5
5667,4474,0.0187,6
5668,4738,0.6656,1
5668,6216,0.203,2
5668,6618,0.0616,3
5668,2549,0.0394,4
5668,7307,0.0209,5
5668,13270,0.0095,6
5669,3936,0.2503,1
5669,1730,0.2304,2
5669,2561,0.1699,3
5669,11345,0.1421,4
5669,9836,0.0927,5
5669,7747,0.0584,6
5669,3308,0.0562,7
5670,10822,0.4703,1
5670,9280,0.4329,2
5670,9817,0.0968,3
5671,3728,0.9234,1
5671,6655,0.0766,2
5672,9993,0.423,1
5672,9318,0.3452,2
5672,6956,0.1294,3
5672,2292,0.1024,4
5673,4502,0.8218,1
5673,13138,0.1256,2
5673,13360,0.0526,3
5674,4621,1.0,1
5675,12654,0.3812,1
5675,9674,0.3106,2
5675,4229,0.1427,3
5675,11994,0.1089,4
5675,9707,0.0566,5
5676,11404,0.5174,1
5676,3910,0.2033,2
5676,5680,0.1512,3
5676,1804,0.1281,4
5677,6686,0.5953,1
5677,9731,0.2567,2
5677,9330,0.148,3
5678,4394,0.8592,1
5678,11325,0.069,2
5678,6573,0.0657,3
5678,8313,0.0061,4
5679,2186,0.46,1
5679,3150,0.4098,2
5679,11243,0.1022,3
5679,3815,0.0195,4
5679,6401,0.0085,5
5680,6753,0.6203,1
5680,7843,0.1681,2
5680,5927,0.1555,3
5680,3888,0.0561,4
5681,4896,0.7129,1
5681,2929,0.2618,2
5681,7616,0.0253,3
5682,9279,0.7502,1
5682,10708,0.1833,2
5682,8767,0.0471,3
5682,10138,0.0194,4
5683,11256,0.7239,1
5683,4025,0.2466,2
5683,6317,0.0151,3
5683,4359,0.0144,4
5684,5742,0.4228,1
5684,8750,0.309,2
5684,3139,0.2638,3
5684,8288,0.0045,4
5685,8148,0.42,1
5685,4848,0.3451,2
5685,3879,0.0818,3
5685,6492,0.0815,4
5685,3401,0.0559,5
5685,7239,0.0158,6
5686,5515,0.7073,1
5686,9740,0.1116,2
5686,4318,0.1045,3
5686,5341,0.0588,4
5686,2836,0.0089,5
5686,4848,0.0088,6
5687,10389,0.3255,1
5687,2370,0.2473,2
5687,5852,0.2146,3
5687,2336,0.129,4
5687,3161,0.033,5
5687,2164,0.0312,6
5687,7734,0.0194,7
5688,3804,0.4619,1
5688,9130,0.3466,2
5688,8588,0.0871,3
5688,3328,0.0852,4
5688,10075,0.0192,5
5689,4217,0.876,1
5689,16662,0.0873,2
5689,4172,0.0367,3
5690,4876,0.5175,1
5690,3104,0.195,2
5690,16413,0.1272,3
5690,16336,0.0752,4
5690,7872,0.0446,5
5690,3050,0.039,6
5690,5516,0.0016,7
5691,9606,0.5607,1
5691,9823,0.3523,2
5691,7626,0.087,3
5692,5024,1.0,1
5693,10830,0.2989,1
5693,15352,0.2398,2
5693,12863,0.1969,3
5693,2907,0.1192,4
5693,12533,0.1155,5
5693,3732,0.0165,6
5693,2371,0.0132,7
5694,10113,0.6019,1
5694,8395,0.2532,2
5694,8773,0.1014,3
5694,3258,0.0326,4
5694,2024,0.0109,5
5695,9235,0.3405,1
5695,5055,0.321,2
5695,5276,0.1381,3
5695,2878,0.1035,4
5695,5750,0.0568,5
5695,5043,0.0401,6
5696,9298,0.3739,1
5696,9442,0.2952,2
5696,8286,0.2718,3
5696,11893,0.0362,4
5696,17060,0.0229,5
5697,10709,0.4045,1
5697,3309,0.2564,2
5697,3606,0.2431,3
5697,8126,0.0799,4
5697,8991,0.0161,5
5698,9866,0.5556,1
5698,3643,0.3462,2
5698,3455,0.0579,3
5698,8328,0.0317,4
5698,2578,0.0086,5
5699,4413,0.9607,1
5699,15067,0.0393,2
5700,5607,0.6213,1
5700,7082,0.208,2
5700,11374,0.1228,3
5700,9286,0.048,4
5701,3686,0.5892,1
5701,6833,0.2194,2
5701,1829,0.1612,3
5701,8475,0.0302,4
5702,3447,0.5548,1
5702,16897,0.4399,2
5702,10850,0.0053,3
5703,8933,0.5082,1
5703,4645,0.258,2
5703,2875,0.1227,3
5703,8541,0.1111,4
5704,4164,0.5542,1
5704,7157,0.2139,2
5704,2470,0.1857,3
5704,5064,0.0456,4
5704,6710,0.0006,5
5705,8123,0.3988,1
5705,6604,0.28,2
5705,11287,0.1771,3
5705,11319,0.1283,4
5705,8331,0.0087,5
5705,8525,0.007,6
5705,6368,0.0001,7
5706,13965,0.4567,1
5706,12312,0.353,2
5706,2767,0.1753,3
5706,9119,0.012,4
5706,11375,0.003,5
5707,6403,0.8548,1
5707,12798,0.1367,2
5707,9018,0.0061,3
5707,8579,0.0024,4
5708,7374,0.408,1
5708,3174,0.2339,2
5708,6666,0.1117,3
5708,13403,0.1077,4
5708,10734,0.0999,5
5708,13873,0.0389,6
5709,14153,0.3747,1
5709,11985,0.2432,2
5709,12953,0.1637,3
5709,7054,0.0835,4
5709,16901,0.0814,5
5709,8567,0.0534,6
5710,11144,0.4854,1
5710,5503,0.4642,2
5710,4661,0.0504,3
5711,7554,0.3928,1
5711,6846,0.2264,2
5711,9749,0.2238,3
5711,1969,0.082,4
5711,4534,0.06,5
5711,1889,0.008,6
5711,9016,0.0069,7
5712,2134,0.4101,1
5712,5702,0.3875,2
5712,2851,0.1248,3
5712,5289,0.0657,4
5712,5900,0.011,5
5712,8741,0.0008,6
5712,5697,0.0,7
5713,6227,1.0,1
5714,10144,0.3702,1
5714,13470,0.3305,2
5714,14111,0.1286,3
5714,4353,0.0807,4
5714,13188,0.0797,5
5714,4609,0.0103,6
5715,4287,0.4913,1
5715,6456,0.2324,2
5715,2846,0.1596,3
5715,3127,0.0691,4
5715,7106,0.0477,5
5716,5015,0.7482,1
5716,12591,0.1791,2
5716,13633,0.0727,3
5717,8395,0.6115,1
5717,4217,0.3711,2
5717,7389,0.0174,3
5718,4525,0.2806,1
5718,1696,0.2544,2
5718,15567,0.1752,3
5718,13512,0.1219,4
5718,10382,0.1047,5
5718,2719,0.0475,6
5718,15408,0.0159,7
5719,7174,0.3641,1
5719,16293,0.3463,2
5719,7068,0.2896,3
5720,5468,0.6193,1
5720,8987,0.2795,2
5720,8220,0.0469,3
5720,3501,0.0421,4
5720,6274,0.0122,5
5721,7733,0.4166,1
5721,8259,0.2545,2
5721,5708,0.1728,3
5721,4637,0.1561,4
5722,2640,0.5903,1
5722,12427,0.2654,2
5722,8904,0.0778,3
5722,3850,0.0666,4
5723,16135,1.0,1
5724,17483,0.2872,1
5724,12894,0.2424,2
5724,6041,0.2023,3
5724,11742,0.1677,4
5724,6782,0.0676,5
5724,1787,0.0226,6
5724,7263,0.0101,7
5725,10465,0.7235,1
5725,16693,0.2283,2
5725,10802,0.0482,3
5726,14044,0.3419,1
5726,8942,0.2885,2
5726,2347,0.1732,3
5726,4933,0.1279,4
5726,3747,0.0524,5
5726,6439,0.016,6
5727,5195,0.3455,1
5727,3644,0.2919,2
5727,3169,0.2367,3
5727,3751,0.0613,4
5727,2429,0.0392,5
5727,6788,0.0254,6
5728,6199,0.3288,1
5728,10350,0.2932,2
5728,9567,0.138,3
5728,6415,0.1202,4
5728,16826,0.052,5
5728,4768,0.0461,6
5728,6080,0.0217,7
5729,8975,0.6098,1
5729,5358,0.1485,2
5729,2419,0.1149,3
5729,4726,0.0461,4
5729,6213,0.045,5
5729,6185,0.0357,6
5730,10692,0.4051,1
5730,7566,0.2412,2
5730,7650,0.1373,3
5730,8953,0.1256,4
5730,10441,0.0417,5
5730,1754,0.0367,6
5730,2225,0.0124,7
5731,4645,0.3986,1
5731,7283,0.3617,2
5731,4412,0.1032,3
5731,4366,0.0656,4
5731,12084,0.0485,5
5731,8243,0.0218,6
5731,3576,0.0006,7
5732,9669,0.5046,1
5732,2308,0.4517,2
5732,3345,0.0279,3
5732,3919,0.0159,4
5733,11031,0.7758,1
5733,4531,0.2242,2
5734,14397,0.4111,1
5734,11281,0.3267,2
5734,17394,0.2622,3
5735,2875,0.2913,1
5735,6383,0.2896,2
5735,7601,0.2468,3
5735,6137,0.1228,4
5735,7448,0.0495,5
5736,2077,0.7589,1
5736,7069,0.1331,2
5736,7583,0.108,3
5737,15258,0.5422,1
5737,13610,0.3366,2
5737,17249,0.1133,3
5737,2938,0.0066,4
5737,12818,0.0013,5
5738,3358,0.3281,1
5738,6506,0.3177,2
5738,7256,0.2907,3
5738,11234,0.0481,4
5738,5955,0.0154,5
5739,9095,0.6267,1
5739,9380,0.2399,2
5739,6867,0.1334,3
5740,15750,0.4382,1
5740,4249,0.1632,2
5740,3148,0.1105,3
5740,15421,0.0996,4
5740,8931,0.0971,5
5740,3404,0.0874,6
5740,3512,0.004,7
5741,8158,0.4464,1
5741,9543,0.2345,2
5741,9426,0.1035,3
5741,3613,0.0679,4
5741,11004,0.0594,5
5741,9744,0.0563,6
5741,4086,0.0319,7
5742,5076,0.2953,1
5742,10937,0.2731,2
5742,4040,0.2675,3
5742,12378,0.0791,4
5742,10452,0.0552,5
5742,2849,0.0298,6
5743,10420,0.8063,1
5743,8848,0.1441,2
5743,1756,0.048,3
5743,9598,0.0016,4
5744,5238,0.3339,1
5744,2409,0.329,2
5744,16424,0.2164,3
5744,2546,0.0428,4
5744,7394,0.0396,5
5744,2259,0.0349,6
5744,10452,0.0033,7
5745,16438,0.6737,1
5745,9832,0.0918,2
5745,6814,0.0841,3
5745,12518,0.0825,4
5745,13652,0.068,5
5746,13937,0.6602,1
5746,1977,0.2827,2
5746,5706,0.0571,3
5747,2356,1.0,1
5748,4277,0.4935,1
5748,2470,0.2968,2
5748,7977,0.1507,3
5748,13273,0.059,4
5749,6573,0.6452,1
5749,9678,0.2705,2
5749,2474,0.0579,3
5749,9143,0.0263,4
5750,4918,0.3177,1
5750,6299,0.3039,2
5750,7646,0.2356,3
5750,2514,0.1428,4
5751,10499,0.4327,1
5751,5111,0.4282,2
5751,4447,0.1391,3
5752,10489,0.5804,1
5752,10699,0.284,2
5752,10333,0.0922,3
5752,6949,0.0383,4
5752,9233,0.004,5
5752,8546,0.0011,6
5753,10008,0.3587,1
5753,7090,0.3277,2
5753,15092,0.2585,3
5753,4413,0.0239,4
5753,5271,0.0213,5
5753,9407,0.0099,6
5754,7637,0.445,1
5754,15097,0.2193,2
5754,10443,0.1482,3
5754,13015,0.0922,4
5754,13391,0.0545,5
5754,16694,0.0408,6
5755,2242,0.4663,1
5755,3599,0.3579,2
5755,3656,0.1498,3
5755,16020,0.0146,4
5755,13112,0.0051,5
5755,5620,0.0048,6
5755,6124,0.0014,7
5756,1749,0.4152,1
5756,9798,0.2086,2
5756,14172,0.1439,3
5756,11763,0.1288,4
5756,13795,0.1034,5
5757,10611,0.3394,1
5757,4896,0.2176,2
5757,4397,0.2125,3
5757,8687,0.1262,4
5757,4526,0.0995,5
5757,4410,0.0048,6
5758,2708,1.0,1
5759,6863,0.5101,1
5759,5106,0.3943,2
5759,5253,0.0956,3
5760,8245,0.3763,1
5760,8602,0.3189,2
5760,7322,0.1779,3
5760,2155,0.1269,4
5761,7391,0.623,1
5761,5125,0.1847,2
5761,11202,0.0991,3
5761,11069,0.0838,4
5761,2875,0.0067,5
5761,2987,0.0028,6
5762,14471,0.9127,1
5762,5898,0.0691,2
5762,6067,0.0182,3
5763,15761,0.5587,1
5763,16503,0.4071,2
5763,13146,0.0341,3
5764,17604,0.7193,1
5764,7396,0.126,2
5764,16423,0.0864,3
5764,6540,0.0335,4
5764,11950,0.0286,5
5764,14864,0.0061,6
5765,4309,0.8102,1
5765,5049,0.1853,2
5765,5724,0.0045,3
5766,9365,0.7485,1
5766,4622,0.1353,2
5766,3100,0.0796,3
5766,7833,0.0198,4
5766,6581,0.0168,5
5767,6621,0.4373,1
5767,3786,0.3264,2
5767,1898,0.2134,3
5767,7653,0.0229,4
5768,3919,0.5095,1
5768,5900,0.2436,2
5768,4051,0.1827,3
5768,8424,0.0642,4
5769,10793,0.5248,1
5769,6326,0.3606,2
5769,13147,0.1137,3
5769,6059,0.0009,4
5770,17118,0.3508,1
5770,5906,0.2906,2
5770,6535,0.2599,3
5770,3958,0.0379,4
5770,12140,0.0368,5
5770,4227,0.0239,6
5771,7624,0.4197,1
5771,4809,0.3192,2
5771,6270,0.131,3
5771,1948,0.1301,4
5772,3432,0.4584,1
5772,2176,0.3723,2
5772,7180,0.1399,3
5772,4465,0.0171,4
5772,4600,0.0123,5
5773,7692,0.6998,1
5773,13029,0.1347,2
5773,6266,0.0925,3
5773,15819,0.0729,4
5774,2663,0.5954,1
5774,13391,0.2063,2
5774,3214,0.1983,3
5775,16888,0.5486,1
5775,6461,0.2047,2
5775,5626,0.1658,3
5775,12481,0.0808,4
5776,13524,0.3378,1
5776,5503,0.2593,2
5776,13416,0.1607,3
5776,5942,0.136,4
5776,4213,0.0537,5
5776,16201,0.0371,6
5776,5799,0.0155,7
5777,5993,0.3343,1
5777,15418,0.311,2
5777,15440,0.2372,3
5777,10103,0.0635,4
5777,6588,0.0376,5
5777,2135,0.01,6
5777,5459,0.0064,7
5778,3416,0.3536,1
5778,8840,0.1665,2
5778,8759,0.1476,3
5778,10238,0.1415,4
5778,10821,0.1061,5
5778,6246,0.0846,6
5779,2067,0.2949,1
5779,5751,0.2292,2
5779,7611,0.1872,3
5779,4120,0.1459,4
5779,7633,0.1221,5
5779,3455,0.0161,6
5779,4276,0.0046,7
5780,6772,0.565,1
5780,17557,0.2424,2
5780,3162,0.1205,3
5780,10935,0.0523,4
5780,3005,0.0199,5
5781,5719,0.6458,1
5781,13246,0.1638,2
5781,16750,0.0964,3
5781,11702,0.0829,4
5781,8089,0.0085,5
5781,11865,0.0026,6
5782,10574,0.4265,1
5782,13357,0.1775,2
5782,9265,0.1319,3
5782,3267,0.1315,4
5782,11128,0.0754,5
5782,13990,0.0311,6
5782,4206,0.0262,7
5783,9391,0.4805,1
5783,1745,0.3857,2
5783,2164,0.1023,3
5783,3613,0.0315,4
5784,3960,0.4116,1
5784,3490,0.4068,2
5784,5052,0.1816,3
5785,14910,0.3297,1
5785,9790,0.3138,2
5785,6455,0.3023,3
5785,17312,0.0542,4
5786,6596,0.6089,1
5786,6158,0.212,2
5786,4480,0.1684,3
5786,8730,0.0107,4
5787,5876,0.4128,1
5787,2990,0.299,2
5787,3515,0.1445,3
5787,5097,0.0683,4
5787,5698,0.054,5
5787,12603,0.0214,6
5788,4972,0.4159,1
5788,3773,0.3224,2
5788,6010,0.1076,3
5788,9463,0.0759,4
5788,10253,0.0527,5
5788,8382,0.0254,6
5789,3022,0.2988,1
5789,13872,0.2295,2
5789,2399,0.1913,3
5789,4752,0.1512,4
5789,9604,0.0493,5
5789,16733,0.0457,6
5789,13520,0.0342,7
5790,13977,1.0,1
5791,10774,0.4657,1
5791,6240,0.2923,2
5791,9934,0.242,3
5792,9506,0.7486,1
5792,6463,0.1992,2
5792,16597,0.0502,3
5792,3121,0.002,4
5793,3181,0.4293,1
5793,6065,0.3633,2
5793,6172,0.0589,3
5793,10331,0.0564,4
5793,17038,0.0444,5
5793,7062,0.0347,6
5793,6320,0.013,7
5794,10503,0.7277,1
5794,12798,0.2586,2
5794,14007,0.0137,3
5795,2542,0.3337,1
5795,9879,0.2854,2
5795,7005,0.2047,3
5795,8339,0.1244,4
5795,8167,0.0247,5
5795,1837,0.0197,6
5795,2390,0.0073,7
5796,9065,0.3928,1
5796,6250,0.3106,2
5796,15322,0.1929,3
5796,15304,0.0823,4
5796,3893,0.0214,5
5797,5965,0.6876,1
5797,7348,0.2095,2
5797,7405,0.0579,3
5797,3138,0.045,4
5798,10591,0.3745,1
5798,9760,0.3453,2
5798,5008,0.1147,3
5798,10650,0.0544,4
5798,5414,0.0451,5
5798,10188,0.0446,6
5798,11114,0.0214,7
5799,11976,0.7752,1
5799,2531,0.0965,2
5799,11316,0.0785,3
5799,2344,0.0328,4
5799,11562,0.0171,5
5800,5676,1.0,1
5801,6825,0.9498,1
5801,4696,0.0502,2
5802,16078,0.4107,1
5802,2652,0.3763,2
5802,13193,0.1113,3
5802,7677,0.0479,4
5802,14506,0.0292,5
5802,14637,0.0247,6
5803,6397,0.4863,1
5803,3362,0.2448,2
5803,1817,0.2335,3
5803,2861,0.0199,4
5803,5242,0.0156,5
5804,4107,0.3397,1
5804,6687,0.2617,2
5804,5287,0.2229,3
5804,9471,0.1232,4
5804,7318,0.0417,5
5804,3701,0.0108,6
5805,3489,0.5012,1
5805,13965,0.1995,2
5805,12159,0.1003,3
5805,5947,0.0828,4
5805,11749,0.0691,5
5805,16159,0.0264,6
5805,10121,0.0207,7
5806,4624,0.6059,1
5806,9415,0.2705,2
5806,4453,0.0886,3
5806,5573,0.03,4
5806,1817,0.0051,5
5807,5534,0.5445,1
5807,7920,0.28,2
5807,11018,0.1756,3
5808,3929,0.7122,1
5808,5353,0.2307,2
5808,3837,0.0255,3
5808,6354,0.0243,4
5808,2841,0.0073,5
5809,6765,0.5897,1
5809,8439,0.2994,2
5809,9278,0.1109,3
5810,11429,0.2619,1
5810,17524,0.2154,2
5810,16844,0.1993,3
5810,7151,0.1224,4
5810,10671,0.0938,5
5810,16564,0.0668,6
5810,6071,0.0403,7
5811,3194,0.3512,1
5811,2602,0.1792,2
5811,4491,0.1472,3
5811,3818,0.1196,4
5811,8098,0.0967,5
5811,6857,0.0604,6
5811,6690,0.0457,7
5812,4610,0.5155,1
5812,10995,0.1968,2
5812,10498,0.1272,3
5812,3252,0.0851,4
5812,3718,0.0734,5
5812,11323,0.0019,6
5813,9185,0.3566,1
5813,3510,0.2441,2
5813,12919,0.2061,3
5813,8329,0.0739,4
5813,17118,0.0641,5
5813,12407,0.053,6
5813,9919,0.0023,7
5814,3825,0.4352,1
5814,7530,0.2899,2
5814,8919,0.1785,3
5814,1729,0.0964,4
5815,3296,0.2966,1
5815,5455,0.2284,2
5815,5630,0.2025,3
5815,3376,0.1279,4
5815,1943,0.1205,5
5815,8204,0.0242,6
5816,8628,0.5179,1
5816,5581,0.463,2
5816,7760,0.0113,3
5816,8833,0.0079,4
5817,17576,0.3382,1
5817,14082,0.2369,2
5817,3961,0.2209,3
5817,1665,0.1712,4
5817,7439,0.0328,5
5818,5901,0.5727,1
5818,2146,0.1837,2
5818,4966,0.0967,3
5818,3148,0.0715,4
5818,2103,0.0578,5
5818,4869,0.0145,6
5818,4288,0.0032,7
5819,7475,0.2908,1
5819,2520,0.2507,2
5819,2324,0.2456,3
5819,8268,0.166,4
5819,6414,0.0468,5
5820,4113,0.4458,1
5820,13007,0.2205,2
5820,4295,0.2121,3
5820,2301,0.0775,4
5820,6384,0.0331,5
5820,15522,0.011,6
5821,12196,0.8585,1
5821,14572,0.1415,2
5822,8214,0.2652,1
5822,7269,0.233,2
5822,2542,0.1999,3
5822,2446,0.1987,4
5822,7751,0.0467,5
5822,7401,0.0328,6
5822,7732,0.0238,7
5823,17480,0.571,1
5823,2270,0.4282,2
5823,12142,0.0008,3
5824,8721,0.8156,1
5824,11883,0.0956,2
5824,3445,0.0464,3
5824,15298,0.0361,4
5824,14799,0.0064,5
5825,7441,0.7776,1
5825,6598,0.1975,2
5825,6441,0.0249,3
5826,4958,0.3563,1
5826,5976,0.307,2
5826,5949,0.1812,3
5826,8620,0.1555,4
5827,4225,0.5421,1
5827,4597,0.25,2
5827,1835,0.107,3
5827,1735,0.1008,4
5828,10021,0.367,1
5828,13619,0.3613,2
5828,15693,0.2422,3
5828,17577,0.0295,4
5829,5988,0.6528,1
5829,5096,0.3062,2
5829,14588,0.041,3
5830,9955,0.3228,1
5830,15504,0.2818,2
5830,5826,0.1855,3
5830,16361,0.1614,4
5830,2138,0.0407,5
5830,3191,0.0079,6
5831,11068,0.51,1
5831,17212,0.2835,2
5831,10996,0.1759,3
5831,3766,0.0306,4
5832,12950,0.3979,1
5832,11486,0.2162,2
5832,8837,0.1534,3
5832,2552,0.1348,4
5832,14057,0.0977,5
5833,5472,0.432,1
5833,10146,0.2664,2
5833,1930,0.1432,3
5833,16783,0.127,4
5833,7588,0.0314,5
5834,6611,0.4404,1
5834,4660,0.1778,2
5834,6250,0.1777,3
5834,13091,0.098,4
5834,9406,0.0659,5
5834,2330,0.0334,6
5834,10355,0.0067,7
5835,2727,0.7338,1
5835,11225,0.1308,2
5835,4265,0.0673,3
5835,7960,0.0664,4
5835,7723,0.0017,5
5836,7388,0.4456,1
5836,5686,0.2957,2
5836,2046,0.1432,3
5836,5301,0.1021,4
5836,3012,0.0134,5
5837,9609,0.4889,1
5837,3043,0.2686,2
5837,9327,0.1225,3
5837,8002,0.12,4
5838,7298,0.3782,1
5838,2429,0.2315,2
5838,6236,0.157,3
5838,8012,0.1386,4
5838,7932,0.0875,5
5838,7518,0.0072,6
5839,4622,0.8113,1
5839,3859,0.0976,2
5839,7801,0.0541,3
5839,4457,0.0244,4
5839,7573,0.0112,5
5839,1724,0.0015,6
5840,7556,0.3293,1
5840,5671,0.2454,2
5840,11178,0.1752,3
5840,8176,0.1738,4
5840,2791,0.0682,5
5840,7371,0.0065,6
5840,8241,0.0016,7
5841,11741,1.0,1
5842,11359,0.6518,1
5842,15497,0.2687,2
5842,3116,0.0795,3
5843,7664,0.3983,1
5843,8221,0.3673,2
5843,4001,0.2006,3
5843,2144,0.017,4
5843,11021,0.016,5
5843,8370,0.0007,6
5843,5031,0.0001,7
5844,14026,0.637,1
5844,11029,0.2714,2
5844,3296,0.0917,3
5845,6338,0.6815,1
5845,12763,0.2082,2
5845,7790,0.0745,3
5845,15037,0.0325,4
5845,10064,0.0017,5
5845,4670,0.0015,6
5846,2927,0.5628,1
5846,1927,0.2617,2
5846,11020,0.1173,3
5846,7646,0.0375,4
5846,10239,0.0206,5
5847,4039,0.395,1
5847,2195,0.2589,2
5847,6328,0.1435,3
5847,5805,0.0742,4
5847,10430,0.0725,5
5847,9543,0.0388,6
5847,4652,0.017,7
5848,16475,0.8517,1
5848,14087,0.0744,2
5848,4898,0.0739,3
5849,11109,0.4551,1
5849,6586,0.159,2
5849,8095,0.147,3
5849,9345,0.0733,4
5849,4749,0.0637,5
5849,6725,0.0544,6
5849,3976,0.0476,7
5850,1708,0.2636,1
5850,4805,0.2369,2
5850,12153,0.2316,3
5850,3990,0.1259,4
5850,2343,0.0877,5
5850,6396,0.0543,6
5851,9703,0.5149,1
5851,2675,0.2991,2
5851,5542,0.186,3
5852,2665,0.3675,1
5852,7973,0.2522,2
5852,6465,0.2404,3
5852,2707,0.0683,4
5852,5640,0.041,5
5852,10442,0.0306,6
5853,4664,0.7339,1
5853,8767,0.1406,2
5853,10290,0.1255,3
5854,5416,0.6158,1
5854,5893,0.1767,2
5854,5051,0.1424,3
5854,2232,0.0584,4
5854,11186,0.0068,5
5855,6742,0.3701,1
5855,15399,0.2873,2
5855,8530,0.1596,3
5855,9040,0.0735,4
5855,14868,0.072,5
5855,15570,0.0247,6
5855,14867,0.0128,7
5856,13200,0.3818,1
5856,6163,0.2918,2
5856,6211,0.2196,3
5856,8884,0.1063,4
5856,16111,0.0005,5
5857,11199,0.2909,1
5857,7676,0.2363,2
5857,5262,0.1974,3
5857,9342,0.1008,4
5857,7062,0.0945,5
5857,10374,0.0468,6
5857,9196,0.0333,7
5858,6687,0.4632,1
5858,4488,0.1777,2
5858,3621,0.1649,3
5858,8149,0.1095,4
5858,7742,0.0628,5
5858,15503,0.011,6
5858,5040,0.0109,7
5859,7393,0.3442,1
5859,2588,0.2786,2
5859,6501,0.2488,3
5859,10837,0.0853,4
5859,7085,0.0431,5
5860,3023,0.3504,1
5860,17460,0.2634,2
5860,3911,0.1728,3
5860,13984,0.1533,4
5860,2341,0.0601,5
5861,6753,0.7277,1
5861,6599,0.149,2
5861,4683,0.0713,3
5861,10139,0.0521,4
5862,9067,1.0,1
5863,3850,0.5237,1
5863,7831,0.3168,2
5863,13364,0.1595,3
5864,1743,0.5131,1
5864,8091,0.2995,2
5864,2598,0.1315,3
5864,7199,0.0559,4
5865,5154,0.482,1
5865,2001,0.3596,2
5865,4923,0.1585,3
5866,4760,1.0,1
5867,8786,0.3935,1
5867,2627,0.2618,2
5867,6881,0.1741,3
5867,7666,0.121,4
5867,6425,0.0336,5
5867,7727,0.0133,6
5867,1951,0.0028,7
5868,7250,0.4462,1
5868,12815,0.3855,2
5868,7738,0.0637,3
5868,16406,0.0561,4
5868,15890,0.0484,5
5869,9543,0.4577,1
5869,14748,0.3939,2
5869,16848,0.1484,3
5870,3310,0.5937,1
5870,6485,0.2095,2
5870,2238,0.1968,3
5871,16924,0.7937,1
5871,6323,0.1244,2
5871,4541,0.0819,3
5872,3030,0.4313,1
5872,7084,0.3199,2
5872,8355,0.1187,3
5872,2991,0.0797,4
5872,4395,0.0503,5
5873,11156,0.5526,1
5873,2112,0.3606,2
5873,3699,0.0588,3
5873,11834,0.028,4
5874,6380,0.4794,1
5874,3645,0.3148,2
5874,9233,0.2057,3
5875,7910,0.4674,1
5875,12687,0.3247,2
5875,9833,0.1242,3
5875,15547,0.051,4
5875,15074,0.0319,5
5875,6933,0.0008,6
5876,5092,0.596,1
5876,4894,0.3264,2
5876,17229,0.0721,3
5876,13786,0.0055,4
5877,5554,0.5551,1
5877,10547,0.304,2
5877,10697,0.1408,3
5878,9993,0.3861,1
5878,6550,0.2742,2
5878,4339,0.1748,3
5878,10995,0.1072,4
5878,9687,0.0303,5
5878,9384,0.0274,6
5879,10945,0.8431,1
5879,5290,0.1362,2
5879,5642,0.0208,3
5880,4980,0.3476,1
5880,4924,0.3438,2
5880,9708,0.1305,3
5880,10744,0.1208,4
5880,2678,0.0573,5
5881,4810,0.5051,1
5881,11147,0.428,2
5881,8897,0.0669,3
5882,3551,0.5478,1
5882,2633,0.1706,2
5882,3427,0.1571,3
5882,10744,0.0649,4
5882,2701,0.0572,5
5882,10867,0.0022,6
5883,5253,0.7655,1
5883,4352,0.1943,2
5883,9494,0.0402,3
5884,14107,0.3858,1
5884,13124,0.3315,2
5884,9191,0.2827,3
5885,2987,0.5423,1
5885,6123,0.3292,2
5885,3606,0.0551,3
5885,3154,0.037,4
5885,3998,0.0308,5
5885,6556,0.0057,6
5886,6854,0.8981,1
5886,7313,0.0494,2
5886,6841,0.0325,3
5886,8037,0.0101,4
5886,7404,0.0098,5
5887,7206,0.4087,1
5887,11404,0.4076,2
5887,4813,0.0838,3
5887,1920,0.0509,4
5887,5031,0.0293,5
5887,8708,0.015,6
5887,11054,0.0047,7
5888,2554,0.4497,1
5888,8424,0.2974,2
5888,5050,0.1366,3
5888,7930,0.1163,4
5889,13310,0.2457,1
5889,11240,0.2129,2
5889,4376,0.174,3
5889,3304,0.1624,4
5889,15773,0.1046,5
5889,10621,0.1004,6
5890,15386,0.3786,1
5890,12529,0.2062,2
5890,4043,0.1769,3
5890,14051,0.1116,4
5890,15306,0.0705,5
5890,4846,0.0506,6
5890,8295,0.0055,7
5891,7024,0.4863,1
5891,8075,0.1408,2
5891,15675,0.139,3
5891,7572,0.1129,4
5891,6691,0.0911,5
5891,7374,0.0298,6
5892,2792,0.3637,1
5892,3553,0.3305,2
5892,2472,0.1981,3
5892,3959,0.0619,4
5892,4446,0.0458,5
5893,11387,0.442,1
5893,10870,0.2828,2
5893,8125,0.2736,3
5893,6171,0.0016,4
5894,6641,0.3636,1
5894,3526,0.2467,2
5894,5867,0.1485,3
5894,3693,0.1384,4
5894,12793,0.0914,5
5894,3888,0.0114,6
5895,16848,0.3295,1
5895,11506,0.2769,2
5895,6169,0.1673,3
5895,2825,0.1484,4
5895,2719,0.0723,5
5895,7137,0.0055,6
5896,7594,0.4777,1
5896,6366,0.2708,2
5896,4536,0.1876,3
5896,8379,0.0341,4
5896,3021,0.0298,5
5897,3077,0.7722,1
5897,3284,0.186,2
5897,8378,0.0241,3
5897,5884,0.0177,4
5898,4521,0.3525,1
5898,6308,0.2552,2
5898,9028,0.1905,3
5898,9113,0.1504,4
5898,6952,0.0514,5
5899,11546,0.5201,1
5899,6359,0.3104,2
5899,10018,0.1523,3
5899,4011,0.0099,4
5899,8614,0.0073,5
5900,13751,0.4118,1
5900,6180,0.2304,2
5900,8237,0.1701,3
5900,14343,0.124,4
5900,6494,0.0394,5
5900,16260,0.0175,6
5900,14503,0.0069,7
5901,1758,0.3964,1
5901,10867,0.2688,2
5901,1727,0.2221,3
5901,9316,0.1127,4
5902,7844,0.3949,1
5902,10750,0.3468,2
5902,1888,0.0714,3
5902,3558,0.0576,4
5902,9232,0.0545,5
5902,8267,0.0431,6
5902,3211,0.0316,7
5903,4671,0.4791,1
5903,2429,0.2297,2
5903,6380,0.1867,3
5903,3413,0.0722,4
5903,10580,0.0323,5
5904,6770,0.4841,1
5904,7435,0.2558,2
5904,2407,0.2383,3
5904,3783,0.0218,4
5905,8092,0.4513,1
5905,16661,0.3086,2
5905,9098,0.2401,3
5906,1732,0.5632,1
5906,7821,0.2887,2
5906,2537,0.0994,3
5906,6654,0.0274,4
5906,4365,0.0139,5
5906,5122,0.0074,6
5907,5728,0.5139,1
5907,10224,0.1497,2
5907,2993,0.1231,3
5907,2633,0.1005,4
5907,3927,0.0976,5
5907,4356,0.0151,6
5908,7195,0.3633,1
5908,3807,0.2019,2
5908,9819,0.1912,3
5908,2935,0.1592,4
5908,4259,0.0657,5
5908,8107,0.0186,6
5909,10667,0.6185,1
5909,4006,0.3773,2
5909,4799,0.0042,3
5910,4126,0.5202,1
5910,9633,0.227,2
5910,4352,0.1858,3
5910,3774,0.067,4
5911,3062,0.728,1
5911,10979,0.1208,2
5911,10397,0.0786,3
5911,4067,0.0725,4
5912,10611,0.3225,1
5912,2764,0.2628,2
5912,7547,0.1611,3
5912,9109,0.1357,4
5912,8255,0.0455,5
5912,7746,0.0451,6
5912,3503,0.0272,7
5913,7781,0.3003,1
5913,2843,0.2416,2
5913,8670,0.2007,3
5913,4601,0.1424,4
5913,11967,0.1149,5
5914,9995,0.8069,1
5914,6344,0.1086,2
5914,5070,0.0845,3
5915,8508,0.433,1
5915,1980,0.3049,2
5915,8953,0.2183,3
5915,7206,0.0438,4
5916,5785,0.4813,1
5916,3111,0.2979,2
5916,16235,0.1141,3
5916,11432,0.0875,4
5916,3243,0.0192,5
5917,6114,0.9924,1
5917,2464,0.0076,2
5918,6397,0.3681,1
5918,15185,0.2129,2
5918,2869,0.1516,3
5918,3124,0.1303,4
5918,4380,0.091,5
5918,5016,0.046,6
5919,4031,0.487,1
5919,10021,0.3609,2
5919,4809,0.1231,3
5919,10468,0.0291,4
5920,4025,1.0,1
5921,10759,0.5898,1
5921,2520,0.2523,2
5921,8488,0.0823,3
5921,7164,0.0755,4
5921,6309,0.0001,5
5922,15982,0.3902,1
5922,12441,0.3101,2
5922,9862,0.1777,3
5922,3260,0.1012,4
5922,6213,0.0208,5
5923,5569,0.6348,1
5923,4527,0.1546,2
5923,5507,0.1258,3
5923,5666,0.0848,4
5924,3206,0.4708,1
5924,3491,0.2738,2
5924,1662,0.1692,3
5924,3962,0.0863,4
5925,9513,0.5922,1
5925,9046,0.2452,2
5925,6336,0.1626,3
5926,11247,0.975,1
5926,4864,0.025,2
5927,2626,0.3591,1
5927,10628,0.3477,2
5927,10120,0.2932,3
5928,8329,1.0,1
5929,3995,0.4033,1
5929,3945,0.3885,2
5929,14533,0.0995,3
5929,17006,0.0718,4
5929,10272,0.0369,5
5930,12914,0.6272,1
5930,12039,0.1105,2
5930,3918,0.0824,3
5930,2231,0.0756,4
5930,7765,0.0543,5
5930,5622,0.038,6
5930,16218,0.0119,7
5931,8124,0.4988,1
5931,8380,0.3189,2
5931,7665,0.1516,3
5931,5296,0.0306,4
5931,4915,0.0,5
5932,2602,0.3145,1
5932,10167,0.2282,2
5932,5169,0.1751,3
5932,10890,0.1464,4
5932,4104,0.0591,5
5932,3759,0.0454,6
5932,8110,0.0313,7
5933,3226,0.309,1
5933,5996,0.2832,2
5933,2920,0.2239,3
5933,5858,0.0898,4
5933,3977,0.0599,5
5933,6467,0.0286,6
5933,10655,0.0057,7
5934,2109,0.677,1
5934,3464,0.299,2
5934,3986,0.024,3
5935,2349,0.293,1
5935,3455,0.2546,2
5935,7588,0.1843,3
5935,4848,0.0931,4
5935,3226,0.0798,5
5935,1879,0.0777,6
5935,2306,0.0175,7
5936,3382,0.4907,1
5936,6927,0.2132,2
5936,1983,0.1719,3
5936,9816,0.0674,4
5936,1938,0.0567,5
5937,10972,0.4333,1
5937,17000,0.2168,2
5937,9353,0.214,3
5937,13643,0.0582,4
5937,5011,0.0408,5
5937,1978,0.027,6
5937,5626,0.0098,7
5938,4207,0.5891,1
5938,10353,0.1491,2
5938,5082,0.1397,3
5938,4726,0.0993,4
5938,5679,0.0184,5
5938,4203,0.0044,6
5939,10302,0.5134,1
5939,15029,0.1093,2
5939,4205,0.0958,3
5939,10947,0.0914,4
5939,8262,0.0891,5
5939,15922,0.0622,6
5939,2730,0.0388,7
5940,5529,0.3666,1
5940,3145,0.2438,2
5940,10001,0.208,3
5940,3063,0.113,4
5940,5644,0.0593,5
5940,4066,0.0094,6
5941,9602,0.3833,1
5941,8250,0.2986,2
5941,3307,0.2519,3
5941,6500,0.0612,4
5941,5205,0.0029,5
5941,6482,0.0021,6
5942,4478,0.7319,1
5942,11685,0.2107,2
5942,3573,0.0574,3
5943,16434,0.9942,1
5943,4370,0.0037,2
5943,13886,0.0021,3
5944,10127,0.616,1
5944,7140,0.2129,2
5944,10743,0.0593,3
5944,10380,0.043,4
5944,9912,0.0391,5
5944,9616,0.0297,6
5945,3216,0.955,1
5945,5789,0.0342,2
5945,10462,0.0108,3
5946,8314,0.6058,1
5946,7247,0.3942,2
5947,15693,0.34,1
5947,7658,0.285,2
5947,6902,0.2548,3
5947,4950,0.0459,4
5947,11452,0.0414,5
5947,16443,0.0329,6
5947,3122,0.0,7
5948,10446,1.0,1
5949,16748,0.3585,1
5949,13933,0.2964,2
5949,14515,0.2044,3
5949,1705,0.0695,4
5949,10093,0.0524,5
5949,11358,0.0188,6
5950,15385,0.7604,1
5950,14279,0.2396,2
5951,7238,0.4577,1
5951,4725,0.3438,2
5951,6828,0.0943,3
5951,3069,0.0769,4
5951,9840,0.0107,5
5951,4720,0.0091,6
5951,7967,0.0075,7
5952,8523,0.2918,1
5952,2842,0.2799,2
5952,2018,0.1807,3
5952,6114,0.1245,4
5952,7991,0.0487,5
5952,5367,0.0406,6
5952,4660,0.0338,7
5953,6171,0.327,1
5953,3084,0.2891,2
5953,12398,0.2605,3
5953,3950,0.1235,4
5954,8439,0.5778,1
5954,3023,0.231,2
5954,3637,0.078,3
5954,9086,0.0704,4
5954,6866,0.0428,5
5955,2453,0.416,1
5955,10085,0.4094,2
5955,11923,0.1466,3
5955,14318,0.0279,4
5956,15383,0.7132,1
5956,4457,0.2291,2
5956,9985,0.0577,3
5957,9704,0.5342,1
5957,2651,0.2322,2
5957,8789,0.1072,3
5957,15200,0.064,4
5957,4458,0.0625,5
5958,6283,0.7458,1
5958,6654,0.1158,2
5958,4438,0.0771,3
5958,7984,0.0614,4
5959,11387,0.3591,1
5959,13844,0.3462,2
5959,2036,0.1243,3
5959,3654,0.0878,4
5959,10089,0.0486,5
5959,8340,0.0255,6
5959,7752,0.0083,7
5960,14415,0.9988,1
5960,16152,0.0009,2
5960,6254,0.0002,3
5961,10181,0.6272,1
5961,7134,0.1623,2
5961,5512,0.1259,3
5961,14440,0.0425,4
5961,16270,0.0283,5
5961,10476,0.0137,6
5962,8787,0.4746,1
5962,16310,0.2151,2
5962,11546,0.1398,3
5962,8018,0.0819,4
5962,4464,0.0619,5
5962,2517,0.0183,6
5962,14129,0.0084,7
5963,16911,0.6068,1
5963,2266,0.2427,2
5963,2437,0.0559,3
5963,15111,0.0434,4
5963,9455,0.0382,5
5963,5340,0.0126,6
5963,8856,0.0005,7
5964,3707,0.5257,1
5964,5143,0.228,2
5964,4857,0.2137,3
5964,1784,0.028,4
5964,10781,0.0046,5
5965,10269,0.4173,1
5965,5658,0.241,2
5965,7659,0.2208,3
5965,5498,0.0779,4
5965,1985,0.043,5
5966,2755,0.4024,1
5966,1954,0.2584,2
5966,6207,0.169,3
5966,1650,0.0779,4
5966,2163,0.0649,5
5966,7228,0.0273,6
5967,11255,0.3758,1
5967,8022,0.3319,2
5967,8652,0.2018,3
5967,4789,0.065,4
5967,9668,0.0256,5
5968,5336,0.2284,1
5968,2032,0.2246,2
5968,17174,0.1877,3
5968,4746,0.1575,4
5968,15692,0.1037,5
5968,10005,0.0518,6
5968,15181,0.0462,7
5969,8975,0.4488,1
5969,3555,0.3024,2
5969,7376,0.139,3
5969,11225,0.0613,4
5969,2024,0.0446,5
5969,10056,0.0033,6
5969,1956,0.0007,7
5970,8893,0.4076,1
5970,7045,0.3102,2
5970,7465,0.0977,3
5970,8797,0.0916,4
5970,7071,0.0517,5
5970,2262,0.0412,6
5971,7265,0.4229,1
5971,7069,0.2283,2
5971,5359,0.2069,3
5971,8631,0.0924,4
5971,3040,0.0495,5
5972,8789,0.5203,1
5972,15514,0.4095,2
5972,4098,0.0702,3
5973,5155,0.2653,1
5973,2460,0.2359,2
5973,3385,0.1546,3
5973,7879,0.1426,4
5973,3563,0.1036,5
5973,5969,0.0982,6
5974,16171,0.4054,1
5974,4561,0.3862,2
5974,15642,0.1807,3
5974,13512,0.0195,4
5974,13907,0.0082,5
5974,11012,0.0,6
5975,17572,0.3966,1
5975,10555,0.2838,2
5975,8788,0.1865,3
5975,11174,0.1331,4
5976,9541,0.4725,1
5976,4645,0.2528,2
5976,7094,0.1195,3
5976,1932,0.0829,4
5976,7539,0.0521,5
5976,4757,0.0202,6
5977,5126,0.3007,1
5977,3825,0.2193,2
5977,6728,0.2095,3
5977,7129,0.0974,4
5977,3972,0.0832,5
5977,5638,0.0651,6
5977,4303,0.0248,7
5978,3432,0.4261,1
5978,6756,0.1977,2
5978,5080,0.1718,3
5978,3036,0.1225,4
5978,8980,0.078,5
5978,8066,0.0025,6
5978,5617,0.0014,7
5979,5111,0.9731,1
5979,11397,0.0269,2
5980,4303,0.3272,1
5980,6662,0.3165,2
5980,14099,0.1123,3
5980,3411,0.0842,4
5980,2693,0.0793,5
5980,6014,0.0458,6
5980,5405,0.0347,7
5981,6175,0.8123,1
5981,10768,0.1066,2
5981,9396,0.0811,3
5982,3810,0.2605,1
5982,3228,0.2327,2
5982,7219,0.2201,3
5982,6122,0.1625,4
5982,4170,0.0947,5
5982,14175,0.0294,6
5983,16628,0.5854,1
5983,6540,0.1472,2
5983,12946,0.114,3
5983,14719,0.0587,4
5983,5532,0.054,5
5983,6955,0.0407,6
5984,15160,0.4108,1
5984,8855,0.2059,2
5984,7046,0.2036,3
5984,5585,0.1277,4
5984,11881,0.0282,5
5984,6448,0.0238,6
5985,4421,0.3821,1
5985,9256,0.3252,2
5985,5019,0.113,3
5985,8677,0.0866,4
5985,7814,0.0442,5
5985,2481,0.0358,6
5985,16828,0.0132,7
5986,2038,0.4368,1
5986,9002,0.2913,2
5986,11179,0.1125,3
5986,5042,0.101,4
5986,2009,0.0437,5
5986,10571,0.013,6
5986,4829,0.0018,7
5987,5444,0.6994,1
5987,6434,0.2965,2
5987,3507,0.0041,3
5988,1937,0.3704,1
5988,16243,0.3679,2
5988,10287,0.1811,3
5988,10923,0.0666,4
5988,13137,0.0141,5
5989,9219,0.525,1
5989,10819,0.1492,2
5989,1663,0.1025,3
5989,4840,0.0915,4
5989,7757,0.0822,5
5989,16092,0.0481,6
5989,10446,0.0014,7
5990,4423,0.5422,1
5990,3663,0.4414,2
5990,2368,0.0165,3
5991,10688,0.389,1
5991,6885,0.2741,2
5991,5855,0.1792,3
5991,10359,0.111,4
5991,3289,0.041,5
5991,6994,0.0058,6
5992,11594,0.7684,1
5992,4335,0.1345,2
5992,2791,0.0972,3
5993,2289,0.8005,1
5993,12229,0.1242,2
5993,8806,0.0752,3
5994,6032,0.3409,1
5994,14871,0.3096,2
5994,6303,0.1911,3
5994,3921,0.1012,4
5994,5654,0.0572,5
5995,2667,0.5237,1
5995,6742,0.2299,2
5995,8159,0.1006,3
5995,6868,0.0757,4
5995,11065,0.0344,5
5995,15287,0.0301,6
5995,15363,0.0056,7
5996,9777,0.4841,1
5996,2305,0.2206,2
5996,15494,0.1423,3
5996,6829,0.14,4
5996,10146,0.013,5
5997,3393,0.5402,1
5997,13297,0.239,2
5997,10042,0.1451,3
5997,6556,0.0543,4
5997,4924,0.0214,5
5998,7045,0.7341,1
5998,7404,0.2631,2
5998,3345,0.0028,3
5999,7860,0.4447,1
5999,5871,0.1803,2
5999,7328,0.1713,3
5999,10927,0.1555,4
5999,2890,0.0335,5
5999,4289,0.0147,6
6000,11859,0.3375,1
6000,7191,0.2772,2
6000,2937,0.2,3
6000,5293,0.1516,4
6000,9637,0.0318,5
6000,2208,0.002,6
6001,5377,0.3407,1
6001,5353,0.3044,2
6001,3932,0.2967,3
6001,6806,0.0582,4
6002,10547,0.7178,1
6002,2164,0.275,2
6002,8508,0.0072,3
6003,7153,0.6597,1
6003,6866,0.2996,2
6003,9251,0.0407,3
6004,3896,0.4824,1
6004,3998,0.226,2
6004,5487,0.1423,3
6004,4645,0.0727,4
6004,10349,0.0497,5
6004,3592,0.0222,6
6004,3560,0.0048,7
6005,8176,0.3711,1
6005,9278,0.3281,2
6005,5914,0.3001,3
6005,10155,0.0007,4
6006,9219,0.6366,1
6006,12196,0.2921,2
6006,1658,0.0712,3
6007,10233,0.572,1
6007,9490,0.3478,2
6007,5902,0.0802,3
6008,6063,0.2659,1
6008,8832,0.2395,2
6008,9501,0.2193,3
6008,2232,0.1364,4
6008,9504,0.071,5
6008,11106,0.0497,6
6008,11353,0.0181,7
6009,2713,0.4948,1
6009,10810,0.3336,2
6009,9696,0.1486,3
6009,3558,0.0231,4
6010,1985,0.7866,1
6010,3044,0.1226,2
6010,6916,0.0423,3
6010,10174,0.0244,4
6010,7095,0.0241,5
6011,15032,0.8456,1
6011,9837,0.0796,2
6011,4200,0.0748,3
6012,11229,0.3473,1
6012,17540,0.2223,2
6012,7312,0.1629,3
6012,4011,0.1396,4
6012,12441,0.073,5
6012,10445,0.0448,6
6012,8780,0.01,7
6013,3019,0.7857,1
6013,10363,0.1107,2
6013,9329,0.0879,3
6013,9280,0.0157,4
6014,3934,0.4612,1
6014,2309,0.3088,2
6014,5035,0.1896,3
6014,10447,0.0404,4
6015,3866,0.2831,1
6015,6779,0.2561,2
6015,1879,0.2184,3
6015,8977,0.0884,4
6015,9673,0.0801,5
6015,3431,0.0739,6
6016,5466,0.4745,1
6016,10739,0.2891,2
6016,13984,0.1341,3
6016,15865,0.0736,4
6016,4072,0.0288,5
6017,8085,0.6505,1
6017,4735,0.152,2
6017,4404,0.1417,3
6017,2464,0.0558,4
6018,9187,0.8928,1
6018,12518,0.1072,2
6019,3170,0.757,1
6019,3949,0.1457,2
6019,5673,0.0356,3
6019,5355,0.0342,4
6019,2253,0.0212,5
6019,7187,0.0063,6
6020,4476,0.4803,1
6020,7605,0.2451,2
6020,10727,0.1231,3
6020,4688,0.0765,4
6020,10693,0.0566,5
6020,6976,0.0177,6
6020,7803,0.0007,7
6021,10049,0.3809,1
6021,13940,0.2945,2
6021,15659,0.1785,3
6021,15445,0.1462,4
6022,10086,0.3939,1
6022,7814,0.2843,2
6022,3905,0.1958,3
6022,10303,0.1025,4
6022,6663,0.0236,5
6023,10383,0.305,1
6023,14132,0.2439,2
6023,8030,0.2413,3
6023,10375,0.1118,4
6023,13660,0.0514,5
6023,8281,0.0415,6
6023,12060,0.0051,7
6024,13952,0.6313,1
6024,12067,0.2684,2
6024,5165,0.0543,3
6024,15890,0.046,4
6025,1787,0.4021,1
6025,12542,0.2507,2
6025,3142,0.1804,3
6025,16135,0.076,4
6025,11550,0.0558,5
6025,14088,0.035,6
6026,9958,0.5329,1
6026,2015,0.2942,2
6026,8398,0.1729,3
6027,13220,0.8482,1
6027,9365,0.1518,2
6028,6618,0.5883,1
6028,12177,0.3432,2
6028,4402,0.0577,3
6028,17305,0.0095,4
6028,4781,0.0013,5
6029,11223,0.5568,1
6029,8098,0.3647,2
6029,4189,0.0313,3
6029,10297,0.0242,4
6029,5613,0.0231,5
6030,9245,0.3815,1
6030,1885,0.2503,2
6030,9169,0.1756,3
6030,4856,0.0989,4
6030,9866,0.0937,5
6031,7041,0.5111,1
6031,8489,0.2754,2
6031,12270,0.0739,3
6031,9507,0.0606,4
6031,6705,0.0508,5
6031,13425,0.0271,6
6031,10400,0.001,7
6032,6372,0.4943,1
6032,8760,0.3478,2
6032,10251,0.0645,3
6032,6426,0.0485,4
6032,5073,0.0217,5
6032,15984,0.019,6
6032,5916,0.0043,7
6033,2586,0.3815,1
6033,4541,0.2413,2
6033,14963,0.1623,3
6033,6475,0.1281,4
6033,16797,0.0443,5
6033,12175,0.0425,6
6034,14050,0.5083,1
6034,6433,0.2926,2
6034,10936,0.155,3
6034,4363,0.044,4
6035,9619,0.6379,1
6035,16792,0.3517,2
6035,1702,0.0105,3
6036,7287,1.0,1
6037,7362,0.4834,1
6037,3292,0.3005,2
6037,7080,0.2162,3
6038,16369,0.3456,1
6038,15781,0.3344,2
6038,16750,0.114,3
6038,10575,0.0696,4
6038,13221,0.0665,5
6038,2969,0.0358,6
6038,9761,0.0341,7
6039,9508,0.6159,1
6039,6679,0.2876,2
6039,5144,0.0966,3
6040,4242,0.3298,1
6040,9326,0.2671,2
6040,4270,0.1974,3
6040,6641,0.1394,4
6040,5994,0.0428,5
6040,8090,0.0234,6
6041,10877,0.5196,1
6041,1981,0.2481,2
6041,4582,0.1262,3
6041,3058,0.0548,4
6041,16643,0.0479,5
6041,5300,0.0034,6
6042,5947,0.8572,1
6042,8267,0.1424,2
6042,7957,0.0004,3
6043,2411,0.299,1
6043,2691,0.1909,2
6043,3971,0.1756,3
6043,8321,0.1597,4
6043,5031,0.1266,5
6043,3137,0.0481,6
6044,9042,0.5653,1
6044,6502,0.2694,2
6044,3415,0.1032,3
6044,5406,0.0288,4
6044,8297,0.0179,5
6044,10775,0.012,6
6044,2103,0.0035,7
6045,10857,0.3899,1
6045,16338,0.3092,2
6045,2865,0.1971,3
6045,14805,0.0948,4
6045,16123,0.0089,5
6046,6072,0.5025,1
6046,1740,0.2822,2
6046,10124,0.2148,3
6046,1961,0.0005,4
6047,10332,0.5999,1
6047,9843,0.1551,2
6047,7325,0.125,3
6047,5268,0.0733,4
6047,9151,0.0462,5
6047,3638,0.0005,6
6048,17064,0.4494,1
6048,4442,0.4125,2
6048,13721,0.1381,3
6049,9716,0.4877,1
6049,5611,0.2286,2
6049,2243,0.1328,3
6049,5040,0.0733,4
6049,11482,0.0365,5
6049,2336,0.0333,6
6049,5942,0.0078,7
6050,6937,0.3562,1
6050,2180,0.3277,2
6050,4846,0.2311,3
6050,3746,0.0423,4
6050,15386,0.0264,5
6050,6889,0.0114,6
6050,14081,0.0049,7
6051,2109,0.365,1
6051,7914,0.3452,2
6051,11361,0.2547,3
6051,3564,0.0351,4
6052,5038,0.4804,1
6052,4775,0.2442,2
6052,7352,0.1003,3
6052,14505,0.0847,4
6052,16232,0.0705,5
6052,14963,0.02,6
6053,10123,0.5364,1
6053,11975,0.245,2
6053,14061,0.1902,3
6053,8129,0.0282,4
6053,10275,0.0002,5
6054,5420,0.8034,1
6054,2080,0.067,2
6054,6835,0.0469,3
6054,5708,0.0427,4
6054,3643,0.0396,5
6054,2474,0.0004,6
6055,2790,0.6978,1
6055,8749,0.265,2
6055,5645,0.0372,3
6056,5870,0.5396,1
6056,3056,0.3214,2
6056,4198,0.139,3
6057,4017,0.5976,1
6057,9834,0.2149,2
6057,12331,0.135,3
6057,1956,0.0439,4
6057,6250,0.0085,5
6058,3216,1.0,1
6059,10904,0.3707,1
6059,1655,0.3135,2
6059,10332,0.2586,3
6059,2237,0.0307,4
6059,3161,0.0266,5
6060,7929,0.4995,1
6060,11470,0.2779,2
6060,4957,0.2225,3
6061,8476,0.7006,1
6061,7210,0.1955,2
6061,9613,0.0879,3
6061,8049,0.0159,4
6062,8027,0.7431,1
6062,3435,0.2458,2
6062,3057,0.0111,3
6063,1891,0.7369,1
6063,6699,0.1654,2
6063,7011,0.0977,3
6063,11260,0.0,4
6064,4359,0.3528,1
6064,8417,0.2348,2
6064,1860,0.2132,3
6064,14820,0.1414,4
6064,8526,0.0528,5
6064,4533,0.0049,6
6065,7715,0.6008,1
6065,3037,0.2354,2
6065,7928,0.1489,3
6065,8394,0.0148,4
6066,2275,0.4106,1
6066,7445,0.1881,2
6066,6765,0.1376,3
6066,8551,0.1052,4
6066,9685,0.1016,5
6066,8321,0.0569,6
6067,8429,0.4537,1
6067,3430,0.2579,2
6067,9164,0.2001,3
6067,3755,0.0882,4
6068,5354,1.0,1
6069,6191,0.7447,1
6069,9633,0.1818,2
6069,4622,0.0734,3
6070,5965,0.5896,1
6070,4285,0.3759,2
6070,4458,0.0204,3
6070,9003,0.014,4
6071,7079,0.2766,1
6071,6578,0.2732,2
6071,9857,0.1757,3
6071,12331,0.112,4
6071,9608,0.0919,5
6071,11019,0.0707,6
6072,7351,0.4563,1
6072,7880,0.2537,2
6072,6483,0.229,3
6072,4674,0.061,4
6073,10798,0.4804,1
6073,5573,0.3603,2
6073,3583,0.1593,3
6074,6804,0.5665,1
6074,6797,0.2751,2
6074,5040,0.1584,3
6075,7388,0.6401,1
6075,5094,0.1925,2
6075,16439,0.1674,3
6076,16323,0.3324,1
6076,13216,0.2795,2
6076,10554,0.2107,3
6076,8619,0.0623,4
6076,15967,0.0425,5
6076,3560,0.04,6
6076,16633,0.0326,7
6077,8020,0.5342,1
6077,16850,0.1805,2
6077,16910,0.1661,3
6077,7000,0.0599,4
6077,2931,0.0592,5
6078,1671,0.3937,1
6078,11376,0.3702,2
6078,4447,0.2187,3
6078,7723,0.0128,4
6078,1898,0.0046,5
6079,2319,0.2606,1
6079,5615,0.2435,2
6079,6305,0.2396,3
6079,13484,0.1769,4
6079,11607,0.0651,5
6079,7955,0.0142,6
6080,4262,0.5191,1
6080,2397,0.4224,2
6080,5327,0.0585,3
6081,14344,0.6061,1
6081,9098,0.3009,2
6081,15589,0.0931,3
6082,14773,0.6527,1
6082,5909,0.3473,2
6083,9650,0.5862,1
6083,2252,0.2738,2
6083,8521,0.087,3
6083,5677,0.0529,4
6084,2376,0.3189,1
6084,6625,0.283,2
6084,8554,0.1591,3
6084,10247,0.1541,4
6084,4356,0.0358,5
6084,1829,0.0307,6
6084,7719,0.0184,7
6085,17060,0.3346,1
6085,7221,0.3195,2
6085,15941,0.2621,3
6085,17239,0.0838,4
6086,8875,0.3177,1
6086,10122,0.202,2
6086,2269,0.167,3
6086,10510,0.1254,4
6086,3413,0.0846,5
6086,3066,0.0831,6
6086,9444,0.0202,7
6087,1961,0.6309,1
6087,4222,0.1751,2
6087,3220,0.1426,3
6087,9040,0.0297,4
6087,5965,0.0218,5
6088,11537,0.3221,1
6088,2102,0.3171,2
6088,9498,0.3057,3
6088,10231,0.055,4
6089,10534,0.6924,1
6089,2912,0.208,2
6089,8028,0.0968,3
6089,9723,0.0019,4
6089,8622,0.0009,5
6090,6171,0.3109,1
6090,8346,0.2679,2
6090,10423,0.214,3
6090,17338,0.1103,4
6090,12398,0.0906,5
6090,3543,0.0063,6
6091,2067,0.8026,1
6091,5547,0.1232,2
6091,9941,0.0742,3
6092,11682,0.3118,1
6092,9073,0.3112,2
6092,4125,0.2456,3
6092,8983,0.1023,4
6092,16260,0.0266,5
6092,2325,0.0025,6
6093,3908,0.4756,1
6093,16565,0.2789,2
6093,5858,0.2455,3
6094,5699,0.3286,1
6094,2953,0.3066,2
6094,5523,0.2612,3
6094,6088,0.0641,4
6094,2454,0.0387,5
6094,5198,0.0007,6
6095,7476,0.5776,1
6095,4166,0.2119,2
6095,8877,0.2105,3
6096,5409,0.7586,1
6096,8874,0.2414,2
6097,4942,0.488,1
6097,3526,0.2714,2
6097,3005,0.2127,3
6097,2398,0.0279,4
6098,3851,0.4026,1
6098,8338,0.2146,2
6098,2464,0.1863,3
6098,4491,0.1058,4
6098,5800,0.0905,5
6098,4155,0.0001,6
6099,8202,0.4772,1
6099,2601,0.2814,2
6099,5582,0.1876,3
6099,7934,0.0539,4
6100,10183,0.7544,1
6100,7793,0.1226,2
6100,9369,0.1158,3
6100,11075,0.0073,4
6101,6569,0.4751,1
6101,2717,0.3313,2
6101,6640,0.1302,3
6101,9172,0.0633,4
6102,5007,0.4761,1
6102,6023,0.3111,2
6102,4326,0.1277,3
6102,2398,0.0851,4
6103,3567,0.4985,1
6103,11211,0.3462,2
6103,2279,0.1553,3
6104,6983,1.0,1
6105,1659,0.4734,1
6105,5913,0.1787,2
6105,4305,0.1312,3
6105,10683,0.0976,4
6105,3399,0.0584,5
6105,9915,0.0466,6
6105,9415,0.0141,7
6106,13496,0.3335,1
6106,3132,0.2456,2
6106,5510,0.2101,3
6106,3510,0.122,4
6106,7202,0.0473,5
6106,16924,0.0412,6
6106,17326,0.0002,7
6107,13184,0.4126,1
6107,10610,0.3228,2
6107,12681,0.2204,3
6107,13338,0.0438,4
6107,1757,0.0004,5
6108,15259,0.5363,1
6108,7403,0.2319,2
6108,7424,0.1592,3
6108,4002,0.0462,4
6108,16110,0.0264,5
6109,4961,0.3762,1
6109,16957,0.2726,2
6109,12095,0.1452,3
6109,16733,0.103,4
6109,13214,0.103,5
6110,11011,0.7952,1
6110,17245,0.1915,2
6110,13324,0.0133,3
6111,14272,0.56,1
6111,7013,0.2093,2
6111,15614,0.1447,3
6111,13222,0.0732,4
6111,5890,0.0128,5
6112,8102,0.4427,1
6112,6406,0.3521,2
6112,7046,0.2052,3
6113,4156,0.6479,1
6113,12743,0.2352,2
6113,4466,0.0655,3
6113,15920,0.0327,4
6113,9074,0.0187,5
6114,2785,0.3984,1
6114,14216,0.2108,2
6114,15676,0.1364,3
6114,9579,0.1131,4
6114,13462,0.0959,5
6114,13525,0.0454,6
6115,7222,0.3752,1
6115,5751,0.3023,2
6115,6439,0.1701,3
6115,6096,0.1524,4
6116,7649,0.3049,1
6116,1675,0.2417,2
6116,5071,0.219,3
6116,8953,0.1329,4
6116,8833,0.1015,5
6117,8546,0.2728,1
6117,6762,0.1869,2
6117,4318,0.1844,3
6117,9516,0.1794,4
6117,7949,0.0924,5
6117,7087,0.0786,6
6117,2473,0.0055,7
6118,16570,0.4584,1
6118,6199,0.3324,2
6118,14590,0.138,3
6118,2184,0.0711,4
6119,9935,0.7452,1
6119,6793,0.2367,2
6119,6414,0.0181,3
6120,3588,0.422,1
6120,11798,0.2416,2
6120,3340,0.1569,3
6120,4223,0.0881,4
6120,11842,0.0798,5
6120,16728,0.0115,6
6121,9953,0.3455,1
6121,2215,0.179,2
6121,8148,0.1742,3
6121,11058,0.1209,4
6121,5452,0.0953,5
6121,5805,0.0528,6
6121,6206,0.0323,7
6122,3676,0.4515,1
6122,14663,0.2075,2
6122,14037,0.1432,3
6122,13134,0.1337,4
6122,3326,0.0458,5
6122,7335,0.0182,6
6123,13820,0.3486,1
6123,10894,0.2014,2
6123,10471,0.1606,3
6123,15577,0.1196,4
6123,12722,0.1015,5
6123,15704,0.0431,6
6123,16578,0.0253,7
6124,10417,0.2815,1
6124,3506,0.2064,2
6124,1889,0.2042,3
6124,5455,0.1492,4
6124,6371,0.0827,5
6124,9692,0.0631,6
6124,9575,0.0129,7
6125,17321,0.6481,1
6125,2125,0.1924,2
6125,10949,0.1365,3
6125,3776,0.0197,4
6125,6349,0.0033,5
6126,7234,1.0,1
6127,4593,0.379,1
6127,9794,0.2627,2
6127,12766,0.1603,3
6127,7464,0.0888,4
6127,4800,0.0807,5
6127,3422,0.0242,6
6127,5108,0.0042,7
6128,9220,0.4743,1
6128,11863,0.3592,2
6128,6893,0.1624,3
6128,13930,0.0041,4
6129,12592,0.6549,1
6129,17627,0.2277,2
6129,5273,0.1174,3
6130,3476,0.7022,1
6130,7480,0.2201,2
6130,10606,0.0752,3
6130,1650,0.0025,4
6131,7811,0.4616,1
6131,4948,0.2232,2
6131,5287,0.144,3
6131,2484,0.0957,4
6131,4555,0.0566,5
6131,7323,0.019,6
6132,8184,0.5445,1
6132,4852,0.3045,2
6132,2476,0.151,3
6133,1819,0.4891,1
6133,14828,0.3984,2
6133,16511,0.1047,3
6133,6926,0.0078,4
6134,17546,0.6427,1
6134,8884,0.0825,2
6134,3326,0.0803,3
6134,8755,0.0747,4
6134,6763,0.0625,5
6134,7215,0.0564,6
6134,11047,0.001,7
6135,7343,0.441,1
6135,9920,0.2536,2
6135,12412,0.1946,3
6135,14813,0.1108,4
6136,11073,0.2627,1
6136,6805,0.1974,2
6136,8106,0.1944,3
6136,3360,0.141,4
6136,8845,0.1397,5
6136,3908,0.058,6
6136,9633,0.0068,7
6137,12037,0.6055,1
6137,12927,0.1748,2
6137,9035,0.098,3
6137,9662,0.0741,4
6137,16404,0.0428,5
6137,3738,0.0047,6
6138,8356,0.4454,1
6138,10931,0.2105,2
6138,5741,0.1949,3
6138,8796,0.0738,4
6138,5667,0.0735,5
6138,9756,0.002,6
6139,9777,0.2535,1
6139,15743,0.2483,2
6139,10121,0.204,3
6139,4814,0.1797,4
6139,14382,0.0942,5
6139,12274,0.0204,6
6140,7701,0.3512,1
6140,15422,0.3205,2
6140,10440,0.1176,3
6140,16739,0.1059,4
6140,6440,0.1048,5
6141,14985,0.8342,1
6141,16319,0.1658,2
6142,10617,0.3841,1
6142,5152,0.267,2
6142,7353,0.2438,3
6142,1853,0.0606,4
6142,1639,0.0366,5
6142,16118,0.0079,6
6143,10320,0.7734,1
6143,2345,0.1086,2
6143,3469,0.0852,3
6143,17084,0.0272,4
6143,17524,0.0056,5
6144,9428,0.4434,1
6144,16451,0.2408,2
6144,15776,0.1309,3
6144,2102,0.0758,4
6144,6279,0.0717,5
6144,16090,0.0264,6
6144,15248,0.0109,7
6145,10079,0.7437,1
6145,3632,0.1157,2
6145,2819,0.0634,3
6145,8221,0.0456,4
6145,4037,0.0253,5
6145,7539,0.0063,6
6146,11020,0.53,1
6146,10577,0.4386,2
6146,7710,0.0315,3
6147,3695,0.6354,1
6147,8333,0.1859,2
6147,10281,0.0904,3
6147,9536,0.0699,4
6147,6353,0.0185,5
6148,11060,0.4437,1
6148,1932,0.1583,2
6148,8666,0.1148,3
6148,4859,0.1086,4
6148,9862,0.0914,5
6148,14950,0.0421,6
6148,7113,0.0411,7
6149,2724,0.4419,1
6149,14769,0.2613,2
6149,8077,0.2585,3
6149,7785,0.0383,4
6150,3646,0.764,1
6150,3235,0.1387,2
6150,4630,0.0762,3
6150,4479,0.0211,4
6151,4724,0.7537,1
6151,2796,0.1815,2
6151,11886,0.0336,3
6151,13511,0.0312,4
6152,7105,0.3504,1
6152,12026,0.2313,2
6152,6746,0.2028,3
6152,12062,0.1258,4
6152,16779,0.0476,5
6152,13922,0.0419,6
6153,2034,0.3355,1
6153,2892,0.2348,2
6153,8429,0.2146,3
6153,6122,0.1198,4
6153,7956,0.0954,5
6154,12590,0.6975,1
6154,3642,0.276,2
6154,3823,0.011,3
6154,9582,0.0106,4
6154,5842,0.0049,5
6155,16298,0.5272,1
6155,4113,0.2516,2
6155,4184,0.2212,3
6156,6736,0.8261,1
6156,7399,0.1303,2
6156,4271,0.0436,3
6157,11230,0.5304,1
6157,11049,0.1821,2
6157,6841,0.1567,3
6157,9772,0.0594,4
6157,9507,0.0416,5
6157,5729,0.0243,6
6157,7687,0.0054,7
6158,17054,0.6229,1
6158,11408,0.3469,2
6158,9094,0.0302,3
6159,10299,0.2876,1
6159,10036,0.2092,2
6159,2040,0.1971,3
6159,9771,0.1736,4
6159,6130,0.091,5
6159,1659,0.0415,6
6160,4661,0.3958,1
6160,8105,0.2352,2
6160,10794,0.1849,3
6160,9264,0.1068,4
6160,10445,0.0772,5
6161,9777,0.4248,1
6161,1883,0.2017,2
6161,4895,0.1576,3
6161,3732,0.1211,4
6161,2626,0.0852,5
6161,3216,0.0096,6
6162,6558,0.5327,1
6162,3526,0.221,2
6162,9784,0.1191,3
6162,3080,0.068,4
6162,10088,0.0447,5
6162,7747,0.0145,6
6163,5613,0.5185,1
6163,4990,0.2705,2
6163,11327,0.0789,3
6163,9335,0.044,4
6163,11159,0.0429,5
6163,4850,0.0412,6
6163,10759,0.0039,7
6164,5486,0.4923,1
6164,10972,0.3251,2
6164,15882,0.1826,3
6165,1802,0.7228,1
6165,12182,0.1038,2
6165,6594,0.0986,3
6165,9741,0.0415,4
6165,6632,0.0333,5
6166,1778,0.4629,1
6166,7722,0.3814,2
6166,13725,0.1557,3
6167,10570,0.6417,1
6167,5174,0.281,2
6167,9463,0.0354,3
6167,2263,0.0301,4
6167,5817,0.0117,5
6168,8408,0.3995,1
6168,9378,0.3634,2
6168,5215,0.237,3
6169,8458,0.6353,1
6169,9397,0.1606,2
6169,3566,0.0784,3
6169,9041,0.0651,4
6169,5735,0.0563,5
6169,3558,0.0044,6
6170,5319,0.7426,1
6170,4639,0.2574,2
6171,15226,0.3837,1
6171,9099,0.2895,2
6171,6802,0.1245,3
6171,4398,0.1228,4
6171,6020,0.0563,5
6171,4302,0.0128,6
6171,4585,0.0104,7
6172,13341,0.6312,1
6172,13246,0.2245,2
6172,2151,0.1408,3
6172,10170,0.0024,4
6172,12827,0.0011,5
6173,4280,0.547,1
6173,8022,0.4007,2
6173,9571,0.0523,3
6174,7901,0.4057,1
6174,6039,0.2859,2
6174,7935,0.1329,3
6174,7457,0.0955,4
6174,10137,0.0645,5
6174,4010,0.0154,6
6175,8371,0.5371,1
6175,11346,0.4147,2
6175,10576,0.0482,3
6176,7271,0.6675,1
6176,13895,0.257,2
6176,10671,0.0755,3
6177,3199,0.6568,1
6177,7786,0.2456,2
6177,4534,0.0976,3
6178,3728,0.3446,1
6178,5135,0.307,2
6178,9700,0.1249,3
6178,8868,0.1171,4
6178,4513,0.0565,5
6178,9768,0.0407,6
6178,7723,0.0092,7
6179,7824,0.5173,1
6179,5481,0.1934,2
6179,5158,0.1497,3
6179,9716,0.0931,4
6179,2198,0.0418,5
6179,4014,0.0048,6
6180,5156,0.2755,1
6180,4444,0.2666,2
6180,11086,0.1562,3
6180,8334,0.1123,4
6180,8012,0.0818,5
6180,4667,0.0769,6
6180,7546,0.0307,7
6181,7013,0.6311,1
6181,6028,0.2416,2
6181,5756,0.1266,3
6181,10994,0.0008,4
6182,11304,0.4856,1
6182,10836,0.211,2
6182,5859,0.2054,3
6182,11376,0.0898,4
6182,9849,0.0082,5
6183,7527,0.3207,1
6183,2361,0.2978,2
6183,9891,0.1892,3
6183,11051,0.1108,4
6183,10122,0.0679,5
6183,10836,0.0136,6
6184,7979,0.3816,1
6184,10146,0.3177,2
6184,10714,0.2693,3
6184,9530,0.0207,4
6184,2482,0.0106,5
6184,6149,0.0,6
6185,7513,0.4523,1
6185,4428,0.3563,2
6185,9550,0.1914,3
6186,2067,0.428,1
6186,1867,0.2282,2
6186,7944,0.226,3
6186,10182,0.1177,4
6187,10389,0.7038,1
6187,10709,0.1705,2
6187,10589,0.1257,3
6188,6664,0.5206,1
6188,4766,0.228,2
6188,8465,0.0899,3
6188,3752,0.0816,4
6188,2746,0.08,5
6189,10693,0.7215,1
6189,7565,0.1809,2
6189,10157,0.0976,3
6190,7763,0.6391,1
6190,9786,0.2804,2
6190,9467,0.047,3
6190,3263,0.0285,4
6190,3951,0.005,5
6191,13296,0.5605,1
6191,6969,0.3504,2
6191,8216,0.0554,3
6191,6483,0.0336,4
6192,10507,0.6132,1
6192,3741,0.1937,2
6192,7844,0.1171,3
6192,9132,0.076,4
6193,5474,0.7608,1
6193,4632,0.1491,2
6193,4687,0.0901,3
6194,9089,0.2001,1
6194,3031,0.1902,2
6194,2370,0.1832,3
6194,2145,0.1478,4
6194,9728,0.1457,5
6194,3089,0.1027,6
6194,2297,0.0304,7
6195,15080,0.4419,1
6195,14171,0.4022,2
6195,6333,0.1416,3
6195,17569,0.0142,4
6196,8746,0.3311,1
6196,4851,0.3265,2
6196,9501,0.184,3
6196,1767,0.1424,4
6196,9728,0.0096,5
6196,9631,0.0064,6
6197,14309,0.532,1
6197,11161,0.4493,2
6197,13886,0.0188,3
6198,2966,0.4113,1
6198,10762,0.2456,2
6198,1660,0.2328,3
6198,7006,0.0799,4
6198,3594,0.0304,5
6199,3065,0.5312,1
6199,14026,0.3927,2
6199,7139,0.0761,3
6200,3024,0.461,1
6200,4668,0.1556,2
6200,14975,0.1499,3
6200,5792,0.129,4
6200,9900,0.0814,5
6200,10715,0.0232,6
6201,3085,0.2939,1
6201,16848,0.2124,2
6201,8137,0.201,3
6201,15984,0.1542,4
6201,14406,0.1076,5
6201,9543,0.0231,6
6201,17301,0.0078,7
6202,6947,1.0,1
6203,3774,0.5198,1
6203,5684,0.2498,2
6203,4416,0.0976,3
6203,7385,0.058,4
6203,3819,0.049,5
6203,2058,0.0182,6
6203,4923,0.0077,7
6204,7439,0.374,1
6204,3632,0.2485,2
6204,8880,0.1427,3
6204,15834,0.0915,4
6204,5641,0.0859,5
6204,12367,0.0574,6
6205,9168,0.842,1
6205,8832,0.0824,2
6205,7014,0.0757,3
6206,15907,0.4155,1
6206,13037,0.4055,2
6206,9349,0.0927,3
6206,8553,0.0555,4
6206,2391,0.0239,5
6206,2883,0.0069,6
6207,6348,0.6885,1
6207,2654,0.2157,2
6207,14663,0.0957,3
6208,12435,0.4234,1
6208,13772,0.3403,2
6208,13527,0.188,3
6208,4962,0.0483,4
6209,2426,0.2601,1
6209,5239,0.1821,2
6209,6964,0.1602,3
6209,1932,0.155,4
6209,5751,0.1256,5
6209,5347,0.0756,6
6209,2370,0.0413,7
6210,13843,0.8931,1
6210,11291,0.0772,2
6210,10279,0.0248,3
6210,16496,0.0049,4
6211,3375,0.7975,1
6211,4656,0.1447,2
6211,3252,0.0578,3
6212,9368,0.3461,1
6212,7232,0.3329,2
6212,3576,0.2306,3
6212,7536,0.0895,4
6212,4521,0.0009,5
6213,4914,0.5741,1
6213,2191,0.2852,2
6213,3554,0.1407,3
6214,3847,0.3008,1
6214,2024,0.2611,2
6214,2333,0.2046,3
6214,5176,0.1863,4
6214,7650,0.0433,5
6214,9861,0.0039,6
6215,14561,0.4289,1
6215,7699,0.2582,2
6215,16533,0.2415,3
6215,11516,0.0487,4
6215,5406,0.0206,5
6215,7513,0.0013,6
6215,5402,0.0009,7
6216,7591,0.4704,1
6216,7211,0.2401,2
6216,5094,0.1701,3
6216,1985,0.0768,4
6216,3080,0.0425,5
6217,5333,0.8865,1
6217,10880,0.0643,2
6217,5825,0.0485,3
6217,9862,0.0007,4
6218,7702,0.4265,1
6218,13542,0.3098,2
6218,7218,0.2133,3
6218,3876,0.0504,4
6219,4527,1.0,1
6220,17079,0.3015,1
6220,8929,0.2892,2
6220,16211,0.2045,3
6220,14920,0.1254,4
6220,15497,0.0731,5
6220,4698,0.0063,6
6221,12100,0.2621,1
6221,16676,0.2562,2
6221,6290,0.2112,3
6221,16371,0.1975,4
6221,7596,0.0584,5
6221,8552,0.0147,6
6222,2466,0.6449,1
6222,6348,0.2765,2
6222,16471,0.0412,3
6222,3948,0.0194,4
6222,4249,0.0077,5
6222,6155,0.0066,6
6222,3724,0.0037,7
6223,4616,0.4853,1
6223,15730,0.2865,2
6223,13542,0.2282,3
6224,7035,0.3446,1
6224,9348,0.2957,2
6224,2772,0.2182,3
6224,1666,0.0865,4
6224,3836,0.0549,5
6225,11233,0.658,1
6225,16814,0.115,2
6225,4378,0.0987,3
6225,9513,0.0891,4
6225,8072,0.0166,5
6225,6448,0.0144,6
6225,5388,0.0082,7
6226,11232,0.3683,1
6226,6535,0.3635,2
6226,3604,0.1183,3
6226,14099,0.1091,4
6226,3957,0.0407,5
6227,11299,0.6768,1
6227,2025,0.2581,2
6227,17060,0.0537,3
6227,8011,0.0113,4
6228,11156,0.468,1
6228,14208,0.3718,2
6228,5427,0.1602,3
6229,5458,0.5935,1
6229,3237,0.212,2
6229,15146,0.1227,3
6229,6808,0.0571,4
6229,14766,0.0107,5
6229,11762,0.0041,6
6230,5869,0.5834,1
6230,7010,0.245,2
6230,10389,0.1134,3
6230,10951,0.0583,4
6231,5946,0.3053,1
6231,5981,0.1833,2
6231,5943,0.1723,3
6231,5160,0.1593,4
6231,7755,0.1205,5
6231,5205,0.0593,6
6232,8778,0.6512,1
6232,4676,0.1815,2
6232,7125,0.1235,3
6232,2282,0.0439,4
6233,8214,0.8325,1
6233,8762,0.1675,2
6234,3844,0.5627,1
6234,1822,0.2224,2
6234,4693,0.1443,3
6234,2269,0.0706,4
6235,2731,0.6702,1
6235,5748,0.2829,2
6235,3942,0.0469,3
6236,7951,0.4943,1
6236,15515,0.4132,2
6236,7185,0.0707,3
6236,5168,0.0219,4
6237,5890,0.9083,1
6237,6923,0.0455,2
6237,4031,0.0281,3
6237,8012,0.0182,4
6238,5596,0.532,1
6238,11294,0.468,2
6239,6988,0.5113,1
6239,2146,0.2871,2
6239,5111,0.1137,3
6239,3524,0.0501,4
6239,2217,0.0228,5
6239,11114,0.0111,6
6239,7552,0.0039,7
6240,2340,0.5393,1
6240,7056,0.1634,2
6240,3489,0.1334,3
6240,3975,0.0604,4
6240,6148,0.0445,5
6240,2376,0.0295,6
6240,7957,0.0295,7
6241,3147,0.8735,1
6241,5817,0.1239,2
6241,2486,0.0026,3
6242,6730,0.2463,1
6242,16666,0.2363,2
6242,16511,0.2069,3
6242,11640,0.1633,4
6242,13936,0.1129,5
6242,12410,0.0204,6
6242,7099,0.014,7
6243,5515,0.424,1
6243,1938,0.1915,2
6243,8894,0.168,3
6243,7809,0.1374,4
6243,10971,0.0677,5
6243,9776,0.0114,6
6244,14941,0.449,1
6244,13845,0.313,2
6244,7117,0.238,3
6245,8129,0.4308,1
6245,16616,0.2953,2
6245,15225,0.1462,3
6245,14753,0.109,4
6245,7596,0.0159,5
6245,16841,0.0028,6
6246,5118,0.9112,1
6246,7351,0.0604,2
6246,4640,0.0284,3
6247,2819,0.3119,1
6247,9082,0.1941,2
6247,9641,0.1591,3
6247,2582,0.1505,4
6247,10875,0.1376,5
6247,6051,0.0433,6
6247,3948,0.0035,7
6248,15693,0.4904,1
6248,10790,0.2438,2
6248,12541,0.1848,3
6248,15332,0.0508,4
6248,16688,0.0302,5
6249,9002,0.9748,1
6249,4285,0.0148,2
6249,3138,0.0105,3
6250,12408,0.369,1
6250,2081,0.2979,2
6250,14150,0.1278,3
6250,11978,0.1104,4
6250,1836,0.0949,5
6251,1694,0.9273,1
6251,15937,0.044,2
6251,11855,0.019,3
6251,6946,0.0083,4
6251,4260,0.0014,5
6252,3392,0.6595,1
6252,2305,0.2129,2
6252,2670,0.1276,3
6253,11493,0.7505,1
6253,11522,0.1925,2
6253,6658,0.044,3
6253,9481,0.013,4
6254,14237,0.8871,1
6254,15259,0.0621,2
6254,10198,0.0508,3
6255,4985,0.4696,1
6255,7703,0.1604,2
6255,2173,0.134,3
6255,6653,0.1116,4
6255,7124,0.0957,5
6255,9367,0.0271,6
6255,3617,0.0016,7
6256,7800,0.3879,1
6256,5069,0.3282,2
6256,13699,0.1933,3
6256,14752,0.0899,4
6256,5951,0.0006,5
6257,4373,0.3949,1
6257,4081,0.2213,2
6257,8731,0.1966,3
6257,9132,0.0935,4
6257,7030,0.0417,5
6257,6788,0.0329,6
6257,4393,0.0192,7
6258,10419,0.3591,1
6258,5893,0.2362,2
6258,6040,0.1925,3
6258,8025,0.1026,4
6258,4262,0.0724,5
6258,1877,0.0201,6
6258,10517,0.0173,7
6259,4689,0.3094,1
6259,3998,0.2919,2
6259,9194,0.2352,3
6259,11287,0.1045,4
6259,5145,0.0435,5
6259,7317,0.0154,6
6260,17314,0.4505,1
6260,5053,0.3963,2
6260,8166,0.1532,3
6261,3223,0.4447,1
6261,5549,0.4107,2
6261,2749,0.09,3
6261,10245,0.0547,4
6262,6548,0.4752,1
6262,4998,0.3298,2
6262,10090,0.131,3
6262,1780,0.0482,4
6262,9327,0.0087,5
6262,5922,0.0072,6
6263,8376,0.6192,1
6263,1909,0.1932,2
6263,5270,0.1721,3
6263,7715,0.0084,4
6263,3023,0.0071,5
6264,1960,0.3625,1
6264,9347,0.2344,2
6264,7276,0.1936,3
6264,15230,0.1303,4
6264,16413,0.0793,5
6265,4137,0.3552,1
6265,16812,0.3211,2
6265,17069,0.1178,3
6265,16189,0.0987,4
6265,3991,0.0556,5
6265,14150,0.0516,6
6266,11223,0.2558,1
6266,10301,0.246,2
6266,2768,0.2299,3
6266,10785,0.2098,4
6266,5155,0.0585,5
6267,7987,0.5533,1
6267,2908,0.1457,2
6267,12595,0.116,3
6267,2901,0.102,4
6267,12096,0.0737,5
6267,2382,0.0092,6
6268,10940,0.2862,1
6268,11073,0.2571,2
6268,2590,0.2151,3
6268,11213,0.1109,4
6268,3190,0.106,5
6268,2636,0.0247,6
6269,1997,0.3987,1
6269,3637,0.296,2
6269,7202,0.1967,3
6269,2302,0.1086,4
6270,5323,0.5688,1
6270,3227,0.2045,2
6270,4983,0.1146,3
6270,8569,0.0579,4
6270,4491,0.0363,5
6270,2998,0.018,6
6271,12157,0.6571,1
6271,3494,0.1138,2
6271,5408,0.0888,3
6271,17199,0.0867,4
6271,13300,0.0537,5
6272,4390,0.7652,1
6272,5256,0.1614,2
6272,14556,0.0286,3
6272,15504,0.0261,4
6272,2715,0.0188,5
6273,6069,0.9769,1
6273,5637,0.0231,2
6274,7922,0.5603,1
6274,6439,0.1825,2
6274,5267,0.1142,3
6274,2783,0.1039,4
6274,2626,0.027,5
6274,3724,0.0119,6
6274,9422,0.0002,7
6275,6849,0.3729,1
6275,6670,0.3608,2
6275,9486,0.2161,3
6275,11282,0.0248,4
6275,3944,0.0131,5
6275,11351,0.0124,6
6276,10390,0.6024,1
6276,8081,0.286,2
6276,7687,0.0626,3
6276,5696,0.0309,4
6276,10309,0.0122,5
6276,3465,0.0059,6
6277,2927,0.3642,1
6277,10761,0.3043,2
6277,8049,0.1308,3
6277,10952,0.1211,4
6277,4453,0.0797,5
6278,13139,0.7003,1
6278,8567,0.1046,2
6278,5164,0.0849,3
6278,2884,0.0587,4
6278,3863,0.0515,5
6279,8538,0.5143,1
6279,2618,0.2801,2
6279,7638,0.1145,3
6279,8031,0.0911,4
6280,10081,0.5277,1
6280,3032,0.1332,2
6280,2567,0.0977,3
6280,4121,0.0869,4
6280,7319,0.0811,5
6280,10932,0.0734,6
6281,9999,0.4623,1
6281,4014,0.4162,2
6281,2482,0.1065,3
6281,10290,0.015,4
6282,8051,0.5024,1
6282,7300,0.4026,2
6282,7997,0.0658,3
6282,9405,0.02,4
6282,8968,0.0087,5
6282,5318,0.0004,6
6283,6510,0.4433,1
6283,3108,0.2355,2
6283,5807,0.1705,3
6283,1832,0.1044,4
6283,7011,0.0274,5
6283,3558,0.0189,6
6284,15684,0.5924,1
6284,17476,0.3343,2
6284,15392,0.0733,3
6285,9557,0.9442,1
6285,9361,0.0459,2
6285,4622,0.0099,3
6286,5866,0.5338,1
6286,3891,0.3446,2
6286,9389,0.1216,3
6287,3471,0.435,1
6287,1671,0.2378,2
6287,9759,0.1769,3
6287,1775,0.1075,4
6287,4170,0.0282,5
6287,9241,0.0146,6
6288,5879,0.5769,1
6288,10191,0.2747,2
6288,8998,0.1485,3
6289,1787,0.5055,1
6289,2089,0.2195,2
6289,7990,0.1771,3
6289,12174,0.098,4
6290,14252,0.453,1
6290,6779,0.271,2
6290,5338,0.1312,3
6290,15146,0.1144,4
6290,7087,0.0304,5
6291,7844,0.414,1
6291,4664,0.4094,2
6291,2973,0.1744,3
6291,6222,0.0022,4
6292,6141,0.5899,1
6292,5417,0.2763,2
6292,5649,0.1311,3
6292,12909,0.0028,4
6293,11833,0.5385,1
6293,12194,0.4029,2
6293,5206,0.0586,3
6294,17383,0.3015,1
6294,5497,0.296,2
6294,16015,0.2155,3
6294,8711,0.155,4
6294,2801,0.032,5
6295,7287,0.4521,1
6295,3299,0.18,2
6295,2798,0.1521,3
6295,2883,0.1412,4
6295,12654,0.0745,5
6296,3789,0.4259,1
6296,5560,0.2965,2
6296,3054,0.2776,3
6297,7831,0.4517,1
6297,4711,0.2975,2
6297,6243,0.1098,3
6297,2736,0.074,4
6297,16559,0.0671,5
6298,6069,0.3842,1
6298,7048,0.3163,2
6298,12311,0.2372,3
6298,15805,0.0438,4
6298,3195,0.0124,5
6298,11019,0.0048,6
6298,1870,0.0013,7
6299,4978,0.283,1
6299,10440,0.2402,2
6299,6769,0.2305,3
6299,4231,0.1306,4
6299,6469,0.0714,5
6299,13685,0.0443,6
6300,12381,0.4804,1
6300,10301,0.2574,2
6300,10975,0.2532,3
6300,6390,0.0089,4
6301,2386,0.8153,1
6301,1743,0.1403,2
6301,7395,0.0444,3
6302,7296,0.488,1
6302,16182,0.4554,2
6302,13117,0.0357,3
6302,12726,0.0209,4
6303,4710,0.7226,1
6303,4701,0.1253,2
6303,2752,0.0833,3
6303,2967,0.0627,4
6303,5977,0.006,5
6304,6286,0.3772,1
6304,15227,0.3389,2
6304,13520,0.2839,3
6305,17560,0.7213,1
6305,16636,0.24,2
6305,13605,0.0205,3
6305,1841,0.0105,4
6305,16847,0.0077,5
6306,2273,0.6747,1
6306,3565,0.3253,2
6307,14594,0.468,1
6307,6384,0.2219,2
6307,2461,0.1624,3
6307,1855,0.1013,4
6307,2438,0.0416,5
6307,4180,0.0049,6
6308,1865,1.0,1
6309,3947,0.3446,1
6309,1961,0.2083,2
6309,10478,0.2014,3
6309,5949,0.1362,4
6309,9016,0.0942,5
6309,5606,0.0093,6
6309,4465,0.006,7
6310,6232,0.9676,1
6310,7053,0.0257,2
6310,2144,0.0067,3
6311,5656,0.3669,1
6311,3500,0.2486,2
6311,1650,0.1608,3
6311,3351,0.0867,4
6311,3266,0.0816,5
6311,5486,0.054,6
6311,2255,0.0013,7
6312,10236,0.2574,1
6312,11294,0.2167,2
6312,3310,0.2038,3
6312,3354,0.1142,4
6312,11125,0.1017,5
6312,8908,0.0948,6
6312,6541,0.0115,7
6313,2086,0.4576,1
6313,7068,0.3939,2
6313,3387,0.0724,3
6313,2773,0.056,4
6313,6102,0.0202,5
6314,15508,0.4827,1
6314,14106,0.2508,2
6314,17078,0.1336,3
6314,11702,0.1329,4
6315,7946,0.5703,1
6315,11504,0.3894,2
6315,16574,0.0256,3
6315,4931,0.0147,4
6316,3526,0.3701,1
6316,7063,0.315,2
6316,2622,0.315,3
6317,10735,0.6185,1
6317,16675,0.3024,2
6317,9141,0.0791,3
6318,14564,0.6185,1
6318,7027,0.3081,2
6318,1742,0.0307,3
6318,5522,0.0201,4
6318,3731,0.0092,5
6318,11938,0.0084,6
6318,3927,0.0049,7
6319,4333,0.9358,1
6319,2610,0.0642,2
6320,10849,0.6412,1
6320,10836,0.2089,2
6320,5559,0.1499,3
6321,9804,0.611,1
6321,11071,0.3659,2
6321,2447,0.0231,3
6322,7859,0.5333,1
6322,4051,0.1274,2
6322,4625,0.1246,3
6322,7465,0.0824,4
6322,3254,0.0687,5
6322,3774,0.0348,6
6322,2913,0.0288,7
6323,13217,0.6786,1
6323,16478,0.2249,2
6323,16581,0.0685,3
6323,3251,0.0272,4
6323,2287,0.0008,5
6324,6119,0.465,1
6324,7202,0.3242,2
6324,9000,0.1061,3
6324,6283,0.0532,4
6324,4146,0.0516,5
6325,10020,0.4075,1
6325,16793,0.3506,2
6325,13138,0.1376,3
6325,6205,0.0638,4
6325,8271,0.0404,5
6326,4235,0.8453,1
6326,10825,0.1489,2
6326,5354,0.0058,3
6327,12110,0.7529,1
6327,4078,0.1821,2
6327,14283,0.065,3
6328,13678,0.5345,1
6328,5695,0.1557,2
6328,13652,0.1454,3
6328,8723,0.1137,4
6328,14246,0.0471,5
6328,10542,0.0036,6
6329,8095,0.5149,1
6329,5081,0.2974,2
6329,5757,0.1129,3
6329,8436,0.048,4
6329,5994,0.0257,5
6329,9029,0.0012,6
6330,9190,0.897,1
6330,14564,0.103,2
6331,7094,0.5686,1
6331,8720,0.4064,2
6331,7957,0.0141,3
6331,6686,0.0109,4
6332,3900,0.4117,1
6332,4149,0.246,2
6332,7432,0.2417,3
6332,10864,0.0725,4
6332,3096,0.0281,5
6333,6718,0.4526,1
6333,3012,0.347,2
6333,4807,0.0923,3
6333,3798,0.0806,4
6333,16674,0.0226,5
6333,14455,0.005,6
6334,5877,0.4251,1
6334,8493,0.3175,2
6334,3322,0.1674,3
6334,1846,0.09,4
6335,7991,0.5313,1
6335,4594,0.2992,2
6335,7721,0.109,3
6335,5402,0.0605,4
6336,4268,0.3864,1
6336,9446,0.1764,2
6336,2245,0.166,3
6336,10711,0.1182,4
6336,6017,0.0911,5
6336,2588,0.0618,6
6337,2607,0.5393,1
6337,17104,0.3546,2
6337,2425,0.0702,3
6337,13800,0.0359,4
6338,11128,0.6639,1
6338,13454,0.1639,2
6338,6599,0.1276,3
6338,14549,0.0317,4
6338,10023,0.0128,5
6339,10502,0.3846,1
6339,9033,0.2325,2
6339,16220,0.1318,3
6339,7641,0.1027,4
6339,17419,0.0894,5
6339,15163,0.059,6
6340,2160,0.3772,1
6340,7762,0.3156,2
6340,8538,0.1919,3
6340,10821,0.0774,4
6340,3363,0.038,5
6341,5230,0.5781,1
6341,9694,0.2266,2
6341,4896,0.1945,3
6341,3945,0.0007,4
6342,8088,0.5703,1
6342,6345,0.2551,2
6342,8414,0.1746,3
6343,3326,0.4096,1
6343,4114,0.2104,2
6343,9425,0.2053,3
6343,17081,0.0929,4
6343,5392,0.0814,5
6343,9955,0.0005,6
6344,7346,0.4632,1
6344,7128,0.1688,2
6344,9296,0.1534,3
6344,15422,0.1096,4
6344,4607,0.1051,5
6345,4975,0.4541,1
6345,16961,0.2823,2
6345,4875,0.118,3
6345,2329,0.084,4
6345,15898,0.0348,5
6345,13362,0.0249,6
6345,10128,0.0019,7
6346,16489,0.601,1
6346,15659,0.1777,2
6346,9275,0.1194,3
6346,1674,0.0635,4
6346,3951,0.0287,5
6346,6487,0.0056,6
6346,4094,0.0041,7
6347,8303,0.3275,1
6347,9270,0.2512,2
6347,8623,0.1463,3
6347,17139,0.1451,4
6347,8937,0.0708,5
6347,8106,0.0416,6
6347,2310,0.0175,7
6348,7512,0.3846,1
6348,4398,0.3434,2
6348,5735,0.193,3
6348,4678,0.0789,4
6349,4691,0.6754,1
6349,6069,0.2659,2
6349,10220,0.0587,3
6350,2294,0.8049,1
6350,4730,0.0937,2
6350,7150,0.0486,3
6350,5008,0.0266,4
6350,10294,0.0262,5
6351,6024,0.3759,1
6351,10855,0.2985,2
6351,3235,0.2974,3
6351,3435,0.0283,4
6352,5588,0.3149,1
6352,11314,0.1818,2
6352,5053,0.1457,3
6352,10886,0.1456,4
6352,7646,0.1433,5
6352,7731,0.0686,6
6352,2944,0.0001,7
6353,7956,0.4266,1
6353,4693,0.238,2
6353,6514,0.2029,3
6353,3362,0.1315,4
6353,10702,0.0011,5
6354,6985,0.6097,1
6354,3429,0.2325,2
6354,17306,0.1554,3
6354,14738,0.0024,4
6355,9115,0.4054,1
6355,17054,0.3447,2
6355,7607,0.2499,3
6356,6827,0.4453,1
6356,10903,0.4085,2
6356,3978,0.1462,3
6357,9379,0.3903,1
6357,15290,0.359,2
6357,8921,0.1099,3
6357,17351,0.0944,4
6357,11537,0.0253,5
6357,13158,0.0211,6
6358,7434,0.5949,1
6358,5211,0.239,2
6358,9157,0.1662,3
6359,10655,0.5648,1
6359,4785,0.2585,2
6359,8422,0.1344,3
6359,5914,0.0423,4
6360,7325,0.728,1
6360,9562,0.1626,2
6360,2902,0.1094,3
6361,12259,0.694,1
6361,2607,0.2526,2
6361,7126,0.0534,3
6362,12336,0.4124,1
6362,7396,0.3582,2
6362,12734,0.1664,3
6362,14352,0.0268,4
6362,2165,0.0227,5
6362,7508,0.0135,6
6363,11208,0.6712,1
6363,8616,0.2442,2
6363,4613,0.0846,3
6364,8191,0.3259,1
6364,9429,0.3076,2
6364,8098,0.1736,3
6364,6835,0.1223,4
6364,4268,0.0382,5
6364,2412,0.0285,6
6364,8245,0.004,7
6365,5505,0.6051,1
6365,9406,0.1696,2
6365,6630,0.1681,3
6365,3643,0.0571,4
6366,14909,0.3724,1
6366,11027,0.3295,2
6366,11002,0.2182,3
6366,7214,0.0643,4
6366,13492,0.0156,5
6367,17090,0.468,1
6367,17174,0.3081,2
6367,12702,0.1198,3
6367,9514,0.0739,4
6367,4157,0.0302,5
6368,5770,0.3375,1
6368,9792,0.2253,2
6368,14051,0.1934,3
6368,11061,0.1426,4
6368,13742,0.0516,5
6368,10139,0.0262,6
6368,6584,0.0233,7
6369,6876,0.6326,1
6369,9483,0.3076,2
6369,9902,0.0482,3
6369,6191,0.0116,4
6370,6961,0.3667,1
6370,4792,0.2368,2
6370,3236,0.1399,3
6370,2095,0.1308,4
6370,10115,0.1198,5
6370,5644,0.0059,6
6371,6353,0.5291,1
6371,8746,0.1688,2
6371,3554,0.1078,3
6371,9984,0.0705,4
6371,6425,0.0686,5
6371,9759,0.0553,6
6372,6537,0.5992,1
6372,8765,0.3705,2
6372,2001,0.0303,3
6373,2120,0.3889,1
6373,8082,0.2123,2
6373,9982,0.2072,3
6373,10188,0.1272,4
6373,10653,0.0494,5
6373,5506,0.015,6
6374,10591,0.461,1
6374,3240,0.197,2
6374,16767,0.1471,3
6374,17581,0.0867,4
6374,2702,0.07,5
6374,13222,0.0382,6
6375,8885,0.4228,1
6375,10585,0.2752,2
6375,11997,0.2452,3
6375,11238,0.0568,4
6376,12533,0.4524,1
6376,5062,0.1888,2
6376,4457,0.1717,3
6376,13632,0.1494,4
6376,15262,0.0263,5
6376,14561,0.0115,6
6377,6880,0.5798,1
6377,2888,0.1203,2
6377,16574,0.1154,3
6377,16939,0.1035,4
6377,11715,0.081,5
6378,11432,0.4798,1
6378,14773,0.2901,2
6378,15105,0.1902,3
6378,9221,0.0399,4
6379,5255,0.366,1
6379,13742,0.3614,2
6379,10440,0.2156,3
6379,15306,0.0363,4
6379,5733,0.0207,5
6380,3420,0.6318,1
6380,7941,0.2524,2
6380,11035,0.1157,3
6381,8027,0.6007,1
6381,9972,0.326,2
6381,3569,0.0618,3
6381,1747,0.0115,4
6382,17514,0.3411,1
6382,5879,0.333,2
6382,7920,0.1887,3
6382,1671,0.0902,4
6382,8103,0.0423,5
6382,9739,0.0046,6
6383,8248,0.5846,1
6383,2967,0.2206,2
6383,4537,0.1349,3
6383,9474,0.0599,4
6384,13230,0.6663,1
6384,2630,0.2792,2
6384,6660,0.0545,3
6385,1822,0.77,1
6385,3853,0.1598,2
6385,2175,0.0647,3
6385,11873,0.0056,4
6386,7140,0.3717,1
6386,2847,0.2953,2
6386,5002,0.2054,3
6386,2603,0.0879,4
6386,3406,0.0338,5
6386,10558,0.0059,6
6387,5358,0.8082,1
6387,7938,0.1504,2
6387,1915,0.0414,3
6388,3236,0.5027,1
6388,2022,0.2601,2
6388,7938,0.1741,3
6388,4461,0.0631,4
6389,14884,0.4562,1
6389,4530,0.3398,2
6389,12675,0.1302,3
6389,2122,0.0738,4
6390,4505,0.3641,1
6390,11539,0.2863,2
6390,2608,0.1471,3
6390,15523,0.1265,4
6390,11078,0.0671,5
6390,16049,0.0089,6
6391,2875,0.7634,1
6391,2243,0.215,2
6391,10653,0.0217,3
6392,15048,0.4676,1
6392,5980,0.3771,2
6392,4521,0.1553,3
6393,8893,0.6767,1
6393,9169,0.1506,2
6393,8793,0.1143,3
6393,4364,0.0489,4
6393,6986,0.0095,5
6394,2132,0.4488,1
6394,3527,0.1436,2
6394,5779,0.1299,3
6394,11464,0.1197,4
6394,15713,0.1137,5
6394,3340,0.0443,6
6395,3120,0.5634,1
6395,2689,0.1408,2
6395,2077,0.1113,3
6395,6493,0.1036,4
6395,2574,0.0808,5
6396,4048,0.6241,1
6396,2284,0.2393,2
6396,8311,0.1158,3
6396,4899,0.0208,4
6397,4664,0.5188,1
6397,1730,0.3043,2
6397,6086,0.1494,3
6397,7479,0.0275,4
6398,14728,0.6995,1
6398,3845,0.296,2
6398,14771,0.0045,3
6399,13242,0.5415,1
6399,4323,0.4585,2
6400,6292,0.3132,1
6400,6344,0.3021,2
6400,7517,0.2346,3
6400,2014,0.131,4
6400,6237,0.0131,5
6400,7210,0.0058,6
6400,9457,0.0003,7
6401,7732,0.6055,1
6401,4768,0.1393,2
6401,4620,0.1226,3
6401,6004,0.0742,4
6401,11837,0.0584,5
6402,3142,0.684,1
6402,16815,0.1884,2
6402,11856,0.1276,3
6403,11186,0.4969,1
6403,11267,0.3869,2
6403,9095,0.0924,3
6403,3725,0.0215,4
6403,3296,0.0023,5
6404,8684,0.3806,1
6404,5888,0.2996,2
6404,4031,0.1786,3
6404,6039,0.0868,4
6404,11394,0.0434,5
6404,9139,0.0109,6
6405,17249,0.858,1
6405,6199,0.129,2
6405,8490,0.013,3
6406,6766,0.9922,1
6406,8919,0.0046,2
6406,3108,0.0032,3
6407,6207,0.4217,1
6407,5565,0.3952,2
6407,17106,0.1806,3
6407,2847,0.0024,4
6408,9233,0.3305,1
6408,10090,0.2167,2
6408,2825,0.1422,3
6408,9168,0.1299,4
6408,8712,0.0959,5
6408,4725,0.0769,6
6408,10301,0.008,7
6409,3971,0.4775,1
6409,6864,0.2473,2
6409,2251,0.2242,3
6409,13828,0.0278,4
6409,2613,0.0228,5
6409,3979,0.0004,6
6410,2806,0.3445,1
6410,2983,0.2121,2
6410,5053,0.1835,3
6410,12521,0.1166,4
6410,3942,0.0859,5
6410,4549,0.0334,6
6410,7427,0.0239,7
6411,6888,0.3607,1
6411,9961,0.3594,2
6411,17162,0.2799,3
6412,4190,0.488,1
6412,9785,0.3312,2
6412,2781,0.1559,3
6412,3097,0.0249,4
6413,12231,0.5732,1
6413,10920,0.2619,2
6413,17135,0.1172,3
6413,4180,0.0477,4
6414,5794,0.2802,1
6414,8897,0.2681,2
6414,3695,0.2114,3
6414,9696,0.1027,4
6414,6942,0.0619,5
6414,3161,0.0538,6
6414,2401,0.0218,7
6415,14892,0.4777,1
6415,9745,0.2511,2
6415,15068,0.1698,3
6415,9538,0.0563,4
6415,15203,0.0233,5
6415,9454,0.0139,6
6415,8692,0.008,7
6416,6984,0.4029,1
6416,3949,0.3307,2
6416,9959,0.1961,3
6416,6246,0.0512,4
6416,6655,0.0191,5
6417,1819,0.6739,1
6417,13123,0.1886,2
6417,4582,0.1199,3
6417,5792,0.0175,4
6418,2822,0.3956,1
6418,4830,0.3584,2
6418,15070,0.246,3
6419,12274,0.711,1
6419,7322,0.289,2
6419,4148,0.0,3
6420,14573,0.7899,1
6420,15820,0.1963,2
6420,12560,0.0138,3
6421,13696,0.2342,1
6421,4898,0.2223,2
6421,14987,0.1901,3
6421,7225,0.1673,4
6421,4818,0.1626,5
6421,12893,0.0236,6
6422,3351,0.424,1
6422,8062,0.3316,2
6422,5376,0.1889,3
6422,13129,0.0233,4
6422,2620,0.0199,5
6422,2805,0.0123,6
6423,11351,0.8399,1
6423,3531,0.1284,2
6423,10789,0.0176,3
6423,11337,0.0141,4
6424,8914,0.421,1
6424,11289,0.321,2
6424,3001,0.258,3
6425,7012,0.4911,1
6425,8044,0.2504,2
6425,6228,0.2042,3
6425,3524,0.0279,4
6425,9804,0.0265,5
6426,11027,0.3674,1
6426,2310,0.3329,2
6426,6587,0.1797,3
6426,5684,0.12,4
6427,17153,0.4274,1
6427,8402,0.2403,2
6427,5050,0.1695,3
6427,12425,0.09,4
6427,17513,0.0512,5
6427,11576,0.0216,6
6428,13932,0.347,1
6428,15937,0.3392,2
6428,11949,0.0689,3
6428,7651,0.0645,4
6428,3144,0.0643,5
6428,2202,0.0641,6
6428,4166,0.052,7
6429,2377,0.3928,1
6429,5434,0.3126,2
6429,5243,0.2124,3
6429,4115,0.0629,4
6429,7707,0.0183,5
6429,3163,0.001,6
6430,10327,0.3886,1
6430,10447,0.2117,2
6430,7998,0.1695,3
6430,10299,0.1206,4
6430,6901,0.1096,5
6431,14432,0.4693,1
6431,3240,0.25,2
6431,10526,0.191,3
6431,17079,0.0897,4
6431,15390,0.0,5
6432,2971,0.3995,1
6432,8997,0.2587,2
6432,7913,0.1815,3
6432,10672,0.1206,4
6432,2787,0.023,5
6432,12482,0.0166,6
6433,6306,0.3359,1
6433,2682,0.3015,2
6433,5826,0.1786,3
6433,17067,0.0925,4
6433,8148,0.0892,5
6433,7055,0.0022,6
6434,6530,0.4795,1
6434,10545,0.3503,2
6434,3450,0.0831,3
6434,2927,0.0804,4
6434,10737,0.0067,5
6435,4736,0.6488,1
6435,6623,0.1734,2
6435,2710,0.1291,3
6435,5357,0.0487,4
6436,16332,0.433,1
6436,7123,0.2296,2
6436,8400,0.1614,3
6436,3673,0.0652,4
6436,2592,0.0526,5
6436,2737,0.031,6
6436,4797,0.0272,7
6437,7552,0.5983,1
6437,8231,0.2402,2
6437,10156,0.0774,3
6437,5055,0.0456,4
6437,9788,0.0386,5
6438,16860,0.5589,1
6438,11772,0.1386,2
6438,14608,0.1245,3
6438,3873,0.1062,4
6438,14123,0.036,5
6438,8883,0.0358,6
6439,11069,0.4551,1
6439,10627,0.3051,2
6439,3725,0.083,3
6439,4254,0.0685,4
6439,7880,0.065,5
6439,10980,0.0232,6
6440,4372,0.9059,1
6440,6210,0.0617,2
6440,10661,0.0241,3
6440,8152,0.0083,4
6441,9353,0.7021,1
6441,6348,0.1626,2
6441,5382,0.1268,3
6441,1912,0.0084,4
6442,7643,0.73,1
6442,7320,0.2581,2
6442,6270,0.012,3
6443,4550,0.3114,1
6443,3079,0.31,2
6443,4516,0.2682,3
6443,3086,0.0871,4
6443,10568,0.0119,5
6443,2521,0.0113,6
6444,7663,0.4377,1
6444,2829,0.2965,2
6444,3702,0.1648,3
6444,3888,0.101,4
6445,5866,0.4722,1
6445,5631,0.1984,2
6445,4855,0.1291,3
6445,3410,0.1157,4
6445,9765,0.0555,5
6445,6670,0.0291,6
6446,5160,0.6584,1
6446,5279,0.3147,2
6446,4950,0.0268,3
6447,5699,1.0,1
6448,3636,0.3876,1
6448,3931,0.1668,2
6448,10823,0.1039,3
6448,2305,0.0962,4
6448,8165,0.096,5
6448,7206,0.0887,6
6448,1859,0.0609,7
6449,2339,0.4241,1
6449,11186,0.3466,2
6449,3595,0.121,3
6449,3562,0.0407,4
6449,3956,0.0392,5
6449,4828,0.0284,6
6450,4145,0.4919,1
6450,11240,0.3714,2
6450,6011,0.1367,3
6451,9534,0.484,1
6451,10874,0.3562,2
6451,8957,0.0978,3
6451,7872,0.0343,4
6451,11276,0.0278,5
6452,2101,0.7096,1
6452,6165,0.2565,2
6452,4088,0.034,3
6453,13660,0.5774,1
6453,15698,0.2246,2
6453,10913,0.198,3
6454,2371,0.3137,1
6454,2658,0.264,2
6454,6039,0.1615,3
6454,4817,0.0929,4
6454,4062,0.088,5
6454,4873,0.0799,6
6455,7569,0.5373,1
6455,1697,0.3094,2
6455,15105,0.1533,3
6456,14956,0.6375,1
6456,10749,0.3422,2
6456,12508,0.0203,3
6457,5735,0.4693,1
6457,10593,0.1513,2
6457,3893,0.1368,3
6457,7646,0.1123,4
6457,5903,0.0843,5
6457,5916,0.0284,6
6457,6766,0.0175,7
6458,6993,0.8097,1
6458,14549,0.0948,2
6458,15258,0.0662,3
6458,5181,0.0161,4
6458,9792,0.0132,5
6459,7138,0.369,1
6459,5774,0.363,2
6459,4113,0.1986,3
6459,2145,0.0469,4
6459,11809,0.0121,5
6459,7129,0.0104,6
6460,6297,0.4228,1
6460,10442,0.2833,2
6460,4006,0.1863,3
6460,6144,0.0773,4
6460,1957,0.0303,5
6461,8512,0.4466,1
6461,5109,0.3154,2
6461,5434,0.1158,3
6461,10127,0.0694,4
6461,5089,0.0528,5
6462,10620,0.8283,1
6462,4545,0.1038,2
6462,3998,0.0679,3
6463,15982,0.4578,1
6463,8076,0.2729,2
6463,3509,0.2391,3
6463,14631,0.0302,4
6464,5826,0.5892,1
6464,6537,0.2047,2
6464,9253,0.1945,3
6464,3043,0.0115,4
6465,8694,0.4139,1
6465,7603,0.2787,2
6465,10577,0.179,3
6465,8248,0.12,4
6465,8400,0.0085,5
6466,3531,0.8847,1
6466,3744,0.0785,2
6466,8983,0.0304,3
6466,7924,0.0064,4
6467,4505,0.3952,1
6467,10526,0.3597,2
6467,7474,0.1672,3
6467,12716,0.0779,4
6468,5025,0.4484,1
6468,2874,0.4172,2
6468,4420,0.1344,3
6469,4209,0.7741,1
6469,15731,0.1585,2
6469,12649,0.0674,3
6470,8451,0.6696,1
6470,11673,0.3258,2
6470,7356,0.0046,3
6471,3675,0.2751,1
6471,9865,0.1928,2
6471,14512,0.1556,3
6471,6208,0.1368,4
6471,10525,0.1168,5
6471,12960,0.1045,6
6471,3024,0.0185,7
6472,4815,0.7793,1
6472,5795,0.1692,2
6472,17516,0.0296,3
6472,10682,0.0111,4
6472,1858,0.0109,5
6473,13590,0.5257,1
6473,2064,0.436,2
6473,5396,0.0383,3
6474,5113,0.397,1
6474,16202,0.3255,2
6474,4525,0.2655,3
6474,14432,0.012,4
6475,13204,1.0,1
6476,15818,0.5119,1
6476,11127,0.2781,2
6476,11260,0.21,3
6477,6106,0.4479,1
6477,8618,0.1756,2
6477,2894,0.1647,3
6477,10864,0.144,4
6477,5213,0.0678,5
6478,3825,0.59,1
6478,4297,0.3754,2
6478,9035,0.0346,3
6479,10883,0.3409,1
6479,1949,0.3138,2
6479,12246,0.1166,3
6479,7530,0.1083,4
6479,2448,0.0931,5
6479,14694,0.0273,6
6480,14933,0.7534,1
6480,4266,0.2283,2
6480,7204,0.0183,3
6481,10136,0.4988,1
6481,10630,0.3466,2
6481,2467,0.1546,3
6482,3761,0.6535,1
6482,5159,0.2253,2
6482,1694,0.1212,3
6483,11154,0.4693,1
6483,15776,0.2908,2
6483,13362,0.1404,3
6483,6377,0.0602,4
6483,9434,0.0215,5
6483,2735,0.0178,6
6484,9073,0.3459,1
6484,13047,0.2824,2
6484,7562,0.2056,3
6484,13185,0.1053,4
6484,5336,0.0571,5
6484,9541,0.0037,6
6485,3249,0.326,1
6485,7560,0.2551,2
6485,7291,0.1979,3
6485,8737,0.1329,4
6485,15884,0.0799,5
6485,12910,0.0082,6
6486,11235,0.3497,1
6486,10984,0.3193,2
6486,3528,0.2152,3
6486,1866,0.0573,4
6486,5503,0.0356,5
6486,10744,0.0228,6
6487,11070,0.6494,1
6487,10427,0.1323,2
6487,10872,0.1009,3
6487,5518,0.0686,4
6487,7378,0.0261,5
6487,11086,0.0226,6
6488,2913,0.3898,1
6488,7540,0.2501,2
6488,7907,0.2435,3
6488,3508,0.0712,4
6488,1962,0.0234,5
6488,6766,0.022,6
6489,7482,0.4091,1
6489,7286,0.3268,2
6489,6344,0.264,3
6490,15695,0.422,1
6490,2363,0.4199,2
6490,13250,0.1173,3
6490,9219,0.035,4
6490,11721,0.0057,5
6491,6506,0.7547,1
6491,7172,0.1576,2
6491,1755,0.0876,3
6492,4062,0.483,1
6492,5949,0.1321,2
6492,5193,0.1178,3
6492,4368,0.0954,4
6492,3099,0.0888,5
6492,11114,0.0797,6
6492,7313,0.0032,7
6493,5584,0.4116,1
6493,2282,0.3244,2
6493,5750,0.1591,3
6493,2475,0.0781,4
6493,10918,0.0209,5
6493,4007,0.0059,6
6494,3860,0.7658,1
6494,2993,0.1842,2
6494,10127,0.0501,3
6495,8617,0.4118,1
6495,10990,0.175,2
6495,9192,0.1468,3
6495,9544,0.1246,4
6495,7073,0.0775,5
6495,10329,0.0643,6
6496,5358,0.4026,1
6496,2306,0.2074,2
6496,2929,0.1525,3
6496,5581,0.0934,4
6496,14097,0.0903,5
6496,13412,0.0537,6
6497,5107,0.4852,1
6497,9511,0.2084,2
6497,13804,0.1949,3
6497,13930,0.0402,4
6497,7243,0.0392,5
6497,4901,0.032,6
6498,7332,0.6205,1
6498,6376,0.274,2
6498,9128,0.0916,3
6498,7815,0.0138,4
6499,4463,0.6963,1
6499,3164,0.2089,2
6499,2405,0.0947,3
6500,13129,0.3202,1
6500,6841,0.2308,2
6500,2401,0.1836,3
6500,17354,0.1808,4
6500,7521,0.062,5
6500,6106,0.0225,6
6501,5732,0.6736,1
6501,14344,0.1536,2
6501,6171,0.0994,3
6501,12080,0.0734,4
6502,16688,0.5919,1
6502,17506,0.2123,2
6502,1807,0.136,3
6502,11132,0.0303,4
6502,11790,0.0226,5
6502,2272,0.0069,6
6503,12462,0.7235,1
6503,15784,0.1253,2
6503,3372,0.1105,3
6503,2340,0.0407,4
6504,8169,1.0,1
6505,8203,0.3725,1
6505,11997,0.3181,2
6505,16761,0.3094,3
6506,10791,0.4345,1
6506,9759,0.1625,2
6506,11035,0.142,3
6506,6640,0.1342,4
6506,7439,0.1267,5
6507,6314,0.6685,1
6507,8259,0.2852,2
6507,2553,0.031,3
6507,7761,0.0154,4
6508,7355,0.5197,1
6508,5996,0.2962,2
6508,4360,0.18,3
6508,1982,0.004,4
6508,1946,0.0001,5
6509,7012,0.5177,1
6509,8704,0.222,2
6509,11258,0.0962,3
6509,5077,0.0914,4
6509,5126,0.0662,5
6509,7495,0.0065,6
6510,3303,0.5417,1
6510,7712,0.1411,2
6510,4507,0.1253,3
6510,3398,0.0953,4
6510,9786,0.0545,5
6510,10821,0.0403,6
6510,9314,0.0018,7
6511,3987,0.3178,1
6511,6376,0.2472,2
6511,7308,0.1171,3
6511,8565,0.1152,4
6511,1677,0.115,5
6511,2078,0.0788,6
6511,6087,0.0089,7
6512,8454,0.4967,1
6512,2118,0.1571,2
6512,11758,0.1382,3
6512,15203,0.1185,4
6512,13470,0.0851,5
6512,3768,0.0043,6
6513,9172,0.7743,1
6513,8302,0.2257,2
6514,5612,0.3809,1
6514,6577,0.2975,2
6514,2537,0.2866,3
6514,5518,0.035,4
6515,2339,0.4312,1
6515,11334,0.3273,2
6515,7381,0.0758,3
6515,9658,0.075,4
6515,9535,0.0469,5
6515,6406,0.0283,6
6515,10027,0.0156,7
6516,5749,0.6351,1
6516,4894,0.3367,2
6516,3293,0.0258,3
6516,9734,0.0025,4
6517,9457,0.4093,1
6517,6009,0.2906,2
6517,6865,0.1611,3
6517,3395,0.1013,4
6517,4274,0.0221,5
6517,7823,0.0155,6
6518,4068,1.0,1
6519,13776,0.4887,1
6519,2623,0.2558,2
6519,3776,0.2046,3
6519,9844,0.0429,4
6519,16347,0.008,5
6520,4815,0.2702,1
6520,11884,0.2426,2
6520,16142,0.208,3
6520,3320,0.2024,4
6520,4113,0.0768,5
6521,8878,0.4816,1
6521,7905,0.2465,2
6521,13046,0.1914,3
6521,12270,0.0497,4
6521,9288,0.0259,5
6521,3156,0.0027,6
6521,8276,0.0022,7
6522,3944,0.4244,1
6522,4055,0.2173,2
6522,7786,0.1636,3
6522,9384,0.149,4
6522,4124,0.0457,5
6523,7469,0.4429,1
6523,5016,0.3859,2
6523,2629,0.1637,3
6523,5002,0.0075,4
6524,8823,0.4177,1
6524,6604,0.2044,2
6524,11189,0.1568,3
6524,4621,0.1456,4
6524,8095,0.0384,5
6524,7979,0.0221,6
6524,2330,0.0151,7
6525,13440,0.6857,1
6525,12513,0.22,2
6525,16743,0.0943,3
6526,6064,0.4025,1
6526,7513,0.3438,2
6526,11686,0.1492,3
6526,16414,0.047,4
6526,3266,0.0289,5
6526,9297,0.0286,6
6527,7247,0.7871,1
6527,9939,0.1246,2
6527,10823,0.0532,3
6527,6353,0.0291,4
6527,2508,0.0059,5
6528,3668,0.5847,1
6528,2590,0.2362,2
6528,7681,0.0968,3
6528,2662,0.0822,4
6529,3857,0.3344,1
6529,4236,0.2819,2
6529,2482,0.1802,3
6529,6787,0.1456,4
6529,10414,0.0557,5
6529,4856,0.0021,6
6530,5846,0.4009,1
6530,2628,0.2317,2
6530,6802,0.212,3
6530,4935,0.1554,4
6531,3524,0.4742,1
6531,4460,0.4495,2
6531,16655,0.0554,3
6531,7547,0.0209,4
6532,15122,0.4262,1
6532,8800,0.2906,2
6532,10878,0.2771,3
6532,9433,0.0061,4
6533,3773,0.9609,1
6533,2691,0.0391,2
6534,9601,0.3595,1
6534,2129,0.3135,2
6534,9758,0.2487,3
6534,2993,0.0784,4
6535,7462,0.3349,1
6535,5437,0.2755,2
6535,16546,0.2267,3
6535,16649,0.1165,4
6535,15564,0.0464,5
6536,1744,0.5483,1
6536,2308,0.4148,2
6536,7497,0.0369,3
6537,6352,0.3752,1
6537,4878,0.2555,2
6537,14130,0.2293,3
6537,4545,0.0948,4
6537,1897,0.0452,5
6538,10637,0.3618,1
6538,2180,0.2942,2
6538,16739,0.2464,3
6538,10139,0.0726,4
6538,3474,0.025,5
6539,13662,0.6039,1
6539,1785,0.1932,2
6539,5559,0.1684,3
6539,7660,0.0188,4
6539,13190,0.0156,5
6540,7082,0.4562,1
6540,13198,0.3609,2
6540,4059,0.1691,3
6540,6504,0.0138,4
6541,9668,0.6241,1
6541,10255,0.2279,2
6541,7535,0.0757,3
6541,4225,0.0723,4
6542,11173,0.7639,1
6542,3605,0.1921,2
6542,3136,0.044,3
6543,16832,0.3657,1
6543,1858,0.3313,2
6543,4047,0.1641,3
6543,2450,0.135,4
6543,2767,0.0039,5
6544,3218,0.3682,1
6544,3292,0.3319,2
6544,10566,0.2987,3
6544,2502,0.0011,4
6545,13296,0.6471,1
6545,17156,0.1792,2
6545,2794,0.158,3
6545,10941,0.0157,4
6546,17545,0.3793,1
6546,4329,0.2765,2
6546,15432,0.1162,3
6546,6192,0.1143,4
6546,5403,0.0917,5
6546,12793,0.0176,6
6546,3165,0.0042,7
6547,4426,0.6078,1
6547,5205,0.2096,2
6547,1822,0.1707,3
6547,4083,0.0119,4
6548,2418,0.6391,1
6548,10844,0.2864,2
6548,16147,0.0398,3
6548,13338,0.0203,4
6548,6326,0.0098,5
6548,16070,0.0046,6
6549,14720,0.2867,1
6549,8598,0.2644,2
6549,4947,0.2315,3
6549,8582,0.1021,4
6549,17284,0.1015,5
6549,4610,0.0071,6
6549,13752,0.0066,7
6550,11482,0.314,1
6550,17390,0.2765,2
6550,4813,0.1263,3
6550,12615,0.1049,4
6550,12218,0.0982,5
6550,5988,0.0801,6
6551,2045,0.4875,1
6551,3383,0.4519,2
6551,9296,0.0605,3
6552,8681,0.4939,1
6552,4188,0.2583,2
6552,1765,0.2478,3
6553,10249,0.4431,1
6553,10895,0.2671,2
6553,8392,0.1747,3
6553,12541,0.1151,4
6554,17427,0.6668,1
6554,7769,0.1962,2
6554,9011,0.0774,3
6554,15452,0.0571,4
6554,3179,0.0025,5
6555,3893,0.5662,1
6555,3015,0.3273,2
6555,3309,0.0864,3
6555,9808,0.0199,4
6555,4955,0.0003,5
6556,7708,0.3824,1
6556,4773,0.195,2
6556,6108,0.1726,3
6556,7801,0.1636,4
6556,8154,0.0529,5
6556,10711,0.0265,6
6556,9231,0.0069,7
6557,6596,0.5045,1
6557,7196,0.2423,2
6557,7237,0.1132,3
6557,6996,0.0734,4
6557,6882,0.0435,5
6557,5973,0.0231,6
6558,2803,0.316,1
6558,2508,0.1963,2
6558,5020,0.1928,3
6558,5016,0.1404,4
6558,2084,0.1146,5
6558,5757,0.0342,6
6558,2504,0.0058,7
6559,8714,1.0,1
6560,10940,0.5774,1
6560,8823,0.2717,2
6560,6756,0.1509,3
6561,14721,0.4025,1
6561,5750,0.306,2
6561,15034,0.1166,3
6561,3961,0.1018,4
6561,15639,0.0521,5
6561,11834,0.0209,6
6561,7419,0.0001,7
6562,6478,0.5172,1
6562,9153,0.2858,2
6562,7148,0.1014,3
6562,2115,0.0955,4
6563,4265,0.4739,1
6563,8983,0.3751,2
6563,7300,0.1414,3
6563,6353,0.0096,4
6564,12607,0.6733,1
6564,6524,0.2547,2
6564,2479,0.0685,3
6564,14428,0.0036,4
6565,8542,0.4208,1
6565,3550,0.4106,2
6565,12270,0.1686,3
6566,5921,0.6586,1
6566,4785,0.2842,2
6566,3860,0.0572,3
6567,7389,0.3375,1
6567,4240,0.2927,2
6567,6155,0.1791,3
6567,6017,0.1085,4
6567,5070,0.0605,5
6567,5016,0.0216,6
6568,9729,0.6822,1
6568,3465,0.2883,2
6568,3617,0.0294,3
6569,11026,0.665,1
6569,4339,0.1148,2
6569,6671,0.095,3
6569,5624,0.0464,4
6569,4565,0.038,5
6569,5913,0.032,6
6569,2243,0.0087,7
6570,6053,0.409,1
6570,7735,0.3372,2
6570,8968,0.2539,3
6571,2303,0.4368,1
6571,5755,0.2109,2
6571,5745,0.1823,3
6571,3404,0.1701,4
6572,4714,0.5079,1
6572,7984,0.2075,2
6572,11075,0.1645,3
6572,8163,0.1201,4
6573,13045,0.494,1
6573,2114,0.2115,2
6573,12305,0.1263,3
6573,2696,0.0847,4
6573,16277,0.0836,5
6574,7530,0.4809,1
6574,6069,0.2258,2
6574,9828,0.1185,3
6574,1824,0.1088,4
6574,2207,0.0467,5
6574,3164,0.0123,6
6574,10517,0.0069,7
6575,3526,0.552,1
6575,5111,0.3193,2
6575,2163,0.0633,3
6575,1866,0.038,4
6575,8525,0.0275,5
6576,15900,0.3855,1
6576,8446,0.3629,2
6576,10897,0.2225,3
6576,1684,0.0291,4
6577,8324,0.4883,1
6577,1829,0.3216,2
6577,3759,0.1901,3
6578,4851,0.4688,1
6578,3015,0.2039,2
6578,8196,0.1814,3
6578,15571,0.1212,4
6578,6420,0.0153,5
6578,6315,0.0094,6
6579,10476,0.5819,1
6579,16649,0.3228,2
6579,4861,0.0894,3
6579,7602,0.0059,4
6580,14004,0.4208,1
6580,12001,0.3604,2
6580,2395,0.1237,3
6580,13719,0.0726,4
6580,4945,0.0225,5
6581,5165,0.4268,1
6581,15968,0.3261,2
6581,9988,0.2313,3
6581,8362,0.0158,4
6582,15641,0.8205,1
6582,2815,0.075,2
6582,15680,0.0542,3
6582,12043,0.0504,4
6583,10823,0.3163,1
6583,10315,0.2159,2
6583,7844,0.1467,3
6583,10945,0.1465,4
6583,4138,0.1146,5
6583,10906,0.06,6
6584,2008,0.2414,1
6584,7460,0.2343,2
6584,2398,0.1789,3
6584,3031,0.1385,4
6584,7720,0.1068,5
6584,10216,0.0688,6
6584,2825,0.0313,7
6585,14861,0.4725,1
6585,13503,0.3455,2
6585,9829,0.0853,3
6585,4508,0.0631,4
6585,13627,0.0336,5
6586,11048,0.8176,1
6586,8904,0.1564,2
6586,12609,0.026,3
6587,7340,0.6023,1
6587,8298,0.3202,2
6587,17480,0.0391,3
6587,2730,0.0384,4
6588,3523,0.5847,1
6588,9059,0.1776,2
6588,4611,0.1768,3
6588,9702,0.0609,4
6589,3658,0.6763,1
6589,7487,0.1426,2
6589,8558,0.1232,3
6589,8716,0.0565,4
6589,6523,0.0014,5
6590,10248,0.8552,1
6590,4778,0.1022,2
6590,9374,0.0426,3
6591,4692,0.5335,1
6591,10181,0.4665,2
6592,3949,0.5701,1
6592,8802,0.2699,2
6592,3903,0.1104,3
6592,2065,0.0496,4
6593,7913,0.7798,1
6593,6184,0.116,2
6593,7961,0.1042,3
6594,7719,0.5614,1
6594,2900,0.2632,2
6594,4148,0.1305,3
6594,2990,0.0449,4
6595,10333,1.0,1
6596,8498,0.5477,1
6596,2310,0.2084,2
6596,3463,0.0662,3
6596,2944,0.0656,4
6596,9405,0.0592,5
6596,6126,0.053,6
6597,4216,0.5574,1
6597,9211,0.1881,2
6597,14138,0.1198,3
6597,6847,0.0754,4
6597,11215,0.0588,5
6597,3397,0.0004,6
6598,2046,0.9123,1
6598,8334,0.069,2
6598,7169,0.0187,3
6599,14257,0.361,1
6599,16004,0.1711,2
6599,2037,0.1626,3
6599,15959,0.1109,4
6599,12475,0.1014,5
6599,2247,0.0642,6
6599,11348,0.0289,7
6600,17392,0.6195,1
6600,8329,0.2119,2
6600,7700,0.1459,3
6600,3010,0.019,4
6600,14429,0.0038,5
6601,9683,0.3581,1
6601,7055,0.282,2
6601,4691,0.16,3
6601,6954,0.1086,4
6601,6918,0.0492,5
6601,6823,0.0421,6
6602,10383,0.8397,1
6602,7486,0.1603,2
6603,15181,0.2465,1
6603,7368,0.2344,2
6603,11224,0.1805,3
6603,12086,0.1695,4
6603,17514,0.0924,5
6603,5631,0.0766,6
6604,4643,0.3212,1
6604,7205,0.268,2
6604,5042,0.1584,3
6604,10006,0.1256,4
6604,2563,0.1159,5
6604,7741,0.011,6
6605,5966,0.6924,1
6605,4122,0.1612,2
6605,9862,0.1087,3
6605,4645,0.0377,4
6606,2896,0.2826,1
6606,8103,0.2711,2
6606,4314,0.2157,3
6606,14508,0.1649,4
6606,9435,0.0656,5
6607,7556,0.3623,1
6607,2834,0.2953,2
6607,6096,0.1161,3
6607,5866,0.1079,4
6607,10798,0.0753,5
6607,5305,0.0268,6
6607,5907,0.0163,7
6608,7984,0.6632,1
6608,6060,0.323,2
6608,11143,0.0139,3
6609,11683,0.6544,1
6609,7636,0.2981,2
6609,6917,0.0475,3
6610,7215,0.4525,1
6610,8905,0.452,2
6610,2984,0.0954,3
6611,5054,0.5527,1
6611,7995,0.2679,2
6611,9732,0.1794,3
6612,8550,0.3383,1
6612,4773,0.2979,2
6612,6916,0.2175,3
6612,8951,0.1463,4
6613,15988,0.4669,1
6613,2850,0.3718,2
6613,2300,0.1613,3
6614,10389,0.401,1
6614,9100,0.2113,2
6614,7918,0.1066,3
6614,5934,0.1014,4
6614,9700,0.0879,5
6614,10178,0.0792,6
6614,2711,0.0127,7
6615,15440,0.4298,1
6615,7545,0.2012,2
6615,11798,0.1947,3
6615,14296,0.0722,4
6615,9094,0.0481,5
6615,7696,0.0376,6
6615,5809,0.0164,7
6616,7548,0.501,1
6616,7796,0.4967,2
6616,9463,0.0022,3
6617,4137,0.5217,1
6617,13665,0.2195,2
6617,17334,0.2019,3
6617,16634,0.0439,4
6617,9579,0.013,5
6618,6903,0.4754,1
6618,6548,0.3191,2
6618,6671,0.169,3
6618,1943,0.0173,4
6618,4655,0.0153,5
6618,2129,0.0039,6
6619,6152,0.8356,1
6619,6919,0.12,2
6619,8540,0.0444,3
6620,3525,0.6083,1
6620,5523,0.2127,2
6620,7410,0.179,3
6621,3375,0.3055,1
6621,6365,0.253,2
6621,4192,0.2158,3
6621,6964,0.1906,4
6621,2186,0.0298,5
6621,3500,0.0047,6
6621,7172,0.0007,7
6622,1738,0.6905,1
6622,11187,0.2043,2
6622,2147,0.1002,3
6622,4291,0.0049,4
6623,6756,0.3528,1
6623,15333,0.286,2
6623,6406,0.1211,3
6623,5374,0.0956,4
6623,5215,0.0674,5
6623,12853,0.0533,6
6623,5946,0.0238,7
6624,7792,0.5009,1
6624,7733,0.2548,2
6624,2116,0.2443,3
6625,9733,0.5794,1
6625,9138,0.218,2
6625,17296,0.1345,3
6625,7224,0.0681,4
6626,10205,0.4048,1
6626,11427,0.1752,2
6626,4235,0.1583,3
6626,4175,0.1229,4
6626,4564,0.0954,5
6626,10249,0.0348,6
6626,17104,0.0085,7
6627,6359,0.436,1
6627,5039,0.3977,2
6627,5151,0.067,3
6627,9329,0.0618,4
6627,3526,0.0192,5
6627,2939,0.0173,6
6627,2598,0.001,7
6628,7512,0.4334,1
6628,7994,0.2564,2
6628,7996,0.1672,3
6628,4888,0.077,4
6628,6961,0.066,5
6629,7455,0.4845,1
6629,8434,0.3628,2
6629,5555,0.1306,3
6629,3644,0.0221,4
6630,6570,0.5889,1
6630,11584,0.2662,2
6630,6242,0.1064,3
6630,8144,0.037,4
6630,11546,0.0016,5
6631,4746,0.3385,1
6631,5769,0.221,2
6631,3929,0.219,3
6631,4688,0.1463,4
6631,8955,0.0543,5
6631,5505,0.0209,6
6632,7822,0.4164,1
6632,1786,0.2088,2
6632,2525,0.1599,3
6632,3226,0.1085,4
6632,9935,0.103,5
6632,10489,0.0034,6
6633,9609,0.6203,1
6633,9092,0.2393,2
6633,4498,0.1024,3
6633,2900,0.0297,4
6633,10259,0.0082,5
6634,3324,0.788,1
6634,6266,0.1277,2
6634,6401,0.0788,3
6634,8339,0.0054,4
6635,5068,0.6426,1
6635,7951,0.1542,2
6635,6724,0.1455,3
6635,13391,0.0242,4
6635,1769,0.021,5
6635,17045,0.0068,6
6635,5388,0.0057,7
6636,4773,0.3272,1
6636,5356,0.1525,2
6636,9046,0.1498,3
6636,6140,0.1241,4
6636,8190,0.0961,5
6636,7228,0.0948,6
6636,4158,0.0555,7
6637,9760,0.5522,1
6637,9157,0.2858,2
6637,4872,0.0926,3
6637,6544,0.0694,4
6638,5474,0.5093,1
6638,10080,0.2229,2
6638,4051,0.2114,3
6638,2789,0.0311,4
6638,7875,0.0254,5
6639,6031,0.2972,1
6639,10415,0.2537,2
6639,5762,0.1615,3
6639,6770,0.1444,4
6639,1986,0.1432,5
6640,2107,0.2795,1
6640,11886,0.2686,2
6640,4118,0.2592,3
6640,17334,0.1926,4
6641,2407,0.6736,1
6641,1885,0.2165,2
6641,4323,0.0773,3
6641,10988,0.0326,4
6642,14144,0.5445,1
6642,17485,0.3507,2
6642,14440,0.0669,3
6642,6091,0.0342,4
6642,2518,0.0037,5
6643,10829,0.3444,1
6643,10437,0.2538,2
6643,13655,0.1673,3
6643,12270,0.1491,4
6643,8153,0.0761,5
6643,2140,0.0094,6
6644,5335,0.4163,1
6644,6297,0.342,2
6644,2580,0.1484,3
6644,4404,0.0933,4
6645,7885,0.3974,1
6645,4614,0.3421,2
6645,3335,0.0965,3
6645,8457,0.0614,4
6645,7286,0.0513,5
6645,5318,0.0513,6
6646,5256,0.3438,1
6646,9915,0.2988,2
6646,1904,0.2576,3
6646,4888,0.0673,4
6646,7571,0.0308,5
6646,9086,0.0017,6
6647,9504,0.3624,1
6647,5294,0.2147,2
6647,8741,0.2033,3
6647,5289,0.1482,4
6647,9983,0.0481,5
6647,6215,0.0196,6
6647,5320,0.0038,7
6648,7069,0.6832,1
6648,6259,0.097,2
6648,4918,0.0932,3
6648,10571,0.0589,4
6648,2264,0.0581,5
6648,5053,0.0097,6
6649,10725,0.7207,1
6649,5363,0.207,2
6649,5597,0.0723,3
6650,13536,0.3277,1
6650,7146,0.2515,2
6650,17092,0.1922,3
6650,10256,0.1014,4
6650,7070,0.0507,5
6650,15601,0.0442,6
6650,9764,0.0324,7
6651,1696,0.4066,1
6651,10767,0.2694,2
6651,6567,0.1445,3
6651,8879,0.1184,4
6651,5130,0.0611,5
6652,15258,0.4674,1
6652,4958,0.1733,2
6652,11968,0.1387,3
6652,4280,0.1387,4
6652,6819,0.082,5
6653,5090,0.5862,1
6653,17037,0.2466,2
6653,4199,0.1581,3
6653,5154,0.0091,4
6654,14821,0.3408,1
6654,2934,0.2294,2
6654,7139,0.1988,3
6654,5429,0.1205,4
6654,16062,0.0758,5
6654,8675,0.033,6
6654,12748,0.0016,7
6655,5554,1.0,1
6656,2316,0.3974,1
6656,3401,0.2221,2
6656,6650,0.1834,3
6656,3147,0.1102,4
6656,10719,0.0408,5
6656,8519,0.0383,6
6656,10327,0.0078,7
6657,3753,0.9124,1
6657,6238,0.0876,2
6658,7370,0.5079,1
6658,9792,0.1632,2
6658,9814,0.135,3
6658,11177,0.0889,4
6658,14549,0.0733,5
6658,4846,0.0236,6
6658,6909,0.0081,7
6659,8100,0.3116,1
6659,2273,0.2989,2
6659,10045,0.2883,3
6659,9889,0.1012,4
6660,3280,0.559,1
6660,5740,0.4082,2
6660,9111,0.0328,3
6661,8631,0.5864,1
6661,8035,0.1202,2
6661,4465,0.089,3
6661,2473,0.0857,4
6661,6671,0.0819,5
6661,9457,0.0368,6
6662,12537,0.5226,1
6662,10432,0.1865,2
6662,7707,0.1158,3
6662,2590,0.0656,4
6662,5729,0.056,5
6662,2867,0.0536,6
6662,1655,0.0,7
6663,16651,0.6463,1
6663,3951,0.2003,2
6663,7351,0.1362,3
6663,6709,0.0172,4
6664,10250,0.587,1
6664,5474,0.2463,2
6664,9995,0.0775,3
6664,5596,0.0458,4
6664,4807,0.0415,5
6664,5917,0.0019,6
6665,1974,0.4881,1
6665,8209,0.3958,2
6665,14963,0.0909,3
6665,9515,0.0252,4
6666,8247,0.8735,1
6666,10380,0.071,2
6666,9279,0.0554,3
6667,9428,0.415,1
6667,17247,0.2352,2
6667,8034,0.1082,3
6667,16404,0.099,4
6667,15646,0.0729,5
6667,14432,0.067,6
6667,2735,0.0027,7
6668,7227,0.7122,1
6668,1755,0.1552,2
6668,9183,0.1326,3
6669,12153,0.6318,1
6669,5701,0.1879,2
6669,10304,0.1195,3
6669,6607,0.0608,4
6670,10810,0.3941,1
6670,10113,0.2715,2
6670,2484,0.1191,3
6670,4746,0.1188,4
6670,2177,0.0814,5
6670,6518,0.0149,6
6670,2323,0.0,7
6671,2785,0.4696,1
6671,5548,0.324,2
6671,17199,0.1564,3
6671,5426,0.05,4
6672,11999,0.4077,1
6672,6008,0.2064,2
6672,10848,0.1805,3
6672,4812,0.1629,4
6672,9514,0.0425,5
6673,9545,0.381,1
6673,9930,0.26,2
6673,12914,0.1899,3
6673,12406,0.0692,4
6673,12728,0.0523,5
6673,7419,0.0476,6
6674,16571,0.4298,1
6674,14144,0.1871,2
6674,16270,0.1158,3
6674,1769,0.0961,4
6674,14087,0.0681,5
6674,16819,0.0545,6
6674,15806,0.0486,7
6675,4057,0.9462,1
6675,7460,0.0538,2
6676,10588,0.379,1
6676,1945,0.2578,2
6676,8743,0.2176,3
6676,17530,0.1279,4
6676,11137,0.0177,5
6677,13948,1.0,1
6678,9809,0.4621,1
6678,5389,0.2481,2
6678,14464,0.1757,3
6678,7905,0.0941,4
6678,4034,0.02,5
6679,4687,0.5973,1
6679,4282,0.2721,2
6679,11008,0.0455,3
6679,6024,0.0441,4
6679,7855,0.0331,5
6679,1736,0.008,6
6680,11020,0.6378,1
6680,7792,0.2666,2
6680,7984,0.0469,3
6680,8536,0.0292,4
6680,3252,0.0175,5
6680,11372,0.002,6
6680,8195,0.0,7
6681,5947,0.4982,1
6681,4511,0.359,2
6681,6641,0.1167,3
6681,14285,0.0261,4
6682,4076,0.4686,1
6682,15120,0.44,2
6682,15962,0.0334,3
6682,14872,0.0308,4
6682,3377,0.0206,5
6682,3650,0.0066,6
6683,10435,0.4435,1
6683,6899,0.294,2
6683,2746,0.167,3
6683,4144,0.0956,4
6684,4029,1.0,1
6685,9556,0.5801,1
6685,3605,0.3376,2
6685,3380,0.0394,3
6685,6577,0.0382,4
6685,3617,0.0047,5
6686,12537,0.2695,1
6686,6042,0.2232,2
6686,9891,0.1784,3
6686,6219,0.1388,4
6686,6629,0.1195,5
6686,1698,0.0634,6
6686,8701,0.0072,7
6687,7485,0.3842,1
6687,2403,0.3467,2
6687,1984,0.2691,3
6688,8220,0.3127,1
6688,7704,0.2956,2
6688,6832,0.1724,3
6688,7684,0.1233,4
6688,10841,0.0955,5
6688,4724,0.0004,6
6689,6423,0.2739,1
6689,9497,0.1954,2
6689,9537,0.1869,3
6689,1867,0.1604,4
6689,9632,0.1067,5
6689,3988,0.0482,6
6689,6711,0.0286,7
6690,6745,0.734,1
6690,3078,0.2009,2
6690,10636,0.065,3
6691,9073,0.5371,1
6691,2328,0.2815,2
6691,5163,0.1814,3
6692,12394,0.475,1
6692,17363,0.3222,2
6692,8336,0.2028,3
6693,7941,0.5836,1
6693,9448,0.1785,2
6693,8247,0.0959,3
6693,9385,0.0703,4
6693,9765,0.0683,5
6693,2240,0.0034,6
6694,6756,0.4671,1
6694,3972,0.3353,2
6694,2689,0.1976,3
6695,7337,0.9661,1
6695,7553,0.029,2
6695,9287,0.0049,3
6696,1907,0.5054,1
6696,12392,0.2751,2
6696,5669,0.1683,3
6696,2844,0.0283,4
6696,16260,0.0194,5
6696,15463,0.0034,6
6697,11110,0.5466,1
6697,10203,0.2373,2
6697,5847,0.1791,3
6697,2225,0.037,4
6698,8787,0.533,1
6698,5820,0.1992,2
6698,3078,0.1429,3
6698,12485,0.0877,4
6698,14897,0.0371,5
6699,2918,0.4892,1
6699,10951,0.295,2
6699,10825,0.2158,3
6700,9730,0.5486,1
6700,6416,0.2968,2
6700,5287,0.1546,3
6701,9668,0.3838,1
6701,8978,0.2012,2
6701,11349,0.1719,3
6701,10707,0.1489,4
6701,10018,0.0942,5
6702,5333,0.2433,1
6702,6879,0.2296,2
6702,3476,0.187,3
6702,3018,0.1299,4
6702,13752,0.1217,5
6702,5150,0.0683,6
6702,9310,0.0203,7
6703,2763,0.42,1
6703,16188,0.2855,2
6703,3355,0.2618,3
6703,9341,0.0327,4
6704,3823,1.0,1
6705,6014,0.32,1
6705,16767,0.2004,2
6705,4029,0.1627,3
6705,16599,0.1436,4
6705,2372,0.1272,5
6705,12777,0.0369,6
6705,2083,0.0093,7
6706,12633,0.4963,1
6706,10331,0.1903,2
6706,15600,0.1357,3
6706,6745,0.1177,4
6706,8454,0.0601,5
6707,4610,0.8399,1
6707,4228,0.0961,2
6707,9243,0.064,3
6708,9137,0.8399,1
6708,2682,0.1504,2
6708,8645,0.0097,3
6709,15330,0.2767,1
6709,7293,0.2441,2
6709,9682,0.2264,3
6709,11260,0.1799,4
6709,4210,0.0681,5
6709,8041,0.0047,6
6710,15964,0.5465,1
6710,12031,0.3724,2
6710,10736,0.0619,3
6710,10856,0.0191,4
6710,11280,0.0001,5
6711,8511,0.2871,1
6711,14099,0.2554,2
6711,8196,0.1386,3
6711,12726,0.1342,4
6711,12413,0.108,5
6711,16434,0.0687,6
6711,16732,0.008,7
6712,13927,0.8217,1
6712,5491,0.0602,2
6712,11171,0.0584,3
6712,15637,0.0441,4
6712,3267,0.013,5
6712,5747,0.0026,6
6713,3674,0.3426,1
6713,8011,0.2504,2
6713,7400,0.1876,3
6713,16278,0.0973,4
6713,7430,0.0675,5
6713,8846,0.0299,6
6713,6673,0.0247,7
6714,4902,0.8546,1
6714,5244,0.1417,2
6714,4723,0.0038,3
6715,15575,0.7561,1
6715,16686,0.0985,2
6715,8744,0.0976,3
6715,13210,0.0331,4
6715,11217,0.0148,5
6716,6345,0.4956,1
6716,3036,0.3867,2
6716,3198,0.0714,3
6716,2448,0.0463,4
6717,16981,0.4624,1
6717,10342,0.3543,2
6717,12855,0.0694,3
6717,12408,0.0606,4
6717,17341,0.0284,5
6717,8728,0.0249,6
6718,10855,0.5838,1
6718,8192,0.244,2
6718,9724,0.1399,3
6718,9113,0.0322,4
6719,2492,0.3123,1
6719,7270,0.2538,2
6719,1754,0.2202,3
6719,2401,0.1184,4
6719,3684,0.0953,5
6720,5158,0.874,1
6720,5904,0.126,2
6721,7432,0.6171,1
6721,7006,0.2604,2
6721,12275,0.0829,3
6721,4653,0.0208,4
6721,2674,0.0189,5
6722,11883,0.52,1
6722,17138,0.1678,2
6722,14834,0.1327,3
6722,2091,0.0789,4
6722,16484,0.0753,5
6722,12858,0.0253,6
6723,9921,0.3994,1
6723,15200,0.1923,2
6723,1857,0.1463,3
6723,2122,0.141,4
6723,12661,0.0543,5
6723,15085,0.0362,6
6723,9102,0.0305,7
6724,1651,0.8682,1
6724,7540,0.1197,2
6724,8770,0.0121,3
6725,5959,0.6188,1
6725,8320,0.2142,2
6725,6125,0.167,3
6726,6521,0.4096,1
6726,8399,0.3391,2
6726,4222,0.2054,3
6726,2852,0.0458,4
6727,2567,0.2581,1
6727,10792,0.2496,2
6727,5741,0.2222,3
6727,5004,0.1834,4
6727,7632,0.0606,5
6727,5457,0.0173,6
6727,4063,0.0088,7
6728,7517,0.6864,1
6728,7776,0.2145,2
6728,10441,0.0991,3
6729,8900,0.3913,1
6729,5008,0.2516,2
6729,1894,0.1722,3
6729,10470,0.1182,4
6729,3624,0.0668,5
6730,2455,0.5081,1
6730,8045,0.166,2
6730,14773,0.1493,3
6730,13986,0.0942,4
6730,4408,0.0317,5
6730,7042,0.0305,6
6730,11993,0.0203,7
6731,2084,0.3685,1
6731,8390,0.2697,2
6731,4396,0.2564,3
6731,4839,0.0705,4
6731,5486,0.025,5
6731,6581,0.0098,6
6732,14295,0.4355,1
6732,7846,0.2907,2
6732,10144,0.1389,3
6732,6614,0.135,4
6733,6869,0.5961,1
6733,10360,0.3281,2
6733,2162,0.0494,3
6733,3069,0.0263,4
6734,5081,0.6246,1
6734,3432,0.1475,2
6734,7824,0.1373,3
6734,6537,0.0679,4
6734,8059,0.0226,5
6735,10240,0.5237,1
6735,1824,0.3684,2
6735,3252,0.0864,3
6735,8983,0.0214,4
6736,6837,0.4316,1
6736,5558,0.2305,2
6736,6811,0.1739,3
6736,14903,0.1256,4
6736,10571,0.0199,5
6736,10882,0.0186,6
6737,7294,0.6738,1
6737,12435,0.187,2
6737,13772,0.1392,3
6738,15503,0.5866,1
6738,9511,0.191,2
6738,16189,0.1187,3
6738,14799,0.0653,4
6738,15079,0.0226,5
6738,15935,0.0157,6
6739,10443,0.6136,1
6739,12463,0.3018,2
6739,5568,0.049,3
6739,16718,0.0339,4
6739,6243,0.0017,5
6740,6121,0.5762,1
6740,6905,0.2775,2
6740,4471,0.1462,3
6741,4199,0.8259,1
6741,9467,0.0953,2
6741,5363,0.0486,3
6741,10650,0.0302,4
6742,6568,0.9232,1
6742,8847,0.074,2
6742,10020,0.0027,3
6743,4793,0.4277,1
6743,14841,0.2816,2
6743,16643,0.1313,3
6743,11435,0.1006,4
6743,11861,0.0313,5
6743,5331,0.0276,6
6744,4371,0.4175,1
6744,15663,0.2918,2
6744,11052,0.1537,3
6744,17304,0.1258,4
6744,6481,0.0069,5
6744,15181,0.0044,6
6745,3427,0.5583,1
6745,9295,0.382,2
6745,8638,0.0378,3
6745,2041,0.0218,4
6746,11297,0.6278,1
6746,16080,0.1509,2
6746,6636,0.1301,3
6746,8574,0.0317,4
6746,15253,0.0302,5
6746,12182,0.0293,6
6747,4397,0.8951,1
6747,10896,0.1014,2
6747,2583,0.0036,3
6748,3432,0.2768,1
6748,6237,0.2617,2
6748,3875,0.2369,3
6748,10186,0.1297,4
6748,4918,0.0635,5
6748,7887,0.0211,6
6748,4081,0.0104,7
6749,6827,0.4963,1
6749,3785,0.4017,2
6749,4933,0.102,3
6750,6353,0.7915,1
6750,6671,0.1084,2
6750,9556,0.1001,3
6751,11081,0.3852,1
6751,11077,0.2846,2
6751,7710,0.2061,3
6751,9576,0.067,4
6751,5743,0.0281,5
6751,9863,0.0237,6
6751,6638,0.0054,7
6752,9119,0.5036,1
6752,12592,0.3191,2
6752,14654,0.0908,3
6752,15428,0.0413,4
6752,10350,0.0399,5
6752,1640,0.0053,6
6753,6223,0.8948,1
6753,7398,0.0996,2
6753,15138,0.0056,3
6754,10912,0.3862,1
6754,3385,0.2949,2
6754,6574,0.2715,3
6754,8091,0.0474,4
6755,2372,0.412,1
6755,7286,0.2409,2
6755,7044,0.2218,3
6755,11070,0.1253,4
6756,8084,0.4455,1
6756,8349,0.2027,2
6756,1764,0.1353,3
6756,6802,0.1166,4
6756,3056,0.0984,5
6756,9175,0.0015,6
6757,6148,0.6958,1
6757,7996,0.1883,2
6757,6636,0.1159,3
6758,8908,0.6602,1
6758,7416,0.1334,2
6758,2662,0.0875,3
6758,4821,0.0863,4
6758,4797,0.0326,5
6759,13608,0.9044,1
6759,16767,0.0904,2
6759,17156,0.0051,3
6760,7766,0.3973,1
6760,7809,0.3378,2
6760,1731,0.1067,3
6760,4820,0.085,4
6760,5084,0.0727,5
6760,5174,0.0004,6
6761,9503,0.5967,1
6761,5457,0.1873,2
6761,10746,0.1223,3
6761,3269,0.0752,4
6761,8805,0.0184,5
6762,7714,0.4643,1
6762,3986,0.3207,2
6762,15624,0.0962,3
6762,10734,0.0606,4
6762,10768,0.0582,5
6763,5320,0.719,1
6763,1743,0.0903,2
6763,5629,0.0866,3
6763,9834,0.0601,4
6763,4368,0.0313,5
6763,10465,0.0127,6
6763,5910,0.0001,7
6764,6083,0.7958,1
6764,8628,0.1404,2
6764,3526,0.0637,3
6765,4748,0.3367,1
6765,11127,0.2424,2
6765,4593,0.2011,3
6765,14572,0.1766,4
6765,15663,0.0314,5
6765,11048,0.0118,6
6766,7170,0.6501,1
6766,1737,0.2198,2
6766,4543,0.0999,3
6766,11297,0.0302,4
6767,7902,0.289,1
6767,6514,0.2739,2
6767,9759,0.1926,3
6767,4766,0.0835,4
6767,10874,0.0814,5
6767,6160,0.0795,6
6768,9695,0.4714,1
6768,14334,0.2095,2
6768,15384,0.1458,3
6768,7135,0.088,4
6768,6617,0.0852,5
6769,13890,0.3351,1
6769,6777,0.2521,2
6769,12406,0.1416,3
6769,16828,0.1397,4
6769,14417,0.0978,5
6769,6393,0.0337,6
6770,11978,1.0,1
6771,9112,0.5419,1
6771,16597,0.2156,2
6771,15889,0.1543,3
6771,12365,0.0691,4
6771,12787,0.0192,5
6772,2707,0.4347,1
6772,10090,0.2198,2
6772,10220,0.1212,3
6772,3151,0.0905,4
6772,2128,0.0834,5
6772,5555,0.0445,6
6772,9995,0.0059,7
6773,11165,0.4444,1
6773,1994,0.3359,2
6773,4148,0.0751,3
6773,4887,0.0633,4
6773,4629,0.0523,5
6773,6432,0.029,6
6774,4418,0.5407,1
6774,9269,0.2628,2
6774,6621,0.1551,3
6774,6892,0.0414,4
6775,3887,0.4684,1
6775,7593,0.187,2
6775,3515,0.1865,3
6775,9141,0.0706,4
6775,12771,0.0476,5
6775,3034,0.0399,6
6776,1964,0.442,1
6776,6183,0.2592,2
6776,4084,0.2187,3
6776,4937,0.0497,4
6776,6247,0.0183,5
6776,2502,0.012,6
6777,4609,0.7031,1
6777,10409,0.2372,2
6777,13089,0.0597,3
6778,8052,0.6398,1
6778,14088,0.3299,2
6778,5443,0.0303,3
6779,2757,0.4848,1
6779,2828,0.2492,2
6779,6396,0.1505,3
6779,4902,0.0563,4
6779,15441,0.0502,5
6779,2870,0.0091,6
6780,10337,0.9043,1
6780,14444,0.0538,2
6780,12856,0.0419,3
6781,8782,0.6075,1
6781,16543,0.1996,2
6781,10067,0.1929,3
6782,5906,0.501,1
6782,15440,0.2181,2
6782,13112,0.1285,3
6782,13414,0.0633,4
6782,15394,0.0486,5
6782,4590,0.0405,6
6783,14482,0.3715,1
6783,9468,0.2934,2
6783,13594,0.1736,3
6783,5975,0.1448,4
6783,8322,0.0167,5
6784,9699,0.4029,1
6784,6191,0.2714,2
6784,5008,0.1781,3
6784,6249,0.1444,4
6784,9330,0.0032,5
6785,2381,0.6548,1
6785,10099,0.2848,2
6785,4507,0.0604,3
6786,9658,0.7272,1
6786,6702,0.2621,2
6786,11147,0.0107,3
6787,15446,0.5266,1
6787,5487,0.2387,2
6787,6239,0.1938,3
6787,3260,0.038,4
6787,12377,0.0028,5
6788,1722,0.6143,1
6788,5367,0.1452,2
6788,7576,0.117,3
6788,4259,0.0723,4
6788,4635,0.042,5
6788,3415,0.0092,6
6789,3001,0.2825,1
6789,7322,0.2381,2
6789,10656,0.161,3
6789,7167,0.1183,4
6789,4203,0.1121,5
6789,7335,0.088,6
6790,5187,0.3459,1
6790,16609,0.2961,2
6790,15530,0.1351,3
6790,13082,0.1238,4
6790,7191,0.0698,5
6790,2173,0.0245,6
6790,11692,0.0046,7
6791,8486,0.4112,1
6791,9066,0.2308,2
6791,4168,0.2271,3
6791,2770,0.0484,4
6791,2832,0.0453,5
6791,7756,0.0372,6
6792,5519,0.3955,1
6792,10198,0.208,2
6792,8989,0.1675,3
6792,4011,0.1496,4
6792,1777,0.0557,5
6792,8261,0.0237,6
6793,17224,0.4671,1
6793,3224,0.3939,2
6793,11330,0.1362,3
6793,11504,0.0024,4
6793,13185,0.0004,5
6794,17231,0.2314,1
6794,2053,0.1998,2
6794,6132,0.1872,3
6794,16408,0.1846,4
6794,8690,0.1052,5
6794,7812,0.074,6
6794,3610,0.0178,7
6795,16739,0.3229,1
6795,2011,0.2296,2
6795,2045,0.173,3
6795,9044,0.1469,4
6795,13700,0.0679,5
6795,15637,0.0596,6
6796,5552,1.0,1
6797,4769,0.6176,1
6797,4770,0.2031,2
6797,9041,0.1794,3
6798,9663,1.0,1
6799,6283,0.503,1
6799,8582,0.2854,2
6799,14571,0.1225,3
6799,11927,0.0891,4
6800,17069,0.7944,1
6800,16586,0.1501,2
6800,15640,0.038,3
6800,17054,0.0162,4
6800,4884,0.0006,5
6800,6307,0.0006,6
6801,8108,0.8604,1
6801,5907,0.0722,2
6801,6695,0.0414,3
6801,7213,0.026,4
6802,1818,0.3664,1
6802,13971,0.3024,2
6802,6190,0.1535,3
6802,2056,0.0981,4
6802,9118,0.0586,5
6802,3653,0.021,6
6803,10363,0.9088,1
6803,3646,0.0912,2
6804,2164,0.597,1
6804,2739,0.3394,2
6804,9253,0.0636,3
6805,10640,0.4626,1
6805,3152,0.2257,2
6805,8833,0.193,3
6805,7097,0.1186,4
6806,9038,0.7434,1
6806,15220,0.1755,2
6806,9259,0.0625,3
6806,12844,0.0186,4
6807,8823,0.4083,1
6807,9309,0.3154,2
6807,7925,0.2763,3
6808,4165,0.6049,1
6808,15982,0.2669,2
6808,6557,0.0647,3
6808,16794,0.0395,4
6808,2165,0.014,5
6808,17627,0.0101,6
6809,5035,0.3564,1
6809,6509,0.1981,2
6809,8264,0.1176,3
6809,9151,0.0989,4
6809,1955,0.0985,5
6809,4366,0.0945,6
6809,7743,0.036,7
6810,13952,0.5894,1
6810,10917,0.3901,2
6810,14416,0.0205,3
6811,3560,0.5102,1
6811,8813,0.3132,2
6811,5116,0.1766,3
6812,14469,0.4904,1
6812,8120,0.2949,2
6812,13510,0.0619,3
6812,12637,0.0617,4
6812,3581,0.0419,5
6812,4641,0.0395,6
6812,15352,0.0098,7
6813,1872,0.5397,1
6813,3897,0.2584,2
6813,7797,0.176,3
6813,10821,0.026,4
6814,3449,0.6771,1
6814,15617,0.1783,2
6814,15221,0.1232,3
6814,16850,0.0215,4
6815,5734,0.6243,1
6815,3786,0.2052,2
6815,15775,0.1706,3
6816,3563,0.5189,1
6816,4916,0.2018,2
6816,6376,0.0932,3
6816,9375,0.0829,4
6816,2120,0.0603,5
6816,2930,0.0303,6
6816,9366,0.0126,7
6817,4513,0.5245,1
6817,6842,0.2557,2
6817,10135,0.0928,3
6817,4504,0.055,4
6817,8445,0.0331,5
6817,3354,0.0218,6
6817,7547,0.0171,7
6818,2165,0.3282,1
6818,12516,0.2753,2
6818,6946,0.2675,3
6818,4056,0.0961,4
6818,5987,0.0329,5
6819,11058,0.3266,1
6819,10115,0.3086,2
6819,10190,0.2136,3
6819,8428,0.0904,4
6819,9192,0.0607,5
6820,10676,0.4829,1
6820,5741,0.3039,2
6820,3716,0.1459,3
6820,3617,0.0673,4
6821,8135,0.6867,1
6821,9086,0.1866,2
6821,7624,0.1247,3
6821,5848,0.002,4
6822,8189,0.4859,1
6822,9086,0.3933,2
6822,6487,0.0887,3
6822,6425,0.0321,4
6822,3104,0.0001,5
6823,5239,0.7861,1
6823,10530,0.1122,2
6823,2153,0.0884,3
6823,11389,0.0093,4
6823,9301,0.0041,5
6824,7866,0.425,1
6824,9069,0.2126,2
6824,2512,0.1616,3
6824,4449,0.0823,4
6824,6078,0.0728,5
6824,11447,0.0275,6
6824,16849,0.0182,7
6825,10692,0.2983,1
6825,5952,0.2733,2
6825,3014,0.1685,3
6825,5174,0.1314,4
6825,4287,0.0526,5
6825,7519,0.0404,6
6825,9786,0.0355,7
6826,10366,0.7141,1
6826,5467,0.2467,2
6826,7468,0.0392,3
6827,3110,0.4718,1
6827,16888,0.3049,2
6827,16861,0.1301,3
6827,9046,0.0519,4
6827,3661,0.03,5
6827,12013,0.0113,6
6828,10534,0.4531,1
6828,8006,0.3093,2
6828,2690,0.1614,3
6828,6947,0.0515,4
6828,5965,0.0247,5
6829,8040,0.774,1
6829,15807,0.0973,2
6829,12195,0.0715,3
6829,2125,0.0572,4
6830,3785,0.3467,1
6830,5073,0.1375,2
6830,5827,0.1249,3
6830,6849,0.1156,4
6830,7515,0.1017,5
6830,7252,0.0964,6
6830,7039,0.0771,7
6831,4374,0.3227,1
6831,16959,0.2679,2
6831,14034,0.2354,3
6831,13235,0.0539,4
6831,15807,0.0538,5
6831,14573,0.0445,6
6831,11823,0.0219,7
6832,7628,0.4518,1
6832,7755,0.3563,2
6832,10329,0.1919,3
6833,4842,0.562,1
6833,10593,0.1662,2
6833,1836,0.1219,3
6833,5411,0.1193,4
6833,6923,0.0306,5
6834,1928,0.775,1
6834,11546,0.1783,2
6834,10319,0.0467,3
6835,3062,0.4758,1
6835,9795,0.3122,2
6835,5202,0.212,3
6836,9815,0.9197,1
6836,6144,0.0803,2
6837,5618,0.5005,1
6837,2319,0.2471,2
6837,9006,0.2117,3
6837,11823,0.0407,4
6838,6402,0.4788,1
6838,9413,0.2655,2
6838,9930,0.1004,3
6838,5746,0.0873,4
6838,10882,0.0513,5
6838,14554,0.0166,6
6839,5235,0.367,1
6839,4541,0.2363,2
6839,14572,0.1416,3
6839,11919,0.1005,4
6839,7761,0.055,5
6839,3559,0.0543,6
6839,4425,0.0453,7
6840,6297,0.7543,1
6840,3515,0.1821,2
6840,15348,0.0636,3
6841,10066,0.4068,1
6841,6545,0.2548,2
6841,7991,0.2516,3
6841,6960,0.0339,4
6841,2153,0.0328,5
6841,3844,0.0166,6
6841,7035,0.0035,7
6842,2356,0.3629,1
6842,11927,0.2356,2
6842,2178,0.1571,3
6842,2331,0.1189,4
6842,5813,0.106,5
6842,4227,0.011,6
6842,11378,0.0085,7
6843,5034,0.4509,1
6843,10267,0.2691,2
6843,4618,0.1521,3
6843,11155,0.1279,4
6844,12542,0.5478,1
6844,17080,0.1478,2
6844,6917,0.1236,3
6844,11835,0.1097,4
6844,11370,0.0647,5
6844,10454,0.0065,6
6845,8120,0.3626,1
6845,17054,0.3326,2
6845,11014,0.1979,3
6845,4659,0.1002,4
6845,13478,0.0068,5
6846,7348,0.5481,1
6846,3667,0.1795,2
6846,11999,0.176,3
6846,4242,0.0664,4
6846,11791,0.03,5
6847,14928,0.2541,1
6847,13079,0.2323,2
6847,16371,0.1651,3
6847,15024,0.1479,4
6847,6035,0.123,5
6847,14026,0.0776,6
6848,7731,0.8077,1
6848,7068,0.1923,2
6849,6132,0.7866,1
6849,4437,0.0893,2
6849,16520,0.088,3
6849,10617,0.0303,4
6849,6976,0.0058,5
6850,10520,0.3185,1
6850,2105,0.2168,2
6850,6187,0.188,3
6850,9132,0.1663,4
6850,3013,0.0571,5
6850,6987,0.0532,6
6851,11380,0.7418,1
6851,3191,0.2565,2
6851,4955,0.0016,3
6852,3296,0.2925,1
6852,10331,0.2116,2
6852,15678,0.1471,3
6852,17564,0.1271,4
6852,11422,0.1211,5
6852,3469,0.1006,6
6853,15203,0.4101,1
6853,14126,0.378,2
6853,16546,0.1199,3
6853,11764,0.0752,4
6853,17552,0.0168,5
6854,17316,0.753,1
6854,14455,0.1661,2
6854,9587,0.0685,3
6854,1695,0.0124,4
6855,8680,0.7221,1
6855,5746,0.2674,2
6855,11167,0.0105,3
6856,5513,0.5882,1
6856,5578,0.3784,2
6856,17354,0.0334,3
6857,7976,0.7699,1
6857,3593,0.21,2
6857,3011,0.0201,3
6858,11304,0.4914,1
6858,4273,0.1941,2
6858,2870,0.1086,3
6858,4479,0.0812,4
6858,5313,0.0469,5
6858,3378,0.0441,6
6858,3172,0.0336,7
6859,5217,0.4893,1
6859,15536,0.261,2
6859,8249,0.1255,3
6859,8050,0.0505,4
6859,10139,0.0419,5
6859,13201,0.0318,6
6860,8614,1.0,1
6861,9204,0.5074,1
6861,8440,0.1679,2
6861,2128,0.1447,3
6861,3248,0.0774,4
6861,10134,0.0439,5
6861,9156,0.038,6
6861,9314,0.0206,7
6862,9431,0.314,1
6862,9082,0.2608,2
6862,1725,0.2222,3
6862,8334,0.1107,4
6862,7925,0.0741,5
6862,10034,0.0103,6
6862,8194,0.008,7
6863,1733,0.4504,1
6863,4477,0.2953,2
6863,11305,0.2544,3
6864,7347,0.3896,1
6864,7498,0.2064,2
6864,7309,0.1306,3
6864,6202,0.127,4
6864,7280,0.1179,5
6864,9202,0.0285,6
6865,11796,0.5261,1
6865,14099,0.1936,2
6865,12196,0.1414,3
6865,3646,0.1303,4
6865,6304,0.0086,5
6866,11356,0.7391,1
6866,10830,0.2609,2
6867,3337,0.4603,1
6867,5205,0.2405,2
6867,2572,0.1728,3
6867,9931,0.114,4
6867,10556,0.0085,5
6867,12073,0.004,6
6868,16832,0.6375,1
6868,7098,0.216,2
6868,13807,0.1465,3
6869,5520,0.7567,1
6869,2226,0.2208,2
6869,11142,0.0225,3
6870,15623,0.6768,1
6870,9259,0.151,2
6870,15360,0.1204,3
6870,4090,0.0518,4
6871,6384,0.4552,1
6871,3207,0.3738,2
6871,4914,0.1562,3
6871,7727,0.0147,4
6872,16196,0.3987,1
6872,4866,0.2596,2
6872,15308,0.2335,3
6872,7748,0.1081,4
6873,9626,0.4949,1
6873,13986,0.2347,2
6873,8740,0.1783,3
6873,8711,0.0508,4
6873,12595,0.0413,5
6874,9089,0.4601,1
6874,10189,0.4456,2
6874,8058,0.0769,3
6874,2237,0.0173,4
6875,11197,0.5295,1
6875,4068,0.2518,2
6875,4555,0.1334,3
6875,7027,0.0853,4
6876,2213,0.4813,1
6876,2224,0.2824,2
6876,10436,0.1643,3
6876,7336,0.072,4
6877,8928,0.3702,1
6877,10794,0.2706,2
6877,11042,0.183,3
6877,4730,0.0998,4
6877,9429,0.0562,5
6877,5995,0.0148,6
6877,3023,0.0054,7
6878,5370,0.653,1
6878,4575,0.1402,2
6878,4770,0.0654,3
6878,4149,0.051,4
6878,8465,0.0506,5
6878,8003,0.0323,6
6878,7720,0.0075,7
6879,4338,0.4181,1
6879,7851,0.2432,2
6879,7942,0.1205,3
6879,2762,0.1018,4
6879,2696,0.0778,5
6879,15088,0.0385,6
6880,6056,0.4838,1
6880,14474,0.2992,2
6880,12538,0.13,3
6880,7526,0.0411,4
6880,2350,0.0293,5
6880,15130,0.0166,6
6881,7399,0.4892,1
6881,11063,0.2909,2
6881,10957,0.2199,3
6882,3610,0.5607,1
6882,13172,0.3459,2
6882,7871,0.0934,3
6883,9557,0.4932,1
6883,5668,0.2883,2
6883,9402,0.1411,3
6883,5116,0.0774,4
6884,7799,0.871,1
6884,10983,0.0675,2
6884,7875,0.0616,3
6885,16725,0.4785,1
6885,14586,0.4749,2
6885,3811,0.0466,3
6886,9619,0.8001,1
6886,3599,0.1075,2
6886,9379,0.0867,3
6886,2415,0.0056,4
6887,2122,0.4822,1
6887,1935,0.3343,2
6887,16787,0.1621,3
6887,14191,0.0214,4
6888,3975,0.8087,1
6888,15896,0.1233,2
6888,9183,0.0443,3
6888,2532,0.0228,4
6888,6976,0.0009,5
6889,5817,0.834,1
6889,11169,0.1421,2
6889,7382,0.0238,3
6890,2735,0.4912,1
6890,6067,0.2812,2
6890,7758,0.1191,3
6890,7218,0.0691,4
6890,13078,0.0394,5
6891,9065,0.6082,1
6891,9447,0.2722,2
6891,11030,0.1197,3
6892,3942,0.4544,1
6892,2910,0.2668,2
6892,3166,0.1969,3
6892,2963,0.0762,4
6892,7071,0.003,5
6892,1760,0.0026,6
6893,5726,0.3797,1
6893,4911,0.3141,2
6893,12603,0.2632,3
6893,16575,0.0404,4
6893,12349,0.0025,5
6894,11486,0.3688,1
6894,11999,0.3226,2
6894,5366,0.285,3
6894,3937,0.0235,4
6895,7154,0.6729,1
6895,5965,0.2862,2
6895,10782,0.0409,3
6896,9027,0.7621,1
6896,6116,0.2361,2
6896,7106,0.0018,3
6897,6794,0.2847,1
6897,9937,0.1886,2
6897,3091,0.1848,3
6897,2052,0.1728,4
6897,8303,0.1692,5
6898,5523,0.8563,1
6898,15812,0.1173,2
6898,11721,0.0264,3
6899,16383,0.6936,1
6899,10512,0.1752,2
6899,15116,0.1266,3
6899,9842,0.004,4
6899,11280,0.0005,5
6900,12557,0.4292,1
6900,6921,0.2685,2
6900,1978,0.1905,3
6900,2842,0.1118,4
6901,13111,0.9471,1
6901,3033,0.0529,2
6902,8248,0.5583,1
6902,3852,0.3572,2
6902,3881,0.0845,3
6903,8821,0.6789,1
6903,13346,0.3058,2
6903,9240,0.0153,3
6904,9712,0.2686,1
6904,3995,0.2632,2
6904,3897,0.2521,3
6904,3960,0.1483,4
6904,6717,0.0507,5
6904,4910,0.0171,6
6905,6304,0.2359,1
6905,4485,0.2306,2
6905,1984,0.1677,3
6905,5545,0.1528,4
6905,5171,0.137,5
6905,7720,0.0762,6
6906,13605,0.3744,1
6906,11317,0.2845,2
6906,8417,0.2782,3
6906,14402,0.0372,4
6906,13310,0.013,5
6906,14820,0.0066,6
6906,2044,0.0061,7
6907,9213,0.5452,1
6907,15829,0.3464,2
6907,13827,0.0891,3
6907,16551,0.0193,4
6908,4991,0.6208,1
6908,2713,0.2582,2
6908,6037,0.0885,3
6908,5970,0.0314,4
6908,8343,0.0012,5
6909,9651,0.4876,1
6909,3960,0.2615,2
6909,7332,0.1903,3
6909,3118,0.0337,4
6909,5841,0.0179,5
6909,5436,0.009,6
6910,4656,0.9236,1
6910,16827,0.0756,2
6910,16853,0.0008,3
6911,10132,0.4189,1
6911,4894,0.2256,2
6911,6421,0.1629,3
6911,9836,0.0857,4
6911,15140,0.0594,5
6911,8339,0.0464,6
6911,5049,0.001,7
6912,11297,0.3927,1
6912,1993,0.2244,2
6912,2105,0.1911,3
6912,6297,0.1234,4
6912,5422,0.0534,5
6912,4059,0.0124,6
6912,6499,0.0027,7
6913,9430,0.4954,1
6913,5940,0.2486,2
6913,16997,0.1196,3
6913,14251,0.1026,4
6913,8238,0.0286,5
6913,16141,0.0053,6
6914,6775,0.3241,1
6914,10024,0.2917,2
6914,14220,0.199,3
6914,14480,0.1258,4
6914,13429,0.0592,5
6915,10970,0.4072,1
6915,9377,0.2404,2
6915,5335,0.1906,3
6915,6510,0.1245,4
6915,10778,0.0352,5
6915,1885,0.0021,6
6916,12560,0.3171,1
6916,16038,0.2491,2
6916,4621,0.2289,3
6916,9195,0.0983,4
6916,10205,0.0604,5
6916,7238,0.0461,6
6917,2686,0.5353,1
6917,5304,0.2931,2
6917,15692,0.1555,3
6917,16647,0.0162,4
6918,10850,0.5559,1
6918,11478,0.3951,2
6918,13572,0.0489,3
6919,1817,0.2543,1
6919,3929,0.2499,2
6919,2279,0.1908,3
6919,6762,0.1627,4
6919,2260,0.1422,5
6920,4990,0.4608,1
6920,4027,0.1682,2
6920,9476,0.1379,3
6920,8852,0.1047,4
6920,3291,0.0704,5
6920,8995,0.058,6
6921,2648,0.8366,1
6921,11252,0.1007,2
6921,3971,0.0547,3
6921,3724,0.0079,4
6922,16643,0.6421,1
6922,2885,0.3288,2
6922,7470,0.0291,3
6923,16787,0.6127,1
6923,14515,0.169,2
6923,7504,0.1016,3
6923,17421,0.064,4
6923,9212,0.0527,5
6924,2168,0.5436,1
6924,1811,0.2045,2
6924,8859,0.0928,3
6924,6278,0.0844,4
6924,9060,0.0609,5
6924,3136,0.0137,6
6925,7703,0.419,1
6925,12771,0.2748,2
6925,2576,0.1329,3
6925,1647,0.1168,4
6925,17383,0.0565,5
6926,13345,0.5121,1
6926,9918,0.2697,2
6926,14571,0.133,3
6926,6070,0.0852,4
6927,6440,1.0,1
6928,3198,0.2933,1
6928,7104,0.2497,2
6928,4534,0.2171,3
6928,8708,0.2072,4
6928,4935,0.0176,5
6928,9889,0.0151,6
6929,7672,0.5456,1
6929,5624,0.3937,2
6929,10679,0.0436,3
6929,5947,0.0171,4
6930,10686,0.9252,1
6930,10176,0.0518,2
6930,5945,0.023,3
6931,9098,0.4282,1
6931,4553,0.3118,2
6931,14689,0.1726,3
6931,6418,0.0635,4
6931,11280,0.024,5
6932,7638,1.0,1
6933,15298,0.4215,1
6933,7972,0.4089,2
6933,11856,0.1696,3
6934,3427,0.3892,1
6934,7751,0.212,2
6934,9999,0.206,3
6934,9282,0.0658,4
6934,9123,0.0635,5
6934,6265,0.0635,6
6935,16126,0.281,1
6935,16574,0.2168,2
6935,14264,0.2028,3
6935,8029,0.109,4
6935,8798,0.1024,5
6935,14806,0.0881,6
6936,4635,0.9678,1
6936,5764,0.0322,2
6937,14391,0.5191,1
6937,11466,0.4638,2
6937,2629,0.0171,3
6938,2292,0.3708,1
6938,6051,0.2782,2
6938,7035,0.165,3
6938,9830,0.1108,4
6938,3295,0.049,5
6938,7822,0.0132,6
6938,9266,0.0129,7
6939,6215,0.5264,1
6939,14440,0.3267,2
6939,2795,0.0793,3
6939,2930,0.0676,4
6940,4954,1.0,1
6941,3461,0.4061,1
6941,3284,0.2256,2
6941,3395,0.1237,3
6941,6466,0.0903,4
6941,9675,0.0782,5
6941,2572,0.0501,6
6941,9301,0.0261,7
6942,11360,0.6407,1
6942,16226,0.1403,2
6942,12959,0.1391,3
6942,11857,0.0682,4
6942,17199,0.0117,5
6943,15339,0.5262,1
6943,9008,0.2352,2
6943,6220,0.1437,3
6943,15656,0.0771,4
6943,10000,0.0178,5
6944,6082,0.5136,1
6944,9224,0.3823,2
6944,5321,0.0798,3
6944,17363,0.0223,4
6944,7102,0.002,5
6945,15363,0.6792,1
6945,11357,0.2506,2
6945,16814,0.043,3
6945,8580,0.027,4
6945,6303,0.0002,5
6946,7131,0.274,1
6946,5259,0.2484,2
6946,4575,0.2319,3
6946,4921,0.1449,4
6946,9059,0.0615,5
6946,5025,0.0293,6
6946,6919,0.0099,7
6947,5920,0.7491,1
6947,17593,0.2054,2
6947,13379,0.0455,3
6948,10089,0.5353,1
6948,8799,0.1906,2
6948,8711,0.1564,3
6948,3901,0.1174,4
6948,2650,0.0002,5
6949,6546,0.4714,1
6949,3410,0.454,2
6949,10650,0.0746,3
6950,8118,0.5382,1
6950,2694,0.2936,2
6950,17421,0.0767,3
6950,9119,0.0556,4
6950,11482,0.0359,5
6951,6032,0.4969,1
6951,11193,0.2082,2
6951,10366,0.1565,3
6951,13760,0.0739,4
6951,15072,0.0507,5
6951,8981,0.0139,6
6952,7298,0.5715,1
6952,9651,0.3994,2
6952,2119,0.0291,3
6953,5380,0.2625,1
6953,4578,0.2488,2
6953,2537,0.2216,3
6953,11720,0.1897,4
6953,2661,0.0363,5
6953,5126,0.0359,6
6953,11884,0.0054,7
6954,8101,0.5484,1
6954,5345,0.1748,2
6954,10189,0.1115,3
6954,3220,0.0843,4
6954,7210,0.0604,5
6954,10820,0.0206,6
6955,9886,0.2857,1
6955,5576,0.2827,2
6955,3848,0.1952,3
6955,9911,0.1435,4
6955,9811,0.0493,5
6955,4710,0.0422,6
6955,4635,0.0015,7
6956,2605,0.3823,1
6956,16630,0.35,2
6956,16173,0.189,3
6956,2799,0.0787,4
6957,6745,0.7076,1
6957,5956,0.2741,2
6957,6466,0.0183,3
6958,6889,0.2802,1
6958,1840,0.2404,2
6958,8671,0.2024,3
6958,7070,0.127,4
6958,15386,0.0941,5
6958,17378,0.0535,6
6958,10256,0.0025,7
6959,4744,0.4009,1
6959,9273,0.3537,2
6959,2236,0.2234,3
6959,11187,0.02,4
6959,10722,0.002,5
6960,8620,0.7142,1
6960,10110,0.2721,2
6960,1759,0.0137,3
6961,5097,0.6993,1
6961,5577,0.1471,2
6961,6621,0.0709,3
6961,6247,0.0588,4
6961,9887,0.0239,5
6962,1761,0.5053,1
6962,14392,0.169,2
6962,16544,0.169,3
6962,15240,0.096,4
6962,13992,0.0607,5
6963,3693,0.7436,1
6963,9873,0.1099,2
6963,9601,0.0874,3
6963,3479,0.0348,4
6963,3882,0.0242,5
6964,7836,0.5344,1
6964,6739,0.3234,2
6964,9731,0.1422,3
6965,6789,0.4336,1
6965,10844,0.353,2
6965,6059,0.1047,3
6965,4862,0.0554,4
6965,3469,0.0397,5
6965,2197,0.0136,6
6966,2154,0.6078,1
6966,1672,0.2645,2
6966,10210,0.0643,3
6966,15424,0.0393,4
6966,8472,0.0224,5
6966,15581,0.0017,6
6967,8002,0.3303,1
6967,8835,0.2642,2
6967,9665,0.2117,3
6967,5263,0.1393,4
6967,10444,0.0545,5
6968,2180,0.2662,1
6968,12637,0.2262,2
6968,17400,0.196,3
6968,17612,0.1914,4
6968,10321,0.1203,5
6969,4309,0.6929,1
6969,8538,0.2275,2
6969,7222,0.0653,3
6969,9927,0.008,4
6969,2499,0.0063,5
6970,7593,0.4013,1
6970,6623,0.3167,2
6970,3325,0.124,3
6970,2525,0.0856,4
6970,3395,0.0725,5
6971,6182,0.5889,1
6971,7112,0.4053,2
6971,8182,0.0058,3
6972,3320,0.6581,1
6972,3426,0.2612,2
6972,6122,0.0807,3
6973,5670,0.7835,1
6973,8008,0.2107,2
6973,7395,0.0058,3
6974,15577,0.3095,1
6974,7258,0.2855,2
6974,3034,0.2578,3
6974,10019,0.1463,4
6974,6497,0.0009,5
6975,11992,0.6647,1
6975,2480,0.152,2
6975,3713,0.0643,3
6975,8317,0.0512,4
6975,17472,0.0414,5
6975,2958,0.0263,6
6976,2381,0.3921,1
6976,4623,0.2586,2
6976,4960,0.2065,3
6976,8756,0.0691,4
6976,8128,0.0529,5
6976,6348,0.0209,6
6977,3355,0.4163,1
6977,15483,0.3964,2
6977,17598,0.0984,3
6977,8788,0.0628,4
6977,11584,0.0261,5
6978,1878,0.3299,1
6978,2539,0.2827,2
6978,5686,0.1378,3
6978,1744,0.1332,4
6978,9735,0.1164,5
6979,15807,0.4466,1
6979,16510,0.3824,2
6979,4814,0.1402,3
6979,6823,0.0308,4
6980,10734,0.4305,1
6980,11227,0.3828,2
6980,9549,0.1867,3
6981,5290,0.4681,1
6981,10782,0.3324,2
6981,11312,0.1184,3
6981,7844,0.0534,4
6981,4030,0.0216,5
6981,6841,0.0047,6
6981,10145,0.0015,7
6982,5448,0.72,1
6982,16007,0.28,2
6983,7498,0.3252,1
6983,6024,0.2943,2
6983,2144,0.1872,3
6983,2175,0.0963,4
6983,5534,0.0643,5
6983,5549,0.0326,6
6984,8609,0.3535,1
6984,6459,0.2599,2
6984,4369,0.2528,3
6984,3626,0.1338,4
6985,3800,0.3532,1
6985,1903,0.2861,2
6985,4529,0.2791,3
6985,12047,0.0789,4
6985,15919,0.0028,5
6986,5015,0.6214,1
6986,9283,0.2097,2
6986,12595,0.0601,3
6986,14165,0.0518,4
6986,3771,0.0344,5
6986,8384,0.0163,6
6986,8455,0.0063,7
6987,3969,0.2555,1
6987,5801,0.1967,2
6987,7389,0.1701,3
6987,4782,0.1563,4
6987,4082,0.1104,5
6987,7368,0.0886,6
6987,4037,0.0224,7
6988,2335,0.4005,1
6988,15409,0.2801,2
6988,3870,0.2492,3
6988,13219,0.0516,4
6988,1793,0.0105,5
6988,4449,0.0082,6
6989,9474,0.4885,1
6989,9661,0.2736,2
6989,7434,0.1159,3
6989,2144,0.0453,4
6989,1721,0.0392,5
6989,11266,0.0275,6
6989,7196,0.0099,7
6990,3621,0.671,1
6990,10896,0.2845,2
6990,8539,0.0445,3
6991,3080,0.8075,1
6991,7727,0.1825,2
6991,10427,0.0099,3
6992,7663,0.2776,1
6992,2701,0.2741,2
6992,4718,0.2636,3
6992,10189,0.1169,4
6992,9537,0.0476,5
6992,2828,0.0167,6
6992,7029,0.0034,7
6993,3880,0.5661,1
6993,3124,0.237,2
6993,6541,0.1369,3
6993,5545,0.057,4
6993,10323,0.0029,5
6994,10384,0.4604,1
6994,14723,0.2981,2
6994,7255,0.2415,3
6995,2304,0.7363,1
6995,7088,0.1771,2
6995,9241,0.0442,3
6995,8414,0.0425,4
6996,4820,0.3267,1
6996,10285,0.2946,2
6996,8043,0.1289,3
6996,1636,0.1248,4
6996,6332,0.0758,5
6996,5221,0.0491,6
6997,2961,0.3731,1
6997,3434,0.214,2
6997,2160,0.1347,3
6997,7205,0.1239,4
6997,9498,0.0793,5
6997,6441,0.075,6
6998,7209,0.505,1
6998,3405,0.4639,2
6998,4160,0.0311,3
6999,2161,0.6837,1
6999,4859,0.2782,2
6999,7604,0.0303,3
6999,14951,0.0077,4
7000,16522,0.3738,1
7000,6536,0.3646,2
7000,8482,0.2616,3
7001,2456,0.4614,1
7001,4444,0.2119,2
7001,9090,0.1314,3
7001,10679,0.0751,4
7001,5231,0.0733,5
7001,5637,0.0469,6
7002,3554,0.5262,1
7002,3302,0.3887,2
7002,5039,0.0851,3
7003,16643,0.4838,1
7003,1960,0.4299,2
7003,6612,0.0757,3
7003,12757,0.0091,4
7003,6156,0.0015,5
7004,3717,0.3546,1
7004,8928,0.2637,2
7004,6448,0.1754,3
7004,3260,0.1186,4
7004,6410,0.085,5
7004,2308,0.0027,6
7005,1774,0.2314,1
7005,6250,0.2065,2
7005,6543,0.1962,3
7005,7885,0.1907,4
7005,7366,0.1319,5
7005,4646,0.0365,6
7005,4947,0.0069,7
7006,12538,0.294,1
7006,17624,0.2452,2
7006,7940,0.2181,3
7006,6082,0.0835,4
7006,8046,0.0739,5
7006,17448,0.0653,6
7006,17204,0.0201,7
7007,6743,0.7509,1
7007,1724,0.1342,2
7007,9477,0.1149,3
7008,7267,0.4716,1
7008,11978,0.2572,2
7008,15659,0.2469,3
7008,1830,0.0244,4
7009,1890,1.0,1
7010,10495,0.3759,1
7010,7445,0.347,2
7010,2041,0.2057,3
7010,9768,0.0702,4
7010,7190,0.0013,5
7011,16324,0.5999,1
7011,11270,0.21,2
7011,10731,0.099,3
7011,5740,0.0911,4
7012,7043,0.3976,1
7012,5658,0.3009,2
7012,9335,0.1857,3
7012,1961,0.0753,4
7012,7252,0.0404,5
7013,12092,0.7804,1
7013,13300,0.2158,2
7013,5901,0.0038,3
7014,8962,0.4896,1
7014,5084,0.1827,2
7014,5782,0.1644,3
7014,6012,0.1282,4
7014,11027,0.021,5
7014,8110,0.0139,6
7015,5729,0.3505,1
7015,9485,0.2796,2
7015,1984,0.2323,3
7015,11260,0.1209,4
7015,7256,0.0139,5
7015,7528,0.0028,6
7016,4580,0.4306,1
7016,2476,0.3489,2
7016,11110,0.0949,3
7016,3466,0.0649,4
7016,5846,0.0564,5
7016,5103,0.0042,6
7017,5919,0.4278,1
7017,5263,0.2817,2
7017,1948,0.1083,3
7017,5646,0.0931,4
7017,1902,0.0586,5
7017,3970,0.0305,6
7018,9925,0.3615,1
7018,15967,0.2094,2
7018,7196,0.123,3
7018,10249,0.1223,4
7018,2164,0.1083,5
7018,16643,0.053,6
7018,16788,0.0225,7
7019,2500,0.6244,1
7019,2977,0.1892,2
7019,6642,0.1415,3
7019,3109,0.045,4
7020,6837,0.4453,1
7020,9522,0.2978,2
7020,2262,0.1427,3
7020,8085,0.1142,4
7021,7937,0.7792,1
7021,4214,0.1185,2
7021,4338,0.1023,3
7022,6929,0.4529,1
7022,7670,0.2897,2
7022,4961,0.206,3
7022,15581,0.0514,4
7023,5889,0.6288,1
7023,7564,0.1869,2
7023,9162,0.1018,3
7023,5133,0.075,4
7023,4636,0.0076,5
7023,6372,0.0,6
7024,16166,0.5526,1
7024,6682,0.2696,2
7024,7584,0.0815,3
7024,2603,0.0788,4
7024,16014,0.0088,5
7024,5163,0.0087,6
7025,5788,0.5542,1
7025,7399,0.2458,2
7025,2645,0.1095,3
7025,8303,0.0683,4
7025,2116,0.0223,5
7026,16091,0.6619,1
7026,9318,0.2085,2
7026,2929,0.1296,3
7027,5607,0.3789,1
7027,8048,0.2755,2
7027,6526,0.2745,3
7027,5456,0.0711,4
7028,9668,0.4723,1
7028,2817,0.2399,2
7028,5011,0.1465,3
7028,2991,0.1413,4
7029,16857,0.4903,1
7029,8960,0.4114,2
7029,17102,0.0796,3
7029,6162,0.0188,4
7030,6758,0.4779,1
7030,3756,0.1926,2
7030,9402,0.1517,3
7030,10261,0.1293,4
7030,8412,0.0485,5
7031,7510,0.3177,1
7031,7732,0.2168,2
7031,3110,0.1541,3
7031,4627,0.1535,4
7031,9261,0.1309,5
7031,6849,0.027,6
7032,17216,0.5086,1
7032,10607,0.3418,2
7032,2612,0.1496,3
7033,4873,0.8199,1
7033,6038,0.1316,2
7033,5282,0.0485,3
7034,10056,0.5358,1
7034,3707,0.3806,2
7034,10740,0.0488,3
7034,5827,0.0207,4
7034,6904,0.0141,5
7035,17383,0.3251,1
7035,10083,0.1869,2
7035,5284,0.1612,3
7035,7559,0.134,4
7035,6540,0.1115,5
7035,17605,0.0813,6
7036,13594,0.3931,1
7036,5978,0.2516,2
7036,10980,0.1912,3
7036,5420,0.1319,4
7036,7758,0.0166,5
7036,3466,0.0156,6
7037,4401,0.4049,1
7037,4592,0.1878,2
7037,8225,0.1717,3
7037,2560,0.162,4
7037,4636,0.0666,5
7037,8575,0.0069,6
7038,2090,0.5463,1
7038,10632,0.3128,2
7038,6826,0.082,3
7038,4038,0.0589,4
7039,6868,0.5239,1
7039,10975,0.1602,2
7039,8273,0.1365,3
7039,15931,0.1164,4
7039,3717,0.056,5
7039,5955,0.0036,6
7039,2138,0.0034,7
7040,9808,0.9701,1
7040,6901,0.0299,2
7041,2824,0.3959,1
7041,16330,0.3047,2
7041,3062,0.201,3
7041,2086,0.0505,4
7041,6842,0.0349,5
7041,7427,0.013,6
7042,9708,0.4472,1
7042,13148,0.3842,2
7042,6251,0.1685,3
7043,3693,0.6041,1
7043,6901,0.2236,2
7043,9591,0.1722,3
7044,2542,0.377,1
7044,10035,0.2326,2
7044,1877,0.1931,3
7044,1727,0.1588,4
7044,10665,0.0251,5
7044,7307,0.0134,6
7045,1835,0.3802,1
7045,13148,0.1796,2
7045,13572,0.1663,3
7045,16070,0.1302,4
7045,4995,0.1026,5
7045,4425,0.0274,6
7045,14306,0.0136,7
7046,7093,0.6337,1
7046,4622,0.1687,2
7046,1753,0.1096,3
7046,2861,0.0666,4
7046,5281,0.019,5
7046,9854,0.0023,6
7047,12788,0.6379,1
7047,2962,0.2777,2
7047,12475,0.0825,3
7047,5740,0.0019,4
7048,5297,1.0,1
7049,4002,0.5066,1
7049,6211,0.2376,2
7049,5894,0.1104,3
7049,13716,0.0923,4
7049,15532,0.0531,5
7050,7886,0.2419,1
7050,5570,0.2223,2
7050,9855,0.1918,3
7050,8724,0.1553,4
7050,16733,0.123,5
7050,5873,0.0658,6
7051,14572,0.4078,1
7051,15552,0.3489,2
7051,17210,0.146,3
7051,8904,0.0895,4
7051,10739,0.0078,5
7052,9420,0.3169,1
7052,7302,0.26,2
7052,9661,0.2153,3
7052,10309,0.1591,4
7052,5778,0.0469,5
7052,7232,0.0019,6
7053,9556,0.6915,1
7053,14954,0.205,2
7053,6458,0.0595,3
7053,2165,0.0344,4
7053,15871,0.007,5
7053,1707,0.0026,6
7054,14043,0.6149,1
7054,9033,0.2266,2
7054,14572,0.1545,3
7054,5400,0.004,4
7055,9401,0.3693,1
7055,7040,0.245,2
7055,9460,0.1518,3
7055,9366,0.1094,4
7055,4580,0.0963,5
7055,9609,0.0256,6
7055,4405,0.0026,7
7056,9228,0.3558,1
7056,10824,0.3112,2
7056,1982,0.2477,3
7056,7704,0.0436,4
7056,8528,0.0213,5
7056,4432,0.0204,6
7057,5452,0.3709,1
7057,7719,0.1924,2
7057,6434,0.192,3
7057,2198,0.1459,4
7057,3259,0.0619,5
7057,1745,0.0308,6
7057,1662,0.0061,7
7058,15396,0.6527,1
7058,11542,0.207,2
7058,15752,0.1403,3
7059,4902,0.7947,1
7059,16255,0.1603,2
7059,7712,0.045,3
7060,6586,0.651,1
7060,8139,0.1755,2
7060,5694,0.1598,3
7060,1872,0.0109,4
7060,5965,0.0028,5
7061,8220,0.3461,1
7061,4412,0.2642,2
7061,6271,0.1665,3
7061,9131,0.1011,4
7061,10873,0.0752,5
7061,9955,0.0245,6
7061,8328,0.0225,7
7062,11300,0.5165,1
7062,8236,0.294,2
7062,2236,0.1528,3
7062,16892,0.0368,4
7063,4769,0.6694,1
7063,11380,0.1377,2
7063,4395,0.1137,3
7063,2330,0.0792,4
7064,10667,0.447,1
7064,6467,0.2443,2
7064,3583,0.1829,3
7064,11275,0.1136,4
7064,4585,0.0121,5
7065,13211,0.5979,1
7065,6910,0.1773,2
7065,10180,0.1466,3
7065,8288,0.0396,4
7065,11751,0.0386,5
7066,4308,0.5043,1
7066,14422,0.4587,2
7066,5557,0.037,3
7067,10315,0.5071,1
7067,3817,0.2348,2
7067,8154,0.1796,3
7067,7554,0.0775,4
7067,2070,0.001,5
7068,6087,0.4776,1
7068,13222,0.2141,2
7068,7388,0.136,3
7068,5501,0.0665,4
7068,3230,0.061,5
7068,16204,0.03,6
7068,9586,0.0149,7
7069,17023,0.7159,1
7069,9917,0.1449,2
7069,8053,0.1391,3
7070,8731,0.8177,1
7070,3164,0.1107,2
7070,6060,0.0609,3
7070,5597,0.0072,4
7070,9508,0.0035,5
7071,13563,0.4763,1
7071,14309,0.3427,2
7071,13444,0.0907,3
7071,9141,0.0903,4
7072,5853,0.549,1
7072,17290,0.4427,2
7072,8813,0.0083,3
7073,10890,0.86,1
7073,8189,0.1385,2
7073,7283,0.0015,3
7074,8752,0.2813,1
7074,6804,0.2646,2
7074,6431,0.2057,3
7074,3701,0.1312,4
7074,5149,0.0557,5
7074,10353,0.0389,6
7074,4929,0.0226,7
7075,13700,0.4393,1
7075,13454,0.261,2
7075,15386,0.1962,3
7075,5594,0.0796,4
7075,12792,0.0206,5
7075,10350,0.0033,6
7076,9948,0.5103,1
7076,6709,0.1333,2
7076,2606,0.1094,3
7076,2194,0.1037,4
7076,3848,0.0925,5
7076,9726,0.0479,6
7076,9678,0.0028,7
7077,3011,0.374,1
7077,5996,0.2593,2
7077,1759,0.241,3
7077,6632,0.1257,4
7078,7993,0.4901,1
7078,7483,0.3433,2
7078,5511,0.1512,3
7078,12379,0.0154,4
7079,6449,0.8488,1
7079,8304,0.1135,2
7079,2739,0.0377,3
7080,3069,0.9057,1
7080,2169,0.079,2
7080,4039,0.0152,3
7081,9889,0.6481,1
7081,6916,0.1265,2
7081,5908,0.1193,3
7081,8456,0.0783,4
7081,5571,0.0272,5
7081,5089,0.0006,6
7082,7531,0.6493,1
7082,6609,0.1644,2
7082,3056,0.1347,3
7082,10157,0.0343,4
7082,2572,0.0174,5
7083,16987,0.3333,1
7083,6473,0.2311,2
7083,7112,0.2068,3
7083,15332,0.1623,4
7083,2761,0.0442,5
7083,3040,0.0222,6
7084,1892,0.9067,1
7084,10734,0.0693,2
7084,3611,0.0139,3
7084,5897,0.0089,4
7084,17492,0.0013,5
7085,2506,0.3917,1
7085,9304,0.3111,2
7085,4984,0.2038,3
7085,9435,0.084,4
7085,2981,0.0094,5
7086,6240,0.4073,1
7086,1787,0.1684,2
7086,16886,0.1326,3
7086,17273,0.1077,4
7086,7636,0.0834,5
7086,2385,0.0658,6
7086,11835,0.0348,7
7087,14909,0.4228,1
7087,12085,0.2731,2
7087,3020,0.2157,3
7087,5347,0.0535,4
7087,7401,0.028,5
7087,7564,0.0036,6
7087,2215,0.0034,7
7088,4911,0.8894,1
7088,2788,0.0566,2
7088,6454,0.0372,3
7088,13951,0.0119,4
7088,13431,0.0048,5
7089,11261,0.9212,1
7089,10309,0.0737,2
7089,8403,0.0051,3
7090,16783,0.4661,1
7090,15273,0.4588,2
7090,8511,0.0751,3
7091,6185,0.5395,1
7091,2852,0.209,2
7091,8108,0.1731,3
7091,7286,0.0784,4
7092,15763,0.5684,1
7092,1879,0.4291,2
7092,1674,0.0013,3
7092,5955,0.0012,4
7093,9246,1.0,1
7094,7088,0.5187,1
7094,8128,0.3541,2
7094,8187,0.0474,3
7094,10001,0.0383,4
7094,6182,0.0336,5
7094,3114,0.008,6
7095,3171,0.4365,1
7095,15074,0.3788,2
7095,7981,0.1225,3
7095,12398,0.0378,4
7095,4554,0.0151,5
7095,15217,0.0093,6
7096,4401,0.4403,1
7096,4640,0.4171,2
7096,6864,0.1426,3
7097,10988,0.3396,1
7097,5753,0.3075,2
7097,4149,0.2634,3
7097,7848,0.0719,4
7097,6464,0.0163,5
7097,1817,0.0012,6
7098,10971,0.4031,1
7098,9063,0.2066,2
7098,5552,0.1378,3
7098,4956,0.1366,4
7098,7786,0.1062,5
7098,4675,0.0097,6
7099,3066,0.2405,1
7099,4623,0.223,2
7099,6957,0.2074,3
7099,8355,0.1703,4
7099,10764,0.1057,5
7099,8605,0.0531,6
7100,6063,0.3631,1
7100,1908,0.3364,2
7100,6087,0.0979,3
7100,9460,0.0928,4
7100,3403,0.0706,5
7100,4539,0.0392,6
7101,5131,0.5006,1
7101,8332,0.1648,2
7101,5183,0.1395,3
7101,9440,0.1142,4
7101,4627,0.0447,5
7101,7429,0.0363,6
7102,2466,0.422,1
7102,15887,0.1457,2
7102,9442,0.1325,3
7102,7728,0.1284,4
7102,10479,0.1126,5
7102,12997,0.0445,6
7102,12948,0.0143,7
7103,8069,0.3476,1
7103,2870,0.3186,2
7103,4005,0.1436,3
7103,5253,0.1113,4
7103,5303,0.0743,5
7103,4660,0.0047,6
7104,8130,0.4606,1
7104,8288,0.1796,2
7104,7977,0.1706,3
7104,15227,0.1385,4
7104,15903,0.0507,5
7105,5944,0.6846,1
7105,12982,0.1269,2
7105,9073,0.0655,3
7105,2334,0.0649,4
7105,6017,0.0581,5
7106,7166,0.6647,1
7106,17127,0.2804,2
7106,10280,0.0549,3
7107,13887,0.5195,1
7107,14757,0.3381,2
7107,6557,0.0812,3
7107,8232,0.0564,4
7107,16003,0.0048,5
7108,7277,0.3753,1
7108,2770,0.3191,2
7108,3897,0.1995,3
7108,4211,0.0963,4
7108,4217,0.0087,5
7108,12366,0.0011,6
7109,10720,0.6275,1
7109,16581,0.2482,2
7109,10767,0.1004,3
7109,11209,0.0238,4
7110,5045,0.8051,1
7110,15372,0.1179,2
7110,4723,0.0526,3
7110,3194,0.0245,4
7111,5390,0.5319,1
7111,5802,0.2443,2
7111,6085,0.2238,3
7112,6406,0.4035,1
7112,9853,0.3498,2
7112,3886,0.1291,3
7112,4203,0.0608,4
7112,6989,0.049,5
7112,6527,0.0077,6
7113,7232,1.0,1
7114,7393,0.8886,1
7114,2729,0.0759,2
7114,1951,0.0356,3
7115,16138,0.3226,1
7115,16710,0.2616,2
7115,15049,0.2355,3
7115,8582,0.1049,4
7115,8346,0.0754,5
7116,5565,0.771,1
7116,8068,0.229,2
7117,4189,0.3236,1
7117,3725,0.2256,2
7117,7823,0.1279,3
7117,6155,0.1229,4
7117,10059,0.0694,5
7117,9748,0.0682,6
7117,9030,0.0623,7
7118,7957,0.5216,1
7118,10630,0.3384,2
7118,7793,0.0818,3
7118,3630,0.0583,4
7119,5068,0.4944,1
7119,2119,0.4026,2
7119,4095,0.0719,3
7119,13360,0.0283,4
7119,6104,0.0028,5
7120,12827,0.6868,1
7120,15552,0.2054,2
7120,7314,0.1078,3
7121,4608,0.2911,1
7121,7254,0.271,2
7121,2046,0.23,3
7121,3536,0.1186,4
7121,9717,0.0711,5
7121,8107,0.0182,6
7122,2193,0.6904,1
7122,16645,0.1665,2
7122,3858,0.0953,3
7122,13901,0.0477,4
7123,14796,0.632,1
7123,5862,0.2212,2
7123,13652,0.1447,3
7123,2188,0.002,4
7124,3093,0.4093,1
7124,3347,0.3112,2
7124,12167,0.129,3
7124,13061,0.0738,4
7124,4421,0.0527,5
7124,16293,0.0241,6
7125,13219,0.4329,1
7125,15927,0.2809,2
7125,8847,0.1579,3
7125,7856,0.0999,4
7125,6775,0.0284,5
7126,9516,0.4206,1
7126,3724,0.3198,2
7126,7065,0.0962,3
7126,3139,0.0911,4
7126,8457,0.0549,5
7126,10679,0.0174,6
7127,14435,0.3538,1
7127,2004,0.2976,2
7127,9498,0.2705,3
7127,4667,0.049,4
7127,16947,0.0291,5
7128,10335,0.3756,1
7128,10998,0.2586,2
7128,8813,0.197,3
7128,7269,0.0969,4
7128,8704,0.0513,5
7128,10783,0.0206,6
7129,7066,0.6833,1
7129,13226,0.3127,2
7129,5648,0.004,3
7130,14086,0.7962,1
7130,7682,0.2038,2
7131,13800,0.7272,1
7131,16149,0.1314,2
7131,6128,0.064,3
7131,6357,0.0479,4
7131,7276,0.0241,5
7131,13970,0.0053,6
7132,7125,0.7473,1
7132,4057,0.2211,2
7132,10824,0.0316,3
7133,1637,0.4969,1
7133,10956,0.3844,2
7133,7261,0.1187,3
7134,8426,0.9575,1
7134,5158,0.034,2
7134,7848,0.0084,3
7135,15174,0.2768,1
7135,11464,0.2557,2
7135,4684,0.2423,3
7135,15218,0.1734,4
7135,12028,0.029,5
7135,2337,0.0228,6
7136,9069,0.334,1
7136,12016,0.1995,2
7136,3494,0.1599,3
7136,6163,0.114,4
7136,2543,0.0989,5
7136,4392,0.0893,6
7136,2784,0.0043,7
7137,4627,0.8523,1
7137,5650,0.1477,2
7138,7747,0.6302,1
7138,7436,0.2788,2
7138,11406,0.091,3
7139,2368,0.6632,1
7139,3815,0.2069,2
7139,3031,0.0926,3
7139,3164,0.0361,4
7139,3284,0.0012,5
7140,5877,0.5452,1
7140,6259,0.3446,2
7140,4080,0.1103,3
7141,5361,0.4065,1
7141,11460,0.1345,2
7141,5569,0.1322,3
7141,6320,0.1168,4
7141,7138,0.0984,5
7141,14099,0.0612,6
7141,4426,0.0504,7
7142,2813,0.6497,1
7142,7307,0.2532,2
7142,2710,0.0911,3
7142,6689,0.006,4
7143,8457,0.8096,1
7143,3576,0.1292,2
7143,6664,0.0612,3
7144,6802,0.7252,1
7144,8241,0.1554,2
7144,8992,0.0809,3
7144,3773,0.0385,4
7145,7634,0.6376,1
7145,13472,0.3341,2
7145,5793,0.022,3
7145,17045,0.0062,4
7146,10701,0.4727,1
7146,5832,0.4325,2
7146,13450,0.0948,3
7147,5557,0.5269,1
7147,14859,0.2878,2
7147,9532,0.1853,3
7148,9160,0.3206,1
7148,7842,0.2932,2
7148,6438,0.2189,3
7148,17296,0.1011,4
7148,1963,0.0662,5
7149,6707,0.7444,1
7149,8655,0.2306,2
7149,15489,0.0155,3
7149,16044,0.0071,4
7149,13619,0.0024,5
7150,6499,0.3682,1
7150,16824,0.2654,2
7150,2585,0.1828,3
7150,3803,0.1683,4
7150,11016,0.0153,5
7151,13454,0.4054,1
7151,2180,0.399,2
7151,11806,0.1177,3
7151,12231,0.0607,4
7151,3589,0.0172,5
7152,3759,0.7786,1
7152,8627,0.196,2
7152,11304,0.0233,3
7152,5587,0.0021,4
7153,6469,0.453,1
7153,16739,0.3926,2
7153,8849,0.1529,3
7153,13073,0.0015,4
7154,8310,0.6168,1
7154,4378,0.147,2
7154,9569,0.1294,3
7154,6330,0.081,4
7154,8586,0.0259,5
7155,5244,0.5292,1
7155,1654,0.4708,2
7156,3817,0.617,1
7156,8216,0.383,2
7157,7026,0.3218,1
7157,6292,0.2833,2
7157,5143,0.164,3
7157,5414,0.128,4
7157,10915,0.1029,5
7158,7722,0.5219,1
7158,9835,0.2645,2
7158,5357,0.2135,3
7159,15104,0.4881,1
7159,4562,0.262,2
7159,15211,0.2249,3
7159,4057,0.0103,4
7159,9397,0.0092,5
7159,10900,0.0046,6
7159,4048,0.0009,7
7160,4016,0.6617,1
7160,13352,0.1979,2
7160,7184,0.0713,3
7160,9732,0.0345,4
7160,10342,0.0221,5
7160,7857,0.0125,6
7161,13701,0.5731,1
7161,8603,0.2204,2
7161,4430,0.1455,3
7161,1685,0.0422,4
7161,2726,0.0188,5
7162,5573,0.7336,1
7162,15228,0.2269,2
7162,11392,0.0395,3
7163,9440,0.3798,1
7163,5595,0.3365,2
7163,2700,0.1599,3
7163,10108,0.0983,4
7163,6708,0.025,5
7163,7423,0.0005,6
7164,13204,0.3907,1
7164,8842,0.2988,2
7164,1856,0.2286,3
7164,6033,0.0696,4
7164,8502,0.0124,5
7165,8128,0.7393,1
7165,4629,0.1313,2
7165,2357,0.0553,3
7165,5776,0.0454,4
7165,7308,0.0227,5
7165,3098,0.006,6
7166,11085,0.7302,1
7166,3372,0.2698,2
7167,3523,0.5083,1
7167,8963,0.1819,2
7167,15966,0.1747,3
7167,4681,0.055,4
7167,6766,0.0505,5
7167,10962,0.0275,6
7167,3825,0.0021,7
7168,3735,0.6464,1
7168,6871,0.1435,2
7168,3907,0.0983,3
7168,6799,0.0804,4
7168,8135,0.0179,5
7168,8343,0.0134,6
7169,1938,0.427,1
7169,8405,0.3335,2
7169,1983,0.1216,3
7169,3911,0.1178,4
7170,8298,0.3808,1
7170,5872,0.2782,2
7170,16658,0.261,3
7170,9240,0.0477,4
7170,7179,0.0323,5
7171,4609,0.353,1
7171,2762,0.3001,2
7171,8492,0.1433,3
7171,13226,0.1368,4
7171,4823,0.0565,5
7171,3596,0.0103,6
7172,10267,0.3943,1
7172,5486,0.2516,2
7172,5090,0.1769,3
7172,5633,0.0975,4
7172,7252,0.0684,5
7172,10725,0.0113,6
7173,5441,0.2774,1
7173,8443,0.2547,2
7173,6077,0.1384,3
7173,9259,0.1343,4
7173,2198,0.1314,5
7173,2083,0.0371,6
7173,15159,0.0266,7
7174,9336,0.456,1
7174,15451,0.2898,2
7174,5707,0.1153,3
7174,11136,0.0874,4
7174,5374,0.049,5
7174,8105,0.0024,6
7175,2312,0.5133,1
7175,3396,0.4867,2
7176,5051,0.3572,1
7176,6891,0.2675,2
7176,3913,0.1329,3
7176,2493,0.1095,4
7176,8955,0.0834,5
7176,7481,0.0495,6
7177,2243,0.5421,1
7177,11126,0.1478,2
7177,8194,0.1314,3
7177,7827,0.1208,4
7177,3684,0.0577,5
7177,2175,0.0002,6
7178,4117,0.9349,1
7178,9111,0.0432,2
7178,12290,0.0219,3
7179,7612,0.7381,1
7179,17509,0.2619,2
7180,2639,0.6517,1
7180,2612,0.2543,2
7180,8521,0.0836,3
7180,4235,0.0104,4
7181,3917,0.5867,1
7181,12150,0.144,2
7181,12218,0.1159,3
7181,11755,0.0807,4
7181,1685,0.0518,5
7181,12181,0.0209,6
7182,8090,0.4196,1
7182,9839,0.3333,2
7182,10943,0.0926,3
7182,2637,0.0884,4
7182,1764,0.0323,5
7182,3904,0.024,6
7182,9785,0.0097,7
7183,10026,0.3713,1
7183,15902,0.2567,2
7183,5744,0.1907,3
7183,12717,0.1035,4
7183,4823,0.0777,5
7184,6296,0.4522,1
7184,17230,0.3006,2
7184,5384,0.1317,3
7184,5142,0.0479,4
7184,6201,0.0454,5
7184,9529,0.0223,6
7185,10003,0.3009,1
7185,2809,0.2948,2
7185,2190,0.1577,3
7185,3372,0.1105,4
7185,9884,0.0682,5
7185,6704,0.068,6
7186,8161,0.5044,1
7186,3119,0.1693,2
7186,3427,0.1259,3
7186,3471,0.1173,4
7186,3128,0.0709,5
7186,7309,0.0063,6
7186,8067,0.0059,7
7187,17110,0.3842,1
7187,15148,0.3365,2
7187,9166,0.179,3
7187,15376,0.0802,4
7187,3123,0.0175,5
7187,12513,0.0026,6
7188,10996,0.7605,1
7188,10446,0.2395,2
7189,1784,0.3498,1
7189,7300,0.2621,2
7189,2642,0.2433,3
7189,2467,0.1285,4
7189,4224,0.0163,5
7190,9737,0.3663,1
7190,6368,0.3347,2
7190,4713,0.299,3
7191,8517,0.3944,1
7191,8321,0.3099,2
7191,2682,0.2118,3
7191,8801,0.043,4
7191,10297,0.0241,5
7191,5995,0.0159,6
7191,2119,0.0009,7
7192,6848,0.2566,1
7192,10190,0.1851,2
7192,7233,0.1441,3
7192,2073,0.1387,4
7192,6876,0.1253,5
7192,2286,0.082,6
7192,5162,0.0683,7
7193,10402,0.4093,1
7193,6846,0.284,2
7193,2178,0.2058,3
7193,8482,0.0946,4
7193,10208,0.0063,5
7194,14748,0.5067,1
7194,2522,0.3292,2
7194,9119,0.105,3
7194,6835,0.0473,4
7194,3725,0.0069,5
7194,4491,0.0049,6
7195,3195,0.5917,1
7195,5818,0.223,2
7195,1908,0.0961,3
7195,10712,0.0642,4
7195,6521,0.017,5
7195,1760,0.0081,6
7196,16651,0.7405,1
7196,2255,0.1414,2
7196,15338,0.1182,3
7197,15601,0.8282,1
7197,5200,0.1311,2
7197,13328,0.0407,3
7198,7634,0.4833,1
7198,12546,0.4404,2
7198,8689,0.076,3
7198,11798,0.0003,4
7199,6419,0.605,1
7199,2282,0.3592,2
7199,9553,0.0359,3
7200,4744,0.3475,1
7200,17546,0.1504,2
7200,9507,0.1488,3
7200,5543,0.1244,4
7200,4840,0.1131,5
7200,4011,0.0865,6
7200,10996,0.0293,7
7201,3947,0.2988,1
7201,5841,0.2262,2
7201,8914,0.1984,3
7201,1811,0.1642,4
7201,9908,0.0728,5
7201,5931,0.0396,6
7202,11509,0.4961,1
7202,11677,0.2923,2
7202,17067,0.0898,3
7202,3581,0.0488,4
7202,3359,0.0419,5
7202,13346,0.0311,6
7203,6444,0.409,1
7203,1889,0.2946,2
7203,3150,0.1705,3
7203,4273,0.1259,4
7204,4595,0.8502,1
7204,14858,0.1161,2
7204,15096,0.0337,3
7205,7697,0.3791,1
7205,3009,0.3281,2
7205,3045,0.2928,3
7206,1637,0.35,1
7206,10489,0.3169,2
7206,9797,0.1501,3
7206,10361,0.1046,4
7206,6110,0.0784,5
7207,11235,0.8511,1
7207,9264,0.1255,2
7207,3892,0.0234,3
7208,3489,0.4824,1
7208,8363,0.3651,2
7208,6812,0.0764,3
7208,7441,0.044,4
7208,4489,0.0218,5
7208,10899,0.0063,6
7208,6558,0.004,7
7209,14112,0.9862,1
7209,2945,0.0138,2
7210,4805,0.4349,1
7210,2922,0.2171,2
7210,8411,0.2056,3
7210,1943,0.1424,4
7211,7698,0.3001,1
7211,5197,0.2965,2
7211,7588,0.2035,3
7211,7732,0.1945,4
7211,7736,0.0054,5
7212,7786,0.4673,1
7212,2934,0.1928,2
7212,17476,0.1359,3
7212,2221,0.0865,4
7212,6894,0.0776,5
7212,3384,0.0399,6
7213,8543,1.0,1
7214,3848,0.3169,1
7214,15423,0.2767,2
7214,1799,0.1688,3
7214,12967,0.1137,4
7214,13330,0.0978,5
7214,14508,0.0164,6
7214,13075,0.0098,7
7215,2256,0.3148,1
7215,8182,0.2517,2
7215,9765,0.1414,3
7215,11265,0.1026,4
7215,9279,0.0879,5
7215,10299,0.0606,6
7215,7570,0.041,7
7216,11652,0.822,1
7216,13276,0.1463,2
7216,12761,0.0315,3
7216,3400,0.0001,4
7217,2959,0.5148,1
7217,5278,0.1835,2
7217,9902,0.1687,3
7217,9035,0.1001,4
7217,6767,0.0328,5
7218,1918,0.3288,1
7218,5988,0.2512,2
7218,9501,0.2087,3
7218,10614,0.1187,4
7218,2918,0.0642,5
7218,5798,0.0283,6
7219,5469,0.3565,1
7219,9833,0.3066,2
7219,7686,0.1547,3
7219,9019,0.1404,4
7219,17278,0.0418,5
7220,5706,0.349,1
7220,15271,0.3041,2
7220,11875,0.2081,3
7220,6094,0.1253,4
7220,5885,0.0136,5
7221,17174,0.4842,1
7221,9787,0.2367,2
7221,13545,0.2119,3
7221,17383,0.0343,4
7221,16260,0.0329,5
7222,3933,0.3454,1
7222,4688,0.2668,2
7222,9444,0.1684,3
7222,3969,0.1456,4
7222,16503,0.0501,5
7222,12037,0.0141,6
7222,7026,0.0096,7
7223,4307,0.5368,1
7223,7469,0.2036,2
7223,4691,0.0865,3
7223,7711,0.0827,4
7223,9907,0.0656,5
7223,8131,0.02,6
7223,3325,0.0048,7
7224,2034,0.4069,1
7224,8694,0.3937,2
7224,5447,0.1202,3
7224,6183,0.0551,4
7224,1670,0.0185,5
7224,3095,0.0057,6
7225,13218,0.328,1
7225,16947,0.3093,2
7225,2648,0.2856,3
7225,15723,0.0411,4
7225,3997,0.0327,5
7225,5595,0.0033,6
7226,5827,0.5,1
7226,4590,0.2218,2
7226,17077,0.197,3
7226,11156,0.05,4
7226,5662,0.0311,5
7227,12897,0.4873,1
7227,4286,0.2033,2
7227,7227,0.1326,3
7227,6626,0.1072,4
7227,5264,0.0316,5
7227,11000,0.0218,6
7227,8556,0.0162,7
7228,10353,0.8125,1
7228,9034,0.1825,2
7228,13773,0.005,3
7229,3077,0.7678,1
7229,6440,0.1658,2
7229,6268,0.0642,3
7229,2046,0.0023,4
7230,6401,0.5612,1
7230,4674,0.2432,2
7230,6149,0.1291,3
7230,6670,0.0486,4
7230,4189,0.0179,5
7231,17373,0.6767,1
7231,14749,0.3233,2
7232,6644,0.3557,1
7232,6106,0.2652,2
7232,5601,0.1429,3
7232,6479,0.125,4
7232,8213,0.1113,5
7233,12361,0.2583,1
7233,15072,0.2312,2
7233,7690,0.2205,3
7233,1794,0.1858,4
7233,16492,0.0824,5
7233,17199,0.0219,6
7234,9999,0.4226,1
7234,9009,0.3647,2
7234,2357,0.1258,3
7234,7967,0.0539,4
7234,3413,0.0331,5
7235,3879,0.3848,1
7235,1909,0.2214,2
7235,3904,0.2174,3
7235,10378,0.0707,4
7235,11026,0.0531,5
7235,8645,0.0526,6
7236,7314,0.4041,1
7236,2218,0.3115,2
7236,13707,0.2735,3
7236,4748,0.0077,4
7236,16702,0.0032,5
7237,3798,0.4492,1
7237,8570,0.293,2
7237,4655,0.0908,3
7237,4414,0.0883,4
7237,3463,0.0615,5
7237,4152,0.0104,6
7237,11252,0.0069,7
7238,11070,0.3189,1
7238,6130,0.2944,2
7238,5358,0.2554,3
7238,3844,0.1313,4
7239,15508,0.3558,1
7239,6959,0.2321,2
7239,5530,0.1504,3
7239,5328,0.0927,4
7239,6556,0.0786,5
7239,2074,0.0511,6
7239,14891,0.0393,7
7240,4010,0.7567,1
7240,5071,0.1432,2
7240,3695,0.1001,3
7241,7604,0.6069,1
7241,9271,0.2706,2
7241,16441,0.0829,3
7241,11217,0.032,4
7241,1974,0.0077,5
7242,9589,0.4855,1
7242,11062,0.2307,2
7242,4259,0.1238,3
7242,9773,0.1108,4
7242,6213,0.0371,5
7242,5818,0.0112,6
7242,7957,0.001,7
7243,7690,0.4075,1
7243,9094,0.2708,2
7243,5083,0.0823,3
7243,10337,0.0793,4
7243,7516,0.0712,5
7243,13433,0.054,6
7243,3240,0.0348,7
7244,2509,0.4074,1
7244,10642,0.2089,2
7244,6148,0.1772,3
7244,8811,0.1311,4
7244,6586,0.0506,5
7244,7585,0.0154,6
7244,5144,0.0093,7
7245,4720,0.3702,1
7245,11365,0.3258,2
7245,8207,0.2352,3
7245,7498,0.0688,4
7246,3320,0.6083,1
7246,9686,0.2798,2
7246,10065,0.0696,3
7246,2299,0.0422,4
7247,10280,0.5407,1
7247,12558,0.1825,2
7247,4402,0.1819,3
7247,13725,0.0467,4
7247,11167,0.027,5
7247,11119,0.0197,6
7247,5830,0.0014,7
7248,17452,0.5732,1
7248,14227,0.2434,2
7248,10055,0.0706,3
7248,12858,0.0349,4
7248,11742,0.0317,5
7248,3365,0.0246,6
7248,6906,0.0216,7
7249,11765,0.3825,1
7249,11923,0.3579,2
7249,11742,0.1124,3
7249,12443,0.0931,4
7249,15162,0.0513,5
7249,10055,0.0027,6
7250,10695,0.508,1
7250,8919,0.3152,2
7250,6010,0.1768,3
7251,2593,0.6031,1
7251,13839,0.3704,2
7251,6911,0.0265,3
7252,3060,0.4204,1
7252,12551,0.2494,2
7252,9271,0.1419,3
7252,10458,0.1025,4
7252,10767,0.0579,5
7252,12655,0.023,6
7252,1749,0.0049,7
7253,12948,0.7551,1
7253,2033,0.1307,2
7253,9894,0.0854,3
7253,9565,0.0288,4
7254,9967,0.2585,1
7254,5070,0.1845,2
7254,10412,0.1844,3
7254,3998,0.1629,4
7254,10268,0.1171,5
7254,2880,0.0784,6
7254,4542,0.0142,7
7255,2421,0.481,1
7255,6801,0.3017,2
7255,9440,0.2065,3
7255,9638,0.0109,4
7256,4735,0.8397,1
7256,3673,0.1407,2
7256,5158,0.0196,3
7257,6565,0.7287,1
7257,3847,0.2713,2
7258,7174,0.4426,1
7258,10910,0.2382,2
7258,7949,0.1461,3
7258,5485,0.0758,4
7258,5955,0.0591,5
7258,6057,0.0382,6
7259,13685,0.6376,1
7259,6415,0.3162,2
7259,1652,0.0462,3
7260,10293,0.4552,1
7260,2306,0.3438,2
7260,5688,0.201,3
7261,9442,0.3968,1
7261,5435,0.3191,2
7261,17118,0.1764,3
7261,15281,0.1077,4
7262,10285,0.3749,1
7262,3430,0.2629,2
7262,2692,0.2436,3
7262,6704,0.0871,4
7262,5707,0.0187,5
7262,9405,0.0128,6
7263,12983,0.7692,1
7263,16675,0.1023,2
7263,7559,0.0748,3
7263,12751,0.0382,4
7263,1929,0.0154,5
7264,13079,1.0,1
7265,5073,0.5157,1
7265,9539,0.1639,2
7265,9404,0.1269,3
7265,6485,0.1122,4
7265,8673,0.0634,5
7265,4174,0.0154,6
7265,4143,0.0025,7
7266,11537,0.6856,1
7266,17018,0.1256,2
7266,12182,0.1109,3
7266,13149,0.0323,4
7266,10605,0.0297,5
7266,12213,0.0159,6
7267,13717,0.4729,1
7267,8882,0.4061,2
7267,8408,0.121,3
7268,12542,0.5626,1
7268,9101,0.3247,2
7268,12524,0.0576,3
7268,14174,0.0508,4
7268,6824,0.0043,5
7269,3296,0.4778,1
7269,5329,0.4053,2
7269,3588,0.0808,3
7269,3506,0.036,4
7270,6881,0.4601,1
7270,9336,0.1653,2
7270,6427,0.1101,3
7270,7528,0.1052,4
7270,5947,0.1026,5
7270,9460,0.0561,6
7270,6371,0.0007,7
7271,2481,0.5624,1
7271,13205,0.2947,2
7271,3838,0.1429,3
7272,8913,0.4227,1
7272,2331,0.2523,2
7272,12725,0.1182,3
7272,16586,0.1044,4
7272,12361,0.0518,5
7272,4775,0.0275,6
7272,14310,0.0231,7
7273,3773,0.3953,1
7273,8980,0.1409,2
7273,3454,0.133,3
7273,8501,0.1131,4
7273,11350,0.0924,5
7273,6023,0.0825,6
7273,5788,0.0428,7
7274,3371,0.4773,1
7274,3466,0.441,2
7274,7928,0.0817,3
7275,7568,0.3703,1
7275,11108,0.2604,2
7275,11253,0.194,3
7275,9668,0.092,4
7275,8923,0.0835,5
7276,10162,0.4572,1
7276,6743,0.253,2
7276,10719,0.23,3
7276,4984,0.0598,4
7277,6165,0.3361,1
7277,7732,0.2732,2
7277,4081,0.1758,3
7277,9854,0.1128,4
7277,2592,0.1022,5
7278,5601,0.8415,1
7278,9054,0.1355,2
7278,11107,0.0231,3
7279,6975,0.3093,1
7279,7593,0.2608,2
7279,5573,0.2507,3
7279,7622,0.1647,4
7279,2370,0.0144,5
7280,10428,0.3796,1
7280,10497,0.2311,2
7280,7487,0.1823,3
7280,6246,0.1013,4
7280,5591,0.086,5
7280,7649,0.0125,6
7280,5144,0.0072,7
7281,9787,0.3047,1
7281,11551,0.2813,2
7281,15775,0.2027,3
7281,14594,0.1069,4
7281,4592,0.0668,5
7281,12939,0.0273,6
7281,11972,0.0104,7
7282,15972,0.3221,1
7282,12405,0.2044,2
7282,10015,0.1793,3
7282,6242,0.1167,4
7282,10555,0.0939,5
7282,10624,0.0479,6
7282,17306,0.0357,7
7283,10796,0.7433,1
7283,10844,0.2172,2
7283,10605,0.0395,3
7284,7238,0.554,1
7284,3950,0.3696,2
7284,5230,0.0699,3
7284,6808,0.0048,4
7284,2456,0.0017,5
7285,1677,0.5349,1
7285,8665,0.3459,2
7285,6051,0.0671,3
7285,3401,0.0294,4
7285,9854,0.0227,5
7286,3860,0.3492,1
7286,9065,0.2933,2
7286,10825,0.2109,3
7286,6342,0.1098,4
7286,8101,0.0277,5
7286,9493,0.0091,6
7287,16688,0.5824,1
7287,14220,0.1961,2
7287,15972,0.1123,3
7287,12405,0.0474,4
7287,2335,0.0368,5
7287,4977,0.0135,6
7287,4535,0.0115,7
7288,6860,0.5549,1
7288,6670,0.2536,2
7288,8147,0.1124,3
7288,2366,0.0791,4
7289,5541,0.6333,1
7289,12753,0.2537,2
7289,8222,0.058,3
7289,6142,0.0504,4
7289,5958,0.0045,5
7290,15015,0.6671,1
7290,2820,0.1373,2
7290,10289,0.103,3
7290,5909,0.0926,4
7291,13287,0.3374,1
7291,12382,0.2857,2
7291,8958,0.1647,3
7291,16021,0.1045,4
7291,9594,0.0947,5
7291,14290,0.0129,6
7292,12521,0.2491,1
7292,12195,0.2419,2
7292,2240,0.1531,3
7292,11546,0.1497,4
7292,8123,0.1448,5
7292,17427,0.0615,6
7293,7046,0.8924,1
7293,12269,0.0719,2
7293,3042,0.0357,3
7294,8618,0.381,1
7294,7085,0.2314,2
7294,10630,0.2166,3
7294,6500,0.148,4
7294,5510,0.0219,5
7294,9850,0.0012,6
7295,15878,0.4601,1
7295,9805,0.3131,2
7295,12967,0.0945,3
7295,6247,0.0935,4
7295,4895,0.0388,5
7296,3597,0.7208,1
7296,6151,0.2108,2
7296,5912,0.0684,3
7297,7265,0.5077,1
7297,15376,0.2004,2
7297,11519,0.1693,3
7297,4395,0.1226,4
7298,4005,0.2385,1
7298,6198,0.2202,2
7298,2873,0.1889,3
7298,9902,0.1583,4
7298,3738,0.1272,5
7298,8302,0.0388,6
7298,1877,0.0282,7
7299,4001,0.3712,1
7299,4738,0.2376,2
7299,8915,0.2267,3
7299,4997,0.098,4
7299,3175,0.0526,5
7299,9261,0.0139,6
7300,8303,0.4211,1
7300,10922,0.3518,2
7300,7510,0.1266,3
7300,6621,0.0586,4
7300,1721,0.042,5
7301,3369,0.3214,1
7301,4073,0.2084,2
7301,10858,0.1822,3
7301,12838,0.1666,4
7301,8878,0.1215,5
7302,5413,0.9548,1
7302,11277,0.0352,2
7302,13328,0.0063,3
7302,17400,0.0037,4
7303,16020,0.5114,1
7303,9191,0.3165,2
7303,11537,0.0935,3
7303,1960,0.0488,4
7303,7181,0.0266,5
7303,5086,0.0032,6
7304,5572,0.3744,1
7304,4368,0.1859,2
7304,2122,0.1184,3
7304,5318,0.116,4
7304,10224,0.1052,5
7304,4326,0.1,6
7305,7980,0.4196,1
7305,15818,0.3676,2
7305,6124,0.1246,3
7305,15858,0.052,4
7305,11606,0.0345,5
7305,6669,0.0017,6
7306,11269,0.293,1
7306,5800,0.2686,2
7306,4198,0.2616,3
7306,3458,0.1555,4
7306,6292,0.0203,5
7306,9163,0.0011,6
7307,13984,0.5363,1
7307,16574,0.4637,2
7308,13089,1.0,1
7309,13414,0.5096,1
7309,7340,0.2056,2
7309,2367,0.1453,3
7309,9795,0.1255,4
7309,15933,0.0101,5
7309,17060,0.0039,6
7310,6543,0.6294,1
7310,8021,0.3183,2
7310,7762,0.0377,3
7310,7764,0.0145,4
7311,8828,0.9205,1
7311,9112,0.0779,2
7311,12033,0.0016,3
7312,11304,0.6058,1
7312,9612,0.3477,2
7312,2983,0.0465,3
7313,6745,0.5284,1
7313,6314,0.3801,2
7313,8875,0.091,3
7313,10519,0.0005,4
7314,6800,0.5349,1
7314,4287,0.4567,2
7314,9850,0.0084,3
7315,3383,0.2797,1
7315,14051,0.2069,2
7315,6532,0.1777,3
7315,16826,0.1359,4
7315,4978,0.1332,5
7315,14952,0.0667,6
7316,1902,0.7729,1
7316,1765,0.1539,2
7316,2660,0.0733,3
7317,3170,0.4721,1
7317,7091,0.3713,2
7317,9504,0.0672,3
7317,6560,0.0553,4
7317,8833,0.0342,5
7318,4343,0.7188,1
7318,16607,0.1607,2
7318,8086,0.0653,3
7318,8280,0.0452,4
7318,8212,0.01,5
7319,4579,0.3405,1
7319,10864,0.2892,2
7319,2554,0.2317,3
7319,2735,0.1354,4
7319,4933,0.0026,5
7319,16481,0.0006,6
7320,4885,0.4662,1
7320,8807,0.3777,2
7320,2538,0.0709,3
7320,3871,0.0574,4
7320,14135,0.0277,5
7321,8905,0.3405,1
7321,15624,0.2203,2
7321,6517,0.2104,3
7321,3955,0.1215,4
7321,3459,0.0675,5
7321,16947,0.0398,6
7322,13094,0.3898,1
7322,6700,0.28,2
7322,15858,0.1681,3
7322,9761,0.0662,4
7322,7909,0.0525,5
7322,2599,0.0435,6
7323,15292,0.4423,1
7323,4978,0.2151,2
7323,10920,0.1346,3
7323,6199,0.1284,4
7323,13111,0.0487,5
7323,7788,0.031,6
7324,2986,0.4327,1
7324,9982,0.4092,2
7324,5635,0.0916,3
7324,7861,0.0573,4
7324,9150,0.0091,5
7325,7645,0.2997,1
7325,8091,0.2144,2
7325,2973,0.1923,3
7325,10127,0.1159,4
7325,6771,0.0894,5
7325,5037,0.0761,6
7325,5163,0.0123,7
7326,10547,0.5816,1
7326,8189,0.3466,2
7326,10520,0.0583,3
7326,10358,0.0077,4
7326,3173,0.0058,5
7327,7461,0.5644,1
7327,7604,0.2615,2
7327,1974,0.1431,3
7327,9577,0.0287,4
7327,10337,0.0023,5
7328,3119,0.8186,1
7328,3363,0.1569,2
7328,6723,0.0246,3
7329,3771,0.4863,1
7329,12702,0.2493,2
7329,9221,0.1067,3
7329,13269,0.0954,4
7329,13858,0.0623,5
7330,10862,0.6423,1
7330,6944,0.3577,2
7331,10651,0.6629,1
7331,10307,0.3056,2
7331,16511,0.0308,3
7331,10796,0.0007,4
7332,2676,0.4551,1
7332,3361,0.2912,2
7332,2425,0.1769,3
7332,2501,0.0297,4
7332,11357,0.0269,5
7332,16939,0.018,6
7332,14806,0.0022,7
7333,16430,0.4325,1
7333,14945,0.3766,2
7333,4197,0.0742,3
7333,11079,0.0701,4
7333,6398,0.0446,5
7333,7375,0.002,6
7334,9266,0.4587,1
7334,6114,0.4481,2
7334,3360,0.0492,3
7334,7885,0.044,4
7335,10262,0.3398,1
7335,7358,0.21,2
7335,5606,0.1449,3
7335,10428,0.1443,4
7335,4701,0.1339,5
7335,6655,0.0189,6
7335,5020,0.0082,7
7336,6319,0.4094,1
7336,7024,0.172,2
7336,5647,0.127,3
7336,10870,0.0867,4
7336,5603,0.0779,5
7336,17308,0.0708,6
7336,16513,0.0562,7
7337,2604,0.5322,1
7337,11065,0.3221,2
7337,16451,0.1457,3
7338,8380,0.3596,1
7338,7323,0.2875,2
7338,8630,0.1809,3
7338,3235,0.13,4
7338,2156,0.0307,5
7338,4059,0.0113,6
7339,3238,0.5602,1
7339,6243,0.3625,2
7339,6908,0.0392,3
7339,2218,0.0329,4
7339,14326,0.0051,5
7340,8127,0.4991,1
7340,7939,0.4842,2
7340,9441,0.0167,3
7341,6962,0.3448,1
7341,5279,0.2704,2
7341,6017,0.2104,3
7341,1985,0.115,4
7341,9781,0.0594,5
7342,2074,0.5715,1
7342,17425,0.3255,2
7342,8944,0.103,3
7343,4345,0.6863,1
7343,10653,0.1782,2
7343,13391,0.0608,3
7343,4009,0.051,4
7343,6772,0.0148,5
7343,7427,0.0089,6
7344,9880,1.0,1
7345,10721,0.3988,1
7345,13070,0.2692,2
7345,5628,0.0983,3
7345,3921,0.0886,4
7345,8846,0.0795,5
7345,16939,0.0366,6
7345,15887,0.029,7
7346,11111,0.3756,1
7346,11031,0.3562,2
7346,4379,0.1497,3
7346,8377,0.0786,4
7346,2190,0.0211,5
7346,1656,0.0188,6
7347,3331,0.3411,1
7347,6110,0.228,2
7347,5253,0.1545,3
7347,3413,0.1511,4
7347,7880,0.0703,5
7347,3606,0.055,6
7348,5076,0.224,1
7348,2928,0.2194,2
7348,2647,0.1677,3
7348,3237,0.1421,4
7348,5292,0.1367,5
7348,9745,0.0842,6
7348,10732,0.026,7
7349,17041,0.4854,1
7349,11572,0.2209,2
7349,15123,0.1954,3
7349,16419,0.0843,4
7349,12346,0.014,5
7350,8046,0.2668,1
7350,6714,0.2622,2
7350,14082,0.2081,3
7350,14858,0.1469,4
7350,13648,0.112,5
7350,6316,0.004,6
7351,5964,0.3365,1
7351,6264,0.3302,2
7351,5800,0.182,3
7351,7899,0.1206,4
7351,9995,0.0308,5
7352,3635,0.4501,1
7352,10120,0.3491,2
7352,9817,0.2,3
7352,8326,0.0007,4
7353,9717,0.3267,1
7353,7875,0.2074,2
7353,1719,0.1669,3
7353,9697,0.1278,4
7353,11027,0.0845,5
7353,10485,0.0693,6
7353,10803,0.0174,7
7354,6685,0.2729,1
7354,2941,0.2556,2
7354,15024,0.2264,3
7354,12729,0.1606,4
7354,6754,0.0845,5
7355,10653,0.6375,1
7355,8637,0.2884,2
7355,5609,0.0742,3
7356,8623,0.4591,1
7356,2131,0.2841,2
7356,10260,0.1347,3
7356,8044,0.122,4
7357,3344,0.793,1
7357,6625,0.1766,2
7357,1725,0.0303,3
7358,6198,0.4818,1
7358,6202,0.3373,2
7358,3395,0.1189,3
7358,3231,0.0577,4
7358,2261,0.0043,5
7359,7470,0.88,1
7359,7872,0.1089,2
7359,7740,0.0111,3
7360,4068,0.4874,1
7360,3809,0.3917,2
7360,2629,0.1209,3
7361,8954,0.8117,1
7361,6126,0.1438,2
7361,8801,0.0444,3
7362,6017,0.3651,1
7362,2270,0.2413,2
7362,9115,0.1949,3
7362,13130,0.16,4
7362,13496,0.0272,5
7362,2186,0.0115,6
7363,11465,0.5944,1
7363,15994,0.2211,2
7363,2328,0.1316,3
7363,7346,0.0529,4
7364,5122,0.9634,1
7364,3897,0.0366,2
7365,3245,0.4789,1
7365,4297,0.1902,2
7365,4027,0.1408,3
7365,7254,0.1224,4
7365,1654,0.0306,5
7365,9208,0.0245,6
7365,4176,0.0126,7
7366,2779,0.5896,1
7366,4692,0.2022,2
7366,7217,0.0569,3
7366,8940,0.0475,4
7366,9628,0.0453,5
7366,17580,0.0315,6
7366,2023,0.0271,7
7367,4351,0.4526,1
7367,6721,0.4062,2
7367,6328,0.1261,3
7367,2099,0.0151,4
7368,13048,0.4941,1
7368,10029,0.25,2
7368,17076,0.2025,3
7368,4372,0.0288,4
7368,4164,0.0247,5
7369,2653,0.6132,1
7369,16128,0.2086,2
7369,15360,0.1782,3
7370,15029,0.3622,1
7370,8574,0.3437,2
7370,12677,0.1895,3
7370,2608,0.0684,4
7370,1838,0.0237,5
7370,15360,0.0102,6
7370,9027,0.0022,7
7371,3845,0.3301,1
7371,5603,0.2346,2
7371,7981,0.21,3
7371,15557,0.1603,4
7371,13037,0.0312,5
7371,9976,0.0238,6
7371,10917,0.0099,7
7372,5138,0.5067,1
7372,7191,0.1619,2
7372,7500,0.1544,3
7372,13117,0.1135,4
7372,13046,0.032,5
7372,8903,0.0303,6
7372,12726,0.0012,7
7373,10541,0.4339,1
7373,12019,0.3168,2
7373,2280,0.1535,3
7373,15007,0.0958,4
7374,2826,0.8093,1
7374,16225,0.0981,2
7374,4223,0.0926,3
7375,6807,0.4714,1
7375,5125,0.1829,2
7375,5381,0.1731,3
7375,11031,0.1448,4
7375,3181,0.0143,5
7375,9669,0.0136,6
7376,9521,0.3822,1
7376,13218,0.2877,2
7376,1819,0.2717,3
7376,10201,0.0585,4
7377,4084,0.9555,1
7377,8703,0.0445,2
7378,14971,0.593,1
7378,10729,0.2843,2
7378,13190,0.1028,3
7378,4399,0.0199,4
7379,3653,0.2409,1
7379,1730,0.2155,2
7379,4211,0.1666,3
7379,7511,0.1533,4
7379,6574,0.134,5
7379,12441,0.0796,6
7379,5090,0.0102,7
7380,3756,0.5006,1
7380,1799,0.2419,2
7380,3063,0.1406,3
7380,2196,0.1168,4
7381,6407,0.5488,1
7381,7058,0.4512,2
7382,1867,0.6543,1
7382,7189,0.2229,2
7382,2421,0.1225,3
7382,5777,0.0003,4
7383,12725,0.8837,1
7383,8011,0.1163,2
7384,9213,1.0,1
7385,7334,0.4361,1
7385,2678,0.2826,2
7385,8057,0.2814,3
7386,16782,0.6351,1
7386,10729,0.3015,2
7386,2110,0.0227,3
7386,2183,0.0213,4
7386,17097,0.0194,5
7387,4775,0.4164,1
7387,2079,0.3422,2
7387,2159,0.1792,3
7387,10270,0.0541,4
7387,8689,0.0081,5
7388,7267,0.4559,1
7388,6556,0.2176,2
7388,10937,0.1377,3
7388,3296,0.0583,4
7388,5057,0.0573,5
7388,9028,0.0476,6
7388,7990,0.0256,7
7389,8137,0.4413,1
7389,3410,0.1848,2
7389,1983,0.1755,3
7389,6839,0.1727,4
7389,7483,0.02,5
7389,5484,0.0057,6
7390,17598,0.6639,1
7390,9078,0.2629,2
7390,3205,0.0732,3
7391,9435,0.6232,1
7391,9836,0.3379,2
7391,7317,0.0388,3
7392,10695,0.5374,1
7392,6884,0.33,2
7392,8055,0.086,3
7392,5634,0.0466,4
7393,6042,1.0,1
7394,10558,0.7483,1
7394,4805,0.1564,2
7394,5953,0.0953,3
7395,16520,0.6284,1
7395,9966,0.1842,2
7395,16783,0.145,3
7395,5984,0.0424,4
7396,7760,0.3876,1
7396,8134,0.2834,2
7396,4339,0.2701,3
7396,4451,0.0341,4
7396,2421,0.0231,5
7396,4445,0.0017,6
7397,15122,0.5021,1
7397,7720,0.262,2
7397,3888,0.2358,3
7398,5176,0.6323,1
7398,6642,0.2041,2
7398,9491,0.0756,3
7398,9595,0.0623,4
7398,3026,0.0257,5
7399,6882,0.4284,1
7399,9811,0.402,2
7399,7911,0.1071,3
7399,6096,0.0494,4
7399,1999,0.0131,5
7400,4464,1.0,1
7401,6657,0.3254,1
7401,8110,0.2529,2
7401,5545,0.2063,3
7401,6236,0.2011,4
7401,9402,0.0143,5
7402,7233,0.459,1
7402,8103,0.4191,2
7402,3356,0.1063,3
7402,4398,0.0156,4
7403,11372,0.5248,1
7403,5414,0.4752,2
7404,6073,0.6631,1
7404,11489,0.1442,2
7404,11161,0.1411,3
7404,12954,0.0375,4
7404,7748,0.0105,5
7404,7745,0.0036,6
7405,13057,0.7677,1
7405,5446,0.1714,2
7405,6524,0.0428,3
7405,6528,0.0181,4
7406,5358,0.3706,1
7406,7032,0.3464,2
7406,3692,0.09,3
7406,2752,0.0762,4
7406,5256,0.0511,5
7406,2086,0.0431,6
7406,7262,0.0226,7
7407,5155,0.7274,1
7407,3292,0.1661,2
7407,5995,0.0914,3
7407,6114,0.0151,4
7408,2377,0.5545,1
7408,1961,0.423,2
7408,1780,0.0164,3
7408,9352,0.0061,4
7409,6718,0.6742,1
7409,3805,0.1666,2
7409,2310,0.1158,3
7409,7434,0.0415,4
7409,6246,0.0019,5
7410,8154,0.2891,1
7410,6923,0.2031,2
7410,1647,0.1671,3
7410,10970,0.1345,4
7410,4527,0.0845,5
7410,4982,0.0638,6
7410,2588,0.0578,7
7411,5943,0.5764,1
7411,2065,0.2366,2
7411,4148,0.187,3
7412,3218,0.38,1
7412,6560,0.2522,2
7412,6380,0.2099,3
7412,9208,0.0828,4
7412,9692,0.0652,5
7412,6518,0.0099,6
7413,10574,0.8327,1
7413,13988,0.1225,2
7413,7688,0.0448,3
7414,12748,0.3841,1
7414,1822,0.315,2
7414,11692,0.1593,3
7414,16413,0.0721,4
7414,6173,0.0696,5
7415,9092,0.7502,1
7415,4220,0.1419,2
7415,2576,0.1079,3
7416,7784,0.3642,1
7416,2153,0.3338,2
7416,6501,0.2335,3
7416,11006,0.0685,4
7417,5582,0.3496,1
7417,3047,0.2639,2
7417,4479,0.2206,3
7417,9908,0.1163,4
7417,8772,0.0496,5
7418,7984,0.5953,1
7418,10003,0.1457,2
7418,1813,0.1155,3
7418,2678,0.0542,4
7418,4878,0.0461,5
7418,9029,0.0324,6
7418,11072,0.0109,7
7419,7310,0.5937,1
7419,3725,0.3428,2
7419,5631,0.0635,3
7420,11999,0.4129,1
7420,17047,0.3832,2
7420,2311,0.1314,3
7420,2208,0.0444,4
7420,14774,0.028,5
7421,7455,0.5705,1
7421,6961,0.3459,2
7421,10944,0.0836,3
7422,4398,0.4193,1
7422,8947,0.3383,2
7422,5160,0.139,3
7422,7872,0.0888,4
7422,5576,0.0125,5
7422,2195,0.0022,6
7423,3705,0.8027,1
7423,5956,0.1444,2
7423,2924,0.0403,3
7423,6147,0.0109,4
7423,9860,0.0018,5
7424,2750,0.882,1
7424,7114,0.0812,2
7424,7478,0.0233,3
7424,16504,0.0094,4
7424,8251,0.0041,5
7425,12347,1.0,1
7426,10770,0.4957,1
7426,10630,0.464,2
7426,5980,0.0402,3
7427,6807,0.376,1
7427,9375,0.2113,2
7427,9859,0.1542,3
7427,4921,0.1412,4
7427,8364,0.078,5
7427,2582,0.0394,6
7428,6182,0.3839,1
7428,8043,0.3563,2
7428,7517,0.1027,3
7428,4009,0.0733,4
7428,3118,0.0364,5
7428,6444,0.0293,6
7428,3285,0.018,7
7429,14058,0.3858,1
7429,3125,0.2299,2
7429,11259,0.2114,3
7429,6936,0.0764,4
7429,7426,0.0594,5
7429,11706,0.0205,6
7429,4251,0.0164,7
7430,12057,0.3128,1
7430,5626,0.2636,2
7430,14040,0.2002,3
7430,13241,0.0766,4
7430,9355,0.0739,5
7430,12096,0.0592,6
7430,9083,0.0137,7
7431,5981,0.4139,1
7431,9000,0.3245,2
7431,8021,0.1563,3
7431,9808,0.1053,4
7432,1663,0.4816,1
7432,15435,0.2031,2
7432,1855,0.1854,3
7432,2548,0.0901,4
7432,2300,0.0398,5
7433,8277,0.5068,1
7433,7247,0.4807,2
7433,7022,0.0124,3
7433,5528,0.0,4
7434,10210,0.5053,1
7434,7105,0.275,2
7434,6678,0.2197,3
7435,14288,0.6044,1
7435,4471,0.3266,2
7435,15805,0.069,3
7436,1792,0.3024,1
7436,17416,0.2722,2
7436,17063,0.2024,3
7436,16369,0.184,4
7436,9867,0.0351,5
7436,7130,0.0039,6
7437,1875,0.6106,1
7437,13830,0.1785,2
7437,7129,0.0882,3
7437,2869,0.051,4
7437,7269,0.0376,5
7437,16361,0.0341,6
7438,3780,0.3413,1
7438,8880,0.2856,2
7438,8578,0.239,3
7438,14996,0.1227,4
7438,5638,0.0115,5
7439,13015,0.4195,1
7439,7184,0.3182,2
7439,15503,0.2227,3
7439,15724,0.0395,4
7440,4978,0.4733,1
7440,4795,0.2643,2
7440,5220,0.102,3
7440,16170,0.0964,4
7440,8295,0.064,5
7441,14728,0.6857,1
7441,4000,0.2094,2
7441,14054,0.0667,3
7441,4876,0.0381,4
7442,9613,0.4276,1
7442,10830,0.4174,2
7442,7413,0.0843,3
7442,7976,0.0409,4
7442,1726,0.0299,5
7443,5408,0.6642,1
7443,7671,0.1877,2
7443,11855,0.1481,3
7444,2651,0.3203,1
7444,4896,0.2366,2
7444,7082,0.2204,3
7444,4148,0.1339,4
7444,4923,0.0526,5
7444,9654,0.0362,6
7445,10222,0.3977,1
7445,6352,0.324,2
7445,5715,0.2783,3
7446,7638,0.7394,1
7446,7689,0.1269,2
7446,2891,0.1003,3
7446,9225,0.0335,4
7447,16245,0.7471,1
7447,10739,0.0972,2
7447,3852,0.0699,3
7447,17554,0.0556,4
7447,6692,0.0303,5
7448,15761,0.4792,1
7448,3611,0.3161,2
7448,13154,0.1101,3
7448,6540,0.0945,4
7449,10448,0.4876,1
7449,13725,0.201,2
7449,13516,0.1607,3
7449,4510,0.0826,4
7449,13981,0.0569,5
7449,1903,0.0112,6
7450,11990,0.3855,1
7450,6440,0.3819,2
7450,7739,0.1229,3
7450,16637,0.0689,4
7450,12881,0.0247,5
7450,7146,0.0162,6
7451,3607,0.4035,1
7451,15251,0.2753,2
7451,14606,0.1392,3
7451,8567,0.1024,4
7451,12350,0.0452,5
7451,2750,0.0344,6
7452,9972,0.5349,1
7452,1637,0.2583,2
7452,3406,0.0933,3
7452,10120,0.0438,4
7452,10018,0.043,5
7452,4078,0.0136,6
7452,9818,0.013,7
7453,3791,0.6298,1
7453,5506,0.3532,2
7453,3763,0.017,3
7454,3999,0.4593,1
7454,11277,0.3029,2
7454,14692,0.1189,3
7454,15918,0.086,4
7454,12818,0.027,5
7454,12624,0.006,6
7455,4249,0.5108,1
7455,3826,0.2372,2
7455,2852,0.1013,3
7455,9269,0.0763,4
7455,6117,0.0451,5
7455,4240,0.0293,6
7456,13670,0.4695,1
7456,9657,0.4387,2
7456,3823,0.0918,3
7457,10424,0.509,1
7457,9316,0.4319,2
7457,9378,0.0205,3
7457,4204,0.0144,4
7457,9863,0.0137,5
7457,6212,0.0107,6
7458,8193,0.3516,1
7458,8676,0.2553,2
7458,2813,0.203,3
7458,3098,0.1202,4
7458,11310,0.0699,5
7459,4817,0.5767,1
7459,14272,0.1908,2
7459,11508,0.1483,3
7459,5624,0.0559,4
7459,7222,0.0149,5
7459,5555,0.0134,6
7460,3969,0.7128,1
7460,8562,0.2743,2
7460,5623,0.0094,3
7460,6172,0.0035,4
7461,4425,0.3776,1
7461,6479,0.224,2
7461,16443,0.1745,3
7461,2804,0.1532,4
7461,2677,0.0707,5
7462,5954,0.5592,1
7462,10895,0.269,2
7462,10347,0.1079,3
7462,15810,0.036,4
7462,16092,0.028,5
7463,3173,0.6198,1
7463,5397,0.2203,2
7463,5245,0.1599,3
7464,7774,0.5111,1
7464,5185,0.2272,2
7464,6905,0.1387,3
7464,7254,0.1163,4
7464,7084,0.0067,5
7465,2295,0.6236,1
7465,5621,0.1436,2
7465,4034,0.1111,3
7465,17127,0.0751,4
7465,9111,0.0465,5
7466,3417,0.4588,1
7466,8859,0.4105,2
7466,10380,0.1162,3
7466,3667,0.0145,4
7467,17289,0.4563,1
7467,5998,0.1954,2
7467,3478,0.1208,3
7467,2818,0.0954,4
7467,14815,0.0681,5
7467,11060,0.0607,6
7467,1685,0.0033,7
7468,5164,0.6848,1
7468,15156,0.2262,2
7468,10600,0.089,3
7469,5828,0.5643,1
7469,2875,0.2077,2
7469,8399,0.156,3
7469,3159,0.0721,4
7470,6196,0.2657,1
7470,1866,0.2375,2
7470,8452,0.2023,3
7470,7879,0.184,4
7470,10060,0.0838,5
7470,4622,0.0172,6
7470,4988,0.0095,7
7471,1751,0.3842,1
7471,7404,0.1937,2
7471,5186,0.1627,3
7471,7978,0.1035,4
7471,3883,0.0729,5
7471,3825,0.0591,6
7471,9380,0.0239,7
7472,8909,0.5095,1
7472,7390,0.245,2
7472,15637,0.0998,3
7472,2239,0.0808,4
7472,16388,0.0648,5
7473,4483,1.0,1
7474,4226,0.5319,1
7474,9472,0.3866,2
7474,2989,0.0673,3
7474,6769,0.0136,4
7474,10574,0.0008,5
7475,10383,0.2639,1
7475,10231,0.226,2
7475,7086,0.2015,3
7475,10889,0.1527,4
7475,10979,0.106,5
7475,15776,0.0499,6
7476,2925,0.4433,1
7476,9585,0.3455,2
7476,2772,0.2112,3
7477,1662,0.297,1
7477,11060,0.1969,2
7477,17433,0.1921,3
7477,4456,0.1083,4
7477,4144,0.1035,5
7477,17452,0.1022,6
7478,10712,0.4775,1
7478,5565,0.3921,2
7478,5800,0.0979,3
7478,4948,0.0326,4
7479,5826,0.6997,1
7479,10465,0.2966,2
7479,13816,0.0037,3
7480,6778,0.4969,1
7480,12990,0.2566,2
7480,1714,0.172,3
7480,12060,0.0562,4
7480,9300,0.0157,5
7480,15440,0.0027,6
7481,9123,0.4323,1
7481,5738,0.2165,2
7481,9638,0.1803,3
7481,4311,0.093,4
7481,3036,0.0744,5
7481,3829,0.0036,6
7482,12795,0.5199,1
7482,2175,0.3496,2
7482,3254,0.1305,3
7483,3900,0.8229,1
7483,5388,0.1771,2
7484,9527,0.8486,1
7484,7102,0.1266,2
7484,8330,0.0248,3
7485,2966,1.0,1
7486,11125,0.2785,1
7486,9861,0.25,2
7486,9389,0.2057,3
7486,8757,0.201,4
7486,6419,0.0491,5
7486,6562,0.0156,6
7487,3099,0.5826,1
7487,3196,0.2517,2
7487,2057,0.0872,3
7487,1867,0.0579,4
7487,5861,0.0098,5
7487,10713,0.0067,6
7487,9382,0.0041,7
7488,5084,0.5066,1
7488,9876,0.4362,2
7488,9399,0.0465,3
7488,8066,0.0106,4
7489,5566,0.7775,1
7489,9100,0.2225,2
7490,17092,0.6511,1
7490,13610,0.2806,2
7490,12185,0.0371,3
7490,10256,0.031,4
7490,13723,0.0002,5
7491,12290,0.4152,1
7491,7277,0.2218,2
7491,1817,0.1765,3
7491,9753,0.1694,4
7491,7175,0.0171,5
7492,5150,0.3787,1
7492,3314,0.2035,2
7492,10419,0.1441,3
7492,3887,0.1135,4
7492,5932,0.0938,5
7492,9800,0.0664,6
7493,3834,0.559,1
7493,12855,0.2918,2
7493,2975,0.1378,3
7493,5190,0.0115,4
7494,6508,0.901,1
7494,3095,0.0528,2
7494,10137,0.0463,3
7495,4481,0.3678,1
7495,3692,0.3143,2
7495,1889,0.3076,3
7495,6070,0.0103,4
7496,5478,0.6279,1
7496,6272,0.1414,2
7496,9945,0.0767,3
7496,14227,0.0662,4
7496,7972,0.0625,5
7496,3177,0.0253,6
7497,9823,0.3019,1
7497,10577,0.2664,2
7497,4655,0.2295,3
7497,9443,0.0864,4
7497,5338,0.0447,5
7497,5591,0.0366,6
7497,10226,0.0346,7
7498,10420,0.4831,1
7498,14606,0.4012,2
7498,15389,0.1157,3
7499,4582,0.6922,1
7499,2127,0.2124,2
7499,13777,0.0953,3
7500,4344,0.5348,1
7500,3738,0.3998,2
7500,10332,0.0654,3
7501,4412,0.4496,1
7501,1722,0.3329,2
7501,13954,0.1714,3
7501,6263,0.0338,4
7501,2030,0.011,5
7501,4454,0.0012,6
7502,2457,0.6992,1
7502,5026,0.152,2
7502,7427,0.1403,3
7502,6739,0.0071,4
7502,9408,0.0014,5
7503,17135,0.4777,1
7503,5720,0.3889,2
7503,7688,0.1335,3
7504,7122,0.6389,1
7504,5601,0.2663,2
7504,13825,0.0948,3
7505,9891,0.7858,1
7505,4015,0.1778,2
7505,3700,0.0364,3
7506,12791,0.6035,1
7506,1696,0.3104,2
7506,1666,0.0861,3
7507,7902,0.3201,1
7507,6009,0.2895,2
7507,3257,0.2022,3
7507,7060,0.0842,4
7507,9994,0.0514,5
7507,8109,0.0495,6
7507,8793,0.003,7
7508,1761,0.5306,1
7508,10352,0.2158,2
7508,11283,0.1518,3
7508,3625,0.0488,4
7508,8622,0.0327,5
7508,1666,0.0202,6
7509,15671,0.7442,1
7509,13117,0.1873,2
7509,7724,0.0685,3
7510,5970,0.4197,1
7510,11318,0.3015,2
7510,2615,0.1669,3
7510,6616,0.1118,4
7511,8998,0.4457,1
7511,6287,0.3407,2
7511,5995,0.1794,3
7511,6451,0.0343,4
7512,4289,0.6457,1
7512,17503,0.1826,2
7512,8340,0.0812,3
7512,10147,0.0789,4
7512,2822,0.0116,5
7513,10381,0.4324,1
7513,14799,0.3677,2
7513,6906,0.2,3
7514,3111,0.3512,1
7514,6911,0.2827,2
7514,8739,0.2323,3
7514,9386,0.1016,4
7514,6008,0.0204,5
7514,6741,0.0117,6
7515,4095,0.3866,1
7515,5231,0.3129,2
7515,10814,0.1898,3
7515,2343,0.0902,4
7515,5474,0.0204,5
7516,8789,0.2833,1
7516,16666,0.2289,2
7516,6707,0.2125,3
7516,10651,0.1321,4
7516,5475,0.0582,5
7516,2290,0.0442,6
7516,13440,0.0408,7
7517,14352,0.5772,1
7517,5885,0.3635,2
7517,9221,0.0593,3
7518,1981,0.3969,1
7518,13955,0.231,2
7518,3540,0.1991,3
7518,5541,0.1319,4
7518,5783,0.0394,5
7518,6455,0.0017,6
7519,5312,0.474,1
7519,5711,0.2697,2
7519,9181,0.1155,3
7519,4698,0.0767,4
7519,2798,0.0641,5
7520,13542,0.8471,1
7520,4636,0.058,2
7520,3897,0.049,3
7520,14171,0.0459,4
7521,4051,0.7883,1
7521,5189,0.1738,2
7521,5211,0.0379,3
7522,3293,0.3976,1
7522,6117,0.3628,2
7522,1867,0.1892,3
7522,7444,0.0376,4
7522,3957,0.0128,5
7523,3253,0.4822,1
7523,3353,0.4716,2
7523,4237,0.0462,3
7524,8952,0.4356,1
7524,3712,0.2498,2
7524,6723,0.1423,3
7524,8880,0.0962,4
7524,5555,0.0409,5
7524,7322,0.0351,6
7525,8379,0.297,1
7525,2128,0.2656,2
7525,8644,0.252,3
7525,4694,0.0983,4
7525,1677,0.0725,5
7525,4592,0.0141,6
7525,11033,0.0005,7
7526,11007,0.7566,1
7526,7725,0.2379,2
7526,14087,0.0054,3
7527,9152,0.4304,1
7527,6806,0.2459,2
7527,5769,0.1538,3
7527,8096,0.132,4
7527,8610,0.0379,5
7528,5817,0.4018,1
7528,3408,0.3978,2
7528,17356,0.1265,3
7528,16525,0.0667,4
7528,6069,0.0072,5
7529,15094,0.4101,1
7529,10024,0.308,2
7529,14674,0.149,3
7529,10198,0.1103,4
7529,17610,0.0226,5
7530,10793,0.4746,1
7530,9790,0.3019,2
7530,3379,0.1612,3
7530,17191,0.0623,4
7531,5191,0.4612,1
7531,3729,0.2643,2
7531,6695,0.1518,3
7531,7637,0.0943,4
7531,13475,0.0155,5
7531,9619,0.007,6
7531,14442,0.0059,7
7532,8675,0.4017,1
7532,8140,0.3663,2
7532,1802,0.2321,3
7533,12246,0.4482,1
7533,4978,0.2916,2
7533,6909,0.2601,3
7534,8772,0.7443,1
7534,2485,0.1106,2
7534,10240,0.0694,3
7534,3859,0.0623,4
7534,5683,0.0075,5
7534,9042,0.0059,6
7535,4950,0.6137,1
7535,1878,0.21,2
7535,5329,0.1007,3
7535,11210,0.0667,4
7535,7708,0.0089,5
7536,17188,0.6905,1
7536,6753,0.1714,2
7536,12888,0.1344,3
7536,2184,0.0038,4
7537,11230,0.7662,1
7537,5426,0.1848,2
7537,5299,0.0491,3
7538,7044,0.5285,1
7538,10123,0.2253,2
7538,3620,0.1215,3
7538,16931,0.0785,4
7538,15504,0.0345,5
7538,10591,0.0062,6
7538,5851,0.0055,7
7539,10800,0.8341,1
7539,13333,0.1299,2
7539,13007,0.036,3
7540,14632,0.8463,1
7540,9354,0.1248,2
7540,9777,0.0282,3
7540,11652,0.0007,4
7541,9871,0.3523,1
7541,4187,0.1838,2
7541,6615,0.1771,3
7541,3413,0.1716,4
7541,5853,0.112,5
7541,7212,0.0032,6
7542,7908,0.6965,1
7542,12730,0.152,2
7542,11612,0.0821,3
7542,10448,0.0587,4
7542,8287,0.0106,5
7543,13347,0.5481,1
7543,9826,0.321,2
7543,14403,0.0915,3
7543,16931,0.0394,4
7544,13146,0.5601,1
7544,5638,0.3431,2
7544,6356,0.0753,3
7544,7017,0.0215,4
7545,9905,0.5109,1
7545,4411,0.4149,2
7545,10252,0.0742,3
7546,9476,0.5649,1
7546,2955,0.231,2
7546,10087,0.2041,3
7547,14935,0.6673,1
7547,7787,0.1167,2
7547,6680,0.0971,3
7547,10086,0.076,4
7547,10531,0.0429,5
7548,2929,0.3867,1
7548,8078,0.2523,2
7548,5734,0.2132,3
7548,8141,0.0892,4
7548,5782,0.0586,5
7549,4562,0.5338,1
7549,4335,0.24,2
7549,10472,0.1158,3
7549,7233,0.0985,4
7549,6760,0.0119,5
7550,5401,0.5914,1
7550,4978,0.2276,2
7550,10350,0.1253,3
7550,12246,0.0557,4
7551,4185,0.7391,1
7551,4601,0.15,2
7551,4392,0.0794,3
7551,9341,0.0315,4
7552,10653,0.9395,1
7552,6292,0.0605,2
7553,8913,0.4585,1
7553,10503,0.1294,2
7553,2667,0.1123,3
7553,10955,0.1111,4
7553,13492,0.0787,5
7553,10105,0.0763,6
7553,2609,0.0338,7
7554,5980,0.5216,1
7554,9099,0.3604,2
7554,11031,0.0664,3
7554,4225,0.0516,4
7555,5877,0.3603,1
7555,7485,0.3438,2
7555,4349,0.2941,3
7555,3186,0.0019,4
7556,16918,0.3494,1
7556,13221,0.3144,2
7556,16975,0.1782,3
7556,17024,0.0868,4
7556,11757,0.0374,5
7556,2640,0.0216,6
7556,9980,0.0121,7
7557,4541,0.5587,1
7557,4583,0.2037,2
7557,13099,0.124,3
7557,14012,0.0662,4
7557,10876,0.0296,5
7557,13251,0.0178,6
7558,4834,0.5085,1
7558,3833,0.4283,2
7558,13236,0.0327,3
7558,5631,0.0306,4
7559,17450,0.2905,1
7559,9044,0.2171,2
7559,17074,0.1776,3
7559,17527,0.1068,4
7559,2889,0.1011,5
7559,6190,0.0989,6
7559,5594,0.0081,7
7560,15941,1.0,1
7561,9772,0.3866,1
7561,3805,0.3042,2
7561,10035,0.1548,3
7561,3293,0.0607,4
7561,12544,0.0548,5
7561,12533,0.0283,6
7561,16474,0.0105,7
7562,9082,0.375,1
7562,10711,0.2312,2
7562,7822,0.1693,3
7562,3463,0.0985,4
7562,10770,0.0829,5
7562,2476,0.0431,6
7563,15738,0.6407,1
7563,9521,0.1932,2
7563,3876,0.122,3
7563,17571,0.0441,4
7564,4908,0.5063,1
7564,7261,0.19,2
7564,4758,0.1547,3
7564,7687,0.0778,4
7564,6787,0.0712,5
7565,17173,0.249,1
7565,6808,0.2438,2
7565,4040,0.2155,3
7565,8667,0.1573,4
7565,11384,0.088,5
7565,14249,0.0391,6
7565,2314,0.0073,7
7566,15189,0.3195,1
7566,5378,0.2538,2
7566,9826,0.2182,3
7566,6266,0.0897,4
7566,4967,0.0813,5
7566,17391,0.0376,6
7567,3102,0.6912,1
7567,10178,0.1685,2
7567,2601,0.1224,3
7567,8390,0.0168,4
7567,2349,0.0011,5
7568,3463,0.3662,1
7568,2620,0.2759,2
7568,7741,0.2476,3
7568,4352,0.1103,4
7569,7531,1.0,1
7570,10449,0.5414,1
7570,9744,0.2401,2
7570,7985,0.2185,3
7571,8348,0.4706,1
7571,15423,0.359,2
7571,16083,0.1274,3
7571,5047,0.034,4
7571,4010,0.0089,5
7572,2639,0.9709,1
7572,13423,0.0291,2
7573,11219,0.4767,1
7573,5450,0.4086,2
7573,9601,0.0513,3
7573,10677,0.0358,4
7573,2588,0.0168,5
7573,7423,0.0108,6
7574,3293,0.4014,1
7574,2921,0.397,2
7574,3421,0.1263,3
7574,14514,0.0371,4
7574,9598,0.034,5
7574,11279,0.0037,6
7574,8742,0.0005,7
7575,5029,0.3333,1
7575,6096,0.2854,2
7575,1959,0.1499,3
7575,10435,0.1333,4
7575,7518,0.0515,5
7575,11172,0.0467,6
7576,17598,0.4483,1
7576,5519,0.3626,2
7576,7926,0.0733,3
7576,2147,0.0684,4
7576,7695,0.0293,5
7576,4439,0.0158,6
7576,14643,0.0022,7
7577,7014,0.4596,1
7577,5187,0.3049,2
7577,8867,0.146,3
7577,1723,0.0571,4
7577,10297,0.0324,5
7578,5976,0.5142,1
7578,4448,0.2008,2
7578,3806,0.1559,3
7578,5382,0.0879,4
7578,9852,0.0413,5
7579,9914,0.2788,1
7579,12192,0.2571,2
7579,11907,0.2291,3
7579,2202,0.1356,4
7579,9283,0.0995,5
7580,8028,0.4964,1
7580,4883,0.381,2
7580,2459,0.1225,3
7581,3393,0.5327,1
7581,2745,0.2759,2
7581,3687,0.1661,3
7581,7960,0.0253,4
7582,8695,0.7971,1
7582,11165,0.1627,2
7582,9494,0.0401,3
7583,9325,0.3777,1
7583,3707,0.3398,2
7583,10814,0.0672,3
7583,10837,0.0666,4
7583,4292,0.0652,5
7583,9570,0.0471,6
7583,9553,0.0363,7
7584,2697,0.385,1
7584,6634,0.3537,2
7584,7485,0.1453,3
7584,3489,0.0751,4
7584,4483,0.0403,5
7584,6664,0.0004,6
7584,1806,0.0003,7
7585,3265,0.5014,1
7585,3433,0.2546,2
7585,8304,0.1647,3
7585,4839,0.0494,4
7585,10360,0.0255,5
7585,10352,0.0045,6
7586,2705,0.4939,1
7586,1961,0.3221,2
7586,8539,0.0835,3
7586,8301,0.0655,4
7586,5183,0.035,5
7587,7975,0.4828,1
7587,4240,0.4247,2
7587,6826,0.0521,3
7587,14876,0.0404,4
7588,6031,0.9032,1
7588,7345,0.0834,2
7588,2284,0.0134,3
7589,4480,0.5938,1
7589,7711,0.1705,2
7589,4841,0.1668,3
7589,10017,0.0533,4
7589,3292,0.0157,5
7590,9089,0.3156,1
7590,3765,0.3155,2
7590,3128,0.1755,3
7590,4014,0.0633,4
7590,9264,0.0534,5
7590,10725,0.0406,6
7590,8696,0.0361,7
7591,12290,0.7527,1
7591,16559,0.1536,2
7591,15607,0.0672,3
7591,12911,0.014,4
7591,4850,0.0125,5
7592,5464,0.4656,1
7592,6441,0.3214,2
7592,6779,0.1041,3
7592,5626,0.0634,4
7592,9654,0.0407,5
7592,17149,0.0049,6
7593,5841,0.5243,1
7593,9996,0.2898,2
7593,13826,0.1084,3
7593,5971,0.0775,4
7594,17105,0.72,1
7594,4900,0.1404,2
7594,15714,0.1226,3
7594,4316,0.017,4
7595,8096,0.3546,1
7595,6860,0.3449,2
7595,8797,0.2683,3
7595,5510,0.0232,4
7595,4749,0.0091,5
7596,5895,0.7527,1
7596,8248,0.2177,2
7596,3620,0.0173,3
7596,16361,0.0123,4
7597,6887,0.5343,1
7597,10837,0.2421,2
7597,8569,0.2235,3
7598,7084,0.5878,1
7598,6468,0.3983,2
7598,4168,0.0108,3
7598,6331,0.0031,4
7599,7376,0.5444,1
7599,2411,0.2487,2
7599,5521,0.2068,3
7600,3271,0.6649,1
7600,2079,0.2462,2
7600,11095,0.0589,3
7600,15079,0.03,4
7601,16666,0.4234,1
7601,14463,0.3478,2
7601,14975,0.2288,3
7602,8523,0.539,1
7602,9092,0.3352,2
7602,10241,0.0711,3
7602,2592,0.0547,4
7603,12330,0.5213,1
7603,6911,0.2361,2
7603,5479,0.161,3
7603,11950,0.0404,4
7603,11476,0.0352,5
7603,16645,0.0061,6
7604,5626,0.5406,1
7604,5312,0.2928,2
7604,16383,0.1053,3
7604,10370,0.0612,4
7605,1748,0.3231,1
7605,2086,0.2929,2
7605,8953,0.2212,3
7605,7358,0.1169,4
7605,8178,0.0459,5
7606,2769,0.3887,1
7606,4728,0.321,2
7606,10552,0.1994,3
7606,13304,0.0571,4
7606,5075,0.023,5
7606,7392,0.0107,6
7606,14438,0.0002,7
7607,4864,0.5997,1
7607,1639,0.2895,2
7607,3847,0.0895,3
7607,2336,0.0189,4
7607,5734,0.0016,5
7607,7878,0.0005,6
7607,2080,0.0003,7
7608,6283,0.6264,1
7608,3136,0.3559,2
7608,7366,0.0178,3
7609,14546,0.5282,1
7609,8921,0.3902,2
7609,14463,0.0367,3
7609,5515,0.0307,4
7609,16735,0.0141,5
7610,2663,0.3094,1
7610,2002,0.2476,2
7610,4063,0.1487,3
7610,4102,0.1147,4
7610,3790,0.1085,5
7610,12164,0.0711,6
7611,4526,0.3475,1
7611,6359,0.2665,2
7611,3308,0.1619,3
7611,7692,0.116,4
7611,10127,0.0807,5
7611,9534,0.0137,6
7611,11686,0.0136,7
7612,8049,0.7182,1
7612,3628,0.2208,2
7612,3351,0.061,3
7613,5472,0.5764,1
7613,3013,0.3478,2
7613,8339,0.037,3
7613,8178,0.032,4
7613,10003,0.0067,5
7614,5081,0.2583,1
7614,2961,0.2523,2
7614,9941,0.2294,3
7614,7140,0.1254,4
7614,6467,0.1005,5
7614,11230,0.0177,6
7614,4967,0.0163,7
7615,2535,0.6896,1
7615,6227,0.1371,2
7615,10561,0.1066,3
7615,7638,0.0459,4
7615,7164,0.0208,5
7616,9699,0.3152,1
7616,9776,0.2118,2
7616,10097,0.2109,3
7616,10849,0.1636,4
7616,9258,0.0603,5
7616,6965,0.0305,6
7616,6483,0.0076,7
7617,9519,0.8471,1
7617,2093,0.1379,2
7617,3279,0.015,3
7618,4772,0.438,1
7618,9619,0.238,2
7618,9121,0.0946,3
7618,16421,0.0903,4
7618,6099,0.0774,5
7618,3402,0.0508,6
7618,8635,0.011,7
7619,8549,0.8639,1
7619,8101,0.0806,2
7619,4867,0.0555,3
7620,10103,0.558,1
7620,8322,0.273,2
7620,15056,0.1144,3
7620,11919,0.0289,4
7620,7509,0.0191,5
7620,15776,0.0066,6
7621,13223,0.4506,1
7621,17218,0.2415,2
7621,9085,0.21,3
7621,10382,0.076,4
7621,7795,0.0219,5
7622,6028,0.3531,1
7622,2232,0.32,2
7622,15455,0.1882,3
7622,11485,0.0921,4
7622,17216,0.0466,5
7623,9093,0.6818,1
7623,8172,0.2526,2
7623,6987,0.065,3
7623,1656,0.0006,4
7624,14840,0.3941,1
7624,8495,0.2974,2
7624,13739,0.2533,3
7624,2565,0.0552,4
7625,5049,0.4539,1
7625,6649,0.295,2
7625,1658,0.1461,3
7625,4134,0.087,4
7625,8996,0.0159,5
7625,10193,0.002,6
7626,2811,0.9174,1
7626,2727,0.0826,2
7627,8499,0.3256,1
7627,6883,0.3214,2
7627,10335,0.1806,3
7627,12908,0.122,4
7627,13031,0.0334,5
7627,11719,0.0171,6
7628,7343,0.6169,1
7628,3147,0.2989,2
7628,6344,0.0842,3
7629,4757,0.4384,1
7629,7063,0.4202,2
7629,7366,0.1414,3
7630,3478,0.3008,1
7630,7080,0.2551,2
7630,7852,0.2419,3
7630,4644,0.2014,4
7630,13233,0.0007,5
7631,7369,0.6813,1
7631,9716,0.2563,2
7631,10146,0.0624,3
7632,1836,0.7718,1
7632,6255,0.1949,2
7632,9086,0.0333,3
7633,7101,0.5106,1
7633,9111,0.2533,2
7633,7678,0.1104,3
7633,7905,0.0828,4
7633,7544,0.0272,5
7633,2227,0.0112,6
7633,17566,0.0045,7
7634,15293,0.5617,1
7634,14341,0.1993,2
7634,9083,0.1314,3
7634,16536,0.0892,4
7634,9825,0.0184,5
7635,9363,0.4089,1
7635,3671,0.2835,2
7635,6972,0.2506,3
7635,5717,0.0382,4
7635,3469,0.0188,5
7636,10317,0.36,1
7636,3212,0.3051,2
7636,15330,0.2306,3
7636,3675,0.1,4
7636,4316,0.0042,5
7637,15168,0.4454,1
7637,3666,0.4145,2
7637,6200,0.0895,3
7637,7515,0.0506,4
7638,3565,0.7394,1
7638,2436,0.2205,2
7638,12417,0.0401,3
7639,1785,0.4547,1
7639,4292,0.28,2
7639,3971,0.2653,3
7640,15249,0.5744,1
7640,9743,0.2462,2
7640,6357,0.0797,3
7640,10601,0.0596,4
7640,13251,0.0265,5
7640,6673,0.0135,6
7641,5714,0.6255,1
7641,9753,0.3227,2
7641,4104,0.0517,3
7642,14858,0.4073,1
7642,1902,0.3072,2
7642,13039,0.1842,3
7642,6972,0.0517,4
7642,5958,0.0496,5
7643,3839,0.8601,1
7643,6485,0.0777,2
7643,3988,0.0299,3
7643,3248,0.0174,4
7643,5750,0.015,5
7644,14557,0.5492,1
7644,5745,0.2402,2
7644,8288,0.1346,3
7644,12428,0.0761,4
7645,4055,0.4353,1
7645,4933,0.2424,2
7645,3691,0.1987,3
7645,13779,0.1233,4
7645,6961,0.0004,5
7646,16457,0.4097,1
7646,17414,0.2733,2
7646,1855,0.1513,3
7646,11243,0.0828,4
7646,2869,0.0712,5
7646,11466,0.0116,6
7647,13141,0.2993,1
7647,12408,0.2731,2
7647,10843,0.2139,3
7647,7431,0.0962,4
7647,17622,0.0798,5
7647,7459,0.0295,6
7647,6070,0.0082,7
7648,6246,0.5476,1
7648,14008,0.2516,2
7648,3977,0.2008,3
7649,4927,0.4815,1
7649,6012,0.3624,2
7649,10469,0.1272,3
7649,9804,0.029,4
7650,7977,0.4631,1
7650,8518,0.1761,2
7650,15903,0.1576,3
7650,14514,0.0913,4
7650,13823,0.0796,5
7650,15227,0.0297,6
7650,8472,0.0025,7
7651,12506,0.5241,1
7651,14820,0.4301,2
7651,9006,0.0418,3
7651,16690,0.004,4
7652,13859,0.3981,1
7652,14470,0.3956,2
7652,8437,0.2063,3
7653,7539,0.5268,1
7653,10417,0.237,2
7653,5047,0.1325,3
7653,11149,0.0877,4
7653,2594,0.016,5
7654,10390,0.4569,1
7654,15092,0.4267,2
7654,7095,0.1164,3
7655,13870,0.6759,1
7655,4872,0.209,2
7655,10355,0.0856,3
7655,6269,0.0295,4
7656,9099,0.711,1
7656,8764,0.0824,2
7656,10868,0.0708,3
7656,8471,0.0567,4
7656,10824,0.0486,5
7656,5575,0.0305,6
7657,2216,0.282,1
7657,1744,0.2358,2
7657,17371,0.1863,3
7657,5640,0.1471,4
7657,3430,0.1094,5
7657,6774,0.0227,6
7657,2681,0.0166,7
7658,12336,0.4181,1
7658,3543,0.2061,2
7658,14940,0.152,3
7658,14861,0.1305,4
7658,3316,0.0543,5
7658,12308,0.0216,6
7658,8643,0.0175,7
7659,8751,0.7426,1
7659,7583,0.227,2
7659,8824,0.0304,3
7660,3728,0.6446,1
7660,17237,0.1568,2
7660,6148,0.0776,3
7660,7935,0.0768,4
7660,4759,0.0442,5
7661,9092,1.0,1
7662,4916,0.4508,1
7662,9182,0.2766,2
7662,3751,0.0655,3
7662,7319,0.0654,4
7662,2824,0.0573,5
7662,3328,0.0553,6
7662,4380,0.029,7
7663,6984,0.6261,1
7663,5148,0.2808,2
7663,6754,0.0679,3
7663,7548,0.0209,4
7663,3912,0.0044,5
7664,5793,0.431,1
7664,11857,0.2982,2
7664,9868,0.1811,3
7664,13137,0.0897,4
7665,5933,0.5439,1
7665,2764,0.2878,2
7665,6342,0.0883,3
7665,3341,0.08,4
7666,13755,0.3786,1
7666,2895,0.2964,2
7666,15401,0.1637,3
7666,13662,0.0749,4
7666,10420,0.0545,5
7666,16471,0.0319,6
7667,7230,0.5113,1
7667,7057,0.1822,2
7667,10653,0.1103,3
7667,11502,0.0724,4
7667,3978,0.0659,5
7667,2001,0.058,6
7668,8508,0.4991,1
7668,7498,0.3234,2
7668,3108,0.1775,3
7669,2542,0.5094,1
7669,8486,0.2736,2
7669,9154,0.217,3
7670,7107,0.3795,1
7670,9513,0.3157,2
7670,3320,0.3047,3
7671,6913,0.5564,1
7671,7305,0.2883,2
7671,7042,0.1367,3
7671,3615,0.0187,4
7672,3025,0.4175,1
7672,3551,0.3661,2
7672,4714,0.121,3
7672,3837,0.0525,4
7672,4643,0.0429,5
7673,13207,0.3749,1
7673,7775,0.3354,2
7673,10648,0.2623,3
7673,15178,0.0274,4
7674,6687,0.4072,1
7674,12366,0.2485,2
7674,17277,0.2477,3
7674,10595,0.0927,4
7674,8582,0.0039,5
7675,4371,0.5022,1
7675,6475,0.1665,2
7675,16509,0.163,3
7675,4382,0.1159,4
7675,2501,0.0523,5
7676,7729,0.3361,1
7676,6052,0.278,2
7676,7242,0.2304,3
7676,3269,0.1406,4
7676,3195,0.0149,5
7677,12150,0.3924,1
7677,14034,0.2222,2
7677,15085,0.1299,3
7677,4602,0.1064,4
7677,7031,0.0779,5
7677,16169,0.0712,6
7678,8151,0.5066,1
7678,1866,0.4934,2
7679,5944,0.6351,1
7679,4879,0.1908,2
7679,6570,0.174,3
7680,14581,0.7717,1
7680,14586,0.2036,2
7680,12717,0.0247,3
7681,15446,0.4698,1
7681,5451,0.3166,2
7681,15640,0.1476,3
7681,9141,0.066,4
7682,2674,0.4418,1
7682,9726,0.318,2
7682,11008,0.1527,3
7682,5569,0.0876,4
7683,2426,0.6586,1
7683,2062,0.316,2
7683,3210,0.014,3
7683,17080,0.0113,4
7684,13500,0.7317,1
7684,6580,0.2431,2
7684,14345,0.0252,3
7685,7044,0.3778,1
7685,6892,0.3179,2
7685,9310,0.2507,3
7685,6943,0.0535,4
7686,14492,0.3436,1
7686,2045,0.2427,2
7686,10920,0.2286,3
7686,10533,0.1558,4
7686,16590,0.0111,5
7686,3831,0.0098,6
7686,7370,0.0084,7
7687,10205,0.3083,1
7687,11115,0.2719,2
7687,7905,0.2132,3
7687,15818,0.1823,4
7687,11516,0.0242,5
7688,7522,0.2766,1
7688,9421,0.2495,2
7688,1705,0.1884,3
7688,12067,0.1317,4
7688,11617,0.0614,5
7688,11569,0.0545,6
7688,15463,0.0378,7
7689,6058,0.6444,1
7689,3688,0.2793,2
7689,2326,0.0763,3
7690,3207,0.9084,1
7690,11045,0.0749,2
7690,10725,0.0168,3
7691,13138,0.3544,1
7691,10446,0.2821,2
7691,11447,0.1817,3
7691,2404,0.1039,4
7691,15624,0.0779,5
7692,9735,0.3678,1
7692,7665,0.2514,2
7692,8466,0.2392,3
7692,2907,0.0892,4
7692,9427,0.0525,5
7693,9660,0.278,1
7693,1902,0.2142,2
7693,12642,0.2033,3
7693,4230,0.1226,4
7693,10354,0.0961,5
7693,14988,0.0857,6
7694,8532,0.8352,1
7694,7410,0.0749,2
7694,5528,0.0482,3
7694,9031,0.0417,4
7695,5249,0.8064,1
7695,5663,0.1805,2
7695,8754,0.0095,3
7695,6312,0.0036,4
7696,3891,0.5605,1
7696,7453,0.2667,2
7696,3099,0.1728,3
7697,17289,0.3703,1
7697,6341,0.2583,2
7697,3093,0.2335,3
7697,1923,0.0932,4
7697,14613,0.0295,5
7697,4787,0.012,6
7697,11859,0.0033,7
7698,8728,0.5593,1
7698,12661,0.4407,2
7699,8045,0.3769,1
7699,15017,0.3457,2
7699,7349,0.205,3
7699,2202,0.0724,4
7700,4272,0.4355,1
7700,12684,0.2815,2
7700,9349,0.2189,3
7700,1935,0.0642,4
7701,7230,0.6184,1
7701,7269,0.2926,2
7701,5494,0.0576,3
7701,2292,0.0183,4
7701,1821,0.0131,5
7702,10125,0.5279,1
7702,7402,0.2052,2
7702,6294,0.1988,3
7702,3664,0.0682,4
7703,7419,0.5971,1
7703,17339,0.3505,2
7703,15643,0.0312,3
7703,5019,0.0211,4
7704,4681,0.3913,1
7704,10004,0.3106,2
7704,2515,0.1361,3
7704,5357,0.1018,4
7704,16968,0.0549,5
7704,11297,0.0053,6
7705,8489,0.5075,1
7705,1717,0.3783,2
7705,10529,0.1143,3
7706,11464,0.7246,1
7706,5417,0.0955,2
7706,17530,0.094,3
7706,14279,0.0859,4
7707,7860,0.76,1
7707,8654,0.24,2
7708,6598,0.6498,1
7708,8073,0.2144,2
7708,10196,0.0973,3
7708,5658,0.0331,4
7708,7495,0.0054,5
7709,2752,0.4163,1
7709,15931,0.2287,2
7709,2412,0.2255,3
7709,3166,0.0633,4
7709,9113,0.0293,5
7709,4867,0.0201,6
7709,11281,0.0168,7
7710,2522,0.3028,1
7710,10157,0.2437,2
7710,8100,0.1264,3
7710,4657,0.111,4
7710,10886,0.0826,5
7710,5852,0.0689,6
7710,10369,0.0646,7
7711,5387,0.3277,1
7711,13069,0.2646,2
7711,14730,0.2611,3
7711,10954,0.07,4
7711,7690,0.0649,5
7711,5793,0.0117,6
7712,5706,0.5577,1
7712,8247,0.4423,2
7713,12612,0.4791,1
7713,8714,0.1715,2
7713,9417,0.139,3
7713,15863,0.1208,4
7713,8238,0.0725,5
7713,15571,0.0112,6
7713,10649,0.0059,7
7714,9385,0.3398,1
7714,3305,0.3218,2
7714,4604,0.2283,3
7714,10773,0.1101,4
7715,5220,0.3468,1
7715,8509,0.2544,2
7715,3129,0.1986,3
7715,1953,0.1205,4
7715,2976,0.0617,5
7715,4239,0.018,6
7716,15775,0.5301,1
7716,2487,0.2641,2
7716,12621,0.1249,3
7716,14960,0.0749,4
7716,7479,0.0038,5
7716,6042,0.0023,6
7717,6574,0.4523,1
7717,2955,0.2917,2
7717,5039,0.1277,3
7717,11080,0.0858,4
7717,2759,0.0344,5
7717,2577,0.0049,6
7717,9066,0.0032,7
7718,8407,0.8951,1
7718,10581,0.0661,2
7718,13666,0.0348,3
7718,2928,0.0039,4
7719,5753,0.4764,1
7719,4365,0.1998,2
7719,5780,0.0986,3
7719,2582,0.0809,4
7719,6427,0.0799,5
7719,1757,0.0644,6
7720,11100,0.7756,1
7720,8786,0.1554,2
7720,6718,0.069,3
7721,9847,1.0,1
7722,1922,0.7139,1
7722,3716,0.227,2
7722,5297,0.0425,3
7722,6841,0.0166,4
7723,3059,0.7838,1
7723,15567,0.1913,2
7723,17045,0.0186,3
7723,13639,0.0063,4
7724,15848,0.5417,1
7724,4721,0.1459,2
7724,2661,0.1312,3
7724,3796,0.1289,4
7724,13010,0.0325,5
7724,4074,0.0197,6
7724,5275,0.0001,7
7725,10661,0.8547,1
7725,5955,0.1107,2
7725,9723,0.0254,3
7725,9307,0.0093,4
7726,3873,0.5887,1
7726,5433,0.2384,2
7726,9324,0.1,3
7726,14452,0.0475,4
7726,15249,0.021,5
7726,3075,0.0045,6
7727,2673,0.4758,1
7727,11076,0.1414,2
7727,6546,0.1116,3
7727,9063,0.1076,4
7727,11382,0.0837,5
7727,4651,0.0552,6
7727,4305,0.0248,7
7728,10024,0.4702,1
7728,6511,0.3366,2
7728,8905,0.1517,3
7728,15888,0.0414,4
7729,11723,1.0,1
7730,4599,0.5301,1
7730,7177,0.2213,2
7730,6052,0.0712,3
7730,2819,0.0692,4
7730,6152,0.0621,5
7730,4368,0.0388,6
7730,4282,0.0073,7
7731,7302,0.3327,1
7731,9939,0.2738,2
7731,3284,0.222,3
7731,8141,0.1072,4
7731,9301,0.0643,5
7732,12504,0.3686,1
7732,12716,0.3289,2
7732,8624,0.2384,3
7732,7449,0.0641,4
7733,8482,0.7528,1
7733,3942,0.0978,2
7733,2260,0.0941,3
7733,7822,0.0554,4
7734,16404,0.3415,1
7734,1802,0.3361,2
7734,3969,0.3066,3
7734,7495,0.0159,4
7735,7401,0.4961,1
7735,6960,0.3625,2
7735,3479,0.1414,3
7736,7016,0.4384,1
7736,5037,0.2478,2
7736,4031,0.2038,3
7736,14956,0.0829,4
7736,5308,0.0272,5
7737,16489,0.5926,1
7737,4185,0.2812,2
7737,2284,0.103,3
7737,2068,0.0232,4
7738,11225,0.4535,1
7738,10791,0.1874,2
7738,6497,0.1864,3
7738,9109,0.1323,4
7738,7039,0.0241,5
7738,5587,0.0163,6
7739,2455,0.3972,1
7739,2267,0.2302,2
7739,12904,0.1372,3
7739,16099,0.0955,4
7739,16766,0.0924,5
7739,4830,0.0475,6
7740,8056,0.6339,1
7740,10414,0.268,2
7740,10376,0.0982,3
7741,4292,0.271,1
7741,3956,0.2246,2
7741,13082,0.2124,3
7741,4699,0.2041,4
7741,8582,0.0798,5
7741,16853,0.0082,6
7742,6746,0.3948,1
7742,8243,0.2564,2
7742,11777,0.1679,3
7742,15581,0.1182,4
7742,3981,0.0627,5
7743,2653,0.3344,1
7743,14904,0.2608,2
7743,15988,0.1333,3
7743,5718,0.1332,4
7743,15964,0.1307,5
7743,12147,0.0076,6
7744,17167,0.4081,1
7744,13536,0.1769,2
7744,6889,0.0986,3
7744,4206,0.0897,4
7744,16170,0.0794,5
7744,5027,0.0773,6
7744,13852,0.07,7
7745,3827,0.971,1
7745,1973,0.029,2
7746,9598,0.648,1
7746,8742,0.1321,2
7746,12400,0.071,3
7746,10210,0.0591,4
7746,8831,0.0591,5
7746,13500,0.0289,6
7746,7235,0.002,7
7747,5577,0.4438,1
7747,2357,0.2728,2
7747,3739,0.1516,3
7747,5347,0.0812,4
7747,8354,0.0467,5
7747,10771,0.0038,6
7748,14077,0.2954,1
7748,6481,0.1738,2
7748,17079,0.1546,3
7748,14971,0.1516,4
7748,2465,0.1299,5
7748,2925,0.0487,6
7748,3248,0.046,7
7749,4531,0.3177,1
7749,4507,0.2073,2
7749,10842,0.2013,3
7749,7719,0.1456,4
7749,5192,0.1227,5
7749,3794,0.0054,6
7750,5310,0.4386,1
7750,8192,0.3293,2
7750,7823,0.186,3
7750,9054,0.0301,4
7750,4514,0.016,5
7751,3391,0.3873,1
7751,9441,0.2491,2
7751,9175,0.1908,3
7751,3337,0.0902,4
7751,5576,0.0827,5
7752,14916,0.9442,1
7752,11508,0.0513,2
7752,4739,0.0045,3
7753,2525,0.3113,1
7753,5132,0.3108,2
7753,9225,0.1966,3
7753,4087,0.1482,4
7753,1718,0.0331,5
7754,1863,0.5552,1
7754,4572,0.2349,2
7754,13931,0.21,3
7755,15357,0.9719,1
7755,9519,0.0252,2
7755,6841,0.0029,3
7756,1731,0.3268,1
7756,4190,0.2392,2
7756,4350,0.2361,3
7756,11223,0.129,4
7756,5155,0.0689,5
7757,14232,1.0,1
7758,1868,0.5742,1
7758,8679,0.2342,2
7758,8937,0.1916,3
7759,10333,0.5159,1
7759,8663,0.3483,2
7759,9835,0.0776,3
7759,11255,0.0577,4
7759,10269,0.0004,5
7760,10088,0.3412,1
7760,9575,0.2897,2
7760,8792,0.2452,3
7760,8633,0.089,4
7760,2340,0.0327,5
7760,7933,0.0022,6
7761,4975,0.9257,1
7761,11910,0.0519,2
7761,7375,0.0224,3
7762,15781,0.4636,1
7762,3779,0.29,2
7762,11362,0.2464,3
7763,2001,0.4665,1
7763,9858,0.3861,2
7763,4261,0.0593,3
7763,10039,0.0582,4
7763,4678,0.0233,5
7763,6816,0.0067,6
7764,16114,0.4103,1
7764,5520,0.2893,2
7764,13730,0.2284,3
7764,2314,0.0719,4
7765,9704,0.3709,1
7765,4098,0.2542,2
7765,3250,0.144,3
7765,7581,0.1211,4
7765,5483,0.0818,5
7765,7334,0.028,6
7766,7605,0.3769,1
7766,7740,0.2193,2
7766,5715,0.1793,3
7766,10417,0.1278,4
7766,5279,0.0966,5
7767,4815,0.308,1
7767,3352,0.2749,2
7767,3343,0.1363,3
7767,11264,0.1193,4
7767,9114,0.0843,5
7767,7536,0.0772,6
7768,12601,0.6605,1
7768,11377,0.3395,2
7769,3242,0.6235,1
7769,16573,0.1661,2
7769,2779,0.1162,3
7769,7897,0.0942,4
7770,4131,0.3919,1
7770,4792,0.2212,2
7770,7572,0.1639,3
7770,5650,0.1454,4
7770,6127,0.0368,5
7770,5616,0.023,6
7770,6306,0.0178,7
7771,9981,0.7017,1
7771,4856,0.1374,2
7771,7100,0.0892,3
7771,6822,0.0717,4
7772,7328,0.5726,1
7772,14040,0.125,2
7772,7508,0.1141,3
7772,11000,0.0636,4
7772,5982,0.0603,5
7772,17589,0.0476,6
7772,4863,0.0167,7
7773,2417,0.4477,1
7773,3663,0.3446,2
7773,1944,0.1994,3
7773,10935,0.0083,4
7774,5743,0.4795,1
7774,3466,0.311,2
7774,9399,0.2095,3
7775,4514,0.3109,1
7775,2092,0.2426,2
7775,2629,0.2086,3
7775,2217,0.2048,4
7775,3744,0.0178,5
7775,7632,0.0153,6
7776,7951,0.5912,1
7776,7217,0.1889,2
7776,9109,0.1663,3
7776,2243,0.0304,4
7776,2642,0.0185,5
7776,6717,0.0047,6
7777,17100,0.5901,1
7777,12258,0.2868,2
7777,5265,0.1231,3
7778,7093,0.4739,1
7778,8175,0.3588,2
7778,4049,0.1673,3
7779,7971,0.4493,1
7779,2315,0.2594,2
7779,5511,0.1434,3
7779,6245,0.1003,4
7779,7291,0.0477,5
7780,9772,0.4033,1
7780,10467,0.3353,2
7780,4689,0.1798,3
7780,11089,0.0479,4
7780,7147,0.022,5
7780,10611,0.0118,6
7781,1696,0.5049,1
7781,9546,0.2288,2
7781,3257,0.1903,3
7781,7520,0.0544,4
7781,2261,0.0198,5
7781,7963,0.0019,6
7782,5067,0.7091,1
7782,4940,0.1525,2
7782,4765,0.1384,3
7783,12298,0.3155,1
7783,9347,0.218,2
7783,12735,0.2065,3
7783,8780,0.1901,4
7783,13185,0.0346,5
7783,14216,0.0285,6
7783,2466,0.0068,7
7784,15903,0.5429,1
7784,6710,0.2316,2
7784,10273,0.1449,3
7784,14418,0.0806,4
7785,7107,0.4123,1
7785,7784,0.3955,2
7785,9823,0.1371,3
7785,8201,0.0339,4
7785,5796,0.0212,5
7786,11131,0.5439,1
7786,1867,0.1666,2
7786,2255,0.1374,3
7786,9899,0.0928,4
7786,3479,0.0501,5
7786,3672,0.0092,6
7787,6148,0.5988,1
7787,7410,0.3164,2
7787,6241,0.0747,3
7787,3318,0.01,4
7788,13450,0.5566,1
7788,8505,0.2475,2
7788,13149,0.141,3
7788,14478,0.0229,4
7788,10787,0.0179,5
7788,17433,0.0141,6
7789,12654,0.4408,1
7789,8634,0.319,2
7789,12368,0.1061,3
7789,5682,0.066,4
7789,2513,0.0592,5
7789,17184,0.0089,6
7790,11066,0.359,1
7790,1893,0.2783,2
7790,2253,0.194,3
7790,1822,0.1238,4
7790,8068,0.0449,5
7791,9673,0.6501,1
7791,9739,0.3334,2
7791,3833,0.0165,3
7792,7323,0.5205,1
7792,2343,0.1885,2
7792,11272,0.1314,3
7792,10827,0.1016,4
7792,9011,0.0581,5
7793,4499,1.0,1
7794,4988,0.522,1
7794,5609,0.2576,2
7794,10415,0.1253,3
7794,3692,0.0951,4
7795,13271,0.5197,1
7795,3712,0.2867,2
7795,1677,0.1923,3
7795,4480,0.0013,4
7796,2712,0.5023,1
7796,10830,0.2605,2
7796,1671,0.1229,3
7796,4587,0.1144,4
7797,5235,0.4383,1
7797,9313,0.3242,2
7797,4337,0.1511,3
7797,15757,0.0734,4
7797,12050,0.013,5
7798,5246,0.7672,1
7798,4272,0.2055,2
7798,8835,0.0273,3
7799,10348,0.2766,1
7799,4671,0.2568,2
7799,10868,0.2277,3
7799,6179,0.2253,4
7799,2092,0.0074,5
7799,4273,0.0062,6
7800,4437,0.3657,1
7800,3195,0.3011,2
7800,10222,0.2938,3
7800,2269,0.0311,4
7800,5043,0.007,5
7800,10100,0.0013,6
7801,5113,1.0,1
7802,6812,0.4215,1
7802,1918,0.2721,2
7802,5208,0.226,3
7802,4451,0.0804,4
7803,12246,0.5738,1
7803,17316,0.4262,2
7804,7541,0.3293,1
7804,10776,0.2623,2
7804,5966,0.1844,3
7804,7219,0.1644,4
7804,9080,0.0565,5
7804,5334,0.0031,6
7805,3629,1.0,1
7806,8332,0.3498,1
7806,4942,0.1774,2
7806,9631,0.1709,3
7806,5563,0.1655,4
7806,4534,0.1243,5
7806,8385,0.011,6
7806,2894,0.0011,7
7807,3975,0.3059,1
7807,8999,0.2891,2
7807,4808,0.1431,3
7807,8124,0.1259,4
7807,2357,0.0744,5
7807,7206,0.0616,6
7808,9038,0.5459,1
7808,15155,0.3133,2
7808,2870,0.0947,3
7808,10632,0.0461,4
7809,5158,0.537,1
7809,9325,0.3152,2
7809,4802,0.1477,3
7810,2558,0.4823,1
7810,15736,0.4597,2
7810,6259,0.058,3
7811,7174,0.4116,1
7811,17047,0.3487,2
7811,5721,0.1373,3
7811,5106,0.0719,4
7811,2562,0.0304,5
7812,6949,0.2805,1
7812,2411,0.2495,2
7812,7621,0.2482,3
7812,6833,0.0879,4
7812,8524,0.0779,5
7812,8366,0.0561,6
7813,9074,0.8309,1
7813,6803,0.1186,2
7813,13094,0.026,3
7813,4593,0.0245,4
7814,16173,0.9224,1
7814,3843,0.0561,2
7814,11551,0.0216,3
7815,14127,0.4326,1
7815,9361,0.3153,2
7815,2179,0.2264,3
7815,15455,0.0257,4
7816,11796,0.3631,1
7816,8042,0.3174,2
7816,5396,0.2164,3
7816,15281,0.1031,4
7817,11429,0.3343,1
7817,6845,0.3265,2
7817,9145,0.1652,3
7817,7839,0.1538,4
7817,13879,0.0194,5
7817,5814,0.0008,6
7818,6917,0.6803,1
7818,14834,0.2404,2
7818,11835,0.0792,3
7819,1974,0.3416,1
7819,16459,0.3397,2
7819,12948,0.1125,3
7819,5583,0.0828,4
7819,3510,0.0777,5
7819,2661,0.0457,6
7820,1740,0.5252,1
7820,11073,0.1533,2
7820,6508,0.1194,3
7820,7164,0.0973,4
7820,10674,0.0798,5
7820,8107,0.0249,6
7821,3124,0.7655,1
7821,4947,0.1539,2
7821,3279,0.0806,3
7822,6868,0.3664,1
7822,13035,0.3007,2
7822,14063,0.163,3
7822,9798,0.1175,4
7822,12142,0.0408,5
7822,10542,0.0117,6
7823,1839,1.0,1
7824,6842,0.6798,1
7824,6901,0.1812,2
7824,9304,0.0511,3
7824,4460,0.045,4
7824,2279,0.0394,5
7824,3549,0.0035,6
7825,6113,0.6074,1
7825,2207,0.2688,2
7825,4338,0.1238,3
7826,4671,0.7526,1
7826,1651,0.188,2
7826,9696,0.0594,3
7827,15253,0.7021,1
7827,6507,0.2572,2
7827,10996,0.0406,3
7828,4409,0.5269,1
7828,8546,0.2596,2
7828,9309,0.2135,3
7829,7426,0.8278,1
7829,11194,0.1639,2
7829,4854,0.0084,3
7830,6599,0.8904,1
7830,4978,0.0686,2
7830,1840,0.0285,3
7830,15422,0.0125,4
7831,8391,0.7751,1
7831,7360,0.1399,2
7831,6872,0.073,3
7831,6264,0.012,4
7832,2611,0.3425,1
7832,16345,0.2501,2
7832,17448,0.2368,3
7832,15149,0.1706,4
7833,13006,0.4362,1
7833,17612,0.3312,2
7833,16338,0.1658,3
7833,14081,0.0557,4
7833,5747,0.0111,5
7834,7927,0.5892,1
7834,13996,0.2227,2
7834,8407,0.1201,3
7834,3286,0.068,4
7835,8859,0.5162,1
7835,7669,0.4838,2
7836,2541,0.4905,1
7836,8462,0.1909,2
7836,10362,0.1027,3
7836,9432,0.0718,4
7836,2399,0.069,5
7836,4184,0.0583,6
7836,4598,0.0168,7
7837,5552,0.7295,1
7837,5955,0.2207,2
7837,9233,0.0409,3
7837,9027,0.009,4
7838,6884,0.7939,1
7838,3100,0.1207,2
7838,6484,0.0823,3
7838,6374,0.003,4
7839,11891,0.4757,1
7839,11510,0.3411,2
7839,5957,0.1765,3
7839,17096,0.0068,4
7840,2179,0.3706,1
7840,3883,0.2796,2
7840,2146,0.1686,3
7840,1964,0.0645,4
7840,1735,0.0637,5
7840,3925,0.0532,6
7841,6911,0.4412,1
7841,15623,0.2506,2
7841,2917,0.1607,3
7841,4018,0.119,4
7841,13644,0.0286,5
7842,12201,0.6576,1
7842,4214,0.2525,2
7842,7264,0.0899,3
7843,10808,0.4761,1
7843,9528,0.2611,2
7843,9035,0.1341,3
7843,9278,0.0658,4
7843,2904,0.0615,5
7843,6416,0.0014,6
7844,6826,0.358,1
7844,2806,0.2919,2
7844,3411,0.2224,3
7844,2169,0.0903,4
7844,3096,0.0375,5
7845,8561,0.3435,1
7845,11412,0.304,2
7845,15447,0.2111,3
7845,11889,0.1057,4
7845,13123,0.0357,5
7846,7957,0.3895,1
7846,9562,0.3164,2
7846,5338,0.1414,3
7846,4292,0.1094,4
7846,10035,0.0434,5
7847,3617,0.6244,1
7847,8486,0.2426,2
7847,2370,0.133,3
7848,8343,0.6941,1
7848,3857,0.1576,2
7848,9982,0.1301,3
7848,5122,0.0182,4
7849,13031,0.4594,1
7849,4939,0.2994,2
7849,4555,0.1426,3
7849,11448,0.0776,4
7849,2240,0.0209,5
7850,9100,0.4506,1
7850,16336,0.2239,2
7850,4489,0.153,3
7850,7532,0.0978,4
7850,4903,0.0502,5
7850,6463,0.0245,6
7851,5252,1.0,1
7852,13125,0.5939,1
7852,9665,0.3373,2
7852,3091,0.0688,3
7853,9865,0.4554,1
7853,2109,0.1624,2
7853,16070,0.1342,3
7853,17110,0.0929,4
7853,4135,0.0894,5
7853,15096,0.0657,6
7854,2246,0.5561,1
7854,9151,0.113,2
7854,4644,0.1094,3
7854,11139,0.0882,4
7854,3011,0.0679,5
7854,5032,0.0577,6
7854,6892,0.0078,7
7855,9485,0.5438,1
7855,4616,0.3414,2
7855,6045,0.1148,3
7856,9802,0.5128,1
7856,5418,0.2072,2
7856,7199,0.1499,3
7856,3119,0.0873,4
7856,2591,0.0411,5
7856,4715,0.0018,6
7857,8759,0.4469,1
7857,4565,0.1584,2
7857,10635,0.1285,3
7857,3095,0.1173,4
7857,8158,0.1106,5
7857,8394,0.0383,6
7858,3263,0.5151,1
7858,5407,0.45,2
7858,8361,0.0349,3
7859,16788,0.8964,1
7859,15650,0.1036,2
7860,6852,0.3902,1
7860,2331,0.3523,2
7860,13099,0.2574,3
7861,16868,0.3493,1
7861,10382,0.2745,2
7861,11715,0.1939,3
7861,5426,0.0778,4
7861,10049,0.0481,5
7861,15399,0.047,6
7861,15646,0.0095,7
7862,3372,0.3171,1
7862,10153,0.2759,2
7862,10419,0.1607,3
7862,7008,0.1148,4
7862,6923,0.0978,5
7862,3083,0.0202,6
7862,9706,0.0136,7
7863,7592,0.3287,1
7863,5469,0.3145,2
7863,11761,0.2184,3
7863,15905,0.0969,4
7863,11617,0.0267,5
7863,16578,0.0148,6
7864,7404,0.3045,1
7864,5447,0.2872,2
7864,4356,0.2481,3
7864,3701,0.0701,4
7864,3309,0.0596,5
7864,6441,0.0197,6
7864,4643,0.0108,7
7865,12155,0.4729,1
7865,3510,0.4594,2
7865,10218,0.0677,3
7866,3380,0.4975,1
7866,4636,0.2436,2
7866,6879,0.1309,3
7866,3875,0.0784,4
7866,6794,0.0216,5
7866,2465,0.0211,6
7866,6603,0.0069,7
7867,8256,1.0,1
7868,14417,0.5007,1
7868,11621,0.3094,2
7868,17104,0.0837,3
7868,3481,0.0733,4
7868,12272,0.0219,5
7868,17487,0.0108,6
7869,6063,0.5278,1
7869,4621,0.3912,2
7869,2129,0.0809,3
7870,16169,0.8916,1
7870,16974,0.0792,2
7870,12844,0.0292,3
7871,15104,0.4011,1
7871,4429,0.1943,2
7871,2748,0.106,3
7871,12831,0.1001,4
7871,16142,0.0904,5
7871,8706,0.0848,6
7871,4749,0.0233,7
7872,9994,1.0,1
7873,8625,0.5467,1
7873,13585,0.4533,2
7874,8978,0.3953,1
7874,4675,0.2628,2
7874,5946,0.1977,3
7874,5121,0.137,4
7874,9474,0.0046,5
7874,8591,0.0026,6
7875,11355,0.4203,1
7875,5106,0.1943,2
7875,2894,0.1659,3
7875,9451,0.1288,4
7875,11107,0.0515,5
7875,5001,0.0391,6
7876,10940,0.4044,1
7876,1880,0.3446,2
7876,5043,0.2175,3
7876,5861,0.0335,4
7877,5158,0.6133,1
7877,2674,0.1938,2
7877,9516,0.1768,3
7877,7306,0.0161,4
7878,8269,0.8501,1
7878,12080,0.1054,2
7878,4906,0.0444,3
7879,5177,0.5477,1
7879,3925,0.3542,2
7879,5149,0.0982,3
7880,15070,0.7122,1
7880,8222,0.258,2
7880,9072,0.0273,3
7880,7489,0.0025,4
7881,3857,0.4492,1
7881,4311,0.2487,2
7881,6482,0.1535,3
7881,10655,0.1159,4
7881,2639,0.0327,5
7882,6947,0.8177,1
7882,4808,0.1689,2
7882,6152,0.0134,3
7883,11310,0.692,1
7883,7010,0.237,2
7883,6374,0.071,3
7884,8549,0.3583,1
7884,3904,0.3065,2
7884,9503,0.136,3
7884,5326,0.0934,4
7884,6063,0.0558,5
7884,5700,0.0498,6
7885,12378,0.2768,1
7885,14135,0.206,2
7885,17485,0.1987,3
7885,4989,0.1556,4
7885,6572,0.1029,5
7885,14499,0.0541,6
7885,7425,0.0059,7
7886,4999,0.7714,1
7886,11872,0.0789,2
7886,7379,0.0674,3
7886,13360,0.0383,4
7886,13219,0.0224,5
7886,6517,0.0217,6
7887,6705,0.641,1
7887,7894,0.1753,2
7887,15629,0.1131,3
7887,14761,0.0405,4
7887,2238,0.03,5
7888,7332,0.3273,1
7888,9198,0.2101,2
7888,4984,0.2087,3
7888,8158,0.1553,4
7888,7716,0.0492,5
7888,9369,0.0382,6
7888,6815,0.0112,7
7889,6839,0.4478,1
7889,8747,0.2402,2
7889,7335,0.1615,3
7889,9819,0.0828,4
7889,4834,0.0328,5
7889,8400,0.028,6
7889,7859,0.007,7
7890,9329,0.3922,1
7890,4232,0.3464,2
7890,2861,0.2556,3
7890,6965,0.0042,4
7890,4918,0.0016,5
7891,2972,0.5366,1
7891,2009,0.1969,2
7891,6787,0.1446,3
7891,2832,0.0642,4
7891,5185,0.0344,5
7891,7665,0.013,6
7891,4557,0.0104,7
7892,7713,0.5248,1
7892,11381,0.3704,2
7892,2203,0.1048,3
7893,17403,0.3449,1
7893,4482,0.2548,2
7893,13157,0.1991,3
7893,12096,0.105,4
7893,14218,0.0802,5
7893,10878,0.0147,6
7893,12149,0.0012,7
7894,9197,0.6401,1
7894,4801,0.1696,2
7894,8340,0.1077,3
7894,16318,0.0747,4
7894,13820,0.0079,5
7895,5724,0.7631,1
7895,4664,0.2369,2
7896,5559,0.4021,1
7896,6501,0.3366,2
7896,7968,0.1128,3
7896,9508,0.0761,4
7896,8200,0.0724,5
7897,9881,0.8263,1
7897,12544,0.1056,2
7897,4432,0.0653,3
7897,3548,0.0028,4
7898,13826,0.6586,1
7898,14482,0.3128,2
7898,2870,0.0286,3
7899,9979,0.4253,1
7899,17500,0.3904,2
7899,12215,0.1736,3
7899,11315,0.0107,4
7900,6768,0.3477,1
7900,1786,0.2226,2
7900,7666,0.1914,3
7900,11053,0.1207,4
7900,7869,0.1176,5
7901,4788,0.3924,1
7901,8380,0.321,2
7901,6780,0.19,3
7901,2238,0.0805,4
7901,1866,0.0149,5
7901,6452,0.0011,6
7902,7558,0.5306,1
7902,5529,0.4694,2
7903,7346,0.7484,1
7903,17378,0.1945,2
7903,17450,0.0571,3
7904,7739,0.46,1
7904,13310,0.2251,2
7904,2913,0.1971,3
7904,7413,0.0819,4
7904,2559,0.0358,5
7905,15698,0.528,1
7905,5626,0.4699,2
7905,2754,0.0021,3
7906,5420,0.7771,1
7906,6592,0.0801,2
7906,1814,0.0724,3
7906,5454,0.0704,4
7907,6739,0.4643,1
7907,4096,0.3172,2
7907,3756,0.1877,3
7907,9266,0.0276,4
7907,10618,0.0033,5
7908,4811,0.5795,1
7908,7520,0.1313,2
7908,7811,0.1271,3
7908,2813,0.0784,4
7908,3985,0.0437,5
7908,11210,0.0325,6
7908,3011,0.0075,7
7909,14090,0.6446,1
7909,13079,0.3271,2
7909,6170,0.0283,3
7910,5518,0.7519,1
7910,4964,0.2328,2
7910,3341,0.0153,3
7911,11243,1.0,1
7912,3766,0.4271,1
7912,9136,0.285,2
7912,7312,0.1485,3
7912,8491,0.076,4
7912,3323,0.0549,5
7912,3374,0.0085,6
7913,12675,0.4088,1
7913,13513,0.3351,2
7913,14298,0.1196,3
7913,2587,0.0595,4
7913,12010,0.0579,5
7913,14935,0.0191,6
7914,6010,0.4379,1
7914,2824,0.1959,2
7914,3985,0.1782,3
7914,8678,0.1654,4
7914,7081,0.0165,5
7914,7924,0.0062,6
7915,4033,0.3916,1
7915,6428,0.375,2
7915,4111,0.2334,3
7916,6921,0.4718,1
7916,14961,0.4391,2
7916,2479,0.085,3
7916,1944,0.0041,4
7917,10676,0.6035,1
7917,10025,0.1859,2
7917,7719,0.1463,3
7917,2809,0.0636,4
7917,10204,0.0007,5
7918,9758,0.6868,1
7918,7473,0.268,2
7918,4699,0.0452,3
7919,3526,0.7556,1
7919,4214,0.2083,2
7919,2149,0.0208,3
7919,7444,0.0153,4
7920,5655,0.6126,1
7920,12653,0.2637,2
7920,1816,0.1237,3
7921,9573,0.6416,1
7921,3879,0.2458,2
7921,3191,0.0615,3
7921,5921,0.0487,4
7921,5750,0.0024,5
7922,16544,0.5371,1
7922,2896,0.2975,2
7922,3008,0.1654,3
7923,13475,0.5953,1
7923,4681,0.4047,2
7924,9102,0.5103,1
7924,5270,0.3763,2
7924,16927,0.1015,3
7924,3797,0.0061,4
7924,12408,0.0058,5
7925,5095,0.315,1
7925,2371,0.1973,2
7925,1767,0.1753,3
7925,10634,0.1602,4
7925,5640,0.1275,5
7925,6468,0.0247,6
7926,12141,0.3245,1
7926,14325,0.3011,2
7926,4846,0.2513,3
7926,7688,0.0999,4
7926,3383,0.0228,5
7926,17479,0.0003,6
7927,10823,0.7343,1
7927,3434,0.1164,2
7927,9641,0.0919,3
7927,8794,0.0493,4
7927,11293,0.008,5
7927,7796,0.0001,6
7928,2851,0.581,1
7928,2916,0.2424,2
7928,6616,0.1068,3
7928,16490,0.0698,4
7929,5858,0.312,1
7929,2316,0.2963,2
7929,6461,0.2277,3
7929,3489,0.164,4
7930,4840,0.4318,1
7930,16413,0.2041,2
7930,7191,0.2024,3
7930,7720,0.1388,4
7930,4549,0.0228,5
7931,16739,0.3928,1
7931,10546,0.2793,2
7931,13006,0.2335,3
7931,11171,0.0791,4
7931,14492,0.0153,5
7932,15441,0.7018,1
7932,11345,0.1626,2
7932,11839,0.1356,3
7933,3619,0.9989,1
7933,5826,0.0011,2
7934,6296,0.6925,1
7934,16032,0.2921,2
7934,9339,0.0154,3
7935,3323,0.4033,1
7935,2244,0.3888,2
7935,16688,0.167,3
7935,4002,0.0248,4
7935,15693,0.0161,5
7936,1753,0.3628,1
7936,4345,0.2902,2
7936,3461,0.2223,3
7936,15470,0.0735,4
7936,5153,0.027,5
7936,4309,0.0243,6
7937,9137,0.4315,1
7937,4097,0.2503,2
7937,10360,0.1691,3
7937,6682,0.0752,4
7937,2761,0.074,5
7938,1806,0.8272,1
7938,8965,0.0892,2
7938,10558,0.0837,3
7939,6224,0.4874,1
7939,13568,0.36,2
7939,9183,0.1031,3
7939,17492,0.0451,4
7939,4812,0.0044,5
7940,6581,0.4735,1
7940,6004,0.2106,2
7940,7658,0.1824,3
7940,2034,0.1138,4
7940,2341,0.0191,5
7940,10004,0.0006,6
7940,10016,0.0001,7
7941,6762,0.3611,1
7941,5450,0.2512,2
7941,10862,0.2146,3
7941,4811,0.1221,4
7941,6457,0.051,5
7942,3862,0.4931,1
7942,4409,0.2183,2
7942,9268,0.1118,3
7942,10497,0.0827,4
7942,4902,0.058,5
7942,10710,0.0357,6
7942,3880,0.0006,7
7943,16297,0.4414,1
7943,3027,0.3092,2
7943,4108,0.0914,3
7943,7110,0.0831,4
7943,9877,0.0622,5
7943,12101,0.0127,6
7944,16004,0.9406,1
7944,2125,0.0594,2
7945,8287,0.6884,1
7945,3961,0.2267,2
7945,11945,0.0849,3
7946,7767,0.4363,1
7946,10045,0.3373,2
7946,9603,0.2264,3
7947,2355,0.731,1
7947,6546,0.1487,2
7947,4202,0.1203,3
7948,3844,0.366,1
7948,1780,0.2752,2
7948,4014,0.2439,3
7948,2880,0.1111,4
7948,4631,0.0039,5
7949,8639,0.5421,1
7949,2905,0.4004,2
7949,7109,0.0575,3
7950,9427,0.3448,1
7950,9406,0.2188,2
7950,5517,0.1931,3
7950,9216,0.1068,4
7950,4940,0.0823,5
7950,2448,0.0473,6
7950,2111,0.0068,7
7951,5182,0.7205,1
7951,8337,0.1421,2
7951,7011,0.0764,3
7951,4153,0.061,4
7952,7092,0.9623,1
7952,13731,0.0273,2
7952,16753,0.0104,3
7953,9866,0.3317,1
7953,4808,0.2494,2
7953,1986,0.2119,3
7953,10374,0.1045,4
7953,3569,0.1024,5
7954,5400,0.4838,1
7954,4294,0.3271,2
7954,7292,0.1688,3
7954,13884,0.0203,4
7955,3737,0.3269,1
7955,3857,0.2204,2
7955,6592,0.2089,3
7955,10371,0.1289,4
7955,6227,0.0962,5
7955,6492,0.0186,6
7956,1756,0.4241,1
7956,16398,0.3412,2
7956,9580,0.1051,3
7956,14840,0.0876,4
7956,12829,0.0303,5
7956,10420,0.0116,6
7957,1920,1.0,1
7958,5174,0.4687,1
7958,5759,0.2404,2
7958,6787,0.2398,3
7958,6864,0.0512,4
7959,3154,0.6924,1
7959,2629,0.1922,2
7959,2622,0.1154,3
7960,10436,0.3965,1
7960,7345,0.3677,2
7960,6228,0.1176,3
7960,2728,0.0808,4
7960,5542,0.0297,5
7960,15226,0.0077,6
7961,7256,0.3938,1
7961,4397,0.1749,2
7961,6650,0.1522,3
7961,1757,0.1281,4
7961,4413,0.0629,5
7961,8553,0.0472,6
7961,7134,0.0409,7
7962,6869,0.6656,1
7962,1879,0.1882,2
7962,3133,0.0866,3
7962,11313,0.0197,4
7962,3398,0.0156,5
7962,5952,0.0126,6
7962,11276,0.0118,7
7963,2007,0.5774,1
7963,9522,0.3974,2
7963,8832,0.0251,3
7964,10946,0.6448,1
7964,17566,0.1536,2
7964,6635,0.1105,3
7964,6663,0.0911,4
7965,16166,0.3657,1
7965,5942,0.3142,2
7965,5371,0.1549,3
7965,10188,0.1065,4
7965,4647,0.0511,5
7965,8921,0.0045,6
7965,3661,0.0032,7
7966,16793,0.7067,1
7966,9611,0.1373,2
7966,2030,0.0799,3
7966,6081,0.0762,4
7967,14252,0.5134,1
7967,9224,0.2706,2
7967,7293,0.216,3
7968,2739,0.5519,1
7968,5662,0.329,2
7968,7699,0.1191,3
7969,6088,0.7915,1
7969,3432,0.1496,2
7969,3745,0.0313,3
7969,12948,0.0276,4
7970,2216,0.3322,1
7970,5945,0.2358,2
7970,8900,0.2242,3
7970,7161,0.2068,4
7970,8915,0.0011,5
7971,6353,0.3962,1
7971,10966,0.3744,2
7971,3443,0.2294,3
7972,12268,0.4002,1
7972,9421,0.2957,2
7972,1789,0.2048,3
7972,15831,0.0602,4
7972,15041,0.0197,5
7972,8092,0.0168,6
7972,15557,0.0026,7
7973,5518,0.3941,1
7973,7601,0.2483,2
7973,7915,0.1612,3
7973,6031,0.0744,4
7973,4457,0.068,5
7973,5538,0.054,6
7974,6042,0.3929,1
7974,10012,0.216,2
7974,9369,0.2108,3
7974,3380,0.1804,4
7975,15818,0.4895,1
7975,7161,0.224,2
7975,7307,0.216,3
7975,15903,0.0685,4
7975,6565,0.0019,5
7976,5243,0.4285,1
7976,8254,0.3693,2
7976,4038,0.2022,3
7977,13872,0.3458,1
7977,4511,0.246,2
7977,17031,0.171,3
7977,3920,0.0742,4
7977,9694,0.0659,5
7977,5832,0.0567,6
7977,10710,0.0403,7
7978,9702,0.3727,1
7978,8908,0.259,2
7978,11029,0.1629,3
7978,11349,0.0926,4
7978,5788,0.0661,5
7978,8678,0.0285,6
7978,7804,0.0183,7
7979,14442,0.314,1
7979,10149,0.24,2
7979,2960,0.2288,3
7979,7714,0.1289,4
7979,2945,0.0645,5
7979,12416,0.0238,6
7980,3908,0.428,1
7980,6265,0.2597,2
7980,6632,0.1546,3
7980,2761,0.1432,4
7980,10695,0.0145,5
7981,16406,0.49,1
7981,4876,0.3057,2
7981,12701,0.2043,3
7982,10194,0.4361,1
7982,13373,0.3721,2
7982,1686,0.1173,3
7982,8145,0.0327,4
7982,13979,0.03,5
7982,16514,0.0117,6
7983,12792,0.7303,1
7983,14325,0.2354,2
7983,14223,0.0237,3
7983,17120,0.0106,4
7984,10593,0.5328,1
7984,8544,0.1248,2
7984,4638,0.1098,3
7984,10145,0.0835,4
7984,11306,0.0832,5
7984,4652,0.0658,6
7985,2553,0.4295,1
7985,3285,0.1994,2
7985,8785,0.1726,3
7985,3191,0.0972,4
7985,4829,0.094,5
7985,2435,0.0074,6
7986,3708,0.6039,1
7986,4364,0.3711,2
7986,6650,0.0251,3
7987,2525,0.43,1
7987,8962,0.384,2
7987,6087,0.1673,3
7987,7799,0.0187,4
7988,7874,0.2477,1
7988,13346,0.1779,2
7988,6183,0.1613,3
7988,16089,0.1332,4
7988,13767,0.1041,5
7988,7041,0.0961,6
7988,14806,0.0798,7
7989,13776,0.7714,1
7989,7360,0.2283,2
7989,3484,0.0003,3
7990,5436,0.3559,1
7990,3032,0.228,2
7990,3892,0.216,3
7990,9933,0.2002,4
7991,6279,0.3999,1
7991,15698,0.3537,2
7991,17054,0.1174,3
7991,8238,0.0855,4
7991,3721,0.0435,5
7992,7161,0.5852,1
7992,4886,0.1744,2
7992,2590,0.114,3
7992,9694,0.1096,4
7992,3695,0.0168,5
7993,2981,0.5211,1
7993,5333,0.3331,2
7993,2499,0.0611,3
7993,6560,0.0501,4
7993,6238,0.0267,5
7993,3049,0.0079,6
7994,3308,0.7235,1
7994,3049,0.1444,2
7994,10332,0.073,3
7994,4701,0.031,4
7994,9715,0.0271,5
7994,3806,0.001,6
7995,14106,0.5832,1
7995,4995,0.1711,2
7995,11019,0.1483,3
7995,10279,0.0531,4
7995,16559,0.0443,5
7996,3988,0.3372,1
7996,2433,0.2083,2
7996,6102,0.1828,3
7996,5839,0.162,4
7996,2205,0.1097,5
7997,8900,0.5115,1
7997,8148,0.4299,2
7997,4120,0.0587,3
7998,3815,0.3546,1
7998,7065,0.3522,2
7998,6275,0.1277,3
7998,8450,0.0903,4
7998,6866,0.0752,5
7999,7365,0.6496,1
7999,2698,0.2154,2
7999,9210,0.135,3
8000,13702,0.4449,1
8000,14241,0.3472,2
8000,8885,0.0836,3
8000,12869,0.0733,4
8000,13823,0.051,5
8001,10094,0.4595,1
8001,14400,0.325,2
8001,13576,0.2155,3
8002,11231,0.6332,1
8002,7081,0.3361,2
8002,10904,0.0304,3
8002,10618,0.0002,4
8003,9630,0.4498,1
8003,2511,0.2882,2
8003,9634,0.2621,3
8004,6631,0.4348,1
8004,7550,0.2119,2
8004,1735,0.1946,3
8004,9751,0.1488,4
8004,4446,0.0098,5
8005,6772,0.2123,1
8005,5285,0.21,2
8005,8187,0.2033,3
8005,5008,0.1862,4
8005,3313,0.0985,5
8005,8260,0.0742,6
8005,7483,0.0155,7
8006,6771,0.9315,1
8006,2731,0.0685,2
8007,3578,0.5809,1
8007,2402,0.2518,2
8007,3797,0.1117,3
8007,17571,0.0556,4
8008,2648,0.3564,1
8008,3359,0.3154,2
8008,12258,0.1954,3
8008,5391,0.1327,4
8009,10644,0.2462,1
8009,9646,0.224,2
8009,6032,0.1945,3
8009,3419,0.1293,4
8009,4971,0.0796,5
8009,5760,0.0773,6
8009,11485,0.049,7
8010,13073,0.4246,1
8010,9814,0.3901,2
8010,6532,0.1117,3
8010,2394,0.0432,4
8010,3589,0.02,5
8010,17203,0.0105,6
8011,6151,0.4621,1
8011,9296,0.278,2
8011,11448,0.1772,3
8011,9643,0.0827,4
8012,7172,0.5988,1
8012,6760,0.2744,2
8012,2804,0.0746,3
8012,3706,0.0522,4
8013,9141,0.6988,1
8013,4465,0.1789,2
8013,7860,0.1223,3
8014,2047,0.3418,1
8014,4224,0.2743,2
8014,9314,0.2156,3
8014,2101,0.0847,4
8014,5501,0.0834,5
8014,3576,0.0002,6
8015,3891,0.4582,1
8015,4647,0.1486,2
8015,7880,0.1453,3
8015,6558,0.1436,4
8015,5507,0.0795,5
8015,9779,0.0247,6
8016,2696,0.6501,1
8016,10831,0.3499,2
8017,10531,0.3334,1
8017,9027,0.3293,2
8017,4767,0.2755,3
8017,10910,0.0461,4
8017,7614,0.0157,5
8018,5451,1.0,1
8019,11064,0.749,1
8019,14761,0.1883,2
8019,11193,0.0482,3
8019,6291,0.0143,4
8019,13876,0.0002,5
8020,4323,0.702,1
8020,5080,0.1147,2
8020,4880,0.1018,3
8020,3786,0.0475,4
8020,15608,0.034,5
8021,2645,0.6779,1
8021,6649,0.2553,2
8021,3462,0.0668,3
8022,5827,0.6817,1
8022,8558,0.1918,2
8022,8565,0.1264,3
8023,4249,0.8106,1
8023,4292,0.0793,2
8023,6156,0.0734,3
8023,5533,0.0367,4
8024,6867,0.6979,1
8024,10469,0.1799,2
8024,4126,0.1222,3
8025,4461,0.6548,1
8025,2293,0.2254,2
8025,3712,0.0533,3
8025,7968,0.0514,4
8025,5294,0.0104,5
8025,2770,0.0046,6
8026,7833,1.0,1
8027,7092,0.4296,1
8027,1927,0.2971,2
8027,7295,0.1722,3
8027,3089,0.1011,4
8028,6095,0.6478,1
8028,6548,0.2138,2
8028,5173,0.1385,3
8029,2378,0.3808,1
8029,4326,0.2669,2
8029,3324,0.247,3
8029,9723,0.0632,4
8029,17576,0.0316,5
8029,6280,0.0105,6
8030,14987,0.3074,1
8030,12346,0.2428,2
8030,13753,0.2046,3
8030,17488,0.1147,4
8030,2865,0.1128,5
8030,17215,0.0176,6
8031,6875,0.9607,1
8031,8559,0.0219,2
8031,2440,0.0173,3
8032,10808,0.5053,1
8032,1884,0.2497,2
8032,10435,0.1774,3
8032,11001,0.0508,4
8032,10518,0.0165,5
8032,6644,0.0003,6
8033,7943,0.592,1
8033,3882,0.2789,2
8033,1821,0.1189,3
8033,9779,0.0103,4
8034,2950,0.7116,1
8034,4343,0.2884,2
8035,11821,0.5373,1
8035,7342,0.4379,2
8035,11091,0.0248,3
8036,4102,0.9088,1
8036,2606,0.0833,2
8036,6165,0.0079,3
8037,5768,1.0,1
8038,10632,0.5759,1
8038,5055,0.1896,2
8038,2961,0.1558,3
8038,9217,0.0477,4
8038,4939,0.0308,5
8038,9576,0.0001,6
8039,10027,0.4559,1
8039,11380,0.2935,2
8039,3052,0.223,3
8039,7304,0.0276,4
8040,2095,0.5715,1
8040,2309,0.3143,2
8040,8051,0.1142,3
8041,14225,0.568,1
8041,15134,0.2311,2
8041,9971,0.1168,3
8041,15832,0.0576,4
8041,1725,0.0265,5
8042,9568,0.9443,1
8042,1985,0.0504,2
8042,5035,0.0053,3
8043,9477,0.6113,1
8043,5350,0.1972,2
8043,8373,0.1454,3
8043,10161,0.0462,4
8044,6695,0.7548,1
8044,11191,0.1018,2
8044,6010,0.0479,3
8044,5699,0.0428,4
8044,11109,0.0323,5
8044,5380,0.0205,6
8045,7664,0.5672,1
8045,8225,0.3387,2
8045,1647,0.0485,3
8045,4569,0.0353,4
8045,10092,0.0102,5
8046,9664,0.8784,1
8046,2813,0.1216,2
8047,1760,0.8444,1
8047,2308,0.1556,2
8048,9435,0.5084,1
8048,4457,0.2699,2
8048,4873,0.0627,3
8048,3344,0.0608,4
8048,10325,0.053,5
8048,2713,0.0234,6
8048,4774,0.0219,7
8049,6355,0.3887,1
8049,15995,0.2253,2
8049,2153,0.1898,3
8049,1842,0.1408,4
8049,13945,0.0508,5
8049,5380,0.0046,6
8050,12624,0.4296,1
8050,2989,0.2908,2
8050,17203,0.1899,3
8050,16590,0.0897,4
8051,7441,0.5138,1
8051,6872,0.2925,2
8051,2234,0.1147,3
8051,7010,0.0542,4
8051,10792,0.0247,5
8051,10519,0.0002,6
8052,6588,0.8415,1
8052,4047,0.1585,2
8053,11061,0.5073,1
8053,10637,0.2112,2
8053,5401,0.1217,3
8053,2003,0.0896,4
8053,13454,0.0352,5
8053,1652,0.0269,6
8053,9567,0.008,7
8054,10938,0.5078,1
8054,9089,0.2402,2
8054,9911,0.0992,3
8054,7928,0.0977,4
8054,2789,0.0407,5
8054,9609,0.0144,6
8055,1798,0.5939,1
8055,3031,0.2754,2
8055,2195,0.1131,3
8055,6130,0.0176,4
8056,2746,0.3978,1
8056,2944,0.3019,2
8056,16788,0.1241,3
8056,12615,0.1071,4
8056,5418,0.0545,5
8056,3496,0.0146,6
8057,6654,0.5101,1
8057,4457,0.19,2
8057,10756,0.1322,3
8057,8079,0.0801,4
8057,5688,0.0723,5
8057,7268,0.0154,6
8058,10703,0.2463,1
8058,4919,0.2324,2
8058,3622,0.1933,3
8058,5451,0.116,4
8058,7167,0.0993,5
8058,17312,0.0899,6
8058,2213,0.0227,7
8059,7957,0.7749,1
8059,3210,0.1096,2
8059,1999,0.0893,3
8059,3133,0.0126,4
8059,2412,0.0097,5
8059,7915,0.0039,6
8060,8831,0.6385,1
8060,13922,0.3096,2
8060,2399,0.0519,3
8061,11780,0.4532,1
8061,9074,0.2398,2
8061,10170,0.2116,3
8061,4399,0.079,4
8061,5466,0.0164,5
8062,2170,0.3591,1
8062,3562,0.246,2
8062,4883,0.1649,3
8062,2902,0.1512,4
8062,7796,0.0396,5
8062,8507,0.0384,6
8062,5201,0.0009,7
8063,9955,0.8911,1
8063,13918,0.106,2
8063,13510,0.0029,3
8064,1736,0.2864,1
8064,10269,0.2413,2
8064,10551,0.2165,3
8064,3912,0.1069,4
8064,9654,0.0881,5
8064,4014,0.0607,6
8065,7060,0.2951,1
8065,6458,0.238,2
8065,14354,0.169,3
8065,14909,0.1672,4
8065,7747,0.0971,5
8065,11127,0.0249,6
8065,4031,0.0087,7
8066,5752,0.3556,1
8066,1728,0.3341,2
8066,4328,0.1714,3
8066,14773,0.069,4
8066,4266,0.0351,5
8066,11168,0.0347,6
8067,14690,0.6029,1
8067,3917,0.3666,2
8067,7610,0.0305,3
8068,7003,0.5971,1
8068,2262,0.3806,2
8068,6065,0.0223,3
8069,15056,0.5271,1
8069,16934,0.2049,2
8069,10619,0.1616,3
8069,9038,0.1064,4
8070,14438,0.4659,1
8070,17275,0.3202,2
8070,11978,0.0726,3
8070,10477,0.0702,4
8070,15032,0.0431,5
8070,13141,0.0279,6
8071,7975,0.3996,1
8071,8169,0.3224,2
8071,5485,0.1291,3
8071,2145,0.1237,4
8071,3794,0.0253,5
8072,4092,0.5094,1
8072,17494,0.2222,2
8072,7371,0.2004,3
8072,15571,0.068,4
8073,1649,0.2501,1
8073,6890,0.2306,2
8073,4854,0.1657,3
8073,7594,0.1625,4
8073,4767,0.1191,5
8073,11138,0.0423,6
8073,7213,0.0297,7
8074,10829,0.7218,1
8074,17305,0.2085,2
8074,16883,0.0285,3
8074,7612,0.0283,4
8074,6585,0.0109,5
8074,4025,0.0019,6
8075,6121,0.7698,1
8075,4480,0.1271,2
8075,4715,0.1031,3
8076,10883,0.6087,1
8076,16533,0.3412,2
8076,14638,0.05,3
8077,6045,0.6842,1
8077,2601,0.1748,2
8077,5453,0.0995,3
8077,2648,0.0416,4
8078,16634,0.4179,1
8078,10455,0.4118,2
8078,12157,0.0897,3
8078,16581,0.0807,4
8079,3127,0.5577,1
8079,6772,0.2867,2
8079,4777,0.0626,3
8079,8855,0.0501,4
8079,13190,0.043,5
8080,6916,0.3778,1
8080,4843,0.2094,2
8080,7103,0.1615,3
8080,5149,0.1548,4
8080,8622,0.096,5
8080,2217,0.0005,6
8081,7026,0.576,1
8081,10333,0.214,2
8081,5112,0.1144,3
8081,2205,0.0844,4
8081,4557,0.0061,5
8081,2190,0.0051,6
8082,3061,0.3357,1
8082,2641,0.3281,2
8082,17188,0.2577,3
8082,5220,0.0382,4
8082,10350,0.027,5
8082,8050,0.0133,6
8083,5073,1.0,1
8084,7966,0.3915,1
8084,14485,0.1988,2
8084,13142,0.1516,3
8084,7363,0.1377,4
8084,8582,0.0547,5
8084,8935,0.0467,6
8084,14512,0.0189,7
8085,10027,0.5902,1
8085,4757,0.2008,2
8085,4991,0.1502,3
8085,1817,0.0589,4
8086,9496,0.6635,1
8086,15427,0.2226,2
8086,7135,0.1139,3
8087,12394,0.3678,1
8087,17577,0.2874,2
8087,8017,0.2189,3
8087,6698,0.0697,4
8087,9166,0.0563,5
8088,6670,0.4474,1
8088,8940,0.161,2
8088,4350,0.1605,3
8088,6309,0.0884,4
8088,9009,0.0772,5
8088,11293,0.0655,6
8089,5890,0.517,1
8089,8404,0.3877,2
8089,12312,0.0535,3
8089,1769,0.0216,4
8089,2406,0.0153,5
8089,5221,0.0049,6
8090,15923,0.3284,1
8090,10040,0.2643,2
8090,6893,0.1214,3
8090,3214,0.1132,4
8090,13930,0.1049,5
8090,13915,0.067,6
8090,5602,0.0008,7
8091,5838,0.6392,1
8091,4331,0.2821,2
8091,7726,0.0765,3
8091,10079,0.0021,4
8091,6964,0.0001,5
8092,8611,0.3724,1
8092,5319,0.3106,2
8092,8532,0.1588,3
8092,4189,0.068,4
8092,3956,0.0475,5
8092,6717,0.0393,6
8092,8766,0.0035,7
8093,13776,0.439,1
8093,2429,0.1554,2
8093,4188,0.1339,3
8093,17625,0.1051,4
8093,1729,0.0749,5
8093,7232,0.0611,6
8093,14138,0.0306,7
8094,8809,0.6579,1
8094,2486,0.2513,2
8094,4940,0.0883,3
8094,2693,0.0024,4
8095,5095,0.5086,1
8095,3717,0.3143,2
8095,5633,0.1222,3
8095,11122,0.0301,4
8095,2022,0.0249,5
8096,1770,0.3845,1
8096,10565,0.2784,2
8096,9046,0.1695,3
8096,4254,0.1113,4
8096,3450,0.043,5
8096,10875,0.0132,6
8097,3981,0.8662,1
8097,6746,0.0897,2
8097,4372,0.0441,3
8098,12367,0.7893,1
8098,13683,0.1575,2
8098,16931,0.0532,3
8099,2000,0.3586,1
8099,1905,0.2878,2
8099,10504,0.1578,3
8099,6655,0.1099,4
8099,1735,0.0859,5
8100,3493,0.7379,1
8100,6061,0.0964,2
8100,10488,0.0604,3
8100,15015,0.0465,4
8100,12665,0.0286,5
8100,5743,0.0173,6
8100,8203,0.0129,7
8101,1793,0.4683,1
8101,6950,0.2747,2
8101,14548,0.1244,3
8101,6081,0.0743,4
8101,17422,0.0386,5
8101,7315,0.012,6
8101,14738,0.0078,7
8102,3512,0.5582,1
8102,3342,0.2975,2
8102,7247,0.0766,3
8102,3248,0.0543,4
8102,3266,0.0134,5
8103,4734,0.615,1
8103,5131,0.257,2
8103,5994,0.1028,3
8103,10062,0.0252,4
8104,7029,0.4563,1
8104,15640,0.2321,2
8104,16786,0.2168,3
8104,6533,0.0574,4
8104,3781,0.0279,5
8104,2448,0.0095,6
8105,16018,0.4602,1
8105,13990,0.2563,2
8105,8490,0.2349,3
8105,9472,0.0424,4
8105,12792,0.0062,5
8106,17149,0.5336,1
8106,15690,0.3967,2
8106,16423,0.0697,3
8107,15018,0.4957,1
8107,16932,0.2375,2
8107,2652,0.1727,3
8107,11659,0.0577,4
8107,4422,0.0209,5
8107,5989,0.0155,6
8108,8923,0.5933,1
8108,4396,0.3863,2
8108,7075,0.0204,3
8109,4323,0.5709,1
8109,3707,0.3743,2
8109,6867,0.0548,3
8110,4192,0.4738,1
8110,2504,0.3914,2
8110,1829,0.096,3
8110,9290,0.0388,4
8111,10637,0.3746,1
8111,14698,0.1857,2
8111,17203,0.168,3
8111,13742,0.1446,4
8111,1652,0.1006,5
8111,4180,0.0264,6
8112,14051,0.3755,1
8112,10139,0.2164,2
8112,17074,0.167,3
8112,15601,0.1167,4
8112,1831,0.0691,5
8112,16739,0.0388,6
8112,13006,0.0164,7
8113,13820,0.3715,1
8113,2605,0.2814,2
8113,5677,0.2659,3
8113,12734,0.0677,4
8113,8237,0.0135,5
8114,14251,0.6948,1
8114,7696,0.1534,2
8114,2719,0.1233,3
8114,12594,0.0242,4
8114,8072,0.0045,5
8115,4360,0.4613,1
8115,5002,0.1759,2
8115,2258,0.1395,3
8115,9290,0.119,4
8115,5625,0.0548,5
8115,4817,0.0267,6
8115,3943,0.0229,7
8116,13384,0.2751,1
8116,4590,0.2012,2
8116,14851,0.1904,3
8116,8116,0.1768,4
8116,12036,0.1473,5
8116,2676,0.0092,6
8117,6148,0.7798,1
8117,10867,0.1413,2
8117,6561,0.0789,3
8118,13223,0.4427,1
8118,16991,0.2618,2
8118,2855,0.1775,3
8118,15067,0.0718,4
8118,3359,0.0463,5
8119,6101,0.3177,1
8119,6065,0.2062,2
8119,7614,0.1898,3
8119,4967,0.1335,4
8119,6255,0.0913,5
8119,2371,0.0404,6
8119,2998,0.0211,7
8120,3476,0.8947,1
8120,8058,0.0674,2
8120,4285,0.0379,3
8121,7053,0.5208,1
8121,13335,0.2008,2
8121,10678,0.1557,3
8121,12202,0.0835,4
8121,7635,0.0392,5
8122,2879,0.7186,1
8122,9281,0.122,2
8122,12162,0.0684,3
8122,2423,0.0599,4
8122,3390,0.0188,5
8122,3792,0.0123,6
8123,13441,0.5779,1
8123,10617,0.3415,2
8123,3853,0.0439,3
8123,10482,0.0327,4
8123,2913,0.0039,5
8124,5124,0.3601,1
8124,10759,0.3313,2
8124,8277,0.2849,3
8124,2099,0.0236,4
8125,15619,0.6551,1
8125,14859,0.328,2
8125,1693,0.0168,3
8125,15007,0.0,4
8126,16888,0.6504,1
8126,10018,0.1138,2
8126,11809,0.1051,3
8126,7031,0.0763,4
8126,4239,0.0338,5
8126,9061,0.0206,6
8127,16686,0.3465,1
8127,5360,0.2261,2
8127,9271,0.1956,3
8127,6658,0.1593,4
8127,2277,0.0608,5
8127,2735,0.0117,6
8128,10943,0.3333,1
8128,10565,0.2175,2
8128,9981,0.1832,3
8128,4915,0.1563,4
8128,1829,0.0982,5
8128,7780,0.0115,6
8129,3912,0.4662,1
8129,9933,0.2848,2
8129,2324,0.249,3
8130,5612,0.717,1
8130,3056,0.2087,2
8130,4542,0.0638,3
8130,4896,0.007,4
8130,7445,0.0035,5
8131,14597,0.3066,1
8131,14314,0.2718,2
8131,9127,0.163,3
8131,17078,0.1263,4
8131,12686,0.0962,5
8131,10960,0.0359,6
8131,3487,0.0001,7
8132,10161,0.5096,1
8132,16174,0.3478,2
8132,7167,0.1426,3
8133,7065,0.625,1
8133,2419,0.1675,2
8133,3538,0.0903,3
8133,7210,0.082,4
8133,9716,0.0353,5
8134,12777,0.4999,1
8134,5643,0.3173,2
8134,11604,0.0771,3
8134,13637,0.0663,4
8134,17394,0.0234,5
8134,7215,0.016,6
8135,5297,0.5326,1
8135,4890,0.3473,2
8135,16642,0.1201,3
8136,1674,0.3792,1
8136,7048,0.2547,2
8136,3673,0.2183,3
8136,2293,0.1231,4
8136,2770,0.0209,5
8136,8154,0.0037,6
8137,13104,0.2602,1
8137,3744,0.1967,2
8137,5133,0.1895,3
8137,5544,0.1789,4
8137,9114,0.1062,5
8137,16170,0.0686,6
8138,1646,0.3693,1
8138,2717,0.3413,2
8138,9333,0.157,3
8138,7306,0.1324,4
8139,13472,0.9826,1
8139,16719,0.0092,2
8139,9205,0.0083,3
8140,8756,0.499,1
8140,11159,0.2984,2
8140,6215,0.068,3
8140,9095,0.0576,4
8140,9202,0.0326,5
8140,8058,0.0319,6
8140,5826,0.0125,7
8141,4235,0.4251,1
8141,12887,0.2511,2
8141,1902,0.1161,3
8141,6087,0.1075,4
8141,1997,0.0646,5
8141,7920,0.0251,6
8141,5932,0.0105,7
8142,10882,0.6807,1
8142,16883,0.206,2
8142,9752,0.059,3
8142,15395,0.0429,4
8142,13276,0.0114,5
8143,15789,0.4465,1
8143,15780,0.3934,2
8143,9505,0.1601,3
8144,5313,0.405,1
8144,8149,0.2495,2
8144,4400,0.1419,3
8144,3930,0.1374,4
8144,7439,0.0554,5
8144,5215,0.0108,6
8145,5997,0.4551,1
8145,9304,0.3725,2
8145,8422,0.1368,3
8145,5913,0.0356,4
8146,6401,0.9411,1
8146,8907,0.0468,2
8146,7563,0.0099,3
8146,2922,0.0021,4
8147,11546,0.4169,1
8147,7757,0.2564,2
8147,6507,0.2331,3
8147,3494,0.0568,4
8147,3253,0.0349,5
8147,6242,0.0019,6
8148,9696,0.644,1
8148,6954,0.2072,2
8148,2134,0.1487,3
8149,5406,0.492,1
8149,11599,0.2476,2
8149,7348,0.1964,3
8149,4615,0.0578,4
8149,3588,0.0062,5
8150,9470,0.5333,1
8150,15055,0.3618,2
8150,2350,0.0703,3
8150,11861,0.0346,4
8151,6779,0.5824,1
8151,10417,0.199,2
8151,9916,0.1137,3
8151,9156,0.0744,4
8151,6689,0.0302,5
8151,8684,0.0003,6
8152,10204,0.3023,1
8152,3344,0.2458,2
8152,3273,0.1321,3
8152,8487,0.1044,4
8152,6486,0.0989,5
8152,2813,0.07,6
8152,5116,0.0466,7
8153,9408,0.5424,1
8153,7855,0.3034,2
8153,9041,0.1461,3
8153,9085,0.0081,4
8154,5319,0.2925,1
8154,7735,0.2644,2
8154,10385,0.2616,3
8154,9342,0.1668,4
8154,5630,0.0147,5
8155,8528,0.5144,1
8155,10964,0.2793,2
8155,10365,0.177,3
8155,5803,0.0258,4
8155,4236,0.0035,5
8156,2805,0.6605,1
8156,2412,0.336,2
8156,8471,0.0035,3
8157,13608,0.5996,1
8157,13100,0.2442,2
8157,11055,0.1561,3
8158,4005,0.3595,1
8158,2023,0.2,2
8158,14392,0.1371,3
8158,7209,0.1009,4
8158,5410,0.0973,5
8158,13872,0.0964,6
8158,16946,0.0087,7
8159,4158,0.2193,1
8159,2749,0.2129,2
8159,3150,0.1882,3
8159,7534,0.1565,4
8159,3425,0.1091,5
8159,16583,0.0721,6
8159,4903,0.0419,7
8160,5601,0.5863,1
8160,3969,0.3005,2
8160,4817,0.0626,3
8160,10720,0.0361,4
8160,3094,0.0145,5
8161,8550,0.5526,1
8161,10708,0.3368,2
8161,9748,0.0787,3
8161,5347,0.0319,4
8162,6829,0.371,1
8162,5486,0.338,2
8162,2485,0.2042,3
8162,7027,0.0833,4
8162,6204,0.0036,5
8163,11362,0.3958,1
8163,15917,0.2972,2
8163,7917,0.2547,3
8163,1881,0.0258,4
8163,12566,0.0197,5
8163,3158,0.0067,6
8164,3984,0.5023,1
8164,3563,0.1202,2
8164,7378,0.1079,3
8164,8895,0.1046,4
8164,10872,0.0701,5
8164,4657,0.0576,6
8164,8102,0.0373,7
8165,15333,0.5467,1
8165,17304,0.3534,2
8165,5595,0.0999,3
8166,2870,0.4379,1
8166,2537,0.3162,2
8166,9656,0.1218,3
8166,5073,0.0663,4
8166,4646,0.0577,5
8167,10259,0.2689,1
8167,2376,0.2635,2
8167,5049,0.1949,3
8167,5484,0.0936,4
8167,11165,0.0914,5
8167,6376,0.0877,6
8168,9811,0.3345,1
8168,8044,0.3177,2
8168,7071,0.1343,3
8168,2240,0.1143,4
8168,8270,0.0618,5
8168,5457,0.0374,6
8169,2693,0.7843,1
8169,4285,0.145,2
8169,9223,0.0575,3
8169,6702,0.0132,4
8170,7025,0.5875,1
8170,8292,0.211,2
8170,10998,0.1972,3
8170,6087,0.0043,4
8171,11319,0.3124,1
8171,3724,0.2859,2
8171,4031,0.1966,3
8171,2103,0.085,4
8171,5296,0.0653,5
8171,2873,0.0548,6
8172,11645,0.5844,1
8172,6002,0.3025,2
8172,8970,0.0984,3
8172,4041,0.0147,4
8173,6997,0.908,1
8173,6152,0.082,2
8173,8380,0.01,3
8174,6728,0.4686,1
8174,6016,0.1903,2
8174,13250,0.1382,3
8174,10392,0.1362,4
8174,6756,0.0451,5
8174,5749,0.0216,6
8175,7588,0.4342,1
8175,6387,0.2025,2
8175,5517,0.1356,3
8175,2059,0.1086,4
8175,16338,0.0716,5
8175,5567,0.044,6
8175,3077,0.0035,7
8176,3489,0.5109,1
8176,9711,0.3925,2
8176,16093,0.0966,3
8177,13125,0.3465,1
8177,2620,0.2395,2
8177,2122,0.1948,3
8177,7756,0.0769,4
8177,6084,0.0723,5
8177,12666,0.0571,6
8177,5224,0.0128,7
8178,3579,0.875,1
8178,10224,0.1068,2
8178,8749,0.0182,3
8179,5195,0.9482,1
8179,9120,0.0501,2
8179,9168,0.0017,3
8180,9309,0.5661,1
8180,6694,0.3905,2
8180,9258,0.0434,3
8181,5204,0.5079,1
8181,3418,0.2603,2
8181,6511,0.186,3
8181,7494,0.0459,4
8182,1887,0.4347,1
8182,6689,0.2423,2
8182,2674,0.1997,3
8182,10948,0.107,4
8182,9301,0.0162,5
8183,6725,1.0,1
8184,11074,0.8385,1
8184,2753,0.1367,2
8184,4664,0.0248,3
8185,6238,0.9279,1
8185,10586,0.0721,2
8186,11139,0.4285,1
8186,5267,0.3696,2
8186,3427,0.1167,3
8186,2554,0.0375,4
8186,6788,0.0269,5
8186,3213,0.0208,6
8186,1908,0.0001,7
8187,8075,0.7126,1
8187,7305,0.2407,2
8187,2276,0.0394,3
8187,1706,0.0073,4
8188,4796,0.4347,1
8188,2303,0.4322,2
8188,2907,0.1007,3
8188,6923,0.024,4
8188,10160,0.0062,5
8188,8918,0.0022,6
8189,5406,0.538,1
8189,5042,0.2317,2
8189,7104,0.1055,3
8189,7570,0.086,4
8189,9209,0.0315,5
8189,3343,0.0072,6
8190,10610,0.3771,1
8190,17580,0.2999,2
8190,7113,0.265,3
8190,8038,0.058,4
8191,15466,0.486,1
8191,2769,0.4178,2
8191,8997,0.0963,3
8192,5695,0.7118,1
8192,7509,0.2032,2
8192,9018,0.0851,3
8193,3738,0.3702,1
8193,4491,0.3572,2
8193,8564,0.109,3
8193,4014,0.1029,4
8193,10847,0.0347,5
8193,6541,0.0214,6
8193,5683,0.0046,7
8194,8248,0.7084,1
8194,11144,0.1506,2
8194,6119,0.141,3
8195,7764,0.5902,1
8195,3662,0.2457,2
8195,7843,0.0838,3
8195,4733,0.0803,4
8196,8213,0.4097,1
8196,9696,0.2129,2
8196,10789,0.1878,3
8196,4347,0.0831,4
8196,5034,0.0737,5
8196,5942,0.0328,6
8197,6077,0.348,1
8197,2727,0.2382,2
8197,9872,0.2257,3
8197,2515,0.1206,4
8197,3904,0.0545,5
8197,7084,0.0112,6
8197,15428,0.002,7
8198,8492,0.6345,1
8198,12466,0.1668,2
8198,13330,0.091,3
8198,17552,0.0856,4
8198,9538,0.0217,5
8198,8693,0.0004,6
8199,1839,0.48,1
8199,11321,0.2326,2
8199,9537,0.208,3
8199,2152,0.0794,4
8200,3202,0.5597,1
8200,1806,0.1925,2
8200,11109,0.1695,3
8200,10615,0.0783,4
8201,1648,0.2957,1
8201,5712,0.281,2
8201,6618,0.1796,3
8201,17067,0.0912,4
8201,11714,0.076,5
8201,3179,0.0754,6
8201,6266,0.0011,7
8202,11062,0.4922,1
8202,7088,0.2009,2
8202,4549,0.1273,3
8202,2485,0.1142,4
8202,10589,0.0654,5
8203,3881,0.5649,1
8203,10904,0.2315,2
8203,6869,0.1034,3
8203,4149,0.0606,4
8203,6409,0.0356,5
8203,7787,0.0039,6
8204,1999,0.6236,1
8204,8965,0.1587,2
8204,8772,0.1352,3
8204,10060,0.0466,4
8204,5769,0.0324,5
8204,5289,0.0035,6
8205,10900,0.4845,1
8205,17581,0.284,2
8205,2017,0.1631,3
8205,3115,0.0279,4
8205,5225,0.0247,5
8205,6215,0.0158,6
8206,8762,0.3615,1
8206,10909,0.343,2
8206,9154,0.2955,3
8207,4439,0.3714,1
8207,6339,0.3486,2
8207,16737,0.2377,3
8207,6583,0.0402,4
8207,3082,0.0022,5
8208,4652,0.2281,1
8208,4947,0.2253,2
8208,4442,0.1625,3
8208,5126,0.1579,4
8208,2160,0.1514,5
8208,7939,0.069,6
8208,9872,0.0057,7
8209,17305,0.723,1
8209,1899,0.1286,2
8209,13000,0.0546,3
8209,8668,0.053,4
8209,15373,0.0408,5
8210,14548,0.5118,1
8210,6462,0.3871,2
8210,17610,0.1005,3
8210,6078,0.0006,4
8211,2569,0.3147,1
8211,6625,0.2229,2
8211,4149,0.1833,3
8211,2910,0.1686,4
8211,2240,0.092,5
8211,5125,0.0185,6
8212,9828,0.3441,1
8212,5329,0.2887,2
8212,3880,0.2267,3
8212,4102,0.1405,4
8213,10801,0.4668,1
8213,16853,0.3236,2
8213,9730,0.1161,3
8213,11375,0.0936,4
8214,7887,0.7275,1
8214,7278,0.2526,2
8214,10554,0.0198,3
8215,9832,0.5114,1
8215,13947,0.3007,2
8215,2531,0.1654,3
8215,14246,0.0226,4
8216,4860,0.6868,1
8216,1740,0.3132,2
8217,11133,0.6534,1
8217,3834,0.3466,2
8218,9357,0.285,1
8218,5611,0.2487,2
8218,10871,0.2406,3
8218,6084,0.1029,4
8218,3809,0.0502,5
8218,2627,0.0421,6
8218,10577,0.0305,7
8219,8290,0.3884,1
8219,15457,0.3654,2
8219,14252,0.1168,3
8219,9317,0.0742,4
8219,3607,0.0552,5
8220,14246,0.3158,1
8220,17383,0.1921,2
8220,5548,0.1632,3
8220,10947,0.1235,4
8220,3204,0.103,5
8220,9544,0.1002,6
8220,12580,0.0022,7
8221,7796,0.502,1
8221,9622,0.2419,2
8221,6863,0.1329,3
8221,3126,0.0454,4
8221,3393,0.0402,5
8221,2679,0.0203,6
8221,4569,0.0173,7
8222,4914,0.6655,1
8222,2087,0.3338,2
8222,8792,0.0008,3
8223,5194,0.7306,1
8223,4767,0.1344,2
8223,3437,0.0807,3
8223,12421,0.0333,4
8223,4164,0.014,5
8223,10501,0.0069,6
8224,8547,0.403,1
8224,13261,0.3936,2
8224,11137,0.1224,3
8224,17565,0.0577,4
8224,9767,0.0233,5
8225,2855,0.6768,1
8225,13068,0.2196,2
8225,7602,0.1036,3
8226,10450,0.7474,1
8226,5496,0.1087,2
8226,5951,0.0828,3
8226,17131,0.0567,4
8226,16543,0.0044,5
8227,6729,0.4571,1
8227,3676,0.2454,2
8227,7268,0.1646,3
8227,6335,0.0742,4
8227,4152,0.0301,5
8227,7258,0.0285,6
8228,2838,0.4963,1
8228,3043,0.4946,2
8228,6860,0.0091,3
8229,4684,0.8544,1
8229,7504,0.1166,2
8229,6075,0.029,3
8230,6945,0.5158,1
8230,8862,0.2839,2
8230,9972,0.1322,3
8230,4610,0.0471,4
8230,4661,0.0133,5
8230,9907,0.0074,6
8230,6679,0.0002,7
8231,12883,0.5478,1
8231,6362,0.1829,2
8231,10913,0.1524,3
8231,7279,0.068,4
8231,2660,0.0489,5
8231,16606,0.0,6
8232,9020,0.6985,1
8232,6549,0.2363,2
8232,15680,0.0651,3
8233,2648,0.3794,1
8233,8909,0.2261,2
8233,8845,0.1098,3
8233,10068,0.091,4
8233,10545,0.0876,5
8233,3034,0.0805,6
8233,5553,0.0255,7
8234,8756,0.5807,1
8234,8720,0.175,2
8234,7988,0.0897,3
8234,6238,0.0661,4
8234,4222,0.0492,5
8234,7450,0.0391,6
8234,8890,0.0003,7
8235,17069,0.7987,1
8235,12970,0.2013,2
8236,3487,0.3781,1
8236,6006,0.2158,2
8236,6578,0.1955,3
8236,17548,0.1445,4
8236,7327,0.0365,5
8236,1925,0.0237,6
8236,11633,0.0059,7
8237,9244,0.4697,1
8237,8453,0.23,2
8237,7450,0.0777,3
8237,8833,0.0731,4
8237,9035,0.0663,5
8237,9474,0.0516,6
8237,6218,0.0316,7
8238,9204,0.4403,1
8238,1873,0.342,2
8238,4418,0.2177,3
8239,5925,0.6235,1
8239,4653,0.361,2
8239,4903,0.0155,3
8240,4077,0.8495,1
8240,3957,0.1327,2
8240,7796,0.0178,3
8241,14759,0.431,1
8241,4203,0.304,2
8241,6986,0.2382,3
8241,3490,0.0268,4
8242,2785,0.7703,1
8242,16338,0.1995,2
8242,9178,0.0302,3
8243,7042,0.4655,1
8243,2300,0.2369,2
8243,4551,0.1773,3
8243,14879,0.069,4
8243,14933,0.0454,5
8243,12769,0.0058,6
8244,15489,0.3466,1
8244,7575,0.3229,2
8244,11930,0.1764,3
8244,2821,0.1431,4
8244,17084,0.0109,5
8245,13028,0.5629,1
8245,3432,0.2177,2
8245,11549,0.2098,3
8245,12637,0.0097,4
8246,2407,0.6728,1
8246,3070,0.2005,2
8246,5155,0.1091,3
8246,7953,0.01,4
8246,3703,0.0076,5
8247,4949,0.3629,1
8247,16171,0.1976,2
8247,15523,0.1765,3
8247,6588,0.14,4
8247,12501,0.083,5
8247,3674,0.04,6
8248,3587,0.3701,1
8248,4010,0.3439,2
8248,12450,0.286,3
8249,2814,0.5962,1
8249,12408,0.1557,2
8249,2978,0.13,3
8249,15277,0.0684,4
8249,2183,0.043,5
8249,4046,0.0035,6
8249,15427,0.0033,7
8250,6535,0.4526,1
8250,7338,0.2701,2
8250,17346,0.2473,3
8250,7950,0.03,4
8251,15643,0.3601,1
8251,4025,0.3351,2
8251,10437,0.2851,3
8251,6294,0.0198,4
8252,5001,0.4096,1
8252,9152,0.2875,2
8252,9952,0.179,3
8252,2544,0.124,4
8253,4561,0.392,1
8253,4602,0.3667,2
8253,12010,0.1189,3
8253,11962,0.052,4
8253,2033,0.0448,5
8253,7516,0.0256,6
8254,1657,0.6327,1
8254,2697,0.2058,2
8254,4652,0.1616,3
8255,5645,0.4215,1
8255,5369,0.3177,2
8255,10983,0.1328,3
8255,5953,0.0799,4
8255,7189,0.0326,5
8255,8356,0.0096,6
8255,6839,0.0059,7
8256,9327,0.5254,1
8256,8768,0.2659,2
8256,6754,0.1113,3
8256,3809,0.0494,4
8256,7799,0.048,5
8257,7951,0.6281,1
8257,9759,0.2206,2
8257,6709,0.1075,3
8257,7027,0.0438,4
8258,2789,0.5508,1
8258,11052,0.3034,2
8258,7347,0.0846,3
8258,8687,0.0552,4
8258,9100,0.006,5
8259,17618,0.4634,1
8259,17043,0.2163,2
8259,12614,0.1402,3
8259,7758,0.079,4
8259,11987,0.0567,5
8259,6429,0.0429,6
8259,15347,0.0016,7
8260,3208,0.648,1
8260,7292,0.2893,2
8260,1865,0.0467,3
8260,5142,0.0139,4
8260,2969,0.002,5
8261,7704,0.3339,1
8261,4738,0.1788,2
8261,8461,0.1763,3
8261,2312,0.1695,4
8261,6352,0.0949,5
8261,4107,0.0266,6
8261,10261,0.0199,7
8262,9700,0.4063,1
8262,3413,0.3774,2
8262,4691,0.0898,3
8262,2077,0.0872,4
8262,9694,0.0296,5
8262,7319,0.0097,6
8263,4038,0.4061,1
8263,6134,0.2226,2
8263,5782,0.1321,3
8263,8445,0.1216,4
8263,9075,0.1176,5
8264,3016,0.658,1
8264,16083,0.3115,2
8264,10774,0.0305,3
8265,9153,0.5391,1
8265,8753,0.1942,2
8265,12504,0.0982,3
8265,11537,0.0869,4
8265,9110,0.0816,5
8266,10760,0.5555,1
8266,3907,0.1893,2
8266,4822,0.161,3
8266,10204,0.0601,4
8266,4342,0.0341,5
8267,3645,0.6391,1
8267,9279,0.2869,2
8267,6815,0.074,3
8268,13545,0.3314,1
8268,3071,0.3137,2
8268,7518,0.1605,3
8268,13559,0.1024,4
8268,5016,0.0605,5
8268,13950,0.0172,6
8268,3939,0.0142,7
8269,13862,0.4343,1
8269,2133,0.187,2
8269,8838,0.1685,3
8269,6726,0.1054,4
8269,13199,0.1041,5
8269,10602,0.0007,6
8270,6865,0.39,1
8270,7142,0.2357,2
8270,9443,0.1316,3
8270,9879,0.0998,4
8270,6140,0.0694,5
8270,9021,0.0517,6
8270,10514,0.0218,7
8271,2318,0.3551,1
8271,6822,0.2416,2
8271,1647,0.2354,3
8271,2615,0.1097,4
8271,2891,0.0213,5
8271,5281,0.0202,6
8271,3468,0.0166,7
8272,4877,0.577,1
8272,8881,0.2428,2
8272,10019,0.0814,3
8272,5502,0.0331,4
8272,11181,0.0265,5
8272,5041,0.0204,6
8272,8690,0.0188,7
8273,7416,0.4408,1
8273,4988,0.332,2
8273,9056,0.1178,3
8273,5434,0.0803,4
8273,2968,0.0292,5
8274,5804,0.4111,1
8274,5961,0.208,2
8274,7599,0.1709,3
8274,8797,0.1326,4
8274,17255,0.056,5
8274,3145,0.0214,6
8275,16786,0.2989,1
8275,8152,0.2414,2
8275,12795,0.2281,3
8275,4692,0.1191,4
8275,10335,0.1016,5
8275,16728,0.0068,6
8275,3975,0.004,7
8276,10926,0.559,1
8276,11004,0.4298,2
8276,7901,0.0112,3
8277,9696,0.6791,1
8277,1927,0.1661,2
8277,7520,0.0505,3
8277,8539,0.0487,4
8277,10918,0.0468,5
8277,8147,0.0088,6
8278,7309,0.7211,1
8278,17104,0.2633,2
8278,4632,0.0156,3
8279,9335,0.4557,1
8279,1843,0.1583,2
8279,9045,0.1189,3
8279,11298,0.0742,4
8279,10818,0.0711,5
8279,5407,0.0681,6
8279,11175,0.0537,7
8280,3435,0.4134,1
8280,9377,0.3092,2
8280,8458,0.0993,3
8280,5917,0.0905,4
8280,9082,0.0495,5
8280,9654,0.033,6
8280,7577,0.0051,7
8281,4287,1.0,1
8282,17510,0.2981,1
8282,15907,0.2358,2
8282,16823,0.1969,3
8282,6955,0.1331,4
8282,3513,0.114,5
8282,17373,0.0222,6
8283,5217,0.5056,1
8283,15292,0.2645,2
8283,17120,0.1737,3
8283,12520,0.04,4
8283,12210,0.0163,5
8284,12988,0.5523,1
8284,3256,0.3473,2
8284,2851,0.0579,3
8284,7258,0.04,4
8284,17102,0.0017,5
8284,13779,0.0007,6
8285,12867,0.4223,1
8285,14601,0.3173,2
8285,11715,0.107,3
8285,11193,0.0779,4
8285,7923,0.0643,5
8285,16983,0.0112,6
8286,16882,0.7567,1
8286,2807,0.1756,2
8286,8921,0.0677,3
8287,8982,0.6956,1
8287,9955,0.2221,2
8287,3872,0.0746,3
8287,12598,0.0077,4
8288,13542,0.5151,1
8288,9921,0.2681,2
8288,12204,0.2168,3
8289,11658,0.4713,1
8289,11036,0.1966,2
8289,16676,0.1634,3
8289,17104,0.0978,4
8289,6912,0.0466,5
8289,14567,0.0148,6
8289,8577,0.0095,7
8290,7757,0.2451,1
8290,13862,0.1951,2
8290,4761,0.1466,3
8290,17506,0.1124,4
8290,10249,0.1106,5
8290,13219,0.1062,6
8290,5146,0.0839,7
8291,14307,0.3779,1
8291,4023,0.2306,2
8291,6330,0.1742,3
8291,5064,0.1113,4
8291,17121,0.106,5
8292,6101,0.2958,1
8292,10054,0.2945,2
8292,4095,0.2355,3
8292,16090,0.1715,4
8292,6775,0.0027,5
8293,17631,0.8657,1
8293,12608,0.1178,2
8293,10767,0.0165,3
8294,1637,0.9149,1
8294,5347,0.0689,2
8294,6905,0.0137,3
8294,10468,0.0025,4
8295,4734,0.489,1
8295,16648,0.2371,2
8295,4493,0.0908,3
8295,1676,0.0829,4
8295,7031,0.0592,5
8295,15750,0.0222,6
8295,6364,0.0189,7
8296,3744,0.6434,1
8296,8691,0.2099,2
8296,3689,0.137,3
8296,6744,0.0097,4
8297,16178,0.7079,1
8297,12753,0.2921,2
8298,7043,0.6475,1
8298,5035,0.1913,2
8298,6424,0.1362,3
8298,6882,0.025,4
8299,5228,0.4706,1
8299,4927,0.4385,2
8299,8458,0.0909,3
8300,15258,0.4713,1
8300,16170,0.4108,2
8300,10008,0.0783,3
8300,10574,0.0396,4
8301,4263,0.6209,1
8301,2538,0.2094,2
8301,5662,0.1133,3
8301,5228,0.0564,4
8302,17225,0.49,1
8302,7533,0.2051,2
8302,4953,0.1465,3
8302,10562,0.0743,4
8302,11551,0.0395,5
8302,9514,0.0289,6
8302,16197,0.0159,7
8303,7323,0.6904,1
8303,17230,0.2899,2
8303,2151,0.0197,3
8304,14222,0.7023,1
8304,17506,0.2977,2
8305,9531,0.5721,1
8305,13541,0.3879,2
8305,12287,0.0232,3
8305,6637,0.0168,4
8306,9890,0.4789,1
8306,10474,0.3541,2
8306,2305,0.0887,3
8306,8928,0.0555,4
8306,2336,0.0134,5
8306,3606,0.0093,6
8307,12185,0.6571,1
8307,2641,0.2184,2
8307,4865,0.1137,3
8307,4607,0.0108,4
8308,6335,0.628,1
8308,3049,0.3211,2
8308,4808,0.0438,3
8308,1972,0.0071,4
8309,2263,0.6887,1
8309,4998,0.2092,2
8309,4961,0.0896,3
8309,3517,0.0125,4
8310,10517,0.3698,1
8310,9070,0.3648,2
8310,1946,0.1882,3
8310,4050,0.0491,4
8310,5320,0.018,5
8310,9232,0.0101,6
8311,9078,0.4209,1
8311,12318,0.2071,2
8311,2915,0.187,3
8311,17454,0.1465,4
8311,6027,0.0141,5
8311,13253,0.0137,6
8311,15693,0.0109,7
8312,3463,0.3897,1
8312,7350,0.3003,2
8312,1784,0.1228,3
8312,4982,0.0872,4
8312,7233,0.0774,5
8312,11938,0.0226,6
8313,6532,0.6322,1
8313,17527,0.1813,2
8313,2989,0.1502,3
8313,16590,0.0363,4
8314,14796,0.4608,1
8314,9919,0.297,2
8314,8133,0.2017,3
8314,5754,0.0209,4
8314,4384,0.0168,5
8314,14246,0.0027,6
8315,5150,0.8111,1
8315,1888,0.1226,2
8315,5776,0.0663,3
8316,13925,0.4022,1
8316,12153,0.2689,2
8316,10053,0.1105,3
8316,15384,0.0981,4
8316,7491,0.0911,5
8316,10732,0.0185,6
8316,6407,0.0107,7
8317,5953,0.3398,1
8317,10655,0.2585,2
8317,3410,0.2389,3
8317,7692,0.1516,4
8317,11066,0.0112,5
8318,9570,0.2863,1
8318,8482,0.2097,2
8318,5174,0.1756,3
8318,8231,0.1646,4
8318,9035,0.0885,5
8318,8361,0.0625,6
8318,8550,0.0126,7
8319,15182,0.5005,1
8319,3108,0.3085,2
8319,4235,0.191,3
8320,4795,0.3955,1
8320,5271,0.353,2
8320,11609,0.202,3
8320,6937,0.0496,4
8321,7197,0.2741,1
8321,15514,0.2151,2
8321,6801,0.2144,3
8321,4699,0.143,4
8321,6035,0.0893,5
8321,6083,0.0631,6
8321,13334,0.0009,7
8322,13380,0.6651,1
8322,12615,0.3304,2
8322,11599,0.0045,3
8323,3725,0.3132,1
8323,7710,0.1964,2
8323,11058,0.1718,3
8323,11140,0.1529,4
8323,9411,0.1014,5
8323,2144,0.0643,6
8324,2433,0.722,1
8324,16014,0.1772,2
8324,3634,0.1008,3
8325,8293,0.3839,1
8325,5435,0.2945,2
8325,7338,0.222,3
8325,11522,0.0377,4
8325,17189,0.0331,5
8325,9868,0.0182,6
8325,14532,0.0105,7
8326,7593,0.4961,1
8326,10681,0.2209,2
8326,9827,0.1647,3
8326,10931,0.0667,4
8326,7809,0.0299,5
8326,4204,0.0124,6
8326,10162,0.0093,7
8327,8037,0.5258,1
8327,7600,0.4045,2
8327,1758,0.0482,3
8327,5211,0.0171,4
8327,3150,0.0044,5
8328,10956,0.5784,1
8328,7288,0.3331,2
8328,3583,0.0857,3
8328,10559,0.0028,4
8329,2472,0.2791,1
8329,9948,0.1925,2
8329,7979,0.182,3
8329,9411,0.1447,4
8329,3592,0.137,5
8329,3890,0.0367,6
8329,5819,0.028,7
8330,2239,0.7642,1
8330,13779,0.1228,2
8330,11452,0.0565,3
8330,9611,0.0565,4
8331,14019,0.2833,1
8331,3446,0.2313,2
8331,13125,0.1573,3
8331,11084,0.1489,4
8331,13887,0.1439,5
8331,6913,0.0354,6
8332,7015,1.0,1
8333,12028,0.7079,1
8333,3994,0.1733,2
8333,13842,0.1187,3
8334,11195,0.2936,1
8334,10590,0.2746,2
8334,3775,0.2573,3
8334,8781,0.0873,4
8334,2059,0.0655,5
8334,9588,0.0218,6
8335,11011,0.77,1
8335,9751,0.1603,2
8335,4093,0.054,3
8335,10208,0.0089,4
8335,5003,0.0068,5
8336,6755,0.4315,1
8336,4355,0.372,2
8336,4805,0.1573,3
8336,7811,0.0197,4
8336,5879,0.0195,5
8337,4426,0.7505,1
8337,8333,0.1964,2
8337,3558,0.0481,3
8337,6984,0.0049,4
8338,2620,0.3715,1
8338,2519,0.3053,2
8338,4420,0.1524,3
8338,10514,0.1424,4
8338,10626,0.0284,5
8339,2401,1.0,1
8340,6585,0.6176,1
8340,2496,0.2813,2
8340,9679,0.1011,3
8341,5498,0.4409,1
8341,4297,0.263,2
8341,2825,0.1378,3
8341,3359,0.1003,4
8341,4345,0.0517,5
8341,1735,0.0039,6
8341,14815,0.0024,7
8342,3100,0.5824,1
8342,7588,0.2314,2
8342,6623,0.1862,3
8343,3446,0.3608,1
8343,13269,0.3321,2
8343,3460,0.1289,3
8343,13319,0.101,4
8343,5273,0.0597,5
8343,12055,0.0166,6
8343,14343,0.001,7
8344,2518,0.3809,1
8344,2810,0.2262,2
8344,12153,0.1469,3
8344,9388,0.1355,4
8344,15724,0.1105,5
8345,7710,0.5472,1
8345,2334,0.146,2
8345,6957,0.1328,3
8345,5748,0.0887,4
8345,1759,0.0853,5
8346,7172,0.611,1
8346,6756,0.3615,2
8346,9775,0.0184,3
8346,3562,0.009,4
8347,7140,0.8997,1
8347,4725,0.0747,2
8347,8465,0.0256,3
8348,7825,0.4139,1
8348,2243,0.3897,2
8348,9932,0.1965,3
8349,7760,0.4845,1
8349,2505,0.3503,2
8349,6114,0.0822,3
8349,5485,0.0421,4
8349,4956,0.025,5
8349,10766,0.0159,6
8350,7145,0.5059,1
8350,6179,0.3904,2
8350,6901,0.0785,3
8350,8486,0.0253,4
8351,3220,0.7556,1
8351,8679,0.1489,2
8351,5053,0.0956,3
8352,11143,0.7354,1
8352,3844,0.1064,2
8352,6829,0.1015,3
8352,11397,0.021,4
8352,8187,0.0199,5
8352,4839,0.0095,6
8352,10520,0.0062,7
8353,5779,0.587,1
8353,16548,0.1717,2
8353,6627,0.1434,3
8353,4024,0.0721,4
8353,13928,0.0144,5
8353,9445,0.0114,6
8354,5355,0.3496,1
8354,2175,0.2218,2
8354,9192,0.1435,3
8354,8201,0.1412,4
8354,6017,0.1191,5
8354,8109,0.0248,6
8355,14963,0.5194,1
8355,13635,0.2355,2
8355,8714,0.1288,3
8355,7936,0.0593,4
8355,13155,0.0423,5
8355,13009,0.0147,6
8356,7901,0.5173,1
8356,11388,0.202,2
8356,10311,0.1692,3
8356,7581,0.0576,4
8356,8794,0.0336,5
8356,5483,0.0202,6
8357,3148,0.4522,1
8357,5097,0.4345,2
8357,4903,0.1133,3
8358,9181,0.5706,1
8358,14757,0.2549,2
8358,16050,0.1745,3
8359,4359,0.3531,1
8359,10860,0.2095,2
8359,8950,0.1804,3
8359,17131,0.1432,4
8359,7612,0.0841,5
8359,1681,0.0298,6
8360,6458,0.5608,1
8360,4362,0.291,2
8360,3931,0.1483,3
8361,3295,0.5284,1
8361,4910,0.3502,2
8361,7524,0.0867,3
8361,7158,0.0202,4
8361,5371,0.0132,5
8361,10817,0.0012,6
8361,7766,0.0002,7
8362,2405,0.5278,1
8362,5827,0.2326,2
8362,11152,0.1899,3
8362,7536,0.0497,4
8363,5218,0.3221,1
8363,3014,0.2212,2
8363,3892,0.2085,3
8363,4924,0.1669,4
8363,6816,0.0813,5
8364,1850,0.7987,1
8364,2066,0.1223,2
8364,6062,0.0672,3
8364,15293,0.0118,4
8365,3975,0.6378,1
8365,9365,0.3452,2
8365,2196,0.017,3
8366,13287,0.3969,1
8366,12334,0.2069,2
8366,14290,0.174,3
8366,3855,0.1269,4
8366,7403,0.0542,5
8366,5093,0.041,6
8367,6458,0.5913,1
8367,2292,0.334,2
8367,2304,0.0747,3
8368,5690,0.4375,1
8368,8121,0.3777,2
8368,10763,0.1157,3
8368,9005,0.0356,4
8368,6531,0.0336,5
8369,5564,0.5942,1
8369,5832,0.1193,2
8369,16475,0.1182,3
8369,6614,0.0985,4
8369,4503,0.064,5
8369,7134,0.0058,6
8370,17316,0.5625,1
8370,7204,0.1381,2
8370,7330,0.1298,3
8370,12149,0.1059,4
8370,7644,0.0637,5
8371,14950,0.4386,1
8371,7007,0.37,2
8371,17200,0.1914,3
8372,11507,0.6098,1
8372,8029,0.3902,2
8373,7962,0.9692,1
8373,7342,0.0308,2
8374,10734,0.6318,1
8374,5845,0.1584,2
8374,8711,0.0847,3
8374,15619,0.0815,4
8374,9254,0.0279,5
8374,9833,0.0156,6
8375,10742,0.4478,1
8375,10103,0.1609,2
8375,7996,0.1459,3
8375,16665,0.1177,4
8375,4662,0.0704,5
8375,5275,0.0573,6
8376,6140,0.4435,1
8376,3393,0.2228,2
8376,3269,0.1327,3
8376,2242,0.1048,4
8376,2324,0.0962,5
8377,6859,0.602,1
8377,7129,0.1577,2
8377,6216,0.1187,3
8377,10756,0.1089,4
8377,12293,0.0128,5
8378,2302,0.48,1
8378,6623,0.1722,2
8378,10438,0.1712,3
8378,9030,0.0892,4
8378,7436,0.0642,5
8378,2793,0.0125,6
8378,6598,0.0107,7
8379,2659,0.5574,1
8379,7908,0.4426,2
8380,8940,0.7481,1
8380,7451,0.239,2
8380,14317,0.0077,3
8380,1725,0.0052,4
8381,7685,0.5219,1
8381,9645,0.2521,2
8381,4847,0.1732,3
8381,1799,0.035,4
8381,9558,0.0177,5
8382,9429,0.5689,1
8382,2907,0.2442,2
8382,3135,0.187,3
8383,3279,0.4227,1
8383,10615,0.1835,2
8383,11033,0.1441,3
8383,9981,0.1378,4
8383,2191,0.0588,5
8383,4444,0.0375,6
8383,9348,0.0156,7
8384,7308,0.4824,1
8384,4189,0.3212,2
8384,5143,0.1963,3
8385,2711,0.4045,1
8385,7911,0.3275,2
8385,1961,0.1176,3
8385,8750,0.0921,4
8385,5801,0.0501,5
8385,5371,0.0082,6
8386,11163,0.4099,1
8386,11554,0.2933,2
8386,17373,0.2093,3
8386,3835,0.0748,4
8386,2252,0.0127,5
8387,11809,0.311,1
8387,4910,0.2056,2
8387,5489,0.1408,3
8387,1961,0.1307,4
8387,6826,0.1226,5
8387,2131,0.0893,6
8388,5901,0.6022,1
8388,3856,0.2497,2
8388,5525,0.1183,3
8388,4055,0.0142,4
8388,5308,0.0137,5
8388,2407,0.0018,6
8389,4970,0.4553,1
8389,4134,0.3894,2
8389,6067,0.1553,3
8390,5591,0.6251,1
8390,5898,0.1747,2
8390,6890,0.1001,3
8390,4180,0.0521,4
8390,10163,0.0481,5
8391,3507,0.3724,1
8391,3585,0.3639,2
8391,2398,0.2289,3
8391,10208,0.0244,4
8391,7174,0.0104,5
8392,8328,0.4588,1
8392,7197,0.2719,2
8392,2693,0.152,3
8392,8139,0.1173,4
8393,5623,0.2527,1
8393,3676,0.23,2
8393,7613,0.2203,3
8393,6944,0.1631,4
8393,8302,0.134,5
8394,8457,0.8364,1
8394,9350,0.1636,2
8395,2515,1.0,1
8396,5750,0.3719,1
8396,7601,0.2455,2
8396,4403,0.153,3
8396,4111,0.1258,4
8396,2433,0.1037,5
8397,8609,0.3798,1
8397,15427,0.3664,2
8397,7995,0.2537,3
8398,4211,0.5324,1
8398,8868,0.394,2
8398,10862,0.0736,3
8399,6951,0.4958,1
8399,5682,0.441,2
8399,14483,0.0283,3
8399,5249,0.0204,4
8399,10716,0.0145,5
8400,3228,0.5493,1
8400,8038,0.2149,2
8400,14935,0.1601,3
8400,5148,0.0554,4
8400,2840,0.0203,5
8401,6884,0.4112,1
8401,2927,0.1984,2
8401,4275,0.1572,3
8401,3712,0.1049,4
8401,4225,0.0666,5
8401,13128,0.0441,6
8401,15748,0.0176,7
8402,4214,0.6074,1
8402,8980,0.2145,2
8402,10150,0.178,3
8403,8836,0.486,1
8403,4791,0.3301,2
8403,5876,0.097,3
8403,4766,0.0729,4
8403,10388,0.0127,5
8403,5852,0.0013,6
8404,6625,0.6189,1
8404,4850,0.2362,2
8404,11386,0.1449,3
8405,7454,0.2718,1
8405,6508,0.2177,2
8405,9045,0.1807,3
8405,4640,0.105,4
8405,5931,0.0972,5
8405,3893,0.0735,6
8405,5211,0.0541,7
8406,2489,0.3378,1
8406,16456,0.2756,2
8406,2931,0.1819,3
8406,7920,0.1462,4
8406,12788,0.0373,5
8406,3559,0.0211,6
8407,9470,0.2587,1
8407,14150,0.2398,2
8407,7165,0.2282,3
8407,4578,0.1239,4
8407,6020,0.0808,5
8407,11755,0.0386,6
8407,7860,0.0301,7
8408,3098,0.6429,1
8408,4841,0.2602,2
8408,7031,0.0877,3
8408,9100,0.0092,4
8409,4345,0.7977,1
8409,3266,0.0881,2
8409,4714,0.0737,3
8409,4225,0.0405,4
8410,1838,0.7537,1
8410,5940,0.2211,2
8410,14500,0.0252,3
8411,8071,0.5959,1
8411,5666,0.3692,2
8411,2691,0.0348,3
8412,16808,0.6029,1
8412,6870,0.2311,2
8412,9378,0.1189,3
8412,7726,0.0411,4
8412,3292,0.006,5
8413,10980,0.3062,1
8413,14638,0.29,2
8413,6207,0.1657,3
8413,3231,0.1115,4
8413,1718,0.1109,5
8413,5996,0.0157,6
8414,10663,0.5996,1
8414,1901,0.2276,2
8414,8078,0.1045,3
8414,2194,0.027,4
8414,10956,0.0249,5
8414,5964,0.0164,6
8415,3553,0.6788,1
8415,7134,0.2096,2
8415,16044,0.0909,3
8415,9315,0.0121,4
8415,14132,0.0086,5
8415,16597,0.0,6
8416,2926,0.3425,1
8416,2669,0.2665,2
8416,5594,0.2273,3
8416,7090,0.1394,4
8416,11128,0.0186,5
8416,14492,0.0056,6
8417,3458,0.4527,1
8417,5697,0.2444,2
8417,4691,0.1471,3
8417,10016,0.0837,4
8417,2355,0.0389,5
8417,4489,0.0255,6
8417,9131,0.0077,7
8418,11739,0.3573,1
8418,2688,0.2518,2
8418,17587,0.2211,3
8418,15557,0.1659,4
8418,3491,0.0037,5
8418,1707,0.0002,6
8419,4034,0.4974,1
8419,8265,0.4798,2
8419,15189,0.0127,3
8419,7955,0.0101,4
8420,2825,0.397,1
8420,3707,0.2993,2
8420,3676,0.1626,3
8420,4131,0.1103,4
8420,5707,0.0309,5
8421,5004,0.5248,1
8421,13051,0.315,2
8421,10827,0.1537,3
8421,3456,0.0065,4
8422,9867,0.7412,1
8422,10170,0.1295,2
8422,11291,0.041,3
8422,15570,0.0395,4
8422,9033,0.0293,5
8422,6157,0.0195,6
8423,12939,0.3671,1
8423,15024,0.3299,2
8423,11377,0.1868,3
8423,5343,0.079,4
8423,11156,0.0266,5
8423,13699,0.0105,6
8424,13320,0.4819,1
8424,10038,0.4366,2
8424,13045,0.0815,3
8425,7774,0.4866,1
8425,10348,0.2318,2
8425,2916,0.2065,3
8425,8147,0.054,4
8425,8947,0.0211,5
8426,9830,0.4107,1
8426,10890,0.2364,2
8426,8060,0.1955,3
8426,4232,0.1414,4
8426,3296,0.016,5
8427,10374,0.4847,1
8427,2764,0.255,2
8427,3809,0.1021,3
8427,8373,0.0951,4
8427,8042,0.0631,5
8428,10984,1.0,1
8429,2009,0.3753,1
8429,1857,0.3087,2
8429,13271,0.3003,3
8429,3284,0.0118,4
8429,2914,0.004,5
8430,2024,0.552,1
8430,9089,0.2812,2
8430,10464,0.1668,3
8431,9016,0.9,1
8431,1785,0.085,2
8431,3743,0.0151,3
8432,7043,0.5405,1
8432,6977,0.2434,2
8432,11426,0.1276,3
8432,2206,0.0886,4
8433,8546,0.5238,1
8433,7747,0.2434,2
8433,7766,0.1794,3
8433,4327,0.0534,4
8434,17602,0.6926,1
8434,9950,0.2971,2
8434,1712,0.0103,3
8435,4813,0.8746,1
8435,6679,0.1096,2
8435,7318,0.0158,3
8436,4843,0.5252,1
8436,11364,0.1945,2
8436,4326,0.1888,3
8436,8005,0.0479,4
8436,9944,0.0336,5
8436,2286,0.01,6
8436,7747,0.0,7
8437,4757,0.5917,1
8437,5239,0.2214,2
8437,4777,0.1426,3
8437,7742,0.0442,4
8438,3727,1.0,1
8439,8894,0.3158,1
8439,10626,0.2414,2
8439,2144,0.2253,3
8439,8402,0.0895,4
8439,14016,0.0751,5
8439,13698,0.0518,6
8439,13662,0.0011,7
8440,4887,0.3758,1
8440,4441,0.1748,2
8440,9499,0.1622,3
8440,10100,0.1372,4
8440,10294,0.117,5
8440,2515,0.0282,6
8440,3476,0.0049,7
8441,4895,0.3066,1
8441,6260,0.2885,2
8441,8337,0.2374,3
8441,8256,0.1273,4
8441,10532,0.0331,5
8441,2038,0.0038,6
8441,3569,0.0033,7
8442,4835,0.2947,1
8442,2046,0.2277,2
8442,9070,0.2224,3
8442,11244,0.1907,4
8442,10867,0.0536,5
8442,11075,0.0109,6
8443,4967,0.4078,1
8443,6382,0.254,2
8443,6065,0.1924,3
8443,4553,0.0745,4
8443,16661,0.0713,5
8444,8049,0.4832,1
8444,9765,0.2293,2
8444,5097,0.1886,3
8444,6254,0.0934,4
8444,8316,0.0039,5
8444,9762,0.0016,6
8445,2032,0.5318,1
8445,10860,0.3059,2
8445,4340,0.1469,3
8445,15178,0.0154,4
8446,4074,0.2731,1
8446,9898,0.2437,2
8446,16530,0.2133,3
8446,5501,0.1661,4
8446,11551,0.0678,5
8446,10627,0.0359,6
8447,1863,0.4627,1
8447,4895,0.3732,2
8447,2973,0.0947,3
8447,9584,0.0694,4
8448,6787,0.5309,1
8448,9513,0.4691,2
8449,2793,0.8585,1
8449,7404,0.1415,2
8450,3285,0.3294,1
8450,3226,0.2796,2
8450,2486,0.1601,3
8450,4372,0.0905,4
8450,5927,0.0859,5
8450,7565,0.0545,6
8451,6409,1.0,1
8452,8478,0.4441,1
8452,6302,0.2885,2
8452,4696,0.2382,3
8452,17363,0.0292,4
8453,17454,0.3164,1
8453,4670,0.2548,2
8453,10347,0.1596,3
8453,8905,0.152,4
8453,17147,0.074,5
8453,12405,0.0432,6
8454,11252,0.4043,1
8454,10035,0.2972,2
8454,8637,0.1018,3
8454,7776,0.097,4
8454,3414,0.0785,5
8454,5630,0.0148,6
8454,8546,0.0063,7
8455,10045,1.0,1
8456,7805,0.5865,1
8456,3872,0.2438,2
8456,7176,0.1292,3
8456,6092,0.0171,4
8456,2568,0.017,5
8456,8543,0.0064,6
8457,4874,0.4956,1
8457,9534,0.2471,2
8457,4615,0.2184,3
8457,3755,0.0389,4
8458,10861,0.6692,1
8458,2566,0.1436,2
8458,16438,0.0943,3
8458,11537,0.0467,4
8458,11321,0.0363,5
8458,1646,0.01,6
8459,9138,0.313,1
8459,9826,0.2601,2
8459,13870,0.1993,3
8459,15031,0.1185,4
8459,5404,0.0628,5
8459,14437,0.0462,6
8460,8677,0.6693,1
8460,9962,0.3274,2
8460,11936,0.0033,3
8461,12685,0.5725,1
8461,1679,0.2154,2
8461,5659,0.129,3
8461,2455,0.0831,4
8462,5327,0.6403,1
8462,10707,0.2408,2
8462,3931,0.0851,3
8462,6866,0.0338,4
8463,4133,0.5156,1
8463,4806,0.2065,2
8463,16564,0.1371,3
8463,2821,0.0783,4
8463,13142,0.0625,5
8464,6859,0.4866,1
8464,4644,0.2591,2
8464,4380,0.1941,3
8464,5456,0.0603,4
8465,6813,0.5105,1
8465,7085,0.3996,2
8465,15102,0.0631,3
8465,12936,0.0268,4
8466,5720,0.3618,1
8466,2976,0.3574,2
8466,12888,0.1838,3
8466,13159,0.097,4
8467,13019,0.4526,1
8467,16971,0.4518,2
8467,16533,0.0738,3
8467,8750,0.0207,4
8467,14471,0.0011,5
8468,8633,0.5814,1
8468,2240,0.2952,2
8468,2483,0.1234,3
8469,16446,0.4569,1
8469,8977,0.3893,2
8469,5751,0.138,3
8469,2211,0.0158,4
8470,5343,0.568,1
8470,2647,0.1806,2
8470,16776,0.1753,3
8470,1638,0.0457,4
8470,8837,0.0303,5
8471,2040,0.4443,1
8471,4302,0.3037,2
8471,9177,0.2489,3
8471,3546,0.0031,4
8472,5232,0.3405,1
8472,12585,0.2656,2
8472,12591,0.2528,3
8472,4474,0.0645,4
8472,7231,0.0413,5
8472,1977,0.0184,6
8472,12359,0.0168,7
8473,2595,0.5893,1
8473,4083,0.1915,2
8473,3630,0.1636,3
8473,6513,0.0423,4
8473,2090,0.0133,5
8474,13930,0.4998,1
8474,6255,0.2925,2
8474,3408,0.0962,3
8474,4171,0.0721,4
8474,3297,0.0395,5
8475,9109,0.4914,1
8475,5949,0.3257,2
8475,9981,0.1829,3
8476,5800,0.5191,1
8476,2474,0.2466,2
8476,9737,0.1613,3
8476,4791,0.0664,4
8476,7626,0.0065,5
8477,2205,0.5702,1
8477,6391,0.2069,2
8477,9208,0.0981,3
8477,11363,0.0651,4
8477,3366,0.0549,5
8477,8774,0.0048,6
8478,6189,0.4323,1
8478,4997,0.2309,2
8478,7692,0.2264,3
8478,11054,0.0845,4
8478,8301,0.0124,5
8478,1973,0.0099,6
8478,11231,0.0036,7
8479,8735,0.3338,1
8479,8314,0.2763,2
8479,2080,0.2086,3
8479,6108,0.0926,4
8479,7213,0.0472,5
8479,7084,0.0415,6
8480,4233,0.3047,1
8480,6642,0.2523,2
8480,6047,0.2325,3
8480,13031,0.0948,4
8480,5841,0.0863,5
8480,13456,0.0227,6
8480,4671,0.0067,7
8481,11304,0.6383,1
8481,5868,0.1502,2
8481,9084,0.1134,3
8481,5609,0.0981,4
8482,9919,0.5936,1
8482,9334,0.2213,2
8482,14454,0.1851,3
8483,8122,0.3615,1
8483,7797,0.2995,2
8483,10783,0.279,3
8483,4187,0.06,4
8484,14088,0.4039,1
8484,6399,0.293,2
8484,11856,0.167,3
8484,2091,0.0934,4
8484,10454,0.0366,5
8484,13859,0.0036,6
8484,11292,0.0024,7
8485,12939,0.7291,1
8485,6936,0.1431,2
8485,11894,0.0978,3
8485,6022,0.03,4
8486,9741,0.5831,1
8486,14182,0.253,2
8486,9118,0.1221,3
8486,17247,0.0265,4
8486,5086,0.0096,5
8486,3884,0.0058,6
8487,3551,0.9018,1
8487,6918,0.0654,2
8487,5109,0.0328,3
8488,2876,0.7924,1
8488,16281,0.1731,2
8488,16820,0.0291,3
8488,1691,0.0054,4
8489,9685,0.5488,1
8489,4055,0.3157,2
8489,7270,0.1355,3
8490,10492,0.5747,1
8490,1941,0.1911,2
8490,5941,0.1453,3
8490,14058,0.0695,4
8490,7036,0.0179,5
8490,16783,0.0015,6
8490,6938,0.0,7
8491,3124,0.4889,1
8491,3976,0.3036,2
8491,12690,0.2075,3
8492,7768,0.317,1
8492,11762,0.2553,2
8492,13609,0.2488,3
8492,11137,0.1692,4
8492,3920,0.0098,5
8493,2861,0.4986,1
8493,4333,0.304,2
8493,17383,0.1974,3
8494,3563,0.6967,1
8494,9382,0.2733,2
8494,2306,0.0299,3
8495,5546,0.4961,1
8495,5877,0.326,2
8495,5077,0.1427,3
8495,3892,0.0352,4
8496,8231,0.3548,1
8496,11213,0.2626,2
8496,6841,0.1472,3
8496,5242,0.1282,4
8496,10135,0.0814,5
8496,5868,0.0149,6
8496,7951,0.0108,7
8497,16210,0.3839,1
8497,13726,0.2032,2
8497,2323,0.1925,3
8497,7792,0.1152,4
8497,5094,0.0809,5
8497,10667,0.0137,6
8497,13897,0.0105,7
8498,2083,0.3155,1
8498,10975,0.3038,2
8498,7961,0.1426,3
8498,13579,0.1021,4
8498,1776,0.0964,5
8498,6660,0.0395,6
8499,4283,0.422,1
8499,1972,0.2733,2
8499,2472,0.1926,3
8499,7350,0.0574,4
8499,8079,0.0548,5
8500,16443,0.8579,1
8500,12023,0.0822,2
8500,10987,0.0401,3
8500,1742,0.0198,4
8501,1671,0.3252,1
8501,7594,0.2428,2
8501,9814,0.2295,3
8501,9634,0.0998,4
8501,13029,0.057,5
8501,16503,0.0458,6
8502,2679,0.4141,1
8502,9295,0.3724,2
8502,8066,0.2135,3
8503,11386,0.3717,1
8503,10998,0.2591,2
8503,1973,0.2296,3
8503,6954,0.0754,4
8503,9134,0.0273,5
8503,4375,0.0258,6
8503,10901,0.0111,7
8504,10079,0.6115,1
8504,2961,0.2217,2
8504,4481,0.1287,3
8504,8402,0.0325,4
8504,10253,0.0057,5
8505,5997,0.4654,1
8505,4122,0.2005,2
8505,1999,0.1634,3
8505,6005,0.1281,4
8505,8358,0.041,5
8505,11264,0.0015,6
8506,5958,0.7108,1
8506,14841,0.2202,2
8506,5691,0.069,3
8507,16583,0.4313,1
8507,15530,0.3233,2
8507,3727,0.1938,3
8507,10436,0.0516,4
8508,7707,0.7808,1
8508,2716,0.1004,2
8508,7720,0.0416,3
8508,2216,0.0354,4
8508,5290,0.0279,5
8508,3450,0.014,6
8509,8813,0.2477,1
8509,5070,0.2397,2
8509,9216,0.2041,3
8509,2058,0.1815,4
8509,1767,0.0993,5
8509,11124,0.0277,6
8510,5675,0.4251,1
8510,9570,0.2806,2
8510,10520,0.1839,3
8510,2084,0.1105,4
8511,10876,0.5015,1
8511,8864,0.172,2
8511,17077,0.1006,3
8511,9300,0.0831,4
8511,16535,0.066,5
8511,16814,0.057,6
8511,17153,0.0198,7
8512,7028,0.7326,1
8512,8163,0.1543,2
8512,6706,0.0624,3
8512,4356,0.0507,4
8513,10896,0.4841,1
8513,6956,0.1808,2
8513,3410,0.1687,3
8513,8448,0.0733,4
8513,12637,0.05,5
8513,6366,0.0431,6
8514,7681,0.327,1
8514,1961,0.2753,2
8514,4204,0.2525,3
8514,5735,0.0751,4
8514,8400,0.0298,5
8514,6342,0.0275,6
8514,2163,0.0128,7
8515,3775,0.3482,1
8515,6431,0.1913,2
8515,8436,0.1883,3
8515,2362,0.1279,4
8515,6723,0.091,5
8515,9444,0.0448,6
8515,3131,0.0085,7
8516,10791,0.4561,1
8516,3951,0.2379,2
8516,6247,0.2141,3
8516,3734,0.0646,4
8516,2475,0.0274,5
8517,17064,0.28,1
8517,6884,0.2769,2
8517,10202,0.1885,3
8517,7589,0.1328,4
8517,15119,0.1039,5
8517,8759,0.0179,6
8518,16457,0.5655,1
8518,11002,0.3252,2
8518,10054,0.1094,3
8519,16871,0.8456,1
8519,17422,0.1342,2
8519,10881,0.0202,3
8520,1997,0.5062,1
8520,4485,0.2308,2
8520,3726,0.1237,3
8520,3751,0.0566,4
8520,6012,0.0519,5
8520,10360,0.0309,6
8521,1659,0.447,1
8521,9556,0.2851,2
8521,3581,0.1206,3
8521,17482,0.0814,4
8521,8946,0.0658,5
8522,14203,0.7764,1
8522,7553,0.2028,2
8522,7761,0.0208,3
8523,16787,0.5787,1
8523,15982,0.1271,2
8523,6501,0.1131,3
8523,10229,0.0758,4
8523,9108,0.0588,5
8523,15446,0.0461,6
8523,7572,0.0004,7
8524,15523,0.5416,1
8524,2466,0.4299,2
8524,17051,0.0285,3
8525,13310,0.3596,1
8525,7251,0.1901,2
8525,6865,0.1795,3
8525,5278,0.1025,4
8525,3896,0.0934,5
8525,9643,0.0748,6
8526,6824,0.492,1
8526,17483,0.4315,2
8526,2385,0.0536,3
8526,11550,0.0116,4
8526,1787,0.0052,5
8526,2285,0.0047,6
8526,3142,0.0014,7
8527,3133,0.6207,1
8527,2768,0.3127,2
8527,4083,0.0494,3
8527,6788,0.0171,4
8528,5593,0.4661,1
8528,11263,0.2876,2
8528,2937,0.2213,3
8528,14118,0.025,4
8529,7628,0.7502,1
8529,1725,0.1184,2
8529,5518,0.0499,3
8529,9735,0.043,4
8529,1671,0.0385,5
8530,8725,0.2969,1
8530,12631,0.2499,2
8530,7802,0.2044,3
8530,13061,0.1824,4
8530,6036,0.0573,5
8530,13131,0.0092,6
8531,3162,0.4575,1
8531,6250,0.267,2
8531,8364,0.1662,3
8531,5016,0.0888,4
8531,2670,0.0119,5
8531,4932,0.0086,6
8532,3546,0.3772,1
8532,2961,0.2581,2
8532,4655,0.1538,3
8532,10348,0.1083,4
8532,11087,0.0636,5
8532,8056,0.024,6
8532,4219,0.015,7
8533,5132,0.5047,1
8533,13779,0.404,2
8533,5419,0.0862,3
8533,8993,0.0052,4
8534,15891,0.3853,1
8534,13635,0.3249,2
8534,9383,0.1162,3
8534,12478,0.1159,4
8534,10455,0.0534,5
8534,14386,0.0043,6
8535,2697,0.4492,1
8535,8674,0.2588,2
8535,7708,0.161,3
8535,2561,0.0649,4
8535,8862,0.0503,5
8535,9130,0.0157,6
8536,7146,0.6951,1
8536,17495,0.1965,2
8536,2180,0.1084,3
8537,3070,0.6221,1
8537,3569,0.3333,2
8537,11011,0.0446,3
8538,2826,0.2337,1
8538,16873,0.2109,2
8538,1769,0.2078,3
8538,10581,0.2043,4
8538,10194,0.1433,5
8539,6156,0.3654,1
8539,7238,0.1857,2
8539,8601,0.1754,3
8539,4290,0.1256,4
8539,1765,0.1022,5
8539,6149,0.0432,6
8539,8591,0.0026,7
8540,15935,0.3081,1
8540,3432,0.2971,2
8540,15704,0.2577,3
8540,12887,0.0848,4
8540,10555,0.0522,5
8540,15240,0.0,6
8541,17212,0.4963,1
8541,3655,0.1741,2
8541,2063,0.1737,3
8541,2363,0.1311,4
8541,6524,0.0134,5
8541,16165,0.0115,6
8542,2436,0.3999,1
8542,4201,0.2822,2
8542,17111,0.2252,3
8542,14486,0.0777,4
8542,10895,0.0151,5
8543,8866,0.5746,1
8543,8888,0.3095,2
8543,15009,0.0491,3
8543,1838,0.0336,4
8543,3754,0.0332,5
8544,3055,0.3506,1
8544,8096,0.2297,2
8544,5158,0.1484,3
8544,3617,0.1316,4
8544,4236,0.0911,5
8544,9080,0.0285,6
8544,7540,0.0201,7
8545,16174,0.3256,1
8545,13872,0.1778,2
8545,4283,0.1733,3
8545,5318,0.1571,4
8545,2840,0.1452,5
8545,4883,0.0162,6
8545,7045,0.0047,7
8546,9652,0.3529,1
8546,3975,0.2056,2
8546,5683,0.1676,3
8546,9862,0.1375,4
8546,1877,0.1363,5
8547,8768,1.0,1
8548,10311,0.799,1
8548,5703,0.1298,2
8548,3576,0.0712,3
8549,3773,0.5514,1
8549,6962,0.2921,2
8549,9556,0.134,3
8549,5259,0.0225,4
8550,16023,0.4486,1
8550,3143,0.2849,2
8550,7929,0.1561,3
8550,3581,0.0761,4
8550,14204,0.0342,5
8551,11268,0.5126,1
8551,10406,0.4299,2
8551,3025,0.0575,3
8552,2343,0.3496,1
8552,3636,0.2675,2
8552,8731,0.2232,3
8552,3020,0.1035,4
8552,7109,0.0541,5
8552,10576,0.0013,6
8552,5436,0.0007,7
8553,16734,0.7616,1
8553,12001,0.1291,2
8553,11422,0.1093,3
8554,7643,0.4741,1
8554,6981,0.318,2
8554,5154,0.1079,3
8554,4446,0.0563,4
8554,6859,0.0422,5
8554,6189,0.0015,6
8555,4534,0.4301,1
8555,8567,0.3176,2
8555,2686,0.1699,3
8555,16261,0.0824,4
8556,14549,0.4199,1
8556,3648,0.3727,2
8556,5220,0.2074,3
8557,3012,0.5876,1
8557,17180,0.1584,2
8557,5582,0.1203,3
8557,6621,0.0816,4
8557,11328,0.0521,5
8558,11527,0.7614,1
8558,12158,0.1248,2
8558,3460,0.1138,3
8559,6766,0.5605,1
8559,3862,0.1654,2
8559,8923,0.1219,3
8559,3295,0.0623,4
8559,9143,0.0586,5
8559,3456,0.0298,6
8559,5858,0.0015,7
8560,9724,0.4263,1
8560,9503,0.3963,2
8560,4458,0.121,3
8560,9172,0.0564,4
8561,7078,0.607,1
8561,1961,0.29,2
8561,10290,0.103,3
8562,2667,0.3048,1
8562,11814,0.2811,2
8562,13172,0.1258,3
8562,2151,0.1167,4
8562,4254,0.0914,5
8562,8136,0.0801,6
8563,7189,0.3527,1
8563,3848,0.2493,2
8563,9397,0.2236,3
8563,9035,0.1019,4
8563,10695,0.053,5
8563,8267,0.0196,6
8564,9861,0.94,1
8564,10659,0.0437,2
8564,7247,0.014,3
8564,9818,0.0022,4
8565,4221,0.4569,1
8565,3908,0.2474,2
8565,3674,0.1405,3
8565,17008,0.0782,4
8565,11550,0.0556,5
8565,1675,0.0215,6
8566,10534,0.5291,1
8566,10798,0.3888,2
8566,1993,0.0582,3
8566,2485,0.024,4
8567,6117,0.7572,1
8567,4817,0.1345,2
8567,3295,0.1024,3
8567,2038,0.006,4
8568,4470,0.306,1
8568,15455,0.1959,2
8568,5777,0.1737,3
8568,4469,0.1209,4
8568,9918,0.0767,5
8568,14721,0.0697,6
8568,4459,0.0571,7
8569,2583,0.5621,1
8569,7719,0.4018,2
8569,2877,0.0323,3
8569,6854,0.0038,4
8570,2184,0.3524,1
8570,12580,0.3226,2
8570,16642,0.2002,3
8570,14238,0.0753,4
8570,13214,0.0424,5
8570,15122,0.0065,6
8570,4950,0.0005,7
8571,9550,0.3825,1
8571,16150,0.2637,2
8571,8502,0.2273,3
8571,5620,0.0682,4
8571,7770,0.0582,5
8572,3935,0.4469,1
8572,7605,0.2778,2
8572,9576,0.2191,3
8572,6779,0.0403,4
8572,6123,0.0159,5
8573,1760,0.3771,1
8573,5611,0.2309,2
8573,6527,0.1655,3
8573,4460,0.1251,4
8573,6807,0.1013,5
8574,3727,0.8458,1
8574,3375,0.1542,2
8575,2077,0.7112,1
8575,7924,0.1876,2
8575,10504,0.1012,3
8576,6799,0.4505,1
8576,1946,0.2161,2
8576,1877,0.1533,3
8576,7708,0.108,4
8576,3016,0.033,5
8576,13983,0.0199,6
8576,2031,0.0192,7
8577,2260,0.5667,1
8577,6182,0.25,2
8577,2217,0.1833,3
8578,6278,0.4601,1
8578,6037,0.256,2
8578,8665,0.1806,3
8578,2877,0.0868,4
8578,10571,0.0164,5
8579,5705,0.2876,1
8579,3606,0.2785,2
8579,5518,0.1575,3
8579,2093,0.1238,4
8579,10756,0.1164,5
8579,9335,0.0361,6
8580,2522,0.4644,1
8580,9948,0.2933,2
8580,2979,0.1924,3
8580,3888,0.0218,4
8580,4342,0.0187,5
8580,7029,0.0094,6
8581,10385,0.3941,1
8581,5556,0.3907,2
8581,10584,0.0971,3
8581,1747,0.0953,4
8581,6332,0.0228,5
8582,6370,0.5198,1
8582,14604,0.3705,2
8582,11894,0.078,3
8582,13347,0.0317,4
8583,3489,0.3846,1
8583,13362,0.3746,2
8583,15678,0.0802,3
8583,2867,0.0765,4
8583,6279,0.0573,5
8583,16925,0.0238,6
8583,15018,0.003,7
8584,3308,0.3466,1
8584,4938,0.2594,2
8584,2370,0.1492,3
8584,4038,0.148,4
8584,6200,0.0968,5
8585,9600,0.5238,1
8585,6441,0.1985,2
8585,9409,0.1551,3
8585,7650,0.1227,4
8586,7290,0.4208,1
8586,5086,0.2887,2
8586,3346,0.1897,3
8586,16983,0.1008,4
8587,2080,0.3331,1
8587,2693,0.3226,2
8587,4326,0.2421,3
8587,6061,0.0591,4
8587,4675,0.0431,5
8588,8501,0.537,1
8588,7213,0.2321,2
8588,5574,0.1096,3
8588,1726,0.0904,4
8588,3738,0.0239,5
8588,2941,0.0069,6
8589,5893,0.9948,1
8589,5986,0.0052,2
8590,11370,0.3837,1
8590,2453,0.339,2
8590,2016,0.2742,3
8590,11550,0.0031,4
8591,3140,0.4201,1
8591,4166,0.2926,2
8591,2883,0.1861,3
8591,12769,0.0547,4
8591,3803,0.0464,5
8592,3456,0.4816,1
8592,1985,0.3608,2
8592,6997,0.0856,3
8592,17415,0.0402,4
8592,8900,0.0185,5
8592,8623,0.0131,6
8592,1938,0.0002,7
8593,9806,0.4721,1
8593,1922,0.2305,2
8593,3464,0.1703,3
8593,9190,0.0776,4
8593,15059,0.0297,5
8593,2609,0.0198,6
8594,12941,1.0,1
8595,1809,0.5575,1
8595,4085,0.2,2
8595,2616,0.1279,3
8595,5988,0.0824,4
8595,5692,0.0321,5
8596,2904,0.8325,1
8596,7729,0.1253,2
8596,4078,0.0373,3
8596,8106,0.005,4
8597,3944,0.4983,1
8597,5737,0.3164,2
8597,2047,0.1436,3
8597,6353,0.0417,4
8598,14674,0.3744,1
8598,1793,0.1568,2
8598,9069,0.1524,3
8598,6608,0.1481,4
8598,3082,0.0791,5
8598,16188,0.0729,6
8598,10602,0.0165,7
8599,3796,0.4714,1
8599,3535,0.3589,2
8599,3075,0.1073,3
8599,9153,0.0388,4
8599,16970,0.0237,5
8600,8251,0.432,1
8600,13058,0.3659,2
8600,9742,0.2021,3
8601,10623,0.718,1
8601,3534,0.1447,2
8601,6067,0.1081,3
8601,8547,0.0292,4
8602,7455,0.8349,1
8602,3247,0.1135,2
8602,5294,0.0359,3
8602,4154,0.0157,4
8603,1774,0.5678,1
8603,8586,0.1499,2
8603,12637,0.1448,3
8603,7550,0.1375,4
8604,9506,0.5058,1
8604,4498,0.3968,2
8604,9732,0.063,3
8604,6501,0.0345,4
8605,1916,0.485,1
8605,3965,0.3611,2
8605,2850,0.0587,3
8605,14057,0.0545,4
8605,2801,0.0406,5
8606,1883,0.3924,1
8606,7455,0.3803,2
8606,9448,0.2019,3
8606,9217,0.0254,4
8607,2938,0.3583,1
8607,7346,0.3517,2
8607,4978,0.2351,3
8607,3383,0.0548,4
8607,3467,0.0001,5
8608,9080,0.2959,1
8608,2867,0.1952,2
8608,8773,0.1898,3
8608,3380,0.1844,4
8608,7558,0.1347,5
8609,15079,0.5853,1
8609,7407,0.235,2
8609,14419,0.0815,3
8609,9859,0.0751,4
8609,7739,0.0231,5
8610,5296,0.5333,1
8610,9983,0.2315,2
8610,9884,0.1209,3
8610,10668,0.0479,4
8610,7415,0.0475,5
8610,1999,0.0189,6
8611,6051,0.8121,1
8611,5376,0.1879,2
8612,6554,0.3389,1
8612,4724,0.1931,2
8612,10188,0.1506,3
8612,9730,0.14,4
8612,5308,0.0965,5
8612,2572,0.0798,6
8612,3478,0.0011,7
8613,9631,0.3905,1
8613,4187,0.2574,2
8613,3136,0.144,3
8613,6320,0.1185,4
8613,2199,0.0896,5
8614,2324,0.5574,1
8614,7911,0.3345,2
8614,10269,0.0632,3
8614,6866,0.0449,4
8615,6100,0.3228,1
8615,3506,0.3022,2
8615,5452,0.193,3
8615,3063,0.136,4
8615,3236,0.0275,5
8615,2717,0.0133,6
8615,4027,0.0051,7
8616,7742,0.259,1
8616,10868,0.2514,2
8616,5996,0.2146,3
8616,4997,0.1839,4
8616,4423,0.0911,5
8617,2178,0.7283,1
8617,8792,0.2186,2
8617,3574,0.0531,3
8618,8315,0.5699,1
8618,4282,0.2289,2
8618,2841,0.1999,3
8618,7332,0.0012,4
8619,9344,0.5892,1
8619,3325,0.137,2
8619,8776,0.1163,3
8619,10407,0.0766,4
8619,2561,0.0433,5
8619,10980,0.0205,6
8619,1651,0.0171,7
8620,8835,0.4836,1
8620,9706,0.3228,2
8620,3886,0.1313,3
8620,8292,0.0424,4
8620,7794,0.014,5
8620,10314,0.0059,6
8621,5019,0.8763,1
8621,4034,0.1034,2
8621,8386,0.0203,3
8622,7664,0.5794,1
8622,2186,0.1255,2
8622,15155,0.0964,3
8622,5109,0.0903,4
8622,4565,0.0677,5
8622,15071,0.0304,6
8622,6650,0.0103,7
8623,3320,0.5362,1
8623,9229,0.2646,2
8623,3042,0.1895,3
8623,3389,0.0061,4
8623,2910,0.0035,5
8624,14016,0.417,1
8624,7707,0.2186,2
8624,5350,0.1281,3
8624,9073,0.1034,4
8624,5748,0.0698,5
8624,6565,0.0583,6
8624,1960,0.0049,7
8625,2668,0.743,1
8625,4866,0.257,2
8626,6925,0.2809,1
8626,14182,0.2723,2
8626,6680,0.2258,3
8626,16399,0.221,4
8627,15982,0.7421,1
8627,7843,0.231,2
8627,6185,0.027,3
8628,14266,0.2683,1
8628,6356,0.2029,2
8628,2371,0.1949,3
8628,12645,0.1845,4
8628,7856,0.1494,5
8629,10062,0.4908,1
8629,3247,0.3867,2
8629,7175,0.0759,3
8629,5517,0.0466,4
8630,16014,0.4258,1
8630,14191,0.3178,2
8630,14281,0.2564,3
8631,13482,0.4586,1
8631,9254,0.3454,2
8631,14634,0.0992,3
8631,11201,0.0969,4
8632,4346,0.5384,1
8632,2080,0.1919,2
8632,3978,0.1094,3
8632,5002,0.0954,4
8632,8234,0.0573,5
8632,6160,0.0077,6
8633,12359,0.9082,1
8633,2202,0.0552,2
8633,15761,0.0362,3
8633,9176,0.0004,4
8634,11382,0.3333,1
8634,3810,0.2858,2
8634,3089,0.238,3
8634,6501,0.0726,4
8634,2310,0.0554,5
8634,10305,0.0111,6
8634,7123,0.0038,7
8635,11509,0.3586,1
8635,4013,0.3266,2
8635,8209,0.3139,3
8635,9199,0.0009,4
8636,10957,0.487,1
8636,3434,0.4594,2
8636,2756,0.0359,3
8636,9422,0.0102,4
8636,6867,0.0074,5
8637,2246,0.4711,1
8637,7564,0.234,2
8637,8506,0.1553,3
8637,11178,0.0541,4
8637,9779,0.044,5
8637,2092,0.0416,6
8638,2326,0.3465,1
8638,7527,0.2282,2
8638,9933,0.1775,3
8638,4096,0.1285,4
8638,3532,0.072,5
8638,6632,0.0243,6
8638,10356,0.023,7
8639,5492,0.7556,1
8639,10165,0.1371,2
8639,7621,0.0764,3
8639,1759,0.0301,4
8639,9692,0.0009,5
8640,2606,0.6385,1
8640,11927,0.1892,2
8640,2930,0.1723,3
8641,4971,0.7293,1
8641,12650,0.1389,2
8641,11891,0.0778,3
8641,17390,0.0445,4
8641,16254,0.0095,5
8642,2494,0.9011,1
8642,10637,0.0815,2
8642,6415,0.0174,3
8643,14017,0.4535,1
8643,13358,0.2819,2
8643,11758,0.2646,3
8644,11226,0.5828,1
8644,3995,0.2185,2
8644,12445,0.163,3
8644,14785,0.0357,4
8645,5534,0.4734,1
8645,3290,0.3331,2
8645,9163,0.1389,3
8645,7434,0.0467,4
8645,6639,0.008,5
8646,6997,0.4489,1
8646,2446,0.4333,2
8646,4864,0.1179,3
8647,2468,0.4239,1
8647,3220,0.3113,2
8647,9735,0.1655,3
8647,4713,0.0601,4
8647,2262,0.0375,5
8647,10752,0.0018,6
8648,9641,0.6765,1
8648,3478,0.305,2
8648,5487,0.0185,3
8649,2599,0.8327,1
8649,7040,0.1348,2
8649,3514,0.0316,3
8649,16544,0.0009,4
8650,9209,0.3724,1
8650,9671,0.3341,2
8650,1877,0.2359,3
8650,3213,0.0576,4
8651,4784,0.5394,1
8651,2047,0.1678,2
8651,4557,0.1008,3
8651,6770,0.0684,4
8651,6449,0.0562,5
8651,7202,0.0402,6
8651,7915,0.0271,7
8652,9993,0.6013,1
8652,4606,0.3585,2
8652,9470,0.0329,3
8652,6263,0.0073,4
8653,5147,0.5164,1
8653,2496,0.2456,2
8653,7026,0.238,3
8654,10284,0.5675,1
8654,3998,0.3057,2
8654,9573,0.0721,3
8654,9540,0.0365,4
8654,10667,0.0181,5
8655,1818,0.6149,1
8655,10766,0.1462,2
8655,13897,0.0791,3
8655,15429,0.058,4
8655,16336,0.047,5
8655,10546,0.0445,6
8655,3101,0.0103,7
8656,11238,0.8376,1
8656,13524,0.0944,2
8656,10420,0.068,3
8657,13611,1.0,1
8658,10149,0.4023,1
8658,12684,0.209,2
8658,5824,0.202,3
8658,5460,0.1162,4
8658,15412,0.0396,5
8658,2908,0.031,6
8659,3256,0.3152,1
8659,14440,0.3076,2
8659,12164,0.1333,3
8659,7432,0.0794,4
8659,8960,0.0739,5
8659,2366,0.0524,6
8659,11884,0.0382,7
8660,2651,0.3847,1
8660,4158,0.3334,2
8660,9089,0.282,3
8661,11516,0.4837,1
8661,15967,0.4345,2
8661,5724,0.0817,3
8662,8647,0.425,1
8662,10442,0.3144,2
8662,3085,0.2018,3
8662,1725,0.042,4
8662,4155,0.0087,5
8662,10267,0.0082,6
8663,9507,0.7324,1
8663,4768,0.1409,2
8663,7002,0.1007,3
8663,11631,0.026,4
8664,12734,0.4689,1
8664,4095,0.2858,2
8664,7202,0.1471,3
8664,3308,0.0982,4
8665,10075,0.5007,1
8665,8042,0.462,2
8665,9928,0.0374,3
8666,6882,0.6362,1
8666,8146,0.2524,2
8666,1896,0.0884,3
8666,7801,0.0171,4
8666,8487,0.0059,5
8667,6390,0.4174,1
8667,1894,0.3385,2
8667,10034,0.1028,3
8667,6642,0.0636,4
8667,7556,0.05,5
8667,2153,0.0278,6
8668,3386,0.4194,1
8668,7742,0.248,2
8668,3063,0.2347,3
8668,2177,0.0604,4
8668,6525,0.0375,5
8669,12039,0.4601,1
8669,11999,0.3058,2
8669,10660,0.1996,3
8669,7832,0.0277,4
8669,2152,0.0068,5
8670,4939,0.4556,1
8670,4273,0.3214,2
8670,8019,0.1328,3
8670,5903,0.0324,4
8670,2506,0.0288,5
8670,3137,0.0158,6
8670,11276,0.0131,7
8671,7125,0.5082,1
8671,2761,0.3966,2
8671,5211,0.0952,3
8672,6661,0.8993,1
8672,9456,0.1007,2
8673,9100,0.6545,1
8673,4998,0.1906,2
8673,8205,0.1549,3
8674,14007,0.526,1
8674,11537,0.2334,2
8674,9179,0.2305,3
8674,6128,0.0101,4
8675,17443,0.4103,1
8675,6955,0.3147,2
8675,13872,0.1586,3
8675,5356,0.0985,4
8675,11296,0.0179,5
8676,15459,0.3631,1
8676,15072,0.3329,2
8676,5583,0.204,3
8676,2383,0.1,4
8677,5508,0.3003,1
8677,14292,0.2686,2
8677,5911,0.22,3
8677,8698,0.1427,4
8677,2743,0.0458,5
8677,6276,0.0226,6
8678,13328,0.7229,1
8678,10920,0.1556,2
8678,2184,0.1215,3
8679,7674,0.3553,1
8679,8014,0.2615,2
8679,5505,0.1799,3
8679,4254,0.1429,4
8679,2228,0.0302,5
8679,4476,0.0301,6
8680,9383,0.821,1
8680,16185,0.1506,2
8680,4659,0.0284,3
8681,6564,0.5692,1
8681,5039,0.2242,2
8681,3924,0.1671,3
8681,7008,0.0395,4
8682,5490,0.659,1
8682,17501,0.3,2
8682,11344,0.0311,3
8682,7912,0.01,4
8683,3225,0.4406,1
8683,15079,0.4231,2
8683,10021,0.1025,3
8683,11830,0.0215,4
8683,9624,0.01,5
8683,8410,0.0023,6
8684,10633,0.5651,1
8684,10499,0.3237,2
8684,7286,0.046,3
8684,4096,0.0326,4
8684,6816,0.0212,5
8684,2916,0.0113,6
8685,8246,0.2337,1
8685,10033,0.2049,2
8685,8215,0.1833,3
8685,15007,0.1279,4
8685,13572,0.1108,5
8685,15754,0.1018,6
8685,12702,0.0376,7
8686,3702,0.3461,1
8686,5988,0.2407,2
8686,10311,0.2256,3
8686,9321,0.1463,4
8686,6741,0.0413,5
8687,4872,0.6362,1
8687,1843,0.309,2
8687,5394,0.0488,3
8687,2471,0.0061,4
8688,5358,1.0,1
8689,9153,0.5627,1
8689,15404,0.4126,2
8689,9038,0.0247,3
8690,15506,0.412,1
8690,15898,0.2793,2
8690,11209,0.2019,3
8690,13673,0.0614,4
8690,11976,0.0413,5
8690,11299,0.0041,6
8691,6984,0.5703,1
8691,3392,0.3943,2
8691,10900,0.0203,3
8691,8984,0.0152,4
8692,4674,0.4158,1
8692,4214,0.2894,2
8692,3303,0.2167,3
8692,7182,0.0529,4
8692,8067,0.0253,5
8693,9555,0.7859,1
8693,3424,0.133,2
8693,8684,0.0811,3
8694,13445,0.3197,1
8694,8474,0.2789,2
8694,1694,0.1461,3
8694,15527,0.13,4
8694,15835,0.0931,5
8694,2391,0.0322,6
8695,8983,0.6311,1
8695,2764,0.317,2
8695,4249,0.052,3
8696,5403,0.5542,1
8696,8955,0.3377,2
8696,10301,0.0373,3
8696,5065,0.036,4
8696,17245,0.0347,5
8697,6987,0.4305,1
8697,3731,0.1937,2
8697,3001,0.1754,3
8697,7989,0.1681,4
8697,5980,0.0322,5
8698,7483,0.5788,1
8698,10782,0.2306,2
8698,5612,0.1082,3
8698,8143,0.0667,4
8698,8919,0.0157,5
8699,3432,0.5786,1
8699,1852,0.1887,2
8699,10290,0.1084,3
8699,8517,0.0663,4
8699,9293,0.0356,5
8699,4749,0.0223,6
8700,1864,0.3168,1
8700,1935,0.2924,2
8700,3111,0.1584,3
8700,12913,0.1284,4
8700,4762,0.0965,5
8700,15937,0.0075,6
8701,4893,0.4482,1
8701,13707,0.3735,2
8701,6300,0.1393,3
8701,12906,0.039,4
8702,10313,0.4586,1
8702,2340,0.3257,2
8702,7018,0.1415,3
8702,3700,0.0638,4
8702,2878,0.0094,5
8702,9002,0.0011,6
8703,7161,0.525,1
8703,10841,0.213,2
8703,8433,0.1742,3
8703,9041,0.0402,4
8703,3137,0.0376,5
8703,9216,0.0099,6
8704,5558,0.5381,1
8704,3553,0.3403,2
8704,16980,0.1216,3
8705,5356,0.684,1
8705,5696,0.1718,2
8705,10768,0.0572,3
8705,7045,0.0347,4
8705,3213,0.0345,5
8705,10880,0.0179,6
8706,12155,0.3623,1
8706,16637,0.3482,2
8706,6244,0.2889,3
8706,10920,0.0006,4
8707,8980,0.5402,1
8707,8211,0.3365,2
8707,3883,0.1051,3
8707,2739,0.0182,4
8708,8300,0.522,1
8708,4380,0.3286,2
8708,15907,0.1078,3
8708,5682,0.0416,4
8709,3770,0.8342,1
8709,14638,0.1501,2
8709,12753,0.0077,3
8709,2750,0.0051,4
8709,15505,0.0029,5
8710,11206,0.4639,1
8710,9652,0.1558,2
8710,2490,0.1535,3
8710,13117,0.1153,4
8710,16786,0.1116,5
8711,5841,0.464,1
8711,3930,0.3475,2
8711,6221,0.1885,3
8712,5269,0.3868,1
8712,14112,0.2774,2
8712,2647,0.1972,3
8712,8956,0.0709,4
8712,10778,0.0458,5
8712,14928,0.0218,6
8713,9657,0.6672,1
8713,7333,0.2524,2
8713,10929,0.0665,3
8713,3835,0.0139,4
8714,1845,0.5219,1
8714,8493,0.353,2
8714,2464,0.1251,3
8715,9678,0.3375,1
8715,8204,0.289,2
8715,4362,0.2803,3
8715,2476,0.0923,4
8715,3697,0.0008,5
8716,5959,0.5626,1
8716,9846,0.2184,2
8716,8438,0.1717,3
8716,1760,0.0474,4
8717,9895,0.6491,1
8717,8147,0.2065,2
8717,17064,0.0841,3
8717,13278,0.0602,4
8718,5872,0.8956,1
8718,5881,0.1044,2
8719,5962,0.5198,1
8719,1964,0.3644,2
8719,10195,0.1158,3
8720,15759,0.5879,1
8720,6336,0.2802,2
8720,17460,0.0505,3
8720,16586,0.0369,4
8720,6972,0.0279,5
8720,5148,0.0166,6
8721,6434,0.9082,1
8721,4435,0.0918,2
8722,12192,0.3891,1
8722,3965,0.2797,2
8722,4771,0.2761,3
8722,17504,0.0552,4
8723,15504,0.6201,1
8723,1676,0.2019,2
8723,6441,0.1274,3
8723,12445,0.0343,4
8723,13432,0.0084,5
8723,7919,0.0048,6
8723,10591,0.0032,7
8724,10097,0.543,1
8724,5571,0.1805,2
8724,5969,0.1501,3
8724,2544,0.1264,4
8725,15748,0.6006,1
8725,1866,0.2114,2
8725,8103,0.188,3
8726,9857,0.742,1
8726,10739,0.1274,2
8726,8990,0.0518,3
8726,9794,0.0505,4
8726,5325,0.0283,5
8727,14947,0.5081,1
8727,14099,0.2206,2
8727,6505,0.1398,3
8727,9356,0.065,4
8727,5409,0.0632,5
8727,12508,0.0034,6
8728,2235,0.4093,1
8728,12434,0.2489,2
8728,15536,0.124,3
8728,14698,0.1019,4
8728,13806,0.0595,5
8728,3746,0.0564,6
8729,16590,0.7031,1
8729,11171,0.1784,2
8729,9077,0.0932,3
8729,5271,0.0102,4
8729,11061,0.0097,5
8729,2976,0.0053,6
8730,16535,0.3992,1
8730,15848,0.2992,2
8730,15072,0.2028,3
8730,2660,0.0988,4
8731,4630,0.5135,1
8731,2189,0.2587,2
8731,8190,0.0842,3
8731,8588,0.0749,4
8731,6631,0.0687,5
8732,14335,0.4149,1
8732,1696,0.2745,2
8732,10767,0.1598,3
8732,7950,0.1507,4
8733,13755,0.4523,1
8733,14440,0.2427,2
8733,2259,0.1282,3
8733,16642,0.1241,4
8733,15701,0.0362,5
8733,2132,0.0165,6
8734,11586,0.3491,1
8734,5960,0.1843,2
8734,4367,0.1436,3
8734,2844,0.1196,4
8734,7204,0.1101,5
8734,14515,0.0933,6
8735,9553,0.4539,1
8735,6104,0.3598,2
8735,7498,0.1863,3
8736,3218,0.3648,1
8736,11176,0.2813,2
8736,5414,0.1747,3
8736,2902,0.1364,4
8736,11150,0.0427,5
8737,13470,0.5739,1
8737,14334,0.257,2
8737,17303,0.1199,3
8737,5920,0.0492,4
8738,10053,1.0,1
8739,2594,0.5109,1
8739,5835,0.2689,2
8739,2690,0.1444,3
8739,10059,0.0416,4
8739,2347,0.0312,5
8739,3019,0.003,6
8740,8129,0.3999,1
8740,2753,0.3249,2
8740,4223,0.1928,3
8740,2203,0.0824,4
8741,8716,0.521,1
8741,5700,0.2395,2
8741,2264,0.1115,3
8741,3064,0.0948,4
8741,10495,0.0186,5
8741,8839,0.0145,6
8742,1665,0.6106,1
8742,6070,0.3659,2
8742,9796,0.0235,3
8743,2432,0.6656,1
8743,5750,0.1797,2
8743,7345,0.1474,3
8743,14455,0.0073,4
8744,5959,0.5929,1
8744,10951,0.2475,2
8744,10577,0.0691,3
8744,7986,0.0426,4
8744,6447,0.0368,5
8744,2232,0.011,6
8745,7366,0.3648,1
8745,1867,0.2078,2
8745,9716,0.1575,3
8745,3145,0.1513,4
8745,6458,0.1186,5
8746,2260,0.5142,1
8746,8832,0.345,2
8746,6100,0.1408,3
8747,5068,0.7744,1
8747,4480,0.1076,2
8747,17460,0.0521,3
8747,3375,0.0454,4
8747,15818,0.0204,5
8748,6840,0.6287,1
8748,8993,0.1892,2
8748,5262,0.1319,3
8748,7240,0.0249,4
8748,2302,0.019,5
8748,15640,0.0064,6
8749,9881,0.682,1
8749,2829,0.2683,2
8749,3725,0.0272,3
8749,1748,0.0225,4
8750,8593,0.6997,1
8750,10222,0.1812,2
8750,6632,0.0646,3
8750,9910,0.0325,4
8750,5753,0.0219,5
8751,6268,0.5251,1
8751,7222,0.2564,2
8751,2828,0.1058,3
8751,3037,0.1,4
8751,7982,0.0096,5
8751,7389,0.0031,6
8752,2355,0.5049,1
8752,10893,0.2056,2
8752,3609,0.1463,3
8752,2916,0.1432,4
8753,2464,0.591,1
8753,11258,0.3226,2
8753,6523,0.0514,3
8753,9708,0.0351,4
8754,10011,0.4136,1
8754,6768,0.3786,2
8754,5518,0.2078,3
8755,4435,0.5825,1
8755,11092,0.2679,2
8755,10671,0.1496,3
8756,2530,0.3481,1
8756,4713,0.2157,2
8756,2238,0.1561,3
8756,8684,0.1052,4
8756,4566,0.0968,5
8756,2068,0.0615,6
8756,8696,0.0166,7
8757,11059,0.6835,1
8757,9110,0.166,2
8757,10127,0.109,3
8757,6472,0.0415,4
8758,4549,0.4912,1
8758,5403,0.4427,2
8758,2261,0.0661,3
8759,14942,0.4746,1
8759,9276,0.274,2
8759,10452,0.1186,3
8759,13090,0.0471,4
8759,2762,0.0398,5
8759,8171,0.0323,6
8759,2721,0.0136,7
8760,8350,0.465,1
8760,7182,0.3362,2
8760,1759,0.1387,3
8760,2464,0.0601,4
8761,6935,0.501,1
8761,8326,0.2542,2
8761,9034,0.1262,3
8761,2954,0.1055,4
8761,4680,0.0131,5
8762,2496,0.58,1
8762,3245,0.2322,2
8762,4366,0.12,3
8762,4168,0.0677,4
8763,8564,0.6756,1
8763,4870,0.2203,2
8763,5464,0.0722,3
8763,8218,0.0319,4
8764,5825,0.3549,1
8764,12722,0.2899,2
8764,14029,0.2628,3
8764,6150,0.0925,4
8765,3222,0.5364,1
8765,3738,0.1551,2
8765,2530,0.1139,3
8765,11012,0.1054,4
8765,6741,0.0735,5
8765,2758,0.0157,6
8766,9366,0.3238,1
8766,9669,0.1822,2
8766,6600,0.1794,3
8766,7649,0.1616,4
8766,1898,0.0904,5
8766,10570,0.0575,6
8766,9503,0.005,7
8767,11267,0.7667,1
8767,7487,0.1169,2
8767,9592,0.1024,3
8767,6014,0.014,4
8768,8774,0.5326,1
8768,2709,0.1992,2
8768,3044,0.1571,3
8768,9908,0.0746,4
8768,9696,0.0249,5
8768,6186,0.0116,6
8769,17477,0.4124,1
8769,5520,0.2091,2
8769,5564,0.1951,3
8769,10114,0.1033,4
8769,15518,0.0801,5
8770,4705,0.855,1
8770,5598,0.1348,2
8770,7997,0.0102,3
8771,9760,0.6743,1
8771,7023,0.2856,2
8771,10328,0.0325,3
8771,10439,0.0076,4
8772,3689,0.3683,1
8772,6348,0.3179,2
8772,7046,0.1192,3
8772,4984,0.0894,4
8772,4883,0.0577,5
8772,3439,0.0476,6
8773,10234,0.3837,1
8773,2082,0.2452,2
8773,2354,0.1573,3
8773,7675,0.114,4
8773,9758,0.0537,5
8773,10349,0.0307,6
8773,1909,0.0154,7
8774,7714,0.2808,1
8774,4791,0.2787,2
8774,10216,0.2431,3
8774,4438,0.09,4
8774,3843,0.0827,5
8774,2131,0.019,6
8774,1835,0.0056,7
8775,6934,0.7487,1
8775,11497,0.1404,2
8775,14286,0.0746,3
8775,11645,0.0363,4
8776,5949,0.6657,1
8776,10323,0.2346,2
8776,5956,0.0839,3
8776,3478,0.0159,4
8777,16826,0.6827,1
8777,13610,0.2459,2
8777,7865,0.0714,3
8778,14174,0.6338,1
8778,1787,0.1306,2
8778,3365,0.1154,3
8778,16519,0.045,4
8778,9052,0.0377,5
8778,5033,0.037,6
8778,11856,0.0006,7
8779,10861,0.2821,1
8779,12002,0.2608,2
8779,4610,0.2432,3
8779,2142,0.1259,4
8779,8650,0.088,5
8780,13856,0.5801,1
8780,3778,0.3077,2
8780,14766,0.103,3
8780,3167,0.0092,4
8781,6410,0.5111,1
8781,7052,0.298,2
8781,10813,0.1909,3
8782,7887,0.3163,1
8782,8390,0.2369,2
8782,8106,0.1495,3
8782,3727,0.1224,4
8782,2759,0.0931,5
8782,2381,0.0676,6
8782,2448,0.0142,7
8783,3554,0.436,1
8783,5571,0.1824,2
8783,10178,0.1291,3
8783,7754,0.0718,4
8783,6770,0.0698,5
8783,3737,0.0648,6
8783,9126,0.0461,7
8784,13379,0.7212,1
8784,1849,0.2636,2
8784,4544,0.0152,3
8785,7517,0.407,1
8785,4010,0.3704,2
8785,7948,0.1653,3
8785,4769,0.0446,4
8785,2803,0.0127,5
8786,3267,0.3771,1
8786,7900,0.2564,2
8786,3831,0.1661,3
8786,3589,0.1173,4
8786,9792,0.0832,5
8787,1803,0.3174,1
8787,12679,0.2726,2
8787,10819,0.2486,3
8787,11989,0.1484,4
8787,13138,0.01,5
8787,5352,0.003,6
8788,7847,0.2481,1
8788,9441,0.2003,2
8788,7261,0.1966,3
8788,3098,0.1534,4
8788,9586,0.1532,5
8788,3236,0.039,6
8788,5410,0.0095,7
8789,7715,1.0,1
8790,14485,0.3555,1
8790,3805,0.2595,2
8790,14638,0.2078,3
8790,5829,0.0799,4
8790,13139,0.0544,5
8790,11429,0.0417,6
8790,3578,0.0011,7
8791,8720,0.3706,1
8791,3600,0.334,2
8791,9359,0.2112,3
8791,10416,0.0735,4
8791,9808,0.0108,5
8792,11502,0.5603,1
8792,13755,0.3461,2
8792,10005,0.0936,3
8793,6554,0.9709,1
8793,9406,0.0165,2
8793,5239,0.0126,3
8794,11149,0.3704,1
8794,7945,0.2632,2
8794,6905,0.2264,3
8794,4236,0.1058,4
8794,4896,0.0342,5
8795,3557,0.3695,1
8795,8664,0.3117,2
8795,8202,0.1237,3
8795,9065,0.1185,4
8795,8768,0.041,5
8795,2983,0.0265,6
8795,6506,0.0091,7
8796,13580,1.0,1
8797,6949,0.5863,1
8797,1647,0.2746,2
8797,10205,0.1391,3
8798,4302,0.3989,1
8798,9397,0.3809,2
8798,5966,0.1924,3
8798,7676,0.0279,4
8799,8271,0.239,1
8799,10015,0.2108,2
8799,16871,0.2034,3
8799,6338,0.1583,4
8799,17474,0.1283,5
8799,6570,0.0602,6
8800,13112,0.4485,1
8800,9079,0.3296,2
8800,1827,0.0729,3
8800,16875,0.0708,4
8800,2223,0.0627,5
8800,12578,0.0155,6
8801,4167,0.3379,1
8801,4471,0.2585,2
8801,5356,0.1637,3
8801,8245,0.1283,4
8801,10964,0.0671,5
8801,10953,0.0308,6
8801,2558,0.0137,7
8802,2383,0.4316,1
8802,7516,0.1707,2
8802,7772,0.1645,3
8802,5940,0.1215,4
8802,16140,0.1028,5
8802,8717,0.0089,6
8803,9025,0.5337,1
8803,3663,0.3175,2
8803,8147,0.1419,3
8803,7742,0.007,4
8804,3007,0.3636,1
8804,2116,0.3164,2
8804,10416,0.235,3
8804,8105,0.0825,4
8804,7453,0.0026,5
8805,4338,0.5354,1
8805,4057,0.2817,2
8805,8413,0.183,3
8806,4621,0.3134,1
8806,10816,0.2684,2
8806,3320,0.2203,3
8806,8684,0.1178,4
8806,3724,0.0742,5
8806,5753,0.0032,6
8806,6867,0.0027,7
8807,12395,0.6123,1
8807,13226,0.3169,2
8807,13925,0.0572,3
8807,13015,0.0136,4
8808,3058,0.442,1
8808,5475,0.3784,2
8808,6714,0.0637,3
8808,14513,0.0523,4
8808,4582,0.0353,5
8808,2571,0.0283,6
8809,1826,0.5544,1
8809,13579,0.2899,2
8809,6290,0.1223,3
8809,11489,0.0334,4
8810,3617,0.6166,1
8810,7650,0.3834,2
8811,7173,0.4469,1
8811,5897,0.4246,2
8811,14953,0.0892,3
8811,14196,0.0196,4
8811,9672,0.0102,5
8811,16012,0.0095,6
8812,5744,0.7795,1
8812,16481,0.0859,2
8812,12910,0.0744,3
8812,6886,0.0524,4
8812,3203,0.0079,5
8813,5094,0.2563,1
8813,1722,0.2241,2
8813,6007,0.2019,3
8813,9031,0.1385,4
8813,4983,0.0785,5
8813,15022,0.0612,6
8813,7760,0.0395,7
8814,6195,0.6587,1
8814,17575,0.3048,2
8814,12213,0.0365,3
8815,8435,0.4475,1
8815,3535,0.2498,2
8815,9468,0.1853,3
8815,7224,0.1174,4
8816,5670,0.5799,1
8816,15527,0.4104,2
8816,5557,0.0086,3
8816,15847,0.0011,4
8817,10402,0.6342,1
8817,10414,0.1387,2
8817,5388,0.1234,3
8817,3558,0.1037,4
8818,10222,0.3136,1
8818,3897,0.2626,2
8818,10867,0.1779,3
8818,2629,0.1517,4
8818,6506,0.0941,5
8819,10113,0.5252,1
8819,3567,0.1664,2
8819,4261,0.1192,3
8819,10196,0.1152,4
8819,9852,0.0494,5
8819,7318,0.0246,6
8820,16135,0.4812,1
8820,14561,0.203,2
8820,6632,0.1729,3
8820,6876,0.0769,4
8820,5895,0.0533,5
8820,4453,0.0079,6
8820,2549,0.0047,7
8821,12149,0.586,1
8821,17492,0.414,2
8822,6312,1.0,1
8823,12684,0.6117,1
8823,13986,0.2875,2
8823,3906,0.1008,3
8824,2191,0.3306,1
8824,6456,0.2601,2
8824,5052,0.2272,3
8824,7754,0.1307,4
8824,9999,0.0515,5
8825,5455,0.8547,1
8825,8998,0.1453,2
8826,13095,0.8728,1
8826,14434,0.0695,2
8826,10208,0.0577,3
8827,10802,0.4276,1
8827,14894,0.3452,2
8827,14615,0.2272,3
8828,2945,0.3415,1
8828,2783,0.3358,2
8828,6999,0.107,3
8828,8752,0.1068,4
8828,10684,0.0679,5
8828,4485,0.0388,6
8828,9444,0.0021,7
8829,3683,0.3796,1
8829,6917,0.3122,2
8829,14495,0.141,3
8829,5504,0.1126,4
8829,14799,0.0461,5
8829,2453,0.007,6
8829,2091,0.0015,7
8830,10467,0.4774,1
8830,5287,0.2192,2
8830,6841,0.1066,3
8830,1908,0.0602,4
8830,11074,0.0573,5
8830,6772,0.0398,6
8830,11346,0.0393,7
8831,5542,0.5532,1
8831,3386,0.4468,2
8832,8996,0.3057,1
8832,2461,0.2693,2
8832,10891,0.2311,3
8832,8458,0.1166,4
8832,7202,0.0774,5
8833,13123,0.3009,1
8833,12381,0.2501,2
8833,15156,0.1891,3
8833,10671,0.1443,4
8833,3182,0.0632,5
8833,2965,0.0303,6
8833,10805,0.022,7
8834,5348,0.4463,1
8834,4509,0.3089,2
8834,8814,0.1341,3
8834,4353,0.1107,4
8835,4213,0.448,1
8835,11247,0.2478,2
8835,11379,0.151,3
8835,7052,0.1368,4
8835,9063,0.0114,5
8835,7073,0.0041,6
8835,2913,0.0009,7
8836,4254,0.4514,1
8836,9095,0.3059,2
8836,7825,0.2427,3
8837,4628,0.3276,1
8837,10036,0.2037,2
8837,11283,0.1743,3
8837,8277,0.1302,4
8837,10108,0.1063,5
8837,3971,0.0382,6
8837,11203,0.0197,7
8838,11088,0.5411,1
8838,2457,0.1266,2
8838,6480,0.1138,3
8838,1677,0.0857,4
8838,5640,0.0721,5
8838,2294,0.0571,6
8838,4049,0.0036,7
8839,6251,0.7119,1
8839,8662,0.2524,2
8839,16338,0.0358,3
8840,16592,0.823,1
8840,6635,0.1118,2
8840,16732,0.0653,3
8841,6625,0.5009,1
8841,9456,0.2691,2
8841,8458,0.1996,3
8841,8630,0.0305,4
8842,16433,0.4201,1
8842,3209,0.3499,2
8842,12019,0.073,3
8842,13799,0.0463,4
8842,2882,0.0453,5
8842,4790,0.0374,6
8842,10562,0.028,7
8843,10273,0.8347,1
8843,12095,0.1653,2
8844,15376,0.2652,1
8844,14841,0.247,2
8844,9363,0.2136,3
8844,6273,0.2018,4
8844,9900,0.0704,5
8844,3327,0.002,6
8845,8222,0.362,1
8845,13920,0.3096,2
8845,12984,0.1777,3
8845,6316,0.0968,4
8845,9317,0.0465,5
8845,7841,0.0074,6
8846,6239,0.3424,1
8846,10287,0.316,2
8846,6888,0.1356,3
8846,3169,0.0722,4
8846,11830,0.0518,5
8846,13461,0.0485,6
8846,14840,0.0335,7
8847,3572,0.5482,1
8847,4030,0.3845,2
8847,2134,0.0673,3
8848,4775,0.3997,1
8848,15425,0.2012,2
8848,15418,0.1288,3
8848,10569,0.1053,4
8848,12622,0.0832,5
8848,10524,0.0818,6
8849,4057,0.5608,1
8849,10316,0.3029,2
8849,2476,0.1252,3
8849,7129,0.0111,4
8850,9864,0.4452,1
8850,7746,0.3405,2
8850,11614,0.1297,3
8850,3233,0.0846,4
8851,9123,1.0,1
8852,3702,0.6788,1
8852,7634,0.2193,2
8852,12736,0.1019,3
8853,8801,0.3482,1
8853,8638,0.3439,2
8853,10661,0.3079,3
8854,1754,0.7583,1
8854,2473,0.2417,2
8855,13328,0.5385,1
8855,9265,0.2749,2
8855,13675,0.1399,3
8855,4795,0.0467,4
8856,9947,0.408,1
8856,10248,0.298,2
8856,7436,0.161,3
8856,8003,0.133,4
8857,12831,0.6213,1
8857,4039,0.3689,2
8857,3875,0.0098,3
8858,5177,0.587,1
8858,1656,0.124,2
8858,2083,0.1228,3
8858,5302,0.0731,4
8858,10648,0.0648,5
8858,16802,0.0282,6
8858,9971,0.0002,7
8859,10612,0.6662,1
8859,3568,0.2619,2
8859,4005,0.072,3
8860,7877,0.5061,1
8860,5351,0.1831,2
8860,3148,0.0916,3
8860,9016,0.0862,4
8860,5983,0.0819,5
8860,9289,0.0417,6
8860,7826,0.0094,7
8861,3210,0.389,1
8861,16273,0.2959,2
8861,2838,0.2492,3
8861,4846,0.0658,4
8862,8994,1.0,1
8863,1787,0.5321,1
8863,5504,0.1619,2
8863,2434,0.1437,3
8863,9101,0.0766,4
8863,3177,0.0386,5
8863,3445,0.0255,6
8863,5443,0.0217,7
8864,10238,0.7377,1
8864,5608,0.1218,2
8864,10014,0.0667,3
8864,8840,0.0423,4
8864,8627,0.0211,5
8864,11004,0.0072,6
8864,9310,0.0032,7
8865,2949,0.4914,1
8865,14813,0.2999,2
8865,8655,0.0977,3
8865,7054,0.0553,4
8865,2167,0.0231,5
8865,8345,0.0225,6
8865,6698,0.0102,7
8866,7945,0.3636,1
8866,10912,0.2691,2
8866,6711,0.1704,3
8866,10203,0.0913,4
8866,11098,0.0488,5
8866,2720,0.0473,6
8866,8569,0.0095,7
8867,7978,0.5596,1
8867,9017,0.2489,2
8867,4589,0.1915,3
8868,14384,0.4561,1
8868,5772,0.1552,2
8868,5095,0.1334,3
8868,9777,0.1251,4
8868,5011,0.117,5
8868,14222,0.0132,6
8869,11939,0.6469,1
8869,16522,0.2245,2
8869,8148,0.0971,3
8869,9037,0.0315,4
8870,7469,0.6539,1
8870,3047,0.2981,2
8870,5285,0.048,3
8871,1845,0.5537,1
8871,10012,0.2319,2
8871,9483,0.2143,3
8872,7582,0.4465,1
8872,5520,0.2333,2
8872,14244,0.1331,3
8872,8795,0.1157,4
8872,16691,0.0714,5
8872,10973,0.0001,6
8873,7684,1.0,1
8874,14564,0.473,1
8874,2377,0.4244,2
8874,13726,0.0697,3
8874,14415,0.0264,4
8874,2451,0.0066,5
8875,5324,0.5452,1
8875,4573,0.4012,2
8875,3579,0.0535,3
8876,5927,0.3732,1
8876,9961,0.3107,2
8876,13739,0.1954,3
8876,14004,0.1207,4
8877,3503,0.6421,1
8877,17067,0.297,2
8877,14920,0.0289,3
8877,3437,0.0212,4
8877,7756,0.0073,5
8877,12533,0.0034,6
8878,4931,0.5928,1
8878,13673,0.2191,2
8878,11415,0.1298,3
8878,1714,0.0377,4
8878,4013,0.0125,5
8878,12594,0.0081,6
8879,7209,0.2972,1
8879,8224,0.2535,2
8879,2092,0.1643,3
8879,8402,0.109,4
8879,5176,0.1069,5
8879,3685,0.0348,6
8879,2466,0.0343,7
8880,3310,1.0,1
8881,14595,0.5495,1
8881,4985,0.4496,2
8881,8188,0.001,3
8882,6480,0.539,1
8882,10145,0.3014,2
8882,5097,0.1331,3
8882,1999,0.0264,4
8883,14276,0.421,1
8883,14806,0.3611,2
8883,10563,0.1747,3
8883,15059,0.0266,4
8883,14508,0.0166,5
8884,17232,0.3671,1
8884,9787,0.2838,2
8884,2513,0.1771,3
8884,4286,0.0999,4
8884,2850,0.0461,5
8884,17048,0.0261,6
8885,13842,0.395,1
8885,9746,0.3621,2
8885,10452,0.1933,3
8885,16546,0.0497,4
8886,9666,0.6021,1
8886,11310,0.2194,2
8886,5507,0.1786,3
8887,3968,0.6088,1
8887,7996,0.2418,2
8887,6880,0.1494,3
8888,12789,0.6764,1
8888,13611,0.2388,2
8888,8472,0.0717,3
8888,11049,0.0131,4
8889,3176,0.3497,1
8889,8923,0.2672,2
8889,2008,0.2529,3
8889,8476,0.103,4
8889,5767,0.0228,5
8889,8453,0.0043,6
8890,8833,0.9291,1
8890,4320,0.0447,2
8890,1852,0.0262,3
8891,7150,1.0,1
8892,11907,0.2614,1
8892,14584,0.1998,2
8892,10780,0.189,3
8892,5681,0.1623,4
8892,12591,0.1497,5
8892,15463,0.0292,6
8892,15589,0.0087,7
8893,3579,0.4037,1
8893,6396,0.3136,2
8893,5708,0.1248,3
8893,6702,0.0843,4
8893,9989,0.0725,5
8893,9895,0.0011,6
8894,5762,0.4793,1
8894,3986,0.4409,2
8894,4951,0.0798,3
8895,7589,1.0,1
8896,5155,0.4217,1
8896,6560,0.2615,2
8896,7919,0.2436,3
8896,10815,0.0732,4
8897,3806,0.6477,1
8897,8187,0.3156,2
8897,2086,0.0368,3
8898,7606,0.5333,1
8898,17469,0.2208,2
8898,11918,0.1632,3
8898,14798,0.0613,4
8898,13579,0.021,5
8898,8927,0.0004,6
8899,2169,0.3961,1
8899,7237,0.2649,2
8899,3199,0.1522,3
8899,3420,0.1428,4
8899,13731,0.0402,5
8899,7171,0.0037,6
8900,1896,0.4015,1
8900,7341,0.1928,2
8900,10699,0.133,3
8900,8528,0.0985,4
8900,8282,0.0784,5
8900,1982,0.0492,6
8900,6072,0.0465,7
8901,10047,0.2953,1
8901,8210,0.1739,2
8901,3332,0.1472,3
8901,5683,0.1396,4
8901,7332,0.1356,5
8901,10134,0.0926,6
8901,4874,0.0158,7
8902,11091,0.3046,1
8902,10529,0.2832,2
8902,6354,0.2799,3
8902,5469,0.0964,4
8902,4059,0.0359,5
8903,15724,0.8524,1
8903,5558,0.1316,2
8903,4369,0.016,3
8904,2008,1.0,1
8905,5737,0.5837,1
8905,6598,0.2422,2
8905,11062,0.1229,3
8905,7720,0.0272,4
8905,9775,0.0241,5
8906,7389,0.6869,1
8906,9270,0.3131,2
8907,7479,0.8022,1
8907,9030,0.1236,2
8907,4537,0.0741,3
8908,2629,0.7023,1
8908,4623,0.1799,2
8908,3091,0.082,3
8908,6878,0.0358,4
8909,7275,0.3611,1
8909,1821,0.3206,2
8909,9934,0.1261,3
8909,3837,0.0752,4
8909,13524,0.0694,5
8909,3119,0.0476,6
8910,2742,0.6097,1
8910,1962,0.2813,2
8910,4356,0.1064,3
8910,7344,0.0026,4
8911,5471,0.409,1
8911,4636,0.3403,2
8911,2414,0.2416,3
8911,10341,0.0091,4
8912,4252,0.3806,1
8912,2924,0.3105,2
8912,6437,0.1123,3
8912,7675,0.1074,4
8912,4459,0.0891,5
8913,2500,1.0,1
8914,5536,0.4963,1
8914,1970,0.1804,2
8914,4788,0.151,3
8914,5610,0.0914,4
8914,8540,0.0578,5
8914,5280,0.0204,6
8914,1846,0.0028,7
8915,1819,0.5109,1
8915,14506,0.1811,2
8915,4230,0.1501,3
8915,17395,0.0873,4
8915,13879,0.0706,5
8916,6919,0.3724,1
8916,9280,0.263,2
8916,9766,0.2278,3
8916,6281,0.1368,4
8917,7821,0.4545,1
8917,6160,0.3202,2
8917,6611,0.2253,3
8918,6686,0.6575,1
8918,2505,0.1795,2
8918,6376,0.1224,3
8918,4635,0.0406,4
8919,8377,0.3645,1
8919,3498,0.2355,2
8919,4356,0.1864,3
8919,9304,0.1012,4
8919,4835,0.0677,5
8919,7599,0.044,6
8919,6743,0.0007,7
8920,11127,0.3838,1
8920,6921,0.3087,2
8920,4617,0.3075,3
8921,6846,0.3933,1
8921,8825,0.1635,2
8921,5476,0.1275,3
8921,5721,0.1014,4
8921,5122,0.1004,5
8921,3135,0.0918,6
8921,2215,0.0221,7
8922,4339,0.3579,1
8922,16443,0.3389,2
8922,10566,0.1789,3
8922,2660,0.118,4
8922,16316,0.0062,5
8923,3416,0.5613,1
8923,9729,0.4262,2
8923,10862,0.0125,3
8924,7302,0.3117,1
8924,2293,0.2498,2
8924,9007,0.1802,3
8924,9938,0.1478,4
8924,2959,0.0727,5
8924,5630,0.0379,6
8925,4048,0.649,1
8925,1670,0.3321,2
8925,9749,0.0137,3
8925,1943,0.0034,4
8925,4225,0.0018,5
8926,2882,0.4393,1
8926,5500,0.1614,2
8926,15618,0.1597,3
8926,8280,0.1561,4
8926,13670,0.0734,5
8926,14447,0.0101,6
8927,4857,0.6377,1
8927,9150,0.34,2
8927,10510,0.0223,3
8928,1920,0.5747,1
8928,12729,0.1924,2
8928,7660,0.1465,3
8928,5835,0.0849,4
8928,3555,0.0015,5
8929,5387,0.7584,1
8929,6185,0.1781,2
8929,4513,0.0542,3
8929,7583,0.0092,4
8930,6321,0.541,1
8930,1880,0.2317,2
8930,4191,0.206,3
8930,6410,0.0214,4
8931,9470,0.5877,1
8931,3347,0.2417,2
8931,7101,0.1419,3
8931,9952,0.0287,4
8932,3145,0.4971,1
8932,9676,0.3032,2
8932,8084,0.1983,3
8932,6101,0.0013,4
8933,4737,0.7373,1
8933,9488,0.1588,2
8933,5480,0.0953,3
8933,8690,0.0085,4
8934,12394,0.5345,1
8934,3379,0.2414,2
8934,5717,0.1288,3
8934,6707,0.0897,4
8934,16178,0.0056,5
8935,16245,0.7076,1
8935,6578,0.09,2
8935,2666,0.0805,3
8935,17335,0.066,4
8935,4399,0.0533,5
8935,8404,0.0027,6
8936,4565,0.4029,1
8936,7736,0.1889,2
8936,9397,0.1697,3
8936,6084,0.1542,4
8936,6096,0.0409,5
8936,9699,0.04,6
8936,8081,0.0035,7
8937,8038,0.405,1
8937,3060,0.4026,2
8937,6307,0.1924,3
8938,7146,0.3454,1
8938,1840,0.1986,2
8938,6993,0.1787,3
8938,10637,0.1545,4
8938,2669,0.1228,5
8939,5092,0.5337,1
8939,11234,0.2633,2
8939,7011,0.166,3
8939,11204,0.037,4
8940,14422,0.5348,1
8940,9514,0.1861,2
8940,7778,0.0879,3
8940,5015,0.0712,4
8940,3512,0.0701,5
8940,6629,0.0263,6
8940,12268,0.0236,7
8941,4430,0.5019,1
8941,9168,0.2064,2
8941,16061,0.125,3
8941,4715,0.0683,4
8941,7586,0.0551,5
8941,6187,0.0432,6
8942,3730,0.2931,1
8942,14903,0.2503,2
8942,11476,0.1605,3
8942,8877,0.1406,4
8942,9355,0.0611,5
8942,2612,0.0586,6
8942,2901,0.0359,7
8943,3522,0.4323,1
8943,6121,0.3319,2
8943,3180,0.0958,3
8943,5050,0.0636,4
8943,3499,0.0599,5
8943,5051,0.0126,6
8943,6247,0.0039,7
8944,2263,0.7498,1
8944,3456,0.2092,2
8944,7295,0.0297,3
8944,9853,0.0107,4
8944,8801,0.0006,5
8945,5418,0.4506,1
8945,8825,0.2845,2
8945,6537,0.1687,3
8945,7254,0.0962,4
8946,4232,0.4476,1
8946,14494,0.18,2
8946,9624,0.1722,3
8946,8927,0.1441,4
8946,6452,0.0352,5
8946,13078,0.0126,6
8946,11348,0.0083,7
8947,2421,0.3234,1
8947,9075,0.2692,2
8947,6964,0.1336,3
8947,10228,0.1256,4
8947,3385,0.1056,5
8947,7242,0.0426,6
8948,10350,0.4805,1
8948,12246,0.282,2
8948,3383,0.1125,3
8948,17120,0.0729,4
8948,5770,0.0298,5
8948,4871,0.017,6
8948,15994,0.0053,7
8949,4199,0.5183,1
8949,5472,0.339,2
8949,4203,0.1427,3
8950,3166,0.7393,1
8950,8900,0.1036,2
8950,10760,0.0984,3
8950,4940,0.044,4
8950,7274,0.0122,5
8950,7391,0.0025,6
8951,9355,0.6105,1
8951,14757,0.2355,2
8951,7395,0.0996,3
8951,5928,0.0271,4
8951,2882,0.016,5
8951,12308,0.0112,6
8952,17148,0.3737,1
8952,17548,0.2331,2
8952,11375,0.1509,3
8952,11515,0.1356,4
8952,2704,0.1067,5
8953,4522,0.4082,1
8953,4236,0.1961,2
8953,4078,0.1429,3
8953,5910,0.1181,4
8953,7976,0.0857,5
8953,7131,0.0491,6
8954,6640,0.4723,1
8954,8479,0.4455,2
8954,13628,0.0822,3
8955,8335,0.9209,1
8955,2120,0.0457,2
8955,6374,0.0333,3
8956,4537,0.535,1
8956,5777,0.2058,2
8956,7712,0.1214,3
8956,12618,0.0944,4
8956,3982,0.0435,5
8957,8625,0.8703,1
8957,4349,0.1297,2
8958,5528,0.4845,1
8958,2828,0.4742,2
8958,5354,0.0412,3
8959,15472,0.6588,1
8959,12493,0.3323,2
8959,8168,0.0089,3
8960,4615,0.5142,1
8960,6420,0.4785,2
8960,7209,0.0073,3
8961,9050,0.8972,1
8961,11658,0.0579,2
8961,14956,0.0289,3
8961,13804,0.016,4
8962,4029,0.3745,1
8962,9027,0.3566,2
8962,7565,0.1933,3
8962,2737,0.0757,4
8963,3003,0.7344,1
8963,10331,0.2656,2
8964,9070,0.6869,1
8964,7219,0.2417,2
8964,10590,0.0714,3
8965,16683,1.0,1
8966,6425,0.7948,1
8966,8332,0.1621,2
8966,2111,0.0431,3
8967,16238,0.5798,1
8967,16046,0.1852,2
8967,10641,0.1756,3
8967,16235,0.0595,4
8968,17189,0.493,1
8968,14508,0.3655,2
8968,4979,0.1415,3
8969,5122,0.5653,1
8969,2129,0.2664,2
8969,9715,0.1683,3
8970,11345,0.5251,1
8970,6744,0.2782,2
8970,3324,0.1671,3
8970,10681,0.0296,4
8971,8265,0.4792,1
8971,9747,0.3533,2
8971,11229,0.0934,3
8971,13992,0.0741,4
8972,13211,0.5063,1
8972,1756,0.2916,2
8972,6046,0.0786,3
8972,4277,0.0716,4
8972,10585,0.052,5
8973,1696,0.3272,1
8973,15646,0.2753,2
8973,16459,0.1534,3
8973,16312,0.1309,4
8973,6814,0.0578,5
8973,14012,0.0544,6
8973,9680,0.001,7
8974,2082,0.8579,1
8974,3515,0.0902,2
8974,8202,0.0518,3
8975,8326,0.8712,1
8975,9845,0.1218,2
8975,5185,0.0069,3
8976,12208,0.7602,1
8976,5824,0.1723,2
8976,10572,0.0426,3
8976,4905,0.0249,4
8977,2464,0.683,1
8977,2086,0.1329,2
8977,7512,0.0941,3
8977,11349,0.064,4
8977,2253,0.0202,5
8977,10956,0.0058,6
8978,9030,0.5233,1
8978,5723,0.2621,2
8978,6573,0.2146,3
8979,3490,0.4323,1
8979,2602,0.2622,2
8979,2628,0.0875,3
8979,11313,0.0828,4
8979,1863,0.079,5
8979,9717,0.0563,6
8980,11554,0.4404,1
8980,15166,0.2276,2
8980,15754,0.2195,3
8980,9957,0.1124,4
8981,2583,0.545,1
8981,5335,0.2867,2
8981,8729,0.1683,3
8982,7943,0.3336,1
8982,3673,0.2523,2
8982,5156,0.2283,3
8982,9993,0.0741,4
8982,8909,0.067,5
8982,8819,0.0447,6
8983,8380,0.6377,1
8983,4778,0.2567,2
8983,11268,0.0956,3
8983,10544,0.0097,4
8983,7988,0.0001,5
8983,9426,0.0001,6
8984,15907,0.5449,1
8984,5557,0.2163,2
8984,4125,0.1618,3
8984,2095,0.0675,4
8984,13223,0.0096,5
8985,2870,0.6681,1
8985,17581,0.1555,2
8985,11049,0.1217,3
8985,4932,0.0547,4
8986,4607,0.4715,1
8986,12706,0.1641,2
8986,6190,0.1622,3
8986,13201,0.1213,4
8986,6753,0.0439,5
8986,4846,0.037,6
8987,6052,0.3992,1
8987,7903,0.1857,2
8987,8572,0.16,3
8987,2256,0.1495,4
8987,8735,0.0944,5
8987,7761,0.0112,6
8988,7215,1.0,1
8989,2862,0.5068,1
8989,15761,0.2486,2
8989,5712,0.1366,3
8989,4863,0.1079,4
8990,9507,0.6408,1
8990,16286,0.2686,2
8990,8404,0.0342,3
8990,2867,0.0312,4
8990,5675,0.0186,5
8990,9814,0.0066,6
8991,11168,0.472,1
8991,10861,0.3079,2
8991,15693,0.0876,3
8991,15122,0.0843,4
8991,2232,0.0405,5
8991,7990,0.0077,6
8992,10756,0.4895,1
8992,2855,0.2083,2
8992,8153,0.1531,3
8992,17141,0.0689,4
8992,6382,0.0663,5
8992,14894,0.0138,6
8993,14482,0.6417,1
8993,11809,0.2822,2
8993,4211,0.0736,3
8993,1659,0.0025,4
8994,4851,0.3115,1
8994,7763,0.215,2
8994,3351,0.1959,3
8994,7699,0.1208,4
8994,9621,0.1091,5
8994,3904,0.0478,6
8995,2812,0.5686,1
8995,10512,0.2398,2
8995,8544,0.176,3
8995,9586,0.0156,4
8996,6703,0.3783,1
8996,16823,0.2968,2
8996,14103,0.1542,3
8996,4056,0.0964,4
8996,9019,0.0674,5
8996,5732,0.0069,6
8997,11270,0.4046,1
8997,6453,0.2784,2
8997,16410,0.1754,3
8997,15711,0.0975,4
8997,17305,0.0441,5
8998,2855,0.5086,1
8998,1993,0.2595,2
8998,3406,0.232,3
8999,11402,0.4537,1
8999,4916,0.3188,2
8999,7219,0.1464,3
8999,3602,0.0811,4
9000,2594,0.5241,1
9000,3673,0.1799,2
9000,6236,0.1533,3
9000,5411,0.1115,4
9000,6843,0.0179,5
9000,4483,0.0134,6
9001,8456,0.7529,1
9001,10239,0.1797,2
9001,10374,0.0674,3
9002,1853,0.7011,1
9002,16827,0.2321,2
9002,7065,0.0668,3
9003,6724,0.5416,1
9003,4822,0.2496,2
9003,4836,0.2088,3
9004,8566,0.6478,1
9004,6787,0.3522,2
9005,2092,0.383,1
9005,7288,0.2869,2
9005,2044,0.0982,3
9005,10935,0.0919,4
9005,8511,0.0776,5
9005,5949,0.0374,6
9005,15492,0.025,7
9006,2910,0.534,1
9006,4375,0.2967,2
9006,5544,0.0931,3
9006,12346,0.0441,4
9006,6544,0.0322,5
9007,2562,0.464,1
9007,3987,0.4491,2
9007,6873,0.0418,3
9007,2196,0.0376,4
9007,4883,0.0074,5
9008,11165,0.3965,1
9008,9994,0.2916,2
9008,4415,0.1489,3
9008,2228,0.0914,4
9008,6332,0.069,5
9008,7861,0.0026,6
9009,6281,0.3523,1
9009,5049,0.2626,2
9009,8900,0.1491,3
9009,7189,0.1243,4
9009,4259,0.075,5
9009,2638,0.0367,6
9010,16321,0.3112,1
9010,3523,0.243,2
9010,2922,0.2231,3
9010,5055,0.1517,4
9010,11809,0.0445,5
9010,6493,0.0266,6
9011,16046,0.9201,1
9011,13816,0.0799,2
9012,7122,0.7829,1
9012,4980,0.2171,2
9013,6704,0.3886,1
9013,1786,0.2837,2
9013,8358,0.242,3
9013,9391,0.0857,4
9014,7073,0.4537,1
9014,11972,0.1987,2
9014,9498,0.1616,3
9014,3619,0.0754,4
9014,13405,0.0602,5
9014,6166,0.0504,6
9015,6240,0.3405,1
9015,14834,0.2869,2
9015,17138,0.1282,3
9015,3067,0.0802,4
9015,1787,0.069,5
9015,4477,0.0524,6
9015,13301,0.0427,7
9016,4528,0.362,1
9016,6448,0.2206,2
9016,4365,0.2153,3
9016,11141,0.0989,4
9016,1798,0.0972,5
9016,10262,0.0059,6
9017,7017,0.6341,1
9017,4680,0.2106,2
9017,4641,0.0824,3
9017,3465,0.052,4
9017,3911,0.0118,5
9017,11186,0.0092,6
9018,5219,0.7203,1
9018,4311,0.2797,2
9019,2581,0.7153,1
9019,1817,0.2847,2
9020,7680,0.2828,1
9020,14766,0.2776,2
9020,17599,0.2267,3
9020,8080,0.2129,4
9021,5453,1.0,1
9022,5334,0.6709,1
9022,9437,0.192,2
9022,3211,0.1371,3
9023,7804,0.8104,1
9023,2240,0.1896,2
9024,3116,0.5045,1
9024,4693,0.2031,2
9024,7212,0.1405,3
9024,2837,0.0813,4
9024,7764,0.0597,5
9024,11393,0.0083,6
9024,8637,0.0026,7
9025,12925,0.497,1
9025,17045,0.2016,2
9025,8133,0.1711,3
9025,15404,0.0849,4
9025,16535,0.0454,5
9026,10036,0.639,1
9026,6187,0.2424,2
9026,8517,0.1186,3
9027,2355,0.534,1
9027,4549,0.3769,2
9027,4365,0.0772,3
9027,6690,0.012,4
9028,4080,0.5275,1
9028,8166,0.2512,2
9028,2708,0.1872,3
9028,5132,0.0341,4
9029,2131,0.5895,1
9029,2398,0.4105,2
9030,5139,0.598,1
9030,16092,0.1655,2
9030,3980,0.1616,3
9030,15910,0.0749,4
9031,9866,0.3638,1
9031,2695,0.3015,2
9031,5748,0.2165,3
9031,5686,0.1101,4
9031,7420,0.0081,5
9032,6954,0.5691,1
9032,5902,0.2457,2
9032,12710,0.1851,3
9033,4362,0.5553,1
9033,5441,0.2473,2
9033,3987,0.1291,3
9033,8414,0.0682,4
9034,1933,0.7619,1
9034,7193,0.1064,2
9034,11367,0.0956,3
9034,3466,0.036,4
9035,9286,0.3974,1
9035,6492,0.24,2
9035,10931,0.2061,3
9035,4750,0.0535,4
9035,9244,0.0532,5
9035,7633,0.0396,6
9035,2297,0.0102,7
9036,9741,0.3471,1
9036,6745,0.2635,2
9036,8835,0.1355,3
9036,4681,0.1294,4
9036,16424,0.0512,5
9036,16321,0.0446,6
9036,7598,0.0287,7
9037,9636,0.6049,1
9037,5077,0.2412,2
9037,1783,0.077,3
9037,3668,0.0592,4
9037,4481,0.0177,5
9038,15812,0.3818,1
9038,2739,0.3149,2
9038,12182,0.1007,3
9038,17232,0.0696,4
9038,2843,0.0611,5
9038,14815,0.0595,6
9038,5543,0.0123,7
9039,5351,0.4897,1
9039,3935,0.2213,2
9039,5847,0.1875,3
9039,1853,0.0654,4
9039,7387,0.0314,5
9039,7420,0.0048,6
9040,8378,1.0,1
9041,11029,0.5162,1
9041,10327,0.3719,2
9041,1812,0.0659,3
9041,1761,0.0316,4
9041,10930,0.0095,5
9041,7662,0.0049,6
9042,2830,0.6508,1
9042,6952,0.151,2
9042,6017,0.1494,3
9042,3343,0.0489,4
9043,2665,0.4487,1
9043,15376,0.3474,2
9043,5441,0.1435,3
9043,7639,0.0542,4
9043,6374,0.0061,5
9044,5061,0.4189,1
9044,9229,0.3607,2
9044,6010,0.1847,3
9044,6552,0.0273,4
9044,9451,0.0084,5
9045,11114,0.3185,1
9045,5125,0.2899,2
9045,9663,0.278,3
9045,7448,0.0524,4
9045,7766,0.044,5
9045,2486,0.0173,6
9046,7984,0.6359,1
9046,7547,0.1344,2
9046,3555,0.1154,3
9046,6481,0.0592,4
9046,9408,0.042,5
9046,7989,0.0131,6
9047,17276,0.6378,1
9047,4911,0.2304,2
9047,13619,0.1318,3
9048,2690,0.7618,1
9048,6775,0.209,2
9048,3646,0.0292,3
9049,17238,0.2477,1
9049,2969,0.1899,2
9049,17548,0.1882,3
9049,11605,0.1805,4
9049,4995,0.1311,5
9049,6692,0.0626,6
9050,5006,0.5924,1
9050,11764,0.1984,2
9050,13856,0.1272,3
9050,15949,0.0381,4
9050,17552,0.0242,5
9050,16334,0.0186,6
9050,13237,0.0012,7
9051,2544,0.4243,1
9051,2117,0.3057,2
9051,6984,0.2064,3
9051,8144,0.0636,4
9052,5914,0.4103,1
9052,1796,0.3241,2
9052,5563,0.1207,3
9052,9772,0.1023,4
9052,15550,0.0257,5
9052,12206,0.017,6
9053,4084,0.4812,1
9053,3351,0.1535,2
9053,2618,0.1322,3
9053,5700,0.1287,4
9053,7485,0.0764,5
9053,3175,0.0279,6
9054,14815,0.4269,1
9054,7523,0.2391,2
9054,6724,0.1883,3
9054,7902,0.0825,4
9054,12544,0.0611,5
9054,15678,0.0015,6
9054,11546,0.0005,7
9055,11761,0.5687,1
9055,7592,0.2465,2
9055,9674,0.132,3
9055,4863,0.0492,4
9055,3764,0.0035,5
9056,12329,0.3619,1
9056,10287,0.2416,2
9056,17162,0.2047,3
9056,5230,0.0908,4
9056,8559,0.0477,5
9056,3437,0.0374,6
9056,5665,0.0159,7
9057,12312,0.8777,1
9057,10984,0.117,2
9057,15052,0.0053,3
9058,4228,0.518,1
9058,3378,0.3473,2
9058,3737,0.1347,3
9059,17484,0.3785,1
9059,8883,0.3371,2
9059,5928,0.1475,3
9059,7533,0.0955,4
9059,16231,0.0404,5
9059,5460,0.0011,6
9060,9447,0.6113,1
9060,7025,0.1809,2
9060,6196,0.1528,3
9060,9503,0.0432,4
9060,8134,0.0061,5
9060,9853,0.0056,6
9061,16249,0.8005,1
9061,14563,0.1995,2
9062,10546,0.5058,1
9062,13006,0.4105,2
9062,10440,0.0837,3
9063,13405,0.3873,1
9063,6409,0.3047,2
9063,1646,0.1127,3
9063,5683,0.1097,4
9063,10615,0.0856,5
9064,7067,0.7292,1
9064,4718,0.2708,2
9065,4573,0.3699,1
9065,7732,0.3317,2
9065,4674,0.2984,3
9066,3081,0.9084,1
9066,3300,0.0475,2
9066,17077,0.0441,3
9067,3246,0.7663,1
9067,15459,0.198,2
9067,4314,0.0356,3
9068,2407,0.4219,1
9068,9123,0.2303,2
9068,9975,0.1884,3
9068,11301,0.0841,4
9068,8219,0.0631,5
9068,9714,0.01,6
9068,9735,0.0022,7
9069,15374,0.6711,1
9069,7484,0.2368,2
9069,15987,0.0734,3
9069,16559,0.0187,4
9070,3147,0.9355,1
9070,8426,0.0566,2
9070,1745,0.0079,3
9071,8785,0.3726,1
9071,8637,0.1937,2
9071,10740,0.1288,3
9071,7082,0.1159,4
9071,5597,0.098,5
9071,5441,0.0909,6
9072,9708,0.5612,1
9072,2712,0.234,2
9072,2325,0.1416,3
9072,7360,0.0633,4
9073,5798,0.5401,1
9073,16868,0.3274,2
9073,16787,0.0985,3
9073,15102,0.034,4
9074,5010,0.5164,1
9074,2724,0.4385,2
9074,14840,0.045,3
9075,8320,0.7636,1
9075,1944,0.2223,2
9075,2993,0.0141,3
9076,7310,0.3612,1
9076,1662,0.247,2
9076,2553,0.1485,3
9076,4688,0.1468,4
9076,7704,0.0959,5
9076,8394,0.0007,6
9077,2011,0.7636,1
9077,4871,0.2364,2
9078,15482,0.6335,1
9078,17174,0.238,2
9078,8411,0.1285,3
9079,4970,0.5652,1
9079,1875,0.2518,2
9079,8540,0.183,3
9080,3121,0.2596,1
9080,14508,0.2394,2
9080,5265,0.204,3
9080,13293,0.1339,4
9080,15997,0.1115,5
9080,2923,0.049,6
9080,2661,0.0026,7
9081,2460,0.5315,1
9081,2560,0.2145,2
9081,5176,0.1594,3
9081,8852,0.0946,4
9082,7779,0.4904,1
9082,10448,0.214,2
9082,14947,0.1155,3
9082,5005,0.0771,4
9082,15095,0.0689,5
9082,9006,0.0341,6
9083,3443,0.3084,1
9083,12583,0.2917,2
9083,7708,0.1761,3
9083,2002,0.1605,4
9083,6414,0.0583,5
9083,4132,0.0037,6
9083,8774,0.0012,7
9084,5564,0.5315,1
9084,4728,0.327,2
9084,16046,0.1023,3
9084,7136,0.0392,4
9085,4893,0.5639,1
9085,10892,0.392,2
9085,3422,0.0441,3
9086,7073,0.5083,1
9086,6134,0.312,2
9086,9084,0.1797,3
9087,16718,0.6578,1
9087,12328,0.1726,2
9087,17230,0.137,3
9087,15472,0.0222,4
9087,8089,0.0096,5
9087,12630,0.0008,6
9088,10896,0.3499,1
9088,5318,0.318,2
9088,1862,0.1431,3
9088,3223,0.1092,4
9088,4216,0.0426,5
9088,2670,0.0215,6
9088,7078,0.0158,7
9089,13599,0.4926,1
9089,12141,0.4922,2
9089,5930,0.01,3
9089,6909,0.0051,4
9089,1840,0.0,5
9090,3957,0.5537,1
9090,10612,0.2214,2
9090,2582,0.1759,3
9090,6962,0.0446,4
9090,2542,0.004,5
9090,4359,0.0004,6
9091,3629,0.3115,1
9091,2330,0.2606,2
9091,10424,0.2033,3
9091,5262,0.1469,4
9091,9035,0.0556,5
9091,7371,0.022,6
9092,6570,0.998,1
9092,13138,0.002,2
9093,14872,0.4148,1
9093,3334,0.3063,2
9093,2015,0.1358,3
9093,12939,0.0841,4
9093,8401,0.0414,5
9093,13930,0.0176,6
9094,12529,0.8447,1
9094,6177,0.1553,2
9095,14081,0.7711,1
9095,4683,0.0797,2
9095,14692,0.0719,3
9095,5181,0.0693,4
9095,16637,0.0075,5
9095,9077,0.0006,6
9096,4309,0.5096,1
9096,14281,0.3007,2
9096,7690,0.1061,3
9096,15515,0.0835,4
9097,5778,0.6577,1
9097,10862,0.1851,2
9097,3372,0.1573,3
9098,10014,0.3877,1
9098,6038,0.2952,2
9098,5039,0.2453,3
9098,4782,0.0579,4
9098,2353,0.0137,5
9099,14112,0.3744,1
9099,15488,0.3057,2
9099,10582,0.2395,3
9099,3797,0.0803,4
9100,8956,0.7682,1
9100,5558,0.1325,2
9100,10623,0.0623,3
9100,3529,0.0188,4
9100,2114,0.0181,5
9101,4393,0.2927,1
9101,6835,0.2742,2
9101,10813,0.1888,3
9101,10999,0.1554,4
9101,3936,0.0889,5
9102,8224,0.4057,1
9102,7175,0.2127,2
9102,14971,0.1674,3
9102,16966,0.1358,4
9102,15860,0.0784,5
9103,9684,0.6625,1
9103,4377,0.2202,2
9103,9983,0.0958,3
9103,5970,0.0216,4
9104,8086,0.3105,1
9104,8662,0.2846,2
9104,8148,0.2696,3
9104,10331,0.1353,4
9105,1874,0.5739,1
9105,4504,0.2254,2
9105,3747,0.2006,3
9105,8517,0.0,4
9106,3020,0.6329,1
9106,14594,0.3242,2
9106,10278,0.0429,3
9107,2561,0.7009,1
9107,9411,0.2119,2
9107,7348,0.0468,3
9107,1942,0.0218,4
9107,4970,0.0186,5
9108,4404,0.5777,1
9108,13827,0.3758,2
9108,5819,0.0465,3
9109,7880,0.6066,1
9109,4395,0.3628,2
9109,7211,0.0306,3
9110,3004,0.5089,1
9110,3327,0.1943,2
9110,16472,0.1692,3
9110,13184,0.1276,4
9111,3924,0.5035,1
9111,5667,0.436,2
9111,2783,0.0605,3
9112,3482,0.378,1
9112,6424,0.1628,2
9112,2253,0.1431,3
9112,15284,0.1385,4
9112,7689,0.0794,5
9112,13432,0.0534,6
9112,2770,0.0449,7
9113,8618,0.5751,1
9113,2461,0.1566,2
9113,3137,0.118,3
9113,2062,0.083,4
9113,7195,0.0559,5
9113,3919,0.0114,6
9114,4488,0.3555,1
9114,7822,0.2109,2
9114,3859,0.1989,3
9114,8897,0.1132,4
9114,8231,0.0692,5
9114,14852,0.0331,6
9114,1884,0.0193,7
9115,6887,0.6998,1
9115,4365,0.1514,2
9115,5962,0.0841,3
9115,7414,0.0256,4
9115,6292,0.0242,5
9115,5251,0.0148,6
9116,11960,0.5866,1
9116,10147,0.1943,2
9116,2853,0.1917,3
9116,7752,0.0274,4
9117,5274,0.3868,1
9117,14138,0.2618,2
9117,3103,0.2326,3
9117,1741,0.1187,4
9118,6725,0.7471,1
9118,3066,0.2114,2
9118,10414,0.0415,3
9119,13475,0.4385,1
9119,17245,0.264,2
9119,2899,0.2122,3
9119,13645,0.0392,4
9119,8103,0.033,5
9119,10370,0.0131,6
9120,2098,0.2558,1
9120,2149,0.1824,2
9120,5296,0.1722,3
9120,3801,0.1384,4
9120,13146,0.1246,5
9120,2468,0.1088,6
9120,3404,0.0178,7
9121,5941,0.6321,1
9121,9288,0.3534,2
9121,15832,0.0145,3
9121,16458,0.0001,4
9122,6316,0.5167,1
9122,7198,0.1591,2
9122,2744,0.1277,3
9122,16261,0.1061,4
9122,16190,0.0904,5
9123,16882,0.5458,1
9123,14884,0.4524,2
9123,9206,0.0018,3
9124,8524,0.3797,1
9124,5395,0.268,2
9124,2467,0.1878,3
9124,2368,0.1644,4
9125,2739,0.4024,1
9125,5272,0.3765,2
9125,6590,0.2108,3
9125,4873,0.0103,4
9126,3245,0.5513,1
9126,2149,0.4095,2
9126,8195,0.0392,3
9127,8113,0.3503,1
9127,5680,0.2199,2
9127,3517,0.1751,3
9127,6731,0.1517,4
9127,4441,0.0707,5
9127,8965,0.0251,6
9127,3266,0.0073,7
9128,10871,0.7055,1
9128,1735,0.1142,2
9128,2811,0.0939,3
9128,9638,0.0864,4
9129,5068,0.5471,1
9129,4636,0.3196,2
9129,7071,0.0869,3
9129,16315,0.0257,4
9129,7161,0.0208,5
9130,6190,0.4168,1
9130,3383,0.3096,2
9130,10139,0.12,3
9130,4180,0.0636,4
9130,4978,0.0324,5
9130,5401,0.0294,6
9130,8626,0.0282,7
9131,7527,0.6151,1
9131,13870,0.2473,2
9131,3124,0.1376,3
9132,5694,0.928,1
9132,10338,0.0672,2
9132,7480,0.0047,3
9133,11612,0.4451,1
9133,11317,0.4108,2
9133,9637,0.1205,3
9133,11658,0.0236,4
9134,6343,0.5475,1
9134,16338,0.3541,2
9134,13675,0.0602,3
9134,9472,0.0381,4
9135,13139,0.3554,1
9135,12112,0.3432,2
9135,4588,0.1746,3
9135,15251,0.1268,4
9136,5591,0.613,1
9136,8840,0.187,2
9136,6821,0.1507,3
9136,7519,0.031,4
9136,14290,0.0105,5
9136,15530,0.0078,6
9137,1738,0.7621,1
9137,8253,0.2209,2
9137,7076,0.017,3
9138,4698,0.6459,1
9138,2280,0.3441,2
9138,9787,0.0099,3
9139,6417,0.239,1
9139,7735,0.2081,2
9139,7684,0.1682,3
9139,6552,0.1666,4
9139,2544,0.1066,5
9139,4956,0.0916,6
9139,6676,0.02,7
9140,2322,0.5659,1
9140,6156,0.2114,2
9140,2985,0.1198,3
9140,10849,0.0824,4
9140,5114,0.0139,5
9140,3995,0.0045,6
9140,9908,0.0021,7
9141,9009,0.5757,1
9141,2592,0.1548,2
9141,7754,0.1204,3
9141,9687,0.0879,4
9141,10545,0.0612,5
9142,1875,0.6132,1
9142,1912,0.215,2
9142,3798,0.102,3
9142,3176,0.067,4
9142,5841,0.0027,5
9143,7949,0.3541,1
9143,3099,0.287,2
9143,3356,0.2235,3
9143,6641,0.1355,4
9144,4198,0.6513,1
9144,6084,0.1651,2
9144,2357,0.1057,3
9144,9539,0.07,4
9144,3023,0.0079,5
9145,2247,0.4693,1
9145,14567,0.1733,2
9145,6375,0.1282,3
9145,15252,0.0962,4
9145,10437,0.0705,5
9145,12939,0.0427,6
9145,11612,0.0198,7
9146,5879,0.3419,1
9146,3330,0.2687,2
9146,6479,0.2097,3
9146,9016,0.1135,4
9146,7967,0.0616,5
9146,3295,0.0046,6
9147,3544,0.4063,1
9147,14175,0.2119,2
9147,7365,0.1787,3
9147,4606,0.1454,4
9147,4638,0.0544,5
9147,3317,0.0033,6
9148,1987,0.5282,1
9148,17564,0.2709,2
9148,3361,0.2009,3
9149,6906,0.4521,1
9149,3242,0.1725,2
9149,8789,0.1696,3
9149,13329,0.1137,4
9149,12336,0.0543,5
9149,11414,0.0378,6
9150,11856,0.4714,1
9150,12174,0.382,2
9150,7248,0.057,3
9150,3365,0.0538,4
9150,14799,0.0358,5
9151,6656,0.3383,1
9151,16657,0.286,2
9151,12790,0.2027,3
9151,10005,0.173,4
9152,2622,0.6725,1
9152,3765,0.1922,2
9152,8968,0.123,3
9152,7309,0.0124,4
9153,15656,0.3453,1
9153,5195,0.2476,2
9153,2472,0.1487,3
9153,4141,0.1194,4
9153,3697,0.065,5
9153,15617,0.0502,6
9153,14029,0.0238,7
9154,1836,0.6194,1
9154,2588,0.2306,2
9154,4347,0.0542,3
9154,6826,0.0508,4
9154,7199,0.045,5
9155,9311,0.4187,1
9155,3925,0.3028,2
9155,6121,0.2239,3
9155,3091,0.0326,4
9155,10645,0.022,5
9156,14057,0.6784,1
9156,10780,0.1203,2
9156,11228,0.1125,3
9156,16823,0.0528,4
9156,17357,0.0359,5
9157,6505,0.3865,1
9157,6290,0.341,2
9157,11697,0.2725,3
9158,3815,0.5772,1
9158,6350,0.1492,2
9158,5073,0.1062,3
9158,7564,0.0686,4
9158,1872,0.0529,5
9158,11192,0.0459,6
9159,3935,0.565,1
9159,7111,0.435,2
9160,6363,0.3766,1
9160,7513,0.349,2
9160,12429,0.1745,3
9160,10102,0.0575,4
9160,5110,0.0177,5
9160,8818,0.0148,6
9160,8527,0.01,7
9161,17373,0.8224,1
9161,4157,0.1535,2
9161,16645,0.0241,3
9162,8783,0.5273,1
9162,3309,0.2184,2
9162,2014,0.1666,3
9162,4617,0.0413,4
9162,3760,0.0337,5
9162,5474,0.0128,6
9163,3717,0.8239,1
9163,3740,0.1628,2
9163,10404,0.0078,3
9163,8021,0.0055,4
9164,6449,0.4671,1
9164,10822,0.2745,2
9164,6053,0.1492,3
9164,10237,0.0555,4
9164,6204,0.0316,5
9164,10826,0.0222,6
9165,2008,0.5013,1
9165,12366,0.2633,2
9165,7312,0.2022,3
9165,3362,0.0332,4
9166,5822,0.3949,1
9166,15299,0.2863,2
9166,13985,0.169,3
9166,10937,0.084,4
9166,12810,0.0636,5
9166,3972,0.0021,6
9167,1824,0.4792,1
9167,4526,0.3101,2
9167,9318,0.1624,3
9167,11192,0.039,4
9167,3708,0.0093,5
9168,9135,0.4348,1
9168,4329,0.2776,2
9168,2658,0.1392,3
9168,11220,0.133,4
9168,9988,0.0154,5
9169,3707,0.2596,1
9169,10438,0.2306,2
9169,9666,0.2115,3
9169,9714,0.2087,4
9169,3574,0.0678,5
9169,8205,0.0206,6
9169,10720,0.0012,7
9170,13736,0.672,1
9170,14083,0.3166,2
9170,5469,0.0079,3
9170,15618,0.0034,4
9171,9586,0.2999,1
9171,8995,0.2787,2
9171,7666,0.1876,3
9171,5569,0.1377,4
9171,9389,0.073,5
9171,3103,0.023,6
9172,4300,0.3896,1
9172,5521,0.3105,2
9172,11217,0.187,3
9172,6501,0.0629,4
9172,12729,0.05,5
9173,11950,0.4981,1
9173,11836,0.2224,2
9173,3730,0.1636,3
9173,16630,0.0538,4
9173,17503,0.0337,5
9173,10512,0.0212,6
9173,2495,0.0071,7
9174,6366,0.3194,1
9174,10370,0.2465,2
9174,11508,0.2229,3
9174,3314,0.1237,4
9174,6577,0.0482,5
9174,3401,0.0243,6
9174,13945,0.0148,7
9175,17460,0.6436,1
9175,3985,0.1938,2
9175,10413,0.0736,3
9175,9543,0.0443,4
9175,5523,0.0395,5
9175,3139,0.0052,6
9176,5710,0.3526,1
9176,12175,0.1669,2
9176,7572,0.1553,3
9176,13127,0.1437,4
9176,2108,0.0917,5
9176,14203,0.0587,6
9176,5501,0.031,7
9177,9044,0.2864,1
9177,10440,0.2581,2
9177,6199,0.1695,3
9177,7921,0.1108,4
9177,9814,0.0775,5
9177,12888,0.0745,6
9177,6532,0.0232,7
9178,12196,0.341,1
9178,12804,0.3053,2
9178,13959,0.185,3
9178,10042,0.1687,4
9179,11033,0.2476,1
9179,8098,0.2335,2
9179,8378,0.2181,3
9179,8012,0.2039,4
9179,4955,0.0507,5
9179,6481,0.0393,6
9179,6815,0.0069,7
9180,3351,0.4152,1
9180,3636,0.1598,2
9180,2302,0.156,3
9180,10190,0.1257,4
9180,5251,0.0889,5
9180,3931,0.0474,6
9180,2819,0.0071,7
9181,7764,1.0,1
9182,17363,0.4834,1
9182,14894,0.3928,2
9182,9705,0.0993,3
9182,11565,0.0233,4
9182,1648,0.0012,5
9183,8597,0.8601,1
9183,8844,0.1247,2
9183,2678,0.0153,3
9184,7727,0.6542,1
9184,9029,0.1357,2
9184,10627,0.0669,3
9184,10005,0.0552,4
9184,3314,0.0445,5
9184,5596,0.0435,6
9185,17143,0.4815,1
9185,4372,0.3038,2
9185,13089,0.2065,3
9185,4578,0.0077,4
9185,5320,0.0005,5
9186,11008,0.5686,1
9186,9429,0.4314,2
9187,7539,0.4269,1
9187,6873,0.3905,2
9187,3765,0.0891,3
9187,1878,0.0501,4
9187,10092,0.032,5
9187,9889,0.0114,6
9188,1690,0.3059,1
9188,4558,0.2053,2
9188,15116,0.1864,3
9188,14719,0.1698,4
9188,17604,0.0775,5
9188,17307,0.055,6
9189,7312,0.5006,1
9189,5879,0.4758,2
9189,12311,0.0237,3
9190,14903,0.5724,1
9190,3348,0.2544,2
9190,4223,0.1054,3
9190,9226,0.0678,4
9191,2051,0.4719,1
9191,8006,0.3611,2
9191,9085,0.1298,3
9191,9901,0.0373,4
9192,8886,0.3676,1
9192,3588,0.1784,2
9192,9910,0.1459,3
9192,8107,0.0892,4
9192,3705,0.0851,5
9192,10036,0.0768,6
9192,5106,0.0571,7
9193,7517,0.4936,1
9193,8229,0.3672,2
9193,6923,0.0592,3
9193,1723,0.0337,4
9193,7388,0.0282,5
9193,6437,0.0125,6
9193,5040,0.0056,7
9194,10441,0.6039,1
9194,10419,0.308,2
9194,7948,0.0602,3
9194,7659,0.0279,4
9195,3448,0.5311,1
9195,7287,0.2704,2
9195,10894,0.1879,3
9195,1701,0.0106,4
9196,9322,0.5512,1
9196,12043,0.3118,2
9196,11485,0.0688,3
9196,4912,0.0578,4
9196,16983,0.0103,5
9197,12080,0.5591,1
9197,8705,0.2353,2
9197,14203,0.2055,3
9198,2742,0.8108,1
9198,6664,0.1173,2
9198,5327,0.0719,3
9199,6439,0.3965,1
9199,2674,0.334,2
9199,10068,0.1276,3
9199,5089,0.0926,4
9199,2205,0.0473,5
9199,8593,0.002,6
9200,13124,0.4393,1
9200,3748,0.1867,2
9200,6330,0.1301,3
9200,11193,0.1,4
9200,15744,0.0728,5
9200,15434,0.0712,6
9201,2555,0.6029,1
9201,2170,0.3971,2
9202,7946,0.5715,1
9202,5062,0.3032,2
9202,4446,0.0793,3
9202,8681,0.0461,4
9203,3413,0.5511,1
9203,7681,0.2271,2
9203,5697,0.0972,3
9203,2163,0.063,4
9203,10511,0.0327,5
9203,2225,0.0194,6
9203,7093,0.0095,7
9204,1837,0.7648,1
9204,7624,0.1186,2
9204,9891,0.1167,3
9205,17063,0.3231,1
9205,1649,0.1861,2
9205,11886,0.1522,3
9205,6364,0.1295,4
9205,2552,0.1225,5
9205,10651,0.0717,6
9205,6082,0.0148,7
9206,7639,0.4742,1
9206,1886,0.2149,2
9206,14466,0.1737,3
9206,14561,0.1372,4
9207,7385,0.293,1
9207,7811,0.2688,2
9207,11089,0.2169,3
9207,7960,0.1579,4
9207,2973,0.0513,5
9207,3311,0.012,6
9208,12025,0.5601,1
9208,8891,0.4391,2
9208,11668,0.0008,3
9209,8164,0.5893,1
9209,13138,0.401,2
9209,9644,0.0098,3
9210,5556,0.3896,1
9210,3320,0.3124,2
9210,7366,0.205,3
9210,8810,0.0561,4
9210,7524,0.0369,5
9211,6502,0.4131,1
9211,5627,0.3105,2
9211,5606,0.1876,3
9211,6354,0.075,4
9211,6419,0.0137,5
9212,13571,0.9562,1
9212,16444,0.0438,2
9213,3389,0.6793,1
9213,1726,0.2936,2
9213,6752,0.0182,3
9213,8458,0.009,4
9214,15887,1.0,1
9215,15964,0.5368,1
9215,10391,0.1994,2
9215,8740,0.1667,3
9215,16530,0.0515,4
9215,12162,0.0456,5
9216,7997,0.6858,1
9216,8631,0.3142,2
9217,11989,0.6475,1
9217,14480,0.1863,2
9217,11281,0.1389,3
9217,15099,0.0273,4
9218,3848,0.775,1
9218,5131,0.2196,2
9218,1890,0.0054,3
9219,11288,0.3022,1
9219,2540,0.2558,2
9219,8985,0.2052,3
9219,6878,0.1823,4
9219,10459,0.0407,5
9219,8005,0.0121,6
9219,7169,0.0017,7
9220,2090,0.5003,1
9220,6797,0.4722,2
9220,8570,0.0275,3
9221,6814,0.6449,1
9221,12518,0.2712,2
9221,4561,0.0839,3
9222,3587,0.7304,1
9222,3063,0.2407,2
9222,12085,0.0289,3
9223,16250,0.4046,1
9223,15492,0.2843,2
9223,10554,0.2242,3
9223,6679,0.0604,4
9223,13415,0.0204,5
9223,16853,0.0061,6
9224,9920,0.6157,1
9224,9438,0.2461,2
9224,7151,0.1382,3
9225,10679,0.3988,1
9225,3313,0.3062,2
9225,1775,0.2457,3
9225,4528,0.0493,4
9226,9037,0.609,1
9226,7225,0.2613,2
9226,4021,0.1297,3
9227,14100,0.5435,1
9227,16332,0.2394,2
9227,16118,0.1037,3
9227,15140,0.0957,4
9227,11746,0.0178,5
9228,5912,0.5664,1
9228,11387,0.2372,2
9228,9004,0.1964,3
9229,16406,0.4451,1
9229,15495,0.3983,2
9229,14196,0.1566,3
9230,5701,0.354,1
9230,9767,0.2473,2
9230,8407,0.1863,3
9230,17508,0.1628,4
9230,2933,0.0263,5
9230,12201,0.0231,6
9230,11039,0.0002,7
9231,12359,0.4781,1
9231,5666,0.272,2
9231,11890,0.1041,3
9231,11028,0.079,4
9231,11529,0.0669,5
9232,5859,0.4374,1
9232,5753,0.192,2
9232,3583,0.1136,3
9232,11376,0.1133,4
9232,6829,0.0704,5
9232,7129,0.067,6
9232,9151,0.0063,7
9233,9505,0.3784,1
9233,3878,0.1961,2
9233,3622,0.1411,3
9233,17509,0.1409,4
9233,9844,0.1297,5
9233,2568,0.0137,6
9234,3600,0.6259,1
9234,4031,0.1724,2
9234,13559,0.1089,3
9234,2691,0.0482,4
9234,6598,0.0255,5
9234,9119,0.0191,6
9235,3223,0.7204,1
9235,3897,0.1686,2
9235,2246,0.111,3
9236,6431,0.8334,1
9236,6144,0.0744,2
9236,5016,0.0687,3
9236,5276,0.0185,4
9236,9459,0.005,5
9237,6082,0.3262,1
9237,14850,0.28,2
9237,14646,0.1167,3
9237,10355,0.1124,4
9237,6322,0.0856,5
9237,7574,0.0791,6
9238,3489,0.3674,1
9238,6671,0.2614,2
9238,3536,0.2464,3
9238,9724,0.0705,4
9238,2800,0.0443,5
9238,6108,0.005,6
9238,2349,0.005,7
9239,3600,0.3339,1
9239,8382,0.2673,2
9239,9128,0.2506,3
9239,2333,0.0929,4
9239,10345,0.0533,5
9239,4693,0.0019,6
9240,11400,0.5712,1
9240,7599,0.3176,2
9240,10047,0.057,3
9240,3794,0.0331,4
9240,7060,0.0211,5
9241,5969,0.4152,1
9241,10269,0.2839,2
9241,8184,0.2496,3
9241,6543,0.0514,4
9242,3436,0.7161,1
9242,6250,0.1482,2
9242,9852,0.0808,3
9242,8426,0.0549,4
9243,3104,0.5084,1
9243,2297,0.3538,2
9243,2143,0.0714,3
9243,4058,0.0278,4
9243,6406,0.0217,5
9243,10047,0.0168,6
9244,3572,0.5285,1
9244,5656,0.3252,2
9244,8636,0.1464,3
9245,17560,0.7558,1
9245,7920,0.1228,2
9245,5621,0.1214,3
9246,6350,0.5423,1
9246,3099,0.2196,2
9246,5386,0.1191,3
9246,10004,0.056,4
9246,7147,0.0413,5
9246,3568,0.0216,6
9247,16270,0.8493,1
9247,17633,0.0608,2
9247,4973,0.0487,3
9247,5076,0.0319,4
9247,13523,0.0063,5
9247,10623,0.0031,6
9248,8012,0.7812,1
9248,5310,0.1911,2
9248,5917,0.0277,3
9249,8700,0.5362,1
9249,2339,0.214,2
9249,9233,0.2107,3
9249,5818,0.0392,4
9250,7193,0.6721,1
9250,7836,0.2719,2
9250,4733,0.056,3
9251,10203,0.4559,1
9251,8229,0.2196,2
9251,6649,0.19,3
9251,9835,0.0534,4
9251,11080,0.0413,5
9251,7930,0.0345,6
9251,7470,0.0054,7
9252,7366,0.272,1
9252,3501,0.2288,2
9252,11211,0.1623,3
9252,11063,0.1573,4
9252,7107,0.137,5
9252,9264,0.0298,6
9252,5722,0.0129,7
9253,11318,0.8818,1
9253,3371,0.1006,2
9253,3148,0.0177,3
9254,4081,0.2643,1
9254,5910,0.2641,2
9254,7968,0.2055,3
9254,7793,0.1083,4
9254,9126,0.1052,5
9254,10620,0.0449,6
9254,10472,0.0077,7
9255,9692,0.5249,1
9255,7952,0.2619,2
9255,10196,0.1454,3
9255,9753,0.0678,4
9256,16334,0.3704,1
9256,5193,0.3648,2
9256,4614,0.1354,3
9256,12992,0.084,4
9256,3512,0.0327,5
9256,1696,0.0115,6
9256,12092,0.0012,7
9257,7847,0.5866,1
9257,4657,0.2293,2
9257,5501,0.1418,3
9257,2848,0.0423,4
9258,10693,0.4419,1
9258,2577,0.2263,2
9258,7026,0.2078,3
9258,4272,0.1239,4
9259,1813,1.0,1
9260,7214,0.5081,1
9260,4383,0.1965,2
9260,1906,0.155,3
9260,2528,0.0593,4
9260,2625,0.0512,5
9260,14689,0.0175,6
9260,3615,0.0124,7
9261,10427,0.5684,1
9261,11337,0.3512,2
9261,5965,0.0804,3
9262,12378,0.52,1
9262,7134,0.1924,2
9262,4685,0.1522,3
9262,2337,0.0883,4
9262,12305,0.047,5
9263,16832,0.6759,1
9263,10519,0.2472,2
9263,10601,0.0423,3
9263,4799,0.0253,4
9263,15446,0.0094,5
9264,7746,0.2971,1
9264,6191,0.2848,2
9264,3488,0.2758,3
9264,7902,0.1018,4
9264,3109,0.0373,5
9264,6410,0.0032,6
9265,5614,0.5137,1
9265,5860,0.4238,2
9265,2672,0.0507,3
9265,6972,0.0118,4
9266,8428,0.5434,1
9266,4918,0.4566,2
9267,9541,0.766,1
9267,7736,0.1197,2
9267,4675,0.0912,3
9267,2818,0.023,4
9268,7451,0.476,1
9268,3040,0.4283,2
9268,3042,0.0956,3
9269,9444,0.8015,1
9269,6111,0.1568,2
9269,3908,0.0416,3
9270,2522,0.5698,1
9270,4493,0.4302,2
9271,9957,0.6251,1
9271,11949,0.2013,2
9271,13551,0.1384,3
9271,11818,0.0213,4
9271,2066,0.0139,5
9272,10732,0.3776,1
9272,6595,0.3098,2
9272,5332,0.1583,3
9272,7560,0.0877,4
9272,10672,0.0667,5
9273,5290,0.6756,1
9273,1767,0.187,2
9273,9087,0.1374,3
9274,16241,0.3904,1
9274,2851,0.277,2
9274,6945,0.2093,3
9274,2751,0.0789,4
9274,2875,0.0407,5
9274,14034,0.0038,6
9275,12901,0.5376,1
9275,8990,0.1925,2
9275,15932,0.11,3
9275,6209,0.0842,4
9275,17238,0.0757,5
9276,4610,0.5522,1
9276,6397,0.1859,2
9276,3788,0.1552,3
9276,10802,0.0779,4
9276,5838,0.0132,5
9276,3256,0.0093,6
9276,11220,0.0063,7
9277,16734,0.4303,1
9277,9882,0.2549,2
9277,8495,0.2261,3
9277,6325,0.0495,4
9277,6046,0.0392,5
9278,3092,0.3935,1
9278,5040,0.3555,2
9278,2239,0.251,3
9279,7764,0.4528,1
9279,9862,0.1926,2
9279,3162,0.1763,3
9279,5683,0.07,4
9279,3247,0.0597,5
9279,6884,0.0445,6
9279,9258,0.0041,7
9280,10801,0.6531,1
9280,5223,0.1729,2
9280,3974,0.1094,3
9280,11502,0.0647,4
9281,16886,0.5553,1
9281,12528,0.2076,2
9281,14985,0.1455,3
9281,11292,0.051,4
9281,14088,0.0396,5
9281,1900,0.001,6
9282,1810,0.3978,1
9282,12527,0.2447,2
9282,10344,0.175,3
9282,8273,0.1467,4
9282,10275,0.0358,5
9283,3015,0.5954,1
9283,6546,0.2297,2
9283,3959,0.1481,3
9283,5776,0.0187,4
9283,16651,0.0072,5
9283,3676,0.0007,6
9283,2291,0.0001,7
9284,5438,0.5114,1
9284,8766,0.2675,2
9284,2325,0.105,3
9284,8198,0.0801,4
9284,5187,0.036,5
9285,3400,0.5134,1
9285,13205,0.1977,2
9285,6375,0.1527,3
9285,15817,0.1174,4
9285,10171,0.0171,5
9285,8690,0.0017,6
9286,16797,0.6218,1
9286,14610,0.1531,2
9286,15737,0.1234,3
9286,15615,0.0787,4
9286,13635,0.023,5
9287,2594,0.7027,1
9287,2304,0.1668,2
9287,2307,0.1305,3
9288,1925,0.415,1
9288,4399,0.2258,2
9288,13019,0.1597,3
9288,4156,0.1076,4
9288,9794,0.0919,5
9289,6379,0.4265,1
9289,1906,0.3773,2
9289,9559,0.1662,3
9289,2150,0.0301,4
9290,4235,0.3065,1
9290,2210,0.2729,2
9290,1732,0.2247,3
9290,11233,0.1244,4
9290,6048,0.0381,5
9290,8968,0.0321,6
9290,8422,0.0014,7
9291,4235,0.7803,1
9291,7056,0.1389,2
9291,1938,0.0808,3
9292,6064,0.5944,1
9292,4771,0.2405,2
9292,6494,0.1651,3
9293,12246,0.3586,1
9293,16590,0.289,2
9293,9814,0.2135,3
9293,5271,0.1076,4
9293,5217,0.0208,5
9293,2011,0.0064,6
9293,10574,0.0041,7
9294,4660,0.4431,1
9294,11297,0.2132,2
9294,3135,0.1759,3
9294,10209,0.1678,4
9295,16190,0.7895,1
9295,15505,0.2105,2
9296,9197,0.3149,1
9296,10856,0.2884,2
9296,17408,0.1592,3
9296,5057,0.1218,4
9296,15122,0.0594,5
9296,2455,0.0563,6
9297,3934,1.0,1
9298,8630,0.8865,1
9298,9266,0.1135,2
9299,11076,0.5917,1
9299,5569,0.204,2
9299,4624,0.1462,3
9299,6009,0.0559,4
9299,7093,0.0022,5
9300,7947,0.4908,1
9300,17191,0.2181,2
9300,15457,0.2147,3
9300,14866,0.0764,4
9301,7524,0.3772,1
9301,3329,0.198,2
9301,4742,0.1455,3
9301,10959,0.097,4
9301,9137,0.0687,5
9301,2628,0.0642,6
9301,8704,0.0494,7
9302,3305,0.4069,1
9302,3528,0.2202,2
9302,8887,0.1819,3
9302,9533,0.112,4
9302,4935,0.0537,5
9302,10591,0.0252,6
9303,6868,0.5285,1
9303,11962,0.4546,2
9303,16126,0.0169,3
9304,5069,0.8812,1
9304,4959,0.1188,2
9305,7197,0.839,1
9305,8758,0.1163,2
9305,1786,0.0447,3
9306,8433,0.6326,1
9306,4236,0.3674,2
9307,11990,0.4149,1
9307,2494,0.2451,2
9307,15958,0.1099,3
9307,9044,0.0688,4
9307,4487,0.0625,5
9307,6199,0.0611,6
9307,10159,0.0377,7
9308,10759,0.4927,1
9308,9699,0.4626,2
9308,5534,0.0244,3
9308,7211,0.0202,4
9309,3476,0.3552,1
9309,2384,0.1813,2
9309,1966,0.1686,3
9309,6631,0.139,4
9309,2725,0.1337,5
9309,8686,0.019,6
9309,9178,0.0032,7
9310,5799,0.453,1
9310,9955,0.1996,2
9310,3995,0.1531,3
9310,7052,0.1028,4
9310,8704,0.0915,5
9311,10847,0.4078,1
9311,6878,0.1991,2
9311,4404,0.1859,3
9311,5640,0.112,4
9311,10842,0.0597,5
9311,4491,0.0355,6
9312,10160,0.3961,1
9312,10224,0.231,2
9312,11120,0.1877,3
9312,5032,0.0916,4
9312,6836,0.0683,5
9312,7681,0.0252,6
9312,11347,0.0002,7
9313,11486,0.5624,1
9313,12057,0.2408,2
9313,9674,0.1967,3
9314,4066,0.4246,1
9314,4218,0.2979,2
9314,7334,0.1022,3
9314,6423,0.0882,4
9314,7429,0.0699,5
9314,7643,0.0173,6
9315,5817,0.6741,1
9315,5513,0.3259,2
9316,14419,0.5289,1
9316,8472,0.2974,2
9316,5515,0.1069,3
9316,15220,0.0569,4
9316,3620,0.0096,5
9316,15188,0.0002,6
9317,13866,0.421,1
9317,4378,0.2091,2
9317,3277,0.1867,3
9317,12478,0.0957,4
9317,16606,0.076,5
9317,5128,0.0115,6
9318,4057,0.4854,1
9318,2070,0.3677,2
9318,2086,0.1469,3
9319,8102,0.2671,1
9319,2929,0.2577,2
9319,3619,0.2505,3
9319,10564,0.1143,4
9319,5346,0.078,5
9319,10385,0.0279,6
9319,10582,0.0045,7
9320,14730,0.4877,1
9320,15860,0.2932,2
9320,4248,0.1425,3
9320,10913,0.037,4
9320,6522,0.0259,5
9320,2785,0.0137,6
9321,3358,0.4332,1
9321,10922,0.267,2
9321,9875,0.1899,3
9321,10012,0.098,4
9321,1986,0.0119,5
9322,5021,1.0,1
9323,6762,0.7645,1
9323,7447,0.0933,2
9323,3415,0.0539,3
9323,5268,0.0409,4
9323,10519,0.0266,5
9323,5286,0.0182,6
9323,3988,0.0026,7
9324,9464,0.6706,1
9324,10034,0.1305,2
9324,11322,0.1045,3
9324,3352,0.0737,4
9324,6513,0.0208,5
9325,8183,0.8605,1
9325,3753,0.1326,2
9325,3136,0.0069,3
9326,12679,0.5054,1
9326,12382,0.4946,2
9327,6137,0.3629,1
9327,4010,0.2278,2
9327,10510,0.1424,3
9327,10724,0.1161,4
9327,11179,0.0966,5
9327,7600,0.0382,6
9327,7565,0.016,7
9328,2062,0.609,1
9328,5959,0.2224,2
9328,11394,0.1686,3
9329,8381,0.3352,1
9329,4965,0.2994,2
9329,6710,0.1575,3
9329,4767,0.1012,4
9329,10210,0.0894,5
9329,13976,0.0092,6
9329,3169,0.0082,7
9330,6553,0.4452,1
9330,4630,0.1987,2
9330,6297,0.1571,3
9330,12123,0.1011,4
9330,7377,0.0642,5
9330,2401,0.0337,6
9331,9795,0.4283,1
9331,5433,0.3415,2
9331,11209,0.2302,3
9332,10653,0.5414,1
9332,5816,0.2702,2
9332,6382,0.1885,3
9333,2119,0.611,1
9333,8528,0.2817,2
9333,8836,0.1073,3
9334,6383,0.5442,1
9334,8574,0.3413,2
9334,2681,0.1145,3
9335,4149,0.4311,1
9335,3233,0.2861,2
9335,1820,0.1055,3
9335,2178,0.0631,4
9335,1655,0.0568,5
9335,3515,0.0468,6
9335,2700,0.0107,7
9336,12655,0.9002,1
9336,2096,0.0865,2
9336,10717,0.0133,3
9337,10345,0.3879,1
9337,3223,0.2123,2
9337,2991,0.2038,3
9337,4058,0.141,4
9337,3279,0.0527,5
9337,10707,0.0022,6
9338,10260,0.4357,1
9338,5434,0.285,2
9338,8893,0.208,3
9338,2581,0.0713,4
9339,5191,0.4586,1
9339,17231,0.3734,2
9339,16501,0.1552,3
9339,11936,0.0109,4
9339,4421,0.0019,5
9340,1840,0.5799,1
9340,4978,0.4201,2
9341,17180,0.3543,1
9341,3199,0.295,2
9341,1743,0.2227,3
9341,6228,0.128,4
9342,2725,0.5145,1
9342,5598,0.3741,2
9342,8678,0.1068,3
9342,9533,0.0047,4
9343,2707,0.7459,1
9343,8438,0.2541,2
9344,3942,0.5729,1
9344,3506,0.1815,2
9344,7035,0.108,3
9344,1641,0.0809,4
9344,2357,0.0408,5
9344,5329,0.0158,6
9345,9595,0.9874,1
9345,8466,0.0067,2
9345,5176,0.0058,3
9346,9029,0.3813,1
9346,9651,0.2159,2
9346,6696,0.2053,3
9346,9310,0.1124,4
9346,9393,0.0367,5
9346,5351,0.0264,6
9346,10135,0.022,7
9347,17392,0.7294,1
9347,12650,0.1503,2
9347,11095,0.0714,3
9347,4137,0.0302,4
9347,10230,0.0187,5
9348,4350,0.3625,1
9348,6739,0.3328,2
9348,3558,0.2893,3
9348,7028,0.0154,4
9349,2601,0.9273,1
9349,7727,0.0452,2
9349,3976,0.0275,3
9350,9822,0.6963,1
9350,5180,0.1956,2
9350,3367,0.1016,3
9350,10069,0.0065,4
9351,1818,0.4603,1
9351,2926,0.3055,2
9351,15258,0.1622,3
9351,6440,0.068,4
9351,10533,0.0041,5
9352,8200,0.2837,1
9352,2681,0.2392,2
9352,3163,0.2127,3
9352,2781,0.1573,4
9352,6518,0.0988,5
9352,9534,0.0081,6
9353,11537,0.6647,1
9353,11485,0.3212,2
9353,14935,0.0106,3
9353,2383,0.0035,4
9354,8403,0.6633,1
9354,10598,0.1757,2
9354,8630,0.1397,3
9354,9357,0.0212,4
9355,15761,0.6575,1
9355,4052,0.1495,2
9355,8285,0.1026,3
9355,15495,0.0681,4
9355,14016,0.0223,5
9356,3820,0.3537,1
9356,14080,0.2158,2
9356,2100,0.1532,3
9356,10553,0.1265,4
9356,14513,0.0764,5
9356,7489,0.0679,6
9356,10320,0.0065,7
9357,9461,0.5615,1
9357,7627,0.1831,2
9357,10448,0.1463,3
9357,14546,0.0598,4
9357,2568,0.0493,5
9358,7308,0.6569,1
9358,6510,0.1308,2
9358,8450,0.0762,3
9358,4594,0.0703,4
9358,10203,0.0657,5
9359,13485,0.4292,1
9359,9825,0.2655,2
9359,7386,0.2373,3
9359,14391,0.0283,4
9359,17417,0.0259,5
9359,13324,0.0128,6
9359,2727,0.001,7
9360,7574,0.5196,1
9360,12694,0.2439,2
9360,13936,0.2309,3
9360,9317,0.0055,4
9361,7735,0.5402,1
9361,4418,0.2576,2
9361,3454,0.1052,3
9361,3137,0.0517,4
9361,9771,0.0331,5
9361,6391,0.0121,6
9361,5272,0.0002,7
9362,4041,0.3303,1
9362,8404,0.3078,2
9362,1925,0.1974,3
9362,9067,0.1456,4
9362,6472,0.0186,5
9362,10151,0.0003,6
9363,6441,0.3447,1
9363,7646,0.3415,2
9363,7308,0.1406,3
9363,5301,0.1089,4
9363,8991,0.036,5
9363,7401,0.0283,6
9364,10248,0.518,1
9364,8357,0.2576,2
9364,10204,0.2244,3
9365,5359,0.9196,1
9365,2046,0.0804,2
9366,3775,0.4621,1
9366,1894,0.3412,2
9366,10781,0.1869,3
9366,6181,0.0098,4
9367,7262,0.5258,1
9367,2767,0.2206,2
9367,2261,0.072,3
9367,3574,0.0699,4
9367,5088,0.0539,5
9367,3403,0.0484,6
9367,1726,0.0094,7
9368,5510,0.5036,1
9368,2567,0.3256,2
9368,6119,0.158,3
9368,3191,0.0112,4
9368,7517,0.0016,5
9369,6891,0.4288,1
9369,9762,0.3329,2
9369,4287,0.2007,3
9369,1957,0.0376,4
9370,5735,0.3563,1
9370,11141,0.3517,2
9370,5048,0.2312,3
9370,8627,0.0598,4
9370,4765,0.001,5
9371,7658,0.5737,1
9371,4047,0.2386,2
9371,17494,0.0822,3
9371,3705,0.053,4
9371,6047,0.0448,5
9371,6306,0.0058,6
9371,7621,0.0019,7
9372,16047,0.7112,1
9372,10774,0.2124,2
9372,5246,0.0606,3
9372,4049,0.0158,4
9373,7118,0.6519,1
9373,12274,0.2731,2
9373,16959,0.075,3
9374,8306,0.7301,1
9374,10005,0.2152,2
9374,12557,0.0547,3
9375,7723,0.2867,1
9375,4348,0.2658,2
9375,8303,0.2395,3
9375,7199,0.0795,4
9375,9385,0.0767,5
9375,9251,0.0518,6
9376,11177,0.3254,1
9376,1818,0.2953,2
9376,9055,0.2341,3
9376,12483,0.0981,4
9376,6080,0.0258,5
9376,9077,0.0213,6
9377,9610,0.5942,1
9377,9689,0.3416,2
9377,6822,0.053,3
9377,10025,0.0111,4
9378,14586,0.2996,1
9378,1849,0.2698,2
9378,15659,0.2602,3
9378,9257,0.0982,4
9378,8737,0.0722,5
9379,7238,0.2657,1
9379,10919,0.2549,2
9379,8982,0.1887,3
9379,8220,0.1678,4
9379,12023,0.0762,5
9379,2912,0.0467,6
9380,2131,0.528,1
9380,2448,0.3869,2
9380,3097,0.0788,3
9380,10348,0.0063,4
9381,7211,0.7265,1
9381,4624,0.2717,2
9381,6467,0.0018,3
9382,2793,0.5812,1
9382,14392,0.1482,2
9382,13915,0.1139,3
9382,3654,0.105,4
9382,6305,0.0312,5
9382,9085,0.0205,6
9383,3712,0.4927,1
9383,4144,0.1886,2
9383,3553,0.1499,3
9383,5408,0.104,4
9383,3970,0.0277,5
9383,3645,0.0272,6
9383,6513,0.0099,7
9384,1655,0.4707,1
9384,1948,0.2714,2
9384,2845,0.1587,3
9384,6392,0.0992,4
9385,15299,0.7472,1
9385,13235,0.1738,2
9385,6663,0.0776,3
9385,5378,0.0013,4
9386,15935,0.3425,1
9386,2022,0.1493,2
9386,3812,0.124,3
9386,2429,0.1159,4
9386,9102,0.1093,5
9386,13129,0.1063,6
9386,7734,0.0528,7
9387,2708,0.6684,1
9387,10481,0.141,2
9387,3963,0.1103,3
9387,8651,0.0452,4
9387,5755,0.0228,5
9387,8100,0.0122,6
9388,4055,0.2913,1
9388,5347,0.2169,2
9388,5994,0.1732,3
9388,5267,0.1334,4
9388,6900,0.1241,5
9388,16525,0.0409,6
9388,4995,0.0202,7
9389,2877,0.4341,1
9389,17030,0.4321,2
9389,7704,0.1338,3
9390,4514,0.3615,1
9390,10309,0.326,2
9390,6836,0.1809,3
9390,6708,0.0717,4
9390,9718,0.0599,5
9391,8422,0.6696,1
9391,7109,0.2304,2
9391,10683,0.1001,3
9392,7794,0.4094,1
9392,7161,0.2876,2
9392,9508,0.1711,3
9392,10980,0.069,4
9392,6372,0.0629,5
9393,14420,0.4844,1
9393,2730,0.4491,2
9393,10278,0.051,3
9393,9468,0.0145,4
9393,9796,0.001,5
9394,10864,0.5066,1
9394,10453,0.19,2
9394,12445,0.105,3
9394,1944,0.102,4
9394,12155,0.0925,5
9394,16160,0.0039,6
9395,16509,0.4106,1
9395,13786,0.3784,2
9395,8902,0.1423,3
9395,3797,0.0687,4
9396,2421,0.7677,1
9396,7344,0.1369,2
9396,1726,0.0893,3
9396,7193,0.0062,4
9397,11778,0.3763,1
9397,10044,0.1982,2
9397,15662,0.1759,3
9397,12893,0.142,4
9397,10581,0.0723,5
9397,14117,0.0285,6
9397,2876,0.0068,7
9398,11159,0.4371,1
9398,4256,0.3505,2
9398,3398,0.2112,3
9398,7887,0.0012,4
9399,8838,0.4109,1
9399,6027,0.2321,2
9399,3655,0.1992,3
9399,7757,0.1064,4
9399,12600,0.0391,5
9399,16080,0.0123,6
9400,3005,0.5004,1
9400,11076,0.1803,2
9400,4956,0.1353,3
9400,10329,0.0975,4
9400,4217,0.0818,5
9400,4693,0.0047,6
9401,3971,0.5202,1
9401,6687,0.2333,2
9401,8607,0.1061,3
9401,3765,0.0613,4
9401,8897,0.0386,5
9401,4217,0.0228,6
9401,6615,0.0176,7
9402,1869,0.3837,1
9402,8255,0.1634,2
9402,8122,0.1516,3
9402,7093,0.104,4
9402,9847,0.101,5
9402,4274,0.0956,6
9402,9416,0.0007,7
9403,15557,0.5907,1
9403,5732,0.1491,2
9403,6764,0.1278,3
9403,13064,0.0766,4
9403,15414,0.0559,5
9404,5873,0.6698,1
9404,10180,0.2229,2
9404,14950,0.1073,3
9405,7003,0.6914,1
9405,10723,0.223,2
9405,4940,0.0324,3
9405,10880,0.0211,4
9405,3250,0.0181,5
9405,5453,0.014,6
9406,10060,0.4834,1
9406,7796,0.2561,2
9406,5154,0.1063,3
9406,3738,0.0649,4
9406,9229,0.0613,5
9406,2378,0.0238,6
9406,10187,0.0042,7
9407,3387,0.8277,1
9407,3892,0.0904,2
9407,4754,0.0819,3
9408,2594,0.4296,1
9408,6406,0.2515,2
9408,7479,0.1802,3
9408,6864,0.1295,4
9408,7344,0.0092,5
9409,4122,0.3161,1
9409,3900,0.2595,2
9409,8167,0.2362,3
9409,8220,0.0849,4
9409,2758,0.058,5
9409,3930,0.0426,6
9409,5884,0.0026,7
9410,10239,0.4823,1
9410,8572,0.2783,2
9410,8402,0.1176,3
9410,9751,0.0868,4
9410,8002,0.035,5
9411,15262,0.3755,1
9411,3395,0.3715,2
9411,3257,0.1105,3
9411,3303,0.0775,4
9411,2131,0.049,5
9411,2354,0.016,6
9412,6342,1.0,1
9413,5464,0.5828,1
9413,8349,0.2816,2
9413,10915,0.1124,3
9413,10718,0.0232,4
9414,12019,0.3953,1
9414,12685,0.3837,2
9414,11741,0.2211,3
9415,15786,0.439,1
9415,7419,0.3559,2
9415,7118,0.1761,3
9415,5727,0.029,4
9416,5391,0.508,1
9416,7396,0.3983,2
9416,11482,0.0936,3
9417,5943,0.6588,1
9417,10491,0.2939,2
9417,1896,0.0208,3
9417,8073,0.011,4
9417,9479,0.0079,5
9417,4192,0.0076,6
9418,10877,0.5308,1
9418,7294,0.3727,2
9418,5992,0.0964,3
9419,3728,0.7544,1
9419,4972,0.2456,2
9420,10514,0.2389,1
9420,16327,0.2045,2
9420,7856,0.1518,3
9420,8037,0.1348,4
9420,2849,0.126,5
9420,6741,0.1153,6
9420,16297,0.0288,7
9421,14431,0.9919,1
9421,8053,0.0081,2
9422,9254,0.5305,1
9422,5812,0.3367,2
9422,10216,0.1327,3
9423,15903,0.4258,1
9423,2541,0.3729,2
9423,11751,0.1512,3
9423,9122,0.0384,4
9423,11591,0.0084,5
9423,15110,0.0033,6
9424,4277,0.3595,1
9424,7890,0.2211,2
9424,2440,0.1704,3
9424,1756,0.1235,4
9424,14840,0.1192,5
9424,5064,0.0063,6
9425,15330,0.5499,1
9425,16743,0.2941,2
9425,12513,0.0941,3
9425,4468,0.0619,4
9426,3023,0.4902,1
9426,3649,0.2264,2
9426,3593,0.133,3
9426,8373,0.0827,4
9426,4532,0.0356,5
9426,3808,0.0321,6
9427,11288,0.836,1
9427,8664,0.164,2
9428,6441,0.4126,1
9428,6058,0.2391,2
9428,6655,0.1674,3
9428,13626,0.0921,4
9428,4368,0.0402,5
9428,11780,0.0267,6
9428,5342,0.022,7
9429,7451,0.5963,1
9429,17079,0.2444,2
9429,6087,0.1593,3
9430,6228,0.4117,1
9430,4879,0.3512,2
9430,2051,0.1812,3
9430,1980,0.0556,4
9430,17618,0.0003,5
9431,7997,0.4941,1
9431,11294,0.4623,2
9431,9451,0.0436,3
9432,2887,0.53,1
9432,9928,0.3533,2
9432,4349,0.1167,3
9433,13287,0.2187,1
9433,7657,0.2055,2
9433,15483,0.1985,3
9433,3429,0.1947,4
9433,4603,0.0811,5
9433,10819,0.08,6
9433,11546,0.0215,7
9434,2849,0.7402,1
9434,8207,0.1506,2
9434,10608,0.0959,3
9434,14924,0.0077,4
9434,12661,0.0056,5
9434,7267,0.0001,6
9435,5989,0.6618,1
9435,14638,0.3116,2
9435,14463,0.0266,3
9436,8338,0.4321,1
9436,2192,0.4153,2
9436,5205,0.1294,3
9436,9475,0.0232,4
9437,1651,0.8234,1
9437,2893,0.1379,2
9437,1927,0.03,3
9437,3213,0.0087,4
9438,2491,0.9905,1
9438,4599,0.0095,2
9439,4135,0.6128,1
9439,5321,0.2589,2
9439,6714,0.1283,3
9440,2138,0.3631,1
9440,15122,0.2786,2
9440,2885,0.1933,3
9440,6237,0.1181,4
9440,17216,0.0332,5
9440,10917,0.0137,6
9441,2580,0.5514,1
9441,6380,0.2133,2
9441,4441,0.1247,3
9441,4088,0.0641,4
9441,1814,0.0233,5
9441,2253,0.0144,6
9441,6944,0.0088,7
9442,3134,0.4527,1
9442,8066,0.4369,2
9442,4808,0.0622,3
9442,11297,0.031,4
9442,7975,0.0172,5
9443,8545,0.4066,1
9443,11364,0.2752,2
9443,9155,0.1388,3
9443,8328,0.113,4
9443,3519,0.0664,5
9444,6629,0.7051,1
9444,3035,0.226,2
9444,5866,0.0688,3
9445,9084,0.4918,1
9445,9784,0.3404,2
9445,9709,0.1621,3
9445,10496,0.0057,4
9446,7994,0.8012,1
9446,8233,0.1478,2
9446,8787,0.051,3
9447,2855,0.5552,1
9447,11300,0.3569,2
9447,4879,0.0434,3
9447,12346,0.0377,4
9447,3661,0.0069,5
9448,1738,0.547,1
9448,11791,0.3733,2
9448,15057,0.0515,3
9448,4237,0.0282,4
9449,6543,0.3705,1
9449,7188,0.3148,2
9449,4192,0.1673,3
9449,2914,0.1418,4
9449,8274,0.0057,5
9450,9016,0.4267,1
9450,5405,0.1956,2
9450,3890,0.1397,3
9450,1889,0.0808,4
9450,5355,0.0693,5
9450,5356,0.0605,6
9450,10340,0.0274,7
9451,6309,0.5633,1
9451,4651,0.2718,2
9451,2324,0.1649,3
9452,16892,0.3009,1
9452,6078,0.2092,2
9452,13199,0.1796,3
9452,16891,0.1416,4
9452,8236,0.0965,5
9452,13075,0.0647,6
9452,8615,0.0075,7
9453,13477,0.4423,1
9453,15018,0.3208,2
9453,7630,0.1154,3
9453,4582,0.1129,4
9453,15044,0.0086,5
9453,12011,0.0002,6
9454,10571,0.7856,1
9454,17104,0.1635,2
9454,10230,0.0509,3
9455,4299,0.7991,1
9455,10782,0.1411,2
9455,9040,0.0598,3
9456,14462,0.4983,1
9456,15073,0.337,2
9456,9626,0.1001,3
9456,15414,0.0647,4
9457,4039,0.6378,1
9457,11406,0.3329,2
9457,2269,0.0293,3
9458,7906,0.3451,1
9458,10727,0.3337,2
9458,2090,0.1758,3
9458,11030,0.0995,4
9458,10376,0.0459,5
9459,8907,0.893,1
9459,6537,0.107,2
9460,8181,0.468,1
9460,1872,0.3374,2
9460,3912,0.1251,3
9460,6945,0.0396,4
9460,3332,0.0299,5
9461,6131,1.0,1
9462,7794,0.4001,1
9462,3170,0.2294,2
9462,7397,0.156,3
9462,11152,0.0989,4
9462,3356,0.061,5
9462,10135,0.0545,6
9463,10240,0.2989,1
9463,9435,0.2827,2
9463,2629,0.2811,3
9463,4896,0.1347,4
9463,3335,0.0026,5
9464,6495,0.5596,1
9464,9323,0.2447,2
9464,10255,0.1299,3
9464,3866,0.0503,4
9464,4903,0.0155,5
9465,1650,0.4037,1
9465,4248,0.2877,2
9465,2369,0.1151,3
9465,3003,0.102,4
9465,16968,0.052,5
9465,5473,0.0395,6
9466,4231,0.3106,1
9466,14698,0.2841,2
9466,15760,0.2188,3
9466,9296,0.1865,4
9467,16508,0.3794,1
9467,6920,0.3079,2
9467,14117,0.2298,3
9467,15628,0.0493,4
9467,15712,0.0188,5
9467,15771,0.0148,6
9468,7233,0.7667,1
9468,2390,0.1086,2
9468,3256,0.0734,3
9468,4764,0.0393,4
9468,6927,0.0121,5
9469,8205,0.7095,1
9469,5702,0.2842,2
9469,4850,0.0063,3
9470,10470,0.9742,1
9470,6882,0.0258,2
9471,9315,0.4693,1
9471,10529,0.4274,2
9471,15513,0.0957,3
9471,15615,0.0076,4
9472,3539,0.4864,1
9472,3689,0.4286,2
9472,4938,0.0436,3
9472,16637,0.0413,4
9473,4010,0.669,1
9473,2485,0.1946,2
9473,3866,0.1364,3
9474,3020,0.4679,1
9474,10923,0.1601,2
9474,4081,0.1589,3
9474,5567,0.1024,4
9474,4891,0.0505,5
9474,14831,0.0366,6
9474,3089,0.0237,7
9475,5050,0.6913,1
9475,2870,0.2145,2
9475,2746,0.0933,3
9475,7469,0.001,4
9476,9111,0.3173,1
9476,14164,0.2888,2
9476,15240,0.215,3
9476,12485,0.0731,4
9476,14309,0.0571,5
9476,16336,0.0488,6
9477,3728,0.6827,1
9477,9402,0.2242,2
9477,7217,0.0663,3
9477,9776,0.0268,4
9478,16996,0.7984,1
9478,16392,0.1047,2
9478,10819,0.0969,3
9479,5716,0.3697,1
9479,15252,0.2666,2
9479,7426,0.2271,3
9479,4241,0.1366,4
9480,14829,0.5508,1
9480,14608,0.4492,2
9481,3468,0.3173,1
9481,7867,0.2718,2
9481,4521,0.213,3
9481,9769,0.1979,4
9482,6144,0.3876,1
9482,6098,0.3557,2
9482,11287,0.2406,3
9482,3798,0.0099,4
9482,4228,0.0059,5
9482,3137,0.0003,6
9483,3799,0.82,1
9483,6287,0.1369,2
9483,8189,0.043,3
9484,13500,0.4262,1
9484,7116,0.3555,2
9484,4324,0.1539,3
9484,3744,0.0444,4
9484,7351,0.02,5
9485,10387,0.6707,1
9485,3724,0.2647,2
9485,10980,0.0645,3
9486,5854,0.6758,1
9486,2715,0.1867,2
9486,3659,0.1375,3
9487,11350,0.6526,1
9487,10965,0.2266,2
9487,8301,0.1207,3
9488,3231,0.4128,1
9488,10060,0.2731,2
9488,7550,0.1815,3
9488,9369,0.075,4
9488,8399,0.0577,5
9489,12545,0.5617,1
9489,14130,0.4055,2
9489,13841,0.0328,3
9490,10404,0.3124,1
9490,8862,0.2966,2
9490,10938,0.1209,3
9490,7902,0.0987,4
9490,5256,0.0815,5
9490,7388,0.0614,6
9490,5684,0.0285,7
9491,8663,0.6838,1
9491,7237,0.295,2
9491,8364,0.0213,3
9492,4285,0.4147,1
9492,6541,0.3195,2
9492,10990,0.0962,3
9492,3666,0.0867,4
9492,6383,0.0829,5
9493,2902,0.446,1
9493,6805,0.3844,2
9493,10045,0.1696,3
9494,2360,0.6644,1
9494,5097,0.1894,2
9494,6927,0.1462,3
9495,11151,0.549,1
9495,9333,0.2512,2
9495,7887,0.133,3
9495,5633,0.0668,4
9496,16181,0.3853,1
9496,4722,0.252,2
9496,12056,0.1975,3
9496,9300,0.1276,4
9496,2587,0.0376,5
9497,4785,1.0,1
9498,6036,0.8096,1
9498,9061,0.0996,2
9498,5902,0.0633,3
9498,11619,0.0275,4
9499,11604,0.3919,1
9499,13564,0.2748,2
9499,8884,0.2109,3
9499,9594,0.1187,4
9499,5567,0.0037,5
9500,8837,1.0,1
9501,5223,0.4954,1
9501,4961,0.3124,2
9501,5250,0.1426,3
9501,8885,0.0298,4
9501,17279,0.0197,5
9502,16433,0.4518,1
9502,2066,0.2898,2
9502,4570,0.1281,3
9502,14083,0.0938,4
9502,7897,0.0182,5
9502,17417,0.0166,6
9502,17338,0.0017,7
9503,3097,0.7844,1
9503,7048,0.1649,2
9503,2897,0.0371,3
9503,6704,0.0108,4
9503,5641,0.0028,5
9504,9139,0.2649,1
9504,3506,0.2139,2
9504,8123,0.1674,3
9504,8613,0.1539,4
9504,4758,0.1007,5
9504,4622,0.0993,6
9505,11115,0.7615,1
9505,6235,0.1747,2
9505,13619,0.0638,3
9506,6387,1.0,1
9507,16348,0.6845,1
9507,13725,0.2553,2
9507,11231,0.0601,3
9508,3383,0.5088,1
9508,13280,0.2711,2
9508,6753,0.1005,3
9508,7921,0.0883,4
9508,13073,0.0314,5
9509,1655,0.5326,1
9509,9862,0.2141,2
9509,9717,0.086,3
9509,13368,0.0716,4
9509,6354,0.0597,5
9509,13029,0.0361,6
9510,7170,0.3983,1
9510,2502,0.3359,2
9510,6374,0.1334,3
9510,11884,0.0719,4
9510,2755,0.0604,5
9511,9683,0.4108,1
9511,6728,0.4081,2
9511,5034,0.1477,3
9511,2432,0.0333,4
9512,1699,0.5072,1
9512,14887,0.151,2
9512,3215,0.1365,3
9512,2529,0.1202,4
9512,3968,0.0609,5
9512,14806,0.0172,6
9512,4561,0.007,7
9513,8819,0.4954,1
9513,7541,0.3181,2
9513,8221,0.1828,3
9513,6146,0.0037,4
9514,5976,1.0,1
9515,9467,0.6522,1
9515,7632,0.1886,2
9515,7733,0.1592,3
9516,2929,0.3651,1
9516,3375,0.2687,2
9516,3368,0.1792,3
9516,1780,0.1359,4
9516,5801,0.0411,5
9516,7495,0.01,6
9517,3360,0.7327,1
9517,8793,0.1717,2
9517,5016,0.0956,3
9518,5388,0.5592,1
9518,6297,0.176,2
9518,13579,0.1051,3
9518,3308,0.1021,4
9518,7692,0.0493,5
9518,11999,0.0083,6
9519,9641,0.7529,1
9519,8535,0.211,2
9519,6884,0.0361,3
9520,16053,0.4327,1
9520,15410,0.2983,2
9520,4662,0.1294,3
9520,2157,0.0981,4
9520,2033,0.04,5
9520,14882,0.0014,6
9521,11165,0.5419,1
9521,4146,0.4489,2
9521,8895,0.0092,3
9522,3172,0.3817,1
9522,5978,0.2761,2
9522,4714,0.1826,3
9522,8268,0.0877,4
9522,8432,0.0719,5
9523,1690,0.5772,1
9523,12702,0.3391,2
9523,14024,0.0834,3
9523,12055,0.0003,4
9524,9246,0.3808,1
9524,17143,0.3385,2
9524,7403,0.1187,3
9524,4603,0.0943,4
9524,17474,0.044,5
9524,6524,0.0237,6
9525,3892,0.4323,1
9525,10520,0.3015,2
9525,7689,0.1637,3
9525,10564,0.1025,4
9526,6076,0.3888,1
9526,3593,0.3249,2
9526,7932,0.1378,3
9526,5846,0.1344,4
9526,12992,0.0141,5
9527,5142,0.5303,1
9527,7314,0.4259,2
9527,16245,0.0439,3
9528,7756,0.6035,1
9528,7082,0.2105,2
9528,12173,0.0842,3
9528,9259,0.0659,4
9528,6111,0.025,5
9528,4604,0.0059,6
9528,6558,0.0049,7
9529,16826,0.5634,1
9529,8671,0.2702,2
9529,14692,0.1016,3
9529,3061,0.0366,4
9529,9055,0.0282,5
9530,16147,0.2239,1
9530,13948,0.2068,2
9530,13440,0.1888,3
9530,14975,0.1866,4
9530,9793,0.1172,5
9530,13177,0.0752,6
9530,9790,0.0014,7
9531,7338,0.8346,1
9531,2033,0.1511,2
9531,10529,0.0143,3
9532,7859,0.811,1
9532,1732,0.1079,2
9532,3378,0.0811,3
9533,5200,0.5697,1
9533,13927,0.3667,2
9533,1871,0.0597,3
9533,7373,0.0039,4
9534,12645,0.9873,1
9534,7283,0.0127,2
9535,6673,0.3705,1
9535,8162,0.3261,2
9535,5775,0.1795,3
9535,7655,0.0848,4
9535,11138,0.039,5
9536,17433,0.4528,1
9536,3534,0.3559,2
9536,16321,0.1912,3
9537,7860,0.3878,1
9537,12055,0.2662,2
9537,9707,0.1827,3
9537,2596,0.1633,4
9538,5091,0.4198,1
9538,8393,0.3321,2
9538,3340,0.1203,3
9538,9051,0.072,4
9538,11137,0.044,5
9538,13750,0.0119,6
9539,3422,0.5824,1
9539,6300,0.2505,2
9539,16032,0.1671,3
9540,3617,0.6364,1
9540,7310,0.2184,2
9540,10748,0.1452,3
9541,13061,0.3471,1
9541,7072,0.18,2
9541,12432,0.1353,3
9541,15120,0.1243,4
9541,4866,0.1212,5
9541,10800,0.0614,6
9541,6369,0.0307,7
9542,7202,0.5235,1
9542,1835,0.2105,2
9542,2535,0.1175,3
9542,11266,0.0986,4
9542,11402,0.0499,5
9543,4144,0.3601,1
9543,2322,0.2914,2
9543,4855,0.174,3
9543,3199,0.1014,4
9543,4902,0.072,5
9543,10327,0.0011,6
9544,13579,0.6543,1
9544,13308,0.1349,2
9544,13689,0.1324,3
9544,8838,0.0482,4
9544,7860,0.0301,5
9545,5317,0.9522,1
9545,9305,0.0417,2
9545,8657,0.006,3
9546,10562,0.3939,1
9546,3835,0.2411,2
9546,17502,0.1223,3
9546,12031,0.112,4
9546,1864,0.0968,5
9546,3711,0.034,6
9547,10987,0.5205,1
9547,11686,0.3014,2
9547,5964,0.1332,3
9547,6175,0.0449,4
9548,4197,0.367,1
9548,4590,0.3259,2
9548,9347,0.1688,3
9548,6733,0.0702,4
9548,3108,0.055,5
9548,2224,0.0131,6
9549,6421,0.4439,1
9549,4507,0.4172,2
9549,3640,0.0764,3
9549,4187,0.0626,4
9550,10527,0.6687,1
9550,16543,0.2275,2
9550,16371,0.0983,3
9550,9023,0.0054,4
9551,5697,0.3584,1
9551,5789,0.3497,2
9551,10505,0.2721,3
9551,2682,0.0198,4
9552,5952,0.466,1
9552,16662,0.273,2
9552,8214,0.1969,3
9552,14435,0.04,4
9552,2141,0.0134,5
9552,4622,0.0106,6
9553,9219,0.7146,1
9553,15279,0.2497,2
9553,5291,0.0221,3
9553,8271,0.0137,4
9554,16648,0.8836,1
9554,3118,0.1164,2
9555,6932,0.4698,1
9555,14196,0.4551,2
9555,10093,0.0455,3
9555,8643,0.0191,4
9555,10736,0.0106,5
9556,9764,0.4173,1
9556,13536,0.3249,2
9556,2989,0.2061,3
9556,6080,0.0517,4
9557,16551,0.529,1
9557,16824,0.1235,2
9557,17410,0.0984,3
9557,15159,0.0935,4
9557,16583,0.085,5
9557,3717,0.0651,6
9557,2940,0.0054,7
9558,6988,0.5446,1
9558,8088,0.2635,2
9558,10004,0.1919,3
9559,3673,0.3465,1
9559,5333,0.3455,2
9559,9586,0.2774,3
9559,3134,0.0184,4
9559,3271,0.0122,5
9560,12558,0.8056,1
9560,5107,0.129,2
9560,14573,0.0628,3
9560,14688,0.0026,4
9561,12863,0.309,1
9561,12734,0.2366,2
9561,4288,0.135,3
9561,5910,0.1099,4
9561,6269,0.0988,5
9561,2022,0.0723,6
9561,5116,0.0384,7
9562,17494,0.4715,1
9562,17043,0.4373,2
9562,15226,0.0912,3
9563,10908,0.4558,1
9563,6249,0.3176,2
9563,6836,0.1199,3
9563,8178,0.093,4
9563,8091,0.0136,5
9564,5406,0.497,1
9564,8969,0.3149,2
9564,3638,0.1881,3
9565,9840,0.338,1
9565,10134,0.2891,2
9565,10209,0.1108,3
9565,9970,0.1,4
9565,3435,0.0806,5
9565,6701,0.0449,6
9565,4457,0.0368,7
9566,10849,1.0,1
9567,8532,0.5151,1
9567,10271,0.2579,2
9567,8283,0.1089,3
9567,3116,0.0608,4
9567,2791,0.0574,5
9568,11682,0.4608,1
9568,6169,0.3514,2
9568,10249,0.1878,3
9569,16861,0.4301,1
9569,5503,0.1874,2
9569,3967,0.1849,3
9569,17248,0.0713,4
9569,5034,0.0585,5
9569,6729,0.047,6
9569,7270,0.0208,7
9570,2545,0.4506,1
9570,9983,0.1426,2
9570,9194,0.1323,3
9570,2368,0.1211,4
9570,3900,0.0674,5
9570,8188,0.0606,6
9570,3285,0.0253,7
9571,16135,0.4222,1
9571,10019,0.3115,2
9571,6356,0.1874,3
9571,11692,0.0789,4
9572,9279,0.3293,1
9572,5050,0.3182,2
9572,5749,0.1665,3
9572,5869,0.1496,4
9572,8594,0.0292,5
9572,5542,0.0071,6
9573,9639,0.4334,1
9573,15930,0.3612,2
9573,11966,0.175,3
9573,15696,0.0304,4
9574,4532,0.3584,1
9574,4675,0.3448,2
9574,3744,0.0842,3
9574,5638,0.0784,4
9574,4867,0.0777,5
9574,2972,0.0412,6
9574,12527,0.0153,7
9575,2351,0.6452,1
9575,4541,0.3098,2
9575,4875,0.045,3
9576,2832,1.0,1
9577,14252,0.2962,1
9577,5919,0.2382,2
9577,7616,0.2279,3
9577,3751,0.1575,4
9577,7712,0.0477,5
9577,6452,0.0325,6
9578,6304,0.462,1
9578,8618,0.2985,2
9578,1880,0.2208,3
9578,11066,0.0188,4
9579,2392,0.5074,1
9579,1666,0.3276,2
9579,9549,0.1366,3
9579,16029,0.0284,4
9580,5609,0.3709,1
9580,5407,0.3575,2
9580,4397,0.168,3
9580,4834,0.075,4
9580,8832,0.0286,5
9581,1900,0.6393,1
9581,5535,0.1999,2
9581,1787,0.1073,3
9581,17273,0.0489,4
9581,12443,0.0025,5
9581,14174,0.0022,6
9582,9795,0.3982,1
9582,12675,0.2817,2
9582,2327,0.1791,3
9582,6223,0.1363,4
9582,14863,0.0047,5
9583,6923,0.4484,1
9583,2330,0.298,2
9583,9537,0.2536,3
9584,5689,0.4006,1
9584,17478,0.316,2
9584,14582,0.2833,3
9585,9994,0.6456,1
9585,10239,0.267,2
9585,8220,0.0874,3
9586,1852,1.0,1
9587,9689,0.307,1
9587,1646,0.2688,2
9587,5335,0.2574,3
9587,8429,0.1312,4
9587,2062,0.0356,5
9588,7518,0.4692,1
9588,6944,0.3791,2
9588,9517,0.1517,3
9589,3102,0.5634,1
9589,4747,0.164,2
9589,12832,0.118,3
9589,4811,0.0962,4
9589,8566,0.0584,5
9590,10146,0.4436,1
9590,5320,0.4193,2
9590,4621,0.1372,3
9591,13769,0.4849,1
9591,10609,0.2931,2
9591,17109,0.1346,3
9591,11606,0.0568,4
9591,5568,0.0306,5
9592,8460,0.636,1
9592,1808,0.3246,2
9592,7460,0.0393,3
9593,7989,0.2971,1
9593,5892,0.2279,2
9593,11269,0.1624,3
9593,7002,0.1052,4
9593,8681,0.1051,5
9593,1837,0.0944,6
9593,3644,0.0079,7
9594,13732,0.416,1
9594,2655,0.4138,2
9594,15724,0.1701,3
9595,5598,0.3473,1
9595,7767,0.2808,2
9595,8984,0.1769,3
9595,6739,0.1201,4
9595,5825,0.0489,5
9595,2164,0.026,6
9596,3133,0.5924,1
9596,10395,0.19,2
9596,2905,0.1332,3
9596,5503,0.0845,4
9597,1745,0.6731,1
9597,15878,0.2544,2
9597,2677,0.0718,3
9597,13148,0.0006,4
9598,15350,0.694,1
9598,15817,0.1612,2
9598,12213,0.0691,3
9598,5068,0.039,4
9598,11714,0.0206,5
9598,1644,0.0162,6
9599,2697,0.4331,1
9599,3166,0.3996,2
9599,4742,0.0625,3
9599,6574,0.0507,4
9599,6572,0.0382,5
9599,4539,0.0105,6
9599,15421,0.0054,7
9600,4311,0.396,1
9600,10582,0.2863,2
9600,10630,0.1898,3
9600,3436,0.1279,4
9601,2120,0.2486,1
9601,2148,0.2142,2
9601,5135,0.2013,3
9601,11011,0.1887,4
9601,5043,0.1473,5
9602,8668,0.6095,1
9602,15529,0.2995,2
9602,17321,0.0723,3
9602,16408,0.0186,4
9602,6266,0.0001,5
9603,16676,0.3721,1
9603,6665,0.3519,2
9603,9220,0.276,3
9604,7631,0.3848,1
9604,7441,0.2776,2
9604,2715,0.2203,3
9604,2398,0.097,4
9604,5919,0.0178,5
9604,7905,0.0025,6
9605,3655,0.5271,1
9605,9942,0.1808,2
9605,4977,0.148,3
9605,10568,0.0822,4
9605,15279,0.0512,5
9605,9574,0.0066,6
9605,17146,0.0041,7
9606,8317,0.4367,1
9606,2978,0.4111,2
9606,8411,0.0782,3
9606,5649,0.0741,4
9607,8590,0.3925,1
9607,3164,0.328,2
9607,3453,0.2151,3
9607,9816,0.0417,4
9607,7351,0.0221,5
9607,9266,0.0006,6
9608,9643,0.4896,1
9608,11967,0.2373,2
9608,10249,0.2126,3
9608,14177,0.0605,4
9609,8114,0.4367,1
9609,8648,0.2354,2
9609,5688,0.2172,3
9609,9335,0.1078,4
9609,11380,0.003,5
9610,2934,0.5586,1
9610,16501,0.3812,2
9610,7296,0.0366,3
9610,10800,0.0125,4
9610,5107,0.0112,5
9611,15992,0.5802,1
9611,7245,0.1933,2
9611,4771,0.082,3
9611,2839,0.056,4
9611,11358,0.0498,5
9611,6741,0.0286,6
9611,9626,0.0099,7
9612,6377,0.9107,1
9612,16939,0.0855,2
9612,3902,0.0023,3
9612,8311,0.0016,4
9613,2368,0.3517,1
9613,4264,0.274,2
9613,5327,0.2622,3
9613,9643,0.0919,4
9613,3789,0.0184,5
9613,5626,0.0019,6
9613,6138,0.0,7
9614,4300,0.7074,1
9614,14360,0.1681,2
9614,3136,0.1245,3
9615,2910,0.889,1
9615,3998,0.0574,2
9615,5380,0.0536,3
9616,12449,0.2652,1
9616,9025,0.2237,2
9616,7338,0.1758,3
9616,15440,0.1756,4
9616,5968,0.1473,5
9616,4722,0.0072,6
9616,11296,0.0052,7
9617,15167,0.4202,1
9617,1941,0.3165,2
9617,6029,0.2603,3
9617,5618,0.003,4
9618,6278,0.3871,1
9618,3592,0.2938,2
9618,2040,0.1893,3
9618,8662,0.1298,4
9619,16847,0.906,1
9619,5404,0.0586,2
9619,5191,0.0321,3
9619,9778,0.0034,4
9620,15639,0.665,1
9620,8903,0.1561,2
9620,14464,0.1101,3
9620,2497,0.0326,4
9620,6035,0.025,5
9620,6777,0.0112,6
9621,13329,0.81,1
9621,7633,0.1715,2
9621,17490,0.0185,3
9622,8189,0.2901,1
9622,4169,0.1895,2
9622,9073,0.186,3
9622,1722,0.1793,4
9622,9494,0.1551,5
9623,8588,0.8521,1
9623,2493,0.1097,2
9623,9599,0.0282,3
9623,4232,0.01,4
9624,13212,0.2992,1
9624,15650,0.2398,2
9624,16445,0.1948,3
9624,8235,0.1636,4
9624,7281,0.1008,5
9624,9957,0.0017,6
9625,2116,0.5986,1
9625,10034,0.3033,2
9625,9130,0.0639,3
9625,9073,0.0255,4
9625,5395,0.0088,5
9626,10899,0.7672,1
9626,4867,0.1737,2
9626,8279,0.0591,3
9627,3202,0.3754,1
9627,7905,0.1561,2
9627,5552,0.1497,3
9627,3133,0.1217,4
9627,5454,0.1095,5
9627,5105,0.0873,6
9627,1980,0.0002,7
9628,15386,0.9028,1
9628,10637,0.0972,2
9629,13310,0.3109,1
9629,8062,0.1897,2
9629,6868,0.1589,3
9629,6467,0.1508,4
9629,7843,0.0932,5
9629,6760,0.0842,6
9629,6186,0.0124,7
9630,9156,0.498,1
9630,3785,0.2057,2
9630,3842,0.1808,3
9630,10710,0.1155,4
9631,10719,0.4178,1
9631,8458,0.2289,2
9631,3047,0.1598,3
9631,2398,0.0947,4
9631,5769,0.0841,5
9631,6579,0.0147,6
9632,5266,0.3126,1
9632,14208,0.2904,2
9632,13649,0.2401,3
9632,3663,0.1569,4
9633,4842,0.4631,1
9633,4839,0.237,2
9633,2741,0.2078,3
9633,3531,0.0921,4
9634,9993,0.7959,1
9634,8916,0.1961,2
9634,6802,0.008,3
9635,11255,0.8819,1
9635,3658,0.057,2
9635,9310,0.0455,3
9635,3056,0.0156,4
9636,7674,0.6201,1
9636,7063,0.2658,2
9636,11024,0.0504,3
9636,7436,0.0484,4
9636,6702,0.0144,5
9636,8399,0.0008,6
9637,7424,0.3082,1
9637,12405,0.3071,2
9637,17454,0.1725,3
9637,7781,0.1222,4
9637,5643,0.0799,5
9637,16488,0.0101,6
9638,11171,0.4336,1
9638,6532,0.2886,2
9638,17479,0.1041,3
9638,16826,0.0764,4
9638,14549,0.0685,5
9638,17450,0.0288,6
9639,9268,1.0,1
9640,8855,0.4525,1
9640,11915,0.4409,2
9640,7112,0.1065,3
9641,8568,0.6749,1
9641,1980,0.2838,2
9641,2134,0.0413,3
9642,2093,0.7036,1
9642,9655,0.1594,2
9642,7065,0.1264,3
9642,3609,0.0106,4
9643,5419,0.2673,1
9643,1650,0.1971,2
9643,9218,0.1957,3
9643,10442,0.1629,4
9643,3659,0.0904,5
9643,5023,0.0867,6
9644,12633,0.3972,1
9644,4669,0.2336,2
9644,11832,0.1815,3
9644,2710,0.1224,4
9644,2753,0.0406,5
9644,6383,0.023,6
9644,4604,0.0016,7
9645,8466,0.3481,1
9645,6493,0.3472,2
9645,5121,0.1505,3
9645,14848,0.0791,4
9645,8637,0.0447,5
9645,5608,0.0306,6
9646,15668,0.4302,1
9646,9529,0.3612,2
9646,15880,0.1377,3
9646,9339,0.0708,4
9647,14223,0.4208,1
9647,12520,0.2576,2
9647,16018,0.1583,3
9647,17612,0.1553,4
9647,7409,0.008,5
9648,12845,0.3695,1
9648,11023,0.2916,2
9648,15578,0.2788,3
9648,2497,0.0601,4
9649,11434,0.8513,1
9649,11988,0.0729,2
9649,11273,0.053,3
9649,2810,0.0228,4
9650,13029,0.6642,1
9650,5641,0.2571,2
9650,12159,0.0787,3
9651,16458,0.5797,1
9651,8577,0.3204,2
9651,5622,0.0999,3
9652,1921,0.2949,1
9652,11614,0.2199,2
9652,3646,0.186,3
9652,2421,0.1739,4
9652,3880,0.0795,5
9652,5653,0.0459,6
9653,11407,0.3229,1
9653,9213,0.3156,2
9653,8296,0.1717,3
9653,16416,0.1558,4
9653,10767,0.0335,5
9653,12608,0.0005,6
9654,8528,0.3319,1
9654,9758,0.2265,2
9654,4029,0.1659,3
9654,10926,0.1409,4
9654,4279,0.0799,5
9654,4451,0.0548,6
9655,4598,0.3905,1
9655,4277,0.2678,2
9655,10169,0.1792,3
9655,8077,0.1281,4
9655,10410,0.0306,5
9655,11777,0.0038,6
9656,5224,0.6406,1
9656,14632,0.1483,2
9656,5686,0.1208,3
9656,7342,0.0717,4
9656,6311,0.0166,5
9656,12621,0.0019,6
9657,6080,0.4185,1
9657,7128,0.3699,2
9657,1953,0.1199,3
9657,10350,0.0596,4
9657,15994,0.0291,5
9657,4413,0.003,6
9658,1771,0.4557,1
9658,7104,0.193,2
9658,7867,0.1826,3
9658,4883,0.1025,4
9658,8732,0.0564,5
9658,6650,0.0097,6
9659,14985,0.3973,1
9659,6260,0.3842,2
9659,6499,0.1018,3
9659,2494,0.0623,4
9659,16083,0.0544,5
9660,10462,0.5484,1
9660,5640,0.2449,2
9660,11100,0.1493,3
9660,4264,0.0423,4
9660,5525,0.0151,5
9661,15536,0.4152,1
9661,11171,0.3721,2
9661,2926,0.1318,3
9661,3383,0.0736,4
9661,6584,0.0073,5
9662,10587,1.0,1
9663,3969,0.4605,1
9663,9243,0.1657,2
9663,2727,0.1523,3
9663,1835,0.1152,4
9663,10669,0.096,5
9663,3498,0.0102,6
9664,5504,0.7525,1
9664,6240,0.1578,2
9664,16757,0.0896,3
9665,2889,0.4543,1
9665,17229,0.1983,2
9665,6244,0.1392,3
9665,10529,0.1036,4
9665,7070,0.0561,5
9665,3474,0.0484,6
9665,16739,0.0001,7
9666,4429,0.2993,1
9666,5276,0.2307,2
9666,4835,0.1708,3
9666,5577,0.109,4
9666,2729,0.0794,5
9666,10395,0.0665,6
9666,4437,0.0443,7
9667,10481,0.4979,1
9667,5213,0.1692,2
9667,10771,0.1169,3
9667,8551,0.0959,4
9667,9872,0.069,5
9667,8610,0.051,6
9668,8639,0.3682,1
9668,8758,0.2165,2
9668,4415,0.1787,3
9668,2232,0.1391,4
9668,3488,0.0614,5
9668,7823,0.027,6
9668,10712,0.0091,7
9669,6676,1.0,1
9670,10947,0.5671,1
9670,4515,0.2277,2
9670,7795,0.1087,3
9670,17199,0.0966,4
9671,3378,0.6496,1
9671,5082,0.1274,2
9671,8160,0.096,3
9671,4929,0.0545,4
9671,9641,0.0398,5
9671,9775,0.0327,6
9672,1755,0.5145,1
9672,13415,0.1545,2
9672,16541,0.1403,3
9672,10878,0.0888,4
9672,15557,0.0753,5
9672,2940,0.0267,6
9673,2044,0.3702,1
9673,13506,0.2551,2
9673,5196,0.1777,3
9673,16879,0.1429,4
9673,3610,0.0405,5
9673,14026,0.0137,6
9674,5504,0.3395,1
9674,5033,0.2753,2
9674,12524,0.273,3
9674,12388,0.0674,4
9674,11673,0.0344,5
9674,16060,0.0104,6
9675,6240,0.8598,1
9675,17080,0.0989,2
9675,2463,0.0413,3
9676,5503,0.2689,1
9676,8604,0.2524,2
9676,7107,0.1646,3
9676,2542,0.1316,4
9676,8154,0.1036,5
9676,5174,0.0789,6
9677,9537,0.6332,1
9677,9647,0.1683,2
9677,4984,0.1327,3
9677,8558,0.0379,4
9677,4581,0.0279,5
9678,3196,0.7961,1
9678,1637,0.1555,2
9678,9123,0.0484,3
9679,1726,0.8976,1
9679,2945,0.0696,2
9679,2894,0.0293,3
9679,4403,0.0035,4
9680,11159,0.4397,1
9680,4881,0.1951,2
9680,11002,0.1326,3
9680,1932,0.1219,4
9680,8114,0.0591,5
9680,9314,0.04,6
9680,5393,0.0116,7
9681,9709,0.5122,1
9681,9042,0.4535,2
9681,11406,0.0343,3
9682,6399,0.4571,1
9682,4477,0.29,2
9682,11673,0.1535,3
9682,17452,0.056,4
9682,11305,0.0329,5
9682,17138,0.0106,6
9683,8128,0.6095,1
9683,2686,0.1209,2
9683,3186,0.1125,3
9683,5798,0.0915,4
9683,7187,0.0657,5
9684,7548,0.7516,1
9684,3192,0.1145,2
9684,4688,0.0823,3
9684,7712,0.0515,4
9685,7793,0.4623,1
9685,4724,0.173,2
9685,2240,0.1399,3
9685,10059,0.1039,4
9685,7747,0.074,5
9685,7692,0.0468,6
9686,5213,0.2849,1
9686,15173,0.2279,2
9686,16414,0.2276,3
9686,8706,0.1289,4
9686,5635,0.0798,5
9686,2306,0.0509,6
9687,5941,0.38,1
9687,2437,0.2529,2
9687,10660,0.1333,3
9687,16966,0.0895,4
9687,3297,0.0852,5
9687,16846,0.0556,6
9687,7117,0.0035,7
9688,5812,0.3647,1
9688,12618,0.2821,2
9688,13698,0.2071,3
9688,13218,0.1334,4
9688,13872,0.0127,5
9689,16788,0.7696,1
9689,6175,0.1221,2
9689,16238,0.0397,3
9689,6438,0.036,4
9689,16020,0.0325,5
9690,7724,0.4844,1
9690,16994,0.2392,2
9690,5727,0.1475,3
9690,7908,0.1289,4
9691,2450,0.3146,1
9691,11330,0.2297,2
9691,11734,0.1853,3
9691,7969,0.1616,4
9691,10833,0.1088,5
9692,4326,0.4834,1
9692,3186,0.4614,2
9692,9239,0.0479,3
9692,10150,0.0073,4
9693,7756,0.873,1
9693,5743,0.0975,2
9693,7080,0.0213,3
9693,6040,0.0078,4
9693,8124,0.0004,5
9694,10400,0.4786,1
9694,5632,0.2944,2
9694,7419,0.2265,3
9694,6665,0.0004,4
9695,17081,0.4011,1
9695,9025,0.1762,2
9695,6070,0.125,3
9695,12398,0.1156,4
9695,16204,0.094,5
9695,3512,0.0881,6
9696,8176,0.3988,1
9696,7280,0.3031,2
9696,5011,0.172,3
9696,3837,0.0511,4
9696,7160,0.0486,5
9696,6755,0.0154,6
9696,3706,0.011,7
9697,10779,0.3397,1
9697,8204,0.2105,2
9697,9393,0.1378,3
9697,8804,0.1349,4
9697,1993,0.0824,5
9697,6130,0.0597,6
9697,5847,0.0349,7
9698,2350,0.9811,1
9698,13329,0.0156,2
9698,10985,0.0033,3
9699,4629,0.4907,1
9699,6114,0.4172,2
9699,3139,0.0666,3
9699,4888,0.0255,4
9700,9550,0.3469,1
9700,8883,0.1756,2
9700,9772,0.1679,3
9700,9996,0.109,4
9700,14546,0.1042,5
9700,6392,0.0765,6
9700,13786,0.0199,7
9701,4311,0.5967,1
9701,6408,0.1959,2
9701,5180,0.1166,3
9701,6394,0.0908,4
9702,4811,0.3781,1
9702,10183,0.2062,2
9702,5473,0.2007,3
9702,1930,0.0864,4
9702,10281,0.0578,5
9702,2429,0.0449,6
9702,8270,0.0261,7
9703,9586,0.476,1
9703,15179,0.2792,2
9703,13825,0.0837,3
9703,2416,0.0799,4
9703,4972,0.0645,5
9703,14352,0.0167,6
9704,5126,0.4393,1
9704,9443,0.3314,2
9704,2561,0.2245,3
9704,10187,0.0048,4
9705,8062,0.5268,1
9705,3162,0.4438,2
9705,13951,0.0294,3
9706,4097,0.6334,1
9706,4763,0.1904,2
9706,2282,0.1074,3
9706,5454,0.0688,4
9706,10470,0.0,5
9707,3080,0.4306,1
9707,6232,0.3604,2
9707,9443,0.186,3
9707,3266,0.0231,4
9708,2518,0.5623,1
9708,13696,0.3158,2
9708,13609,0.0795,3
9708,12893,0.0331,4
9708,7021,0.0092,5
9709,10276,0.6224,1
9709,10529,0.2302,2
9709,13786,0.0791,3
9709,11259,0.035,4
9709,11448,0.0334,5
9710,11061,0.7128,1
9710,10529,0.1604,2
9710,15536,0.0653,3
9710,6343,0.0338,4
9710,10546,0.0199,5
9710,2003,0.0078,6
9711,5259,0.4069,1
9711,3341,0.2167,2
9711,8122,0.1646,3
9711,9810,0.1239,4
9711,3318,0.0878,5
9712,6443,0.951,1
9712,11281,0.049,2
9713,8831,0.5632,1
9713,8233,0.3329,2
9713,5330,0.0869,3
9713,16734,0.0169,4
9714,3657,0.9362,1
9714,9029,0.0515,2
9714,5627,0.0123,3
9715,3049,0.3852,1
9715,2761,0.334,2
9715,8506,0.2808,3
9716,9271,0.2857,1
9716,6373,0.2149,2
9716,9617,0.1815,3
9716,4074,0.1628,4
9716,4129,0.0772,5
9716,4059,0.059,6
9716,10883,0.019,7
9717,10153,0.6192,1
9717,13945,0.2201,2
9717,11694,0.1205,3
9717,4768,0.0367,4
9717,10382,0.0035,5
9718,1657,0.9028,1
9718,3538,0.0649,2
9718,1908,0.0323,3
9719,8001,0.8098,1
9719,16959,0.1902,2
9720,4817,0.8961,1
9720,9765,0.0881,2
9720,3416,0.0158,3
9721,3395,0.2892,1
9721,5456,0.2304,2
9721,6596,0.226,3
9721,6855,0.1698,4
9721,4568,0.047,5
9721,7933,0.0376,6
9722,11145,0.8572,1
9722,12896,0.1393,2
9722,2512,0.0036,3
9723,10506,0.5917,1
9723,3164,0.2787,2
9723,10677,0.1058,3
9723,10849,0.0171,4
9723,4443,0.0066,5
9724,6944,0.3209,1
9724,4256,0.1948,2
9724,3424,0.1639,3
9724,7046,0.1351,4
9724,3789,0.1331,5
9724,2574,0.0516,6
9724,7278,0.0006,7
9725,5694,0.9245,1
9725,7601,0.039,2
9725,7933,0.0292,3
9725,5953,0.0073,4
9726,16126,0.5955,1
9726,5924,0.3557,2
9726,7700,0.0488,3
9727,5738,0.4639,1
9727,2935,0.2047,2
9727,3854,0.1487,3
9727,9397,0.113,4
9727,8122,0.0454,5
9727,6404,0.0244,6
9728,15784,0.6333,1
9728,2033,0.3014,2
9728,15848,0.0502,3
9728,16915,0.0091,4
9728,10058,0.0061,5
9729,3936,0.5049,1
9729,5226,0.1685,2
9729,3840,0.1194,3
9729,3330,0.114,4
9729,9073,0.0718,5
9729,4352,0.0214,6
9730,9256,0.3603,1
9730,7678,0.2576,2
9730,15373,0.1428,3
9730,2786,0.11,4
9730,11936,0.07,5
9730,3559,0.0356,6
9730,1882,0.0236,7
9731,9744,0.4971,1
9731,8409,0.269,2
9731,6395,0.2339,3
9732,6465,0.2973,1
9732,8255,0.2023,2
9732,11002,0.1955,3
9732,5919,0.1376,4
9732,9673,0.1008,5
9732,9282,0.0353,6
9732,11252,0.0313,7
9733,4276,0.5206,1
9733,8179,0.2599,2
9733,9859,0.1454,3
9733,7094,0.072,4
9733,6439,0.0021,5
9734,6587,0.5631,1
9734,2533,0.2832,2
9734,2156,0.1537,3
9735,17433,0.7017,1
9735,2874,0.2328,2
9735,3544,0.0655,3
9736,9479,0.5637,1
9736,5050,0.2987,2
9736,4287,0.1244,3
9736,2709,0.0132,4
9737,10049,0.3392,1
9737,6167,0.2557,2
9737,3872,0.1473,3
9737,3131,0.095,4
9737,3843,0.0818,5
9737,7209,0.0768,6
9737,6731,0.0042,7
9738,3358,0.2773,1
9738,8664,0.2463,2
9738,3893,0.1947,3
9738,8614,0.1463,4
9738,8605,0.0993,5
9738,4432,0.019,6
9738,4577,0.0171,7
9739,2693,0.3073,1
9739,3265,0.18,2
9739,6622,0.1626,3
9739,5959,0.1304,4
9739,3011,0.0958,5
9739,4080,0.0725,6
9739,7164,0.0514,7
9740,3847,0.7004,1
9740,3695,0.2448,2
9740,3549,0.0548,3
9741,7470,0.5578,1
9741,13721,0.4422,2
9742,6380,0.6551,1
9742,4840,0.202,2
9742,3119,0.1429,3
9743,12856,0.4615,1
9743,1763,0.3976,2
9743,14300,0.1342,3
9743,3758,0.0067,4
9744,9912,0.8507,1
9744,2347,0.1007,2
9744,10813,0.0486,3
9745,12693,0.5003,1
9745,9096,0.25,2
9745,15148,0.2001,3
9745,5475,0.0496,4
9746,9822,0.3708,1
9746,3725,0.2827,2
9746,10945,0.2827,3
9746,7274,0.0637,4
9747,5826,0.9156,1
9747,15304,0.0844,2
9748,8813,0.273,1
9748,10146,0.2076,2
9748,6918,0.1905,3
9748,6997,0.1556,4
9748,10135,0.1109,5
9748,8528,0.0624,6
9749,6240,0.4213,1
9749,2091,0.3441,2
9749,10454,0.1187,3
9749,12290,0.0666,4
9749,6173,0.033,5
9749,3683,0.0129,6
9749,7263,0.0035,7
9750,9500,0.3652,1
9750,12769,0.2964,2
9750,15905,0.2663,3
9750,15754,0.072,4
9751,1770,0.3878,1
9751,6762,0.289,2
9751,2907,0.1416,3
9751,3401,0.0946,4
9751,14924,0.0549,5
9751,6709,0.0321,6
9752,2209,0.3546,1
9752,5134,0.3325,2
9752,5345,0.1858,3
9752,5767,0.1271,4
9753,6482,0.3907,1
9753,15982,0.2166,2
9753,1667,0.1857,3
9753,5354,0.148,4
9753,2725,0.0589,5
9754,11152,0.5104,1
9754,11033,0.2174,2
9754,8408,0.1167,3
9754,6149,0.1034,4
9754,2093,0.0521,5
9755,11244,0.6247,1
9755,3700,0.3393,2
9755,1924,0.0359,3
9756,4795,0.4367,1
9756,2641,0.3687,2
9756,5401,0.1946,3
9757,5620,0.4908,1
9757,12258,0.4868,2
9757,7923,0.0224,3
9758,8613,0.7468,1
9758,3162,0.1051,2
9758,1875,0.0614,3
9758,10773,0.0568,4
9758,5341,0.0166,5
9758,4250,0.0133,6
9759,5905,0.2875,1
9759,7834,0.2694,2
9759,6307,0.193,3
9759,9812,0.1151,4
9759,16492,0.0839,5
9759,17065,0.0295,6
9759,13512,0.0216,7
9760,7090,0.842,1
9760,3129,0.158,2
9761,9143,0.9593,1
9761,8445,0.035,2
9761,9154,0.0057,3
9762,4354,0.4894,1
9762,4104,0.2746,2
9762,10951,0.0941,3
9762,2677,0.0562,4
9762,7588,0.0385,5
9762,8395,0.0327,6
9762,10779,0.0145,7
9763,4265,0.5248,1
9763,10872,0.3651,2
9763,6275,0.1101,3
9764,16171,0.7053,1
9764,16658,0.1976,2
9764,3656,0.0578,3
9764,15133,0.0195,4
9764,8580,0.0194,5
9764,13472,0.0004,6
9765,5854,0.482,1
9765,10305,0.1945,2
9765,10792,0.1629,3
9765,8826,0.1428,4
9765,9589,0.0178,5
9766,8253,0.3344,1
9766,13991,0.3078,2
9766,3459,0.1443,3
9766,12405,0.099,4
9766,8788,0.064,5
9766,17147,0.0506,6
9766,9904,0.0,7
9767,10228,0.3237,1
9767,7143,0.2995,2
9767,3265,0.2194,3
9767,4940,0.0925,4
9767,6072,0.0649,5
9768,2795,0.8108,1
9768,15096,0.0755,2
9768,13895,0.0743,3
9768,5771,0.028,4
9768,7054,0.0115,5
9769,10363,0.6313,1
9769,3036,0.1222,2
9769,4857,0.1124,3
9769,10520,0.0976,4
9769,1814,0.0365,5
9770,14392,0.4494,1
9770,3998,0.2749,2
9770,3014,0.1089,3
9770,5372,0.0741,4
9770,4479,0.0614,5
9770,10910,0.0239,6
9770,4660,0.0073,7
9771,7928,0.6657,1
9771,5155,0.2653,2
9771,8871,0.069,3
9772,12258,0.8206,1
9772,3075,0.1387,2
9772,2661,0.0405,3
9772,3653,0.0001,4
9773,9061,0.7107,1
9773,14471,0.1187,2
9773,5005,0.0948,3
9773,13816,0.0758,4
9774,10758,0.2844,1
9774,14738,0.2162,2
9774,11286,0.2001,3
9774,5523,0.1651,4
9774,15259,0.0875,5
9774,17598,0.0466,6
9775,5853,0.218,1
9775,4280,0.1829,2
9775,4524,0.1685,3
9775,13658,0.1621,4
9775,4063,0.1384,5
9775,7739,0.1288,6
9775,4802,0.0014,7
9776,2932,0.5927,1
9776,14208,0.2715,2
9776,5704,0.0996,3
9776,16579,0.0362,4
9777,7547,0.3832,1
9777,10554,0.2842,2
9777,8623,0.2493,3
9777,11213,0.0609,4
9777,10460,0.0224,5
9778,9372,0.2842,1
9778,16575,0.1996,2
9778,12545,0.185,3
9778,8559,0.1733,4
9778,15741,0.0846,5
9778,10866,0.0476,6
9778,16259,0.0257,7
9779,3542,0.3992,1
9779,7382,0.3024,2
9779,8871,0.1352,3
9779,3403,0.1259,4
9779,3329,0.0372,5
9780,4469,0.3642,1
9780,10035,0.2885,2
9780,11179,0.1709,3
9780,6222,0.1433,4
9780,9766,0.0223,5
9780,9211,0.0099,6
9780,5634,0.001,7
9781,5460,0.491,1
9781,13954,0.3297,2
9781,2482,0.0812,3
9781,9734,0.0501,4
9781,3386,0.048,5
9782,2093,0.4192,1
9782,4757,0.2932,2
9782,8379,0.1236,3
9782,8081,0.1035,4
9782,8498,0.0405,5
9782,2397,0.02,6
9783,5521,0.6928,1
9783,2548,0.1859,2
9783,3080,0.0657,3
9783,5947,0.0319,4
9783,3866,0.0237,5
9784,9130,0.655,1
9784,5847,0.1887,2
9784,3183,0.1563,3
9785,2657,0.8372,1
9785,2659,0.1097,2
9785,9978,0.053,3
9786,11092,0.9073,1
9786,16643,0.0927,2
9787,8340,0.7035,1
9787,3828,0.0894,2
9787,12019,0.0854,3
9787,7421,0.0479,4
9787,17050,0.0311,5
9787,16766,0.0216,6
9787,14255,0.0211,7
9788,5776,0.3896,1
9788,1814,0.3028,2
9788,4545,0.1286,3
9788,7190,0.1252,4
9788,6481,0.0489,5
9788,4465,0.0049,6
9789,2525,0.6761,1
9789,4323,0.1532,2
9789,11337,0.1242,3
9789,5464,0.0465,4
9790,8027,0.2914,1
9790,2819,0.1854,2
9790,7479,0.1799,3
9790,10893,0.1724,4
9790,10099,0.0942,5
9790,4333,0.0767,6
9791,6219,0.5342,1
9791,4217,0.3948,2
9791,6501,0.071,3
9792,6850,0.7255,1
9792,7451,0.1531,2
9792,7572,0.1214,3
9793,3282,0.4299,1
9793,2336,0.2725,2
9793,9734,0.2498,3
9793,1999,0.0478,4
9794,9236,0.5345,1
9794,17373,0.4114,2
9794,6774,0.0541,3
9795,5553,0.3108,1
9795,2717,0.2635,2
9795,4577,0.1715,3
9795,1887,0.1597,4
9795,2734,0.0547,5
9795,3279,0.0399,6
9796,12292,0.8166,1
9796,10793,0.1766,2
9796,12394,0.0069,3
9797,2720,0.6697,1
9797,15835,0.1881,2
9797,2129,0.1423,3
9798,10915,1.0,1
9799,10963,0.6506,1
9799,3291,0.3494,2
9800,2242,0.3177,1
9800,4368,0.2929,2
9800,10561,0.2251,3
9800,1956,0.1089,4
9800,2431,0.0555,5
9801,16481,0.3714,1
9801,6043,0.2711,2
9801,5703,0.197,3
9801,9259,0.0776,4
9801,1640,0.0615,5
9801,12734,0.0213,6
9802,7255,0.5116,1
9802,13130,0.3307,2
9802,3494,0.1116,3
9802,5927,0.0409,4
9802,7531,0.0052,5
9803,2713,0.6789,1
9803,6314,0.2289,2
9803,2414,0.0738,3
9803,5590,0.012,4
9803,2664,0.0064,5
9804,4141,0.8097,1
9804,5987,0.1609,2
9804,3513,0.0221,3
9804,4157,0.0072,4
9805,15629,0.6489,1
9805,5837,0.2105,2
9805,1963,0.1406,3
9806,4664,0.3118,1
9806,6978,0.2115,2
9806,2093,0.2074,3
9806,9329,0.1073,4
9806,5584,0.0868,5
9806,1648,0.0704,6
9806,8143,0.0049,7
9807,5293,0.9003,1
9807,9693,0.0952,2
9807,3294,0.0045,3
9808,5708,1.0,1
9809,3291,0.51,1
9809,5737,0.1771,2
9809,4620,0.1549,3
9809,3490,0.0771,4
9809,6395,0.0675,5
9809,6543,0.0133,6
9810,6143,0.3973,1
9810,4429,0.3625,2
9810,8149,0.1156,3
9810,9675,0.0838,4
9810,9967,0.0283,5
9810,1737,0.0125,6
9811,9608,0.7974,1
9811,16468,0.139,2
9811,4905,0.0311,3
9811,3452,0.0256,4
9811,10336,0.0069,5
9812,8684,0.4369,1
9812,7573,0.2787,2
9812,7536,0.2045,3
9812,10699,0.0799,4
9813,16492,0.5192,1
9813,15506,0.3956,2
9813,9428,0.0852,3
9814,4202,0.4994,1
9814,4199,0.2876,2
9814,10655,0.213,3
9815,9002,0.634,1
9815,2525,0.185,2
9815,9070,0.1655,3
9815,8987,0.0155,4
9816,8146,0.3714,1
9816,5351,0.2667,2
9816,10108,0.2438,3
9816,2792,0.0752,4
9816,6728,0.0429,5
9817,6020,0.7025,1
9817,10245,0.2026,2
9817,16446,0.0949,3
9818,6379,0.5251,1
9818,3803,0.1752,2
9818,14343,0.1322,3
9818,4992,0.1118,4
9818,8818,0.0557,5
9819,7616,0.5684,1
9819,6185,0.3547,2
9819,7415,0.0768,3
9820,7871,0.3918,1
9820,14413,0.2656,2
9820,9943,0.2121,3
9820,14906,0.1304,4
9821,5629,0.4338,1
9821,6392,0.3006,2
9821,3310,0.1429,3
9821,3517,0.1185,4
9821,2789,0.0043,5
9822,14164,0.6282,1
9822,7511,0.2592,2
9822,9113,0.0692,3
9822,10519,0.026,4
9822,4614,0.0174,5
9823,2948,0.6474,1
9823,2271,0.289,2
9823,17296,0.0321,3
9823,6563,0.0199,4
9823,16416,0.0094,5
9823,6442,0.0022,6
9824,13075,0.3159,1
9824,10758,0.2911,2
9824,12704,0.2052,3
9824,16488,0.1302,4
9824,11187,0.0576,5
9825,9908,0.4076,1
9825,7434,0.2869,2
9825,6053,0.2024,3
9825,9839,0.0728,4
9825,4196,0.0302,5
9826,7726,0.6419,1
9826,6069,0.1496,2
9826,6020,0.0805,3
9826,4511,0.0684,4
9826,5635,0.0319,5
9826,6802,0.0276,6
9827,13983,0.5432,1
9827,5748,0.4366,2
9827,5088,0.0202,3
9828,10127,0.587,1
9828,1725,0.2316,2
9828,9696,0.1096,3
9828,2068,0.0682,4
9828,9406,0.0036,5
9829,9463,0.3445,1
9829,10815,0.3199,2
9829,10146,0.2381,3
9829,10115,0.0574,4
9829,10466,0.0401,5
9830,6679,0.8692,1
9830,8665,0.13,2
9830,8949,0.0008,3
9831,16551,0.3821,1
9831,2429,0.3305,2
9831,2636,0.2089,3
9831,15441,0.0785,4
9832,2545,0.4489,1
9832,5715,0.2581,2
9832,3213,0.0946,3
9832,6474,0.0778,4
9832,9040,0.0684,5
9832,4066,0.0515,6
9832,5005,0.0007,7
9833,2888,0.6079,1
9833,11562,0.219,2
9833,10312,0.1536,3
9833,8723,0.0196,4
9834,9206,0.3561,1
9834,3725,0.2053,2
9834,9879,0.1294,3
9834,14384,0.1025,4
9834,13202,0.0895,5
9834,13007,0.0782,6
9834,1637,0.0391,7
9835,4701,0.5014,1
9835,4390,0.4455,2
9835,15080,0.0432,3
9835,5460,0.0099,4
9836,4714,0.4231,1
9836,8623,0.3196,2
9836,2347,0.2095,3
9836,7304,0.0477,4
9837,14654,0.8834,1
9837,2277,0.0676,2
9837,7523,0.0239,3
9837,7742,0.0232,4
9837,3995,0.0019,5
9838,3522,0.7622,1
9838,3633,0.1779,2
9838,3756,0.0599,3
9839,3161,0.5882,1
9839,2009,0.2681,2
9839,4393,0.0794,3
9839,17038,0.0643,4
9840,2576,0.583,1
9840,4848,0.4144,2
9840,2429,0.0026,3
9841,2792,0.8603,1
9841,10424,0.1397,2
9842,13326,0.4577,1
9842,3175,0.2418,2
9842,3232,0.1805,3
9842,5119,0.1198,4
9842,9727,0.0002,5
9843,13134,0.2996,1
9843,14077,0.1811,2
9843,6476,0.1595,3
9843,2045,0.1371,4
9843,7373,0.1083,5
9843,17232,0.0951,6
9843,4180,0.0193,7
9844,9397,0.6663,1
9844,7659,0.1675,2
9844,6772,0.118,3
9844,4273,0.0481,4
9845,1797,0.315,1
9845,12261,0.2767,2
9845,12715,0.2694,3
9845,9144,0.0756,4
9845,10575,0.0633,5
9846,9700,0.3934,1
9846,6957,0.276,2
9846,7133,0.2105,3
9846,8073,0.1201,4
9847,6894,0.3404,1
9847,1764,0.3385,2
9847,4635,0.1335,3
9847,5191,0.1019,4
9847,3433,0.0459,5
9847,5836,0.0397,6
9848,2343,0.4176,1
9848,2754,0.3656,2
9848,6963,0.2168,3
9849,5630,0.2447,1
9849,8190,0.2406,2
9849,4414,0.2061,3
9849,6110,0.1566,4
9849,11709,0.138,5
9849,9831,0.0123,6
9849,5258,0.0017,7
9850,2899,0.4006,1
9850,5120,0.3166,2
9850,15818,0.2331,3
9850,8961,0.0498,4
9851,3428,0.4224,1
9851,7751,0.279,2
9851,3321,0.1338,3
9851,15984,0.1194,4
9851,9270,0.0454,5
9852,9590,0.5578,1
9852,9152,0.3635,2
9852,7517,0.0786,3
9853,4573,0.5431,1
9853,10815,0.307,2
9853,1877,0.116,3
9853,7453,0.0218,4
9853,5848,0.0105,5
9853,7355,0.0016,6
9854,12397,0.3837,1
9854,7614,0.2644,2
9854,12840,0.2211,3
9854,13312,0.0684,4
9854,16273,0.06,5
9854,17410,0.0024,6
9855,10336,0.3139,1
9855,12328,0.249,2
9855,16921,0.1909,3
9855,10892,0.1114,4
9855,17618,0.1009,5
9855,2812,0.0338,6
9856,8932,0.4101,1
9856,10864,0.3884,2
9856,9543,0.2015,3
9857,5842,0.3546,1
9857,4329,0.3267,2
9857,15683,0.1541,3
9857,15731,0.1009,4
9857,3764,0.0636,5
9858,5321,0.3668,1
9858,6698,0.3388,2
9858,7271,0.2923,3
9858,2139,0.0021,4
9859,5234,0.5774,1
9859,3858,0.3145,2
9859,12031,0.108,3
9860,9335,0.4162,1
9860,5193,0.4155,2
9860,2525,0.107,3
9860,5285,0.0613,4
9861,3836,0.8001,1
9861,3787,0.1999,2
9862,11546,0.5237,1
9862,10146,0.4232,2
9862,12111,0.0422,3
9862,11116,0.0109,4
9863,5166,0.5819,1
9863,1736,0.1883,2
9863,7169,0.1236,3
9863,14391,0.0935,4
9863,5276,0.0065,5
9863,6786,0.0062,6
9864,17146,0.3142,1
9864,16856,0.3094,2
9864,2244,0.1316,3
9864,5538,0.1089,4
9864,11528,0.073,5
9864,4670,0.0549,6
9864,13422,0.0079,7
9865,4110,0.4985,1
9865,9485,0.2231,2
9865,4003,0.1708,3
9865,9755,0.0564,4
9865,12378,0.0238,5
9865,2810,0.0156,6
9865,6607,0.0118,7
9866,5202,0.2246,1
9866,5398,0.2157,2
9866,14163,0.2154,3
9866,6357,0.1803,4
9866,9147,0.093,5
9866,16249,0.0575,6
9866,10913,0.0135,7
9867,15334,0.4188,1
9867,5729,0.3682,2
9867,4754,0.1957,3
9867,4429,0.017,4
9867,6297,0.0003,5
9868,3639,0.5742,1
9868,6726,0.2865,2
9868,12553,0.0943,3
9868,7610,0.0451,4
9869,15318,0.519,1
9869,5249,0.1754,2
9869,5297,0.1601,3
9869,4053,0.1325,4
9869,15360,0.0131,5
9870,15009,0.4411,1
9870,6526,0.2915,2
9870,5227,0.23,3
9870,4085,0.0374,4
9871,10729,0.3881,1
9871,6712,0.3737,2
9871,10508,0.1268,3
9871,7491,0.0987,4
9871,13045,0.0127,5
9872,6047,0.5342,1
9872,2175,0.3616,2
9872,4951,0.0557,3
9872,9192,0.0238,4
9872,9879,0.0195,5
9872,10464,0.0052,6
9873,1952,0.4293,1
9873,3605,0.1773,2
9873,5131,0.1356,3
9873,5079,0.1022,4
9873,4835,0.074,5
9873,8012,0.0635,6
9873,8664,0.018,7
9874,5358,0.3422,1
9874,2368,0.257,2
9874,9645,0.1297,3
9874,6762,0.0938,4
9874,8004,0.078,5
9874,6850,0.0642,6
9874,1994,0.035,7
9875,3018,0.3967,1
9875,9109,0.3057,2
9875,6218,0.1158,3
9875,3161,0.1035,4
9875,13554,0.0511,5
9875,15678,0.0271,6
9876,5239,0.7813,1
9876,9486,0.2187,2
9877,10840,0.507,1
9877,14767,0.4628,2
9877,5459,0.0302,3
9878,13154,0.6555,1
9878,14106,0.1868,2
9878,15508,0.1577,3
9879,5796,0.6181,1
9879,4144,0.3174,2
9879,5853,0.0645,3
9880,10943,0.2757,1
9880,4873,0.2725,2
9880,8776,0.1543,3
9880,1747,0.1426,4
9880,4304,0.0931,5
9880,3978,0.0482,6
9880,6265,0.0134,7
9881,8948,0.8532,1
9881,2945,0.1116,2
9881,8079,0.0159,3
9881,7624,0.0116,4
9881,6354,0.0077,5
9882,7758,0.3297,1
9882,6296,0.2153,2
9882,17554,0.1986,3
9882,5108,0.1488,4
9882,15880,0.0997,5
9882,13707,0.0079,6
9883,9419,0.3971,1
9883,7819,0.2207,2
9883,17357,0.2115,3
9883,11991,0.0748,4
9883,15414,0.0647,5
9883,15838,0.0312,6
9884,6836,0.3904,1
9884,6103,0.2212,2
9884,9189,0.2117,3
9884,10207,0.0886,4
9884,2746,0.0737,5
9884,4465,0.0144,6
9885,7998,0.5249,1
9885,8546,0.2376,2
9885,8862,0.1289,3
9885,11210,0.0612,4
9885,5907,0.0475,5
9886,15047,0.612,1
9886,2502,0.2194,2
9886,3701,0.107,3
9886,4692,0.0616,4
9887,3960,0.7445,1
9887,9935,0.2555,2
9888,11335,0.3617,1
9888,5969,0.1859,2
9888,2491,0.1346,3
9888,3910,0.1226,4
9888,4068,0.1038,5
9888,3783,0.0725,6
9888,8757,0.0189,7
9889,2419,0.9977,1
9889,5359,0.0023,2
9890,6409,0.5727,1
9890,5728,0.2938,2
9890,10318,0.0848,3
9890,3915,0.0395,4
9890,2322,0.0091,5
9891,4409,0.8688,1
9891,10942,0.1301,2
9891,4935,0.0011,3
9892,6397,0.6581,1
9892,3667,0.202,2
9892,6819,0.0739,3
9892,8678,0.066,4
9893,4797,0.7982,1
9893,10514,0.2018,2
9894,8515,0.5096,1
9894,15094,0.2747,2
9894,14924,0.1307,3
9894,7891,0.0842,4
9894,9219,0.0009,5
9895,11282,0.425,1
9895,3978,0.4221,2
9895,2783,0.125,3
9895,2312,0.0279,4
9896,3448,0.791,1
9896,5718,0.1819,2
9896,2317,0.0181,3
9896,13932,0.009,4
9897,3972,0.5289,1
9897,1647,0.195,2
9897,14164,0.1382,3
9897,9443,0.1379,4
9898,6821,0.3155,1
9898,3226,0.2841,2
9898,2246,0.2736,3
9898,6550,0.1268,4
9899,1740,0.4025,1
9899,2442,0.2641,2
9899,2444,0.1899,3
9899,9995,0.1259,4
9899,5186,0.0175,5
9900,11776,0.4301,1
9900,4494,0.3442,2
9900,7169,0.1305,3
9900,15931,0.085,4
9900,1695,0.0102,5
9901,4287,0.4592,1
9901,5764,0.3599,2
9901,2177,0.1809,3
9902,10570,0.9545,1
9902,1753,0.0433,2
9902,10964,0.0022,3
9903,7232,0.6328,1
9903,9045,0.3672,2
9904,7718,0.6467,1
9904,2502,0.2046,2
9904,3327,0.0579,3
9904,8114,0.0236,4
9904,14572,0.0228,5
9904,8139,0.0223,6
9904,3012,0.0222,7
9905,9910,0.9083,1
9905,9884,0.0917,2
9906,6488,0.3271,1
9906,11181,0.1774,2
9906,11339,0.1586,3
9906,2437,0.1517,4
9906,6618,0.0853,5
9906,16182,0.0617,6
9906,6369,0.0382,7
9907,11607,0.5528,1
9907,8616,0.4385,2
9907,16324,0.0088,3
9907,8287,0.0,4
9908,3936,0.3325,1
9908,2892,0.2495,2
9908,9123,0.213,3
9908,8646,0.205,4
9909,9698,0.3269,1
9909,7170,0.2275,2
9909,10720,0.1871,3
9909,2232,0.1312,4
9909,3366,0.1273,5
9910,1817,0.8315,1
9910,4534,0.1403,2
9910,6964,0.0281,3
9911,7124,0.6616,1
9911,6172,0.2618,2
9911,3517,0.0346,3
9911,5267,0.0256,4
9911,2496,0.0123,5
9911,6961,0.004,6
9912,8186,0.4624,1
9912,4730,0.312,2
9912,6590,0.2225,3
9912,6066,0.0031,4
9913,12039,0.3169,1
9913,15743,0.3037,2
9913,1923,0.2821,3
9913,1682,0.0622,4
9913,13000,0.035,5
9914,17426,0.6198,1
9914,11972,0.2261,2
9914,7027,0.1541,3
9915,10009,0.5073,1
9915,1647,0.4549,2
9915,5617,0.0378,3
9916,3430,0.4094,1
9916,6873,0.3534,2
9916,6467,0.1094,3
9916,1799,0.0687,4
9916,2177,0.0391,5
9916,7389,0.0199,6
9917,2912,0.5928,1
9917,8095,0.1652,2
9917,8443,0.128,3
9917,2334,0.114,4
9918,1835,0.7111,1
9918,3661,0.1394,2
9918,3108,0.0921,3
9918,2144,0.0232,4
9918,7483,0.0189,5
9918,14996,0.0148,6
9918,4141,0.0006,7
9919,6707,0.3683,1
9919,10317,0.2872,2
9919,11442,0.2324,3
9919,5958,0.1122,4
9920,6102,0.4622,1
9920,9687,0.3612,2
9920,11334,0.1655,3
9920,7193,0.0111,4
9921,4219,0.4744,1
9921,5338,0.2412,2
9921,2645,0.1632,3
9921,10004,0.1212,4
9922,4934,0.6478,1
9922,9086,0.2435,2
9922,4174,0.1087,3
9923,2237,0.8586,1
9923,5096,0.1197,2
9923,6921,0.0121,3
9923,16968,0.0049,4
9923,2170,0.0048,5
9924,10818,0.9403,1
9924,7844,0.0468,2
9924,10959,0.0129,3
9925,4960,0.4193,1
9925,7733,0.2447,2
9925,7605,0.1693,3
9925,6756,0.1667,4
9926,4983,0.3049,1
9926,10713,0.2613,2
9926,13835,0.2198,3
9926,10617,0.1849,4
9926,2375,0.0291,5
9927,7568,0.3729,1
9927,5090,0.2144,2
9927,2336,0.1517,3
9927,3630,0.0883,4
9927,5407,0.0817,5
9927,9915,0.0807,6
9927,10263,0.0103,7
9928,9937,0.6306,1
9928,4655,0.2295,2
9928,10088,0.0867,3
9928,3310,0.0532,4
9929,10404,0.6686,1
9929,3693,0.1374,2
9929,10750,0.1303,3
9929,8147,0.0263,4
9929,2384,0.0254,5
9929,4107,0.0106,6
9929,3092,0.0014,7
9930,3711,0.475,1
9930,17050,0.1632,2
9930,16235,0.1568,3
9930,13954,0.133,4
9930,9500,0.0721,5
9931,11231,0.2405,1
9931,2240,0.1894,2
9931,9056,0.1618,3
9931,7454,0.1584,4
9931,3837,0.1416,5
9931,1698,0.1082,6
9931,10868,0.0001,7
9932,9115,0.4038,1
9932,2029,0.3404,2
9932,2287,0.1073,3
9932,6145,0.1012,4
9932,9868,0.0472,5
9933,5577,0.6006,1
9933,4655,0.1736,2
9933,4217,0.1143,3
9933,9908,0.1115,4
9934,6152,0.2892,1
9934,7094,0.2423,2
9934,5172,0.204,3
9934,6321,0.1615,4
9934,3707,0.0699,5
9934,10464,0.0331,6
9935,16038,0.427,1
9935,8383,0.3146,2
9935,9061,0.1892,3
9935,12563,0.0635,4
9935,13130,0.0057,5
9936,3972,0.4115,1
9936,3688,0.3153,2
9936,9895,0.0974,3
9936,6848,0.0864,4
9936,7040,0.0474,5
9936,6086,0.042,6
9937,7963,0.4415,1
9937,3971,0.3612,2
9937,6388,0.1904,3
9937,3383,0.0069,4
9938,4306,0.5731,1
9938,4493,0.2651,2
9938,15819,0.1527,3
9938,6222,0.0091,4
9939,2009,0.6992,1
9939,2001,0.2479,2
9939,7309,0.0329,3
9939,5133,0.0171,4
9939,2119,0.0029,5
9940,2548,0.5085,1
9940,3844,0.4898,2
9940,9824,0.0017,3
9941,3137,0.4804,1
9941,1719,0.2181,2
9941,5457,0.1947,3
9941,3021,0.0775,4
9941,5023,0.0293,5
9942,5262,0.643,1
9942,5767,0.1703,2
9942,11999,0.1514,3
9942,5285,0.0352,4
9943,7675,0.6228,1
9943,7937,0.3423,2
9943,7027,0.0216,3
9943,11389,0.0133,4
9944,4440,0.4653,1
9944,11080,0.3789,2
9944,7219,0.076,3
9944,9886,0.0479,4
9944,7570,0.0224,5
9944,5876,0.0095,6
9945,5785,0.4277,1
9945,9197,0.3237,2
9945,2936,0.1676,3
9945,7798,0.0689,4
9945,12086,0.0094,5
9945,13802,0.0028,6
9946,16940,0.9256,1
9946,4852,0.0736,2
9946,9625,0.0008,3
9947,14952,0.9001,1
9947,2045,0.0999,2
9948,9159,0.6013,1
9948,4994,0.2313,2
9948,14510,0.1674,3
9949,3433,0.6829,1
9949,5105,0.1818,2
9949,8914,0.0871,3
9949,5262,0.0481,4
9950,6718,0.5076,1
9950,8368,0.2726,2
9950,9740,0.1265,3
9950,3501,0.05,4
9950,9830,0.0224,5
9950,9251,0.0118,6
9950,8475,0.0091,7
9951,3138,0.6048,1
9951,9694,0.241,2
9951,2914,0.1542,3
9952,12478,0.5678,1
9952,2415,0.1458,2
9952,10433,0.0839,3
9952,3656,0.0756,4
9952,14532,0.058,5
9952,13462,0.0398,6
9952,7923,0.0291,7
9953,8813,0.5922,1
9953,10792,0.302,2
9953,3890,0.1058,3
9954,16118,0.5195,1
9954,2224,0.4435,2
9954,15843,0.0369,3
9955,3546,0.6708,1
9955,4211,0.309,2
9955,9872,0.0201,3
9956,5762,0.7277,1
9956,4415,0.2723,2
9957,1670,0.4316,1
9957,6137,0.1808,2
9957,1800,0.1232,3
9957,8873,0.1169,4
9957,5160,0.1022,5
9957,8181,0.0363,6
9957,2304,0.009,7
9958,6424,0.5532,1
9958,4068,0.2383,2
9958,4870,0.1101,3
9958,7301,0.0984,4
9959,13310,0.4518,1
9959,8856,0.2355,2
9959,16501,0.1575,3
9959,5513,0.1258,4
9959,7243,0.0278,5
9959,15643,0.0015,6
9960,4412,0.6976,1
9960,9982,0.2939,2
9960,8708,0.0085,3
9961,15395,0.4744,1
9961,2823,0.298,2
9961,7722,0.1991,3
9961,9207,0.0216,4
9961,10344,0.0052,5
9961,10749,0.0016,6
9962,7145,0.8424,1
9962,8250,0.101,2
9962,6596,0.0488,3
9962,3562,0.0078,4
9963,5435,0.4713,1
9963,16029,0.3139,2
9963,12836,0.108,3
9963,8921,0.1067,4
9964,7791,0.6794,1
9964,16664,0.2353,2
9964,11515,0.0624,3
9964,9761,0.0216,4
9964,5766,0.0014,5
9965,6876,0.2462,1
9965,6779,0.2011,2
9965,6380,0.1861,3
9965,7621,0.1472,4
9965,9396,0.1437,5
9965,2325,0.0527,6
9965,2210,0.0231,7
9966,1999,0.5414,1
9966,9266,0.1993,2
9966,10593,0.1854,3
9966,4758,0.0583,4
9966,2216,0.0156,5
9967,11114,0.34,1
9967,7601,0.2634,2
9967,4773,0.2497,3
9967,5804,0.0858,4
9967,8376,0.0611,5
9968,3458,0.5594,1
9968,9128,0.2026,2
9968,3933,0.1163,3
9968,8631,0.0967,4
9968,7960,0.0194,5
9968,3617,0.0057,6
9969,1955,0.8368,1
9969,6472,0.0945,2
9969,13357,0.0687,3
9970,2922,0.707,1
9970,7447,0.1934,2
9970,5487,0.0996,3
9971,11505,1.0,1
9972,8988,0.562,1
9972,3684,0.272,2
9972,2064,0.0897,3
9972,1782,0.0714,4
9972,13897,0.0034,5
9972,1931,0.0013,6
9973,2605,0.3396,1
9973,4389,0.2454,2
9973,13335,0.2404,3
9973,17308,0.1746,4
9974,3064,0.5719,1
9974,3420,0.173,2
9974,3703,0.1464,3
9974,8266,0.0395,4
9974,5916,0.0376,5
9974,9102,0.0211,6
9974,9041,0.0105,7
9975,9739,0.5458,1
9975,8105,0.275,2
9975,2282,0.1792,3
9976,3036,0.6689,1
9976,9089,0.292,2
9976,5067,0.0227,3
9976,10039,0.0089,4
9976,1653,0.0075,5
9977,5218,0.7598,1
9977,6534,0.1729,2
9977,4757,0.0668,3
9977,3201,0.0004,4
9978,3152,0.6413,1
9978,10459,0.1595,2
9978,9152,0.0638,3
9978,11121,0.0512,4
9978,7275,0.0505,5
9978,4600,0.0235,6
9978,2431,0.0102,7
9979,5416,0.4612,1
9979,8996,0.42,2
9979,10328,0.1119,3
9979,9562,0.0069,4
9980,2198,1.0,1
9981,8292,0.43,1
9981,3536,0.2614,2
9981,5506,0.197,3
9981,5118,0.0943,4
9981,7129,0.0173,5
9982,14480,0.3476,1
9982,3086,0.3466,2
9982,17546,0.1605,3
9982,3283,0.0737,4
9982,8847,0.0457,5
9982,3766,0.026,6
9983,5405,0.5348,1
9983,1952,0.197,2
9983,6904,0.1157,3
9983,4331,0.1111,4
9983,1917,0.0413,5
9984,6356,0.271,1
9984,3982,0.195,2
9984,9526,0.1881,3
9984,9181,0.1737,4
9984,13802,0.1418,5
9984,11101,0.0191,6
9984,12359,0.0114,7
9985,7908,0.3996,1
9985,13776,0.2095,2
9985,11489,0.2021,3
9985,7203,0.1179,4
9985,13046,0.0393,5
9985,16218,0.0316,6
9986,10944,0.3592,1
9986,9797,0.3439,2
9986,10430,0.1819,3
9986,6702,0.0719,4
9986,2829,0.0323,5
9986,9811,0.0108,6
9987,9541,1.0,1
9988,16783,0.3695,1
9988,12406,0.1983,2
9988,7299,0.1908,3
9988,17131,0.1255,4
9988,6715,0.1156,5
9988,17021,0.0002,6
9989,7638,0.7154,1
9989,2095,0.2429,2
9989,7676,0.0417,3
9990,6971,0.3453,1
9990,12151,0.3374,2
9990,7582,0.1769,3
9990,8956,0.139,4
9990,13379,0.0014,5
9991,2347,0.2992,1
9991,2482,0.2677,2
9991,8486,0.2042,3
9991,10167,0.1118,4
9991,8826,0.0925,5
9991,3335,0.0246,6
9992,11605,0.2849,1
9992,3208,0.2671,2
9992,6774,0.2419,3
9992,11694,0.1318,4
9992,14572,0.0743,5
9993,12084,0.4519,1
9993,9210,0.3271,2
9993,5795,0.1087,3
9993,2595,0.0714,4
9993,5567,0.0408,5
9994,5741,0.2676,1
9994,3987,0.259,2
9994,3132,0.2571,3
9994,7784,0.1571,4
9994,10442,0.0305,5
9994,6392,0.0287,6
9995,17231,0.7501,1
9995,9964,0.2045,2
9995,9058,0.0293,3
9995,9288,0.01,4
9995,17339,0.0061,5
9996,7530,0.4044,1
9996,2910,0.1769,2
9996,6728,0.1453,3
9996,3915,0.1132,4
9996,7232,0.0925,5
9996,3122,0.0479,6
9996,2293,0.0198,7
9997,4864,0.6893,1
9997,11406,0.103,2
9997,3136,0.0959,3
9997,3644,0.0849,4
9997,10100,0.0269,5
9998,10615,0.5205,1
9998,3660,0.4795,2
9999,5287,0.5635,1
9999,3013,0.4044,2
9999,7048,0.0198,3
9999,7358,0.0122,4
10000,6015,0.6344,1
10000,15267,0.1948,2
10000,5954,0.1209,3
10000,9273,0.0499,4
10001,16324,0.7537,1
10001,14906,0.1328,2
10001,6715,0.1117,3
10001,6049,0.0018,4
10002,7955,0.5481,1
10002,14681,0.239,2
10002,1844,0.2129,3
10003,7012,0.8013,1
10003,3998,0.1158,2
10003,8390,0.046,3
10003,8796,0.0368,4
10004,11139,0.5621,1
10004,6901,0.2538,2
10004,9342,0.1131,3
10004,3178,0.0604,4
10004,4071,0.0106,5
10005,8620,0.4312,1
10005,7968,0.3421,2
10005,5501,0.109,3
10005,6259,0.0671,4
10005,5656,0.0216,5
10005,10531,0.0162,6
10005,7381,0.0128,7
10006,4647,0.4172,1
10006,4571,0.3982,2
10006,4625,0.1846,3
10007,1834,0.6739,1
10007,5309,0.2459,2
10007,16316,0.0803,3
10008,9450,0.3699,1
10008,6309,0.1673,2
10008,10551,0.1535,3
10008,8268,0.0943,4
10008,5088,0.0891,5
10008,10532,0.0774,6
10008,4298,0.0484,7
10009,4432,0.3674,1
10009,4047,0.2866,2
10009,1700,0.1246,3
10009,16243,0.103,4
10009,2269,0.0432,5
10009,10676,0.0399,6
10009,2356,0.0353,7
10010,5588,0.3305,1
10010,4377,0.3128,2
10010,5645,0.2133,3
10010,4395,0.13,4
10010,2647,0.0091,5
10010,15104,0.004,6
10010,10018,0.0003,7
10011,5944,0.5684,1
10011,6282,0.246,2
10011,11366,0.1015,3
10011,13279,0.0302,4
10011,2512,0.0273,5
10011,6242,0.0244,6
10011,11174,0.0022,7
10012,8726,0.9085,1
10012,9977,0.0748,2
10012,10564,0.0167,3
10013,9093,0.4128,1
10013,10806,0.2631,2
10013,7182,0.2011,3
10013,2438,0.0383,4
10013,7681,0.0376,5
10013,3763,0.0312,6
10013,9290,0.0159,7
10014,1676,0.3579,1
10014,4059,0.2957,2
10014,15930,0.2565,3
10014,17315,0.0899,4
10015,13987,0.3228,1
10015,2125,0.2361,2
10015,10603,0.1558,3
10015,5490,0.1366,4
10015,9964,0.0853,5
10015,12842,0.0491,6
10015,16182,0.0142,7
10016,6308,0.671,1
10016,6451,0.1433,2
10016,2506,0.0882,3
10016,5215,0.0415,4
10016,7518,0.0384,5
10016,11179,0.0159,6
10016,5050,0.0018,7
10017,3094,0.5179,1
10017,5925,0.4497,2
10017,4822,0.0323,3
10018,2148,0.6392,1
10018,4705,0.3447,2
10018,5061,0.0128,3
10018,6743,0.0032,4
10019,8398,0.3724,1
10019,14442,0.3279,2
10019,3369,0.1866,3
10019,6446,0.1131,4
10020,6441,0.4868,1
10020,2939,0.1763,2
10020,6387,0.1294,3
10020,5858,0.1156,4
10020,11354,0.0523,5
10020,4039,0.0389,6
10020,1911,0.0008,7
10021,6447,0.3301,1
10021,13310,0.3025,2
10021,2554,0.2738,3
10021,7653,0.0381,4
10021,6112,0.038,5
10021,3313,0.0149,6
10021,5279,0.0025,7
10022,13379,0.6693,1
10022,5190,0.1455,2
10022,2445,0.1226,3
10022,10359,0.0626,4
10023,12445,0.3191,1
10023,3541,0.2601,2
10023,17373,0.2187,3
10023,16824,0.1105,4
10023,15015,0.0569,5
10023,11631,0.0346,6
10024,4324,0.2687,1
10024,5707,0.2018,2
10024,9788,0.1986,3
10024,9309,0.1455,4
10024,9905,0.0927,5
10024,6374,0.057,6
10024,3001,0.0357,7
10025,9046,0.7615,1
10025,4121,0.0921,2
10025,8471,0.0899,3
10025,1952,0.0558,4
10025,10768,0.0007,5
10026,6099,0.6031,1
10026,9153,0.143,2
10026,4875,0.1321,3
10026,7340,0.1103,4
10026,9812,0.0115,5
10027,9131,0.6806,1
10027,3052,0.1901,2
10027,4581,0.0698,3
10027,6313,0.0534,4
10027,7206,0.0061,5
10028,8796,0.3905,1
10028,5925,0.2469,2
10028,2638,0.1844,3
10028,6724,0.1207,4
10028,11406,0.0523,5
10028,4064,0.0052,6
10029,10043,0.4096,1
10029,17235,0.227,2
10029,2881,0.1755,3
10029,14604,0.0879,4
10029,10902,0.0707,5
10029,4814,0.0294,6
10030,11590,0.4439,1
10030,8742,0.3033,2
10030,16455,0.2528,3
10031,4307,0.491,1
10031,7337,0.3219,2
10031,2752,0.1849,3
10031,16694,0.0022,4
10032,2580,0.3768,1
10032,14090,0.2065,2
10032,8113,0.1834,3
10032,14924,0.1075,4
10032,7691,0.0926,5
10032,2925,0.0333,6
10033,15637,0.8252,1
10033,11498,0.0939,2
10033,15784,0.0736,3
10033,6185,0.0073,4
10034,6321,0.6103,1
10034,3969,0.1777,2
10034,8797,0.0895,3
10034,5192,0.059,4
10034,4565,0.0318,5
10034,3120,0.0277,6
10034,6962,0.004,7
10035,4707,0.9238,1
10035,3097,0.0401,2
10035,10564,0.0361,3
10036,9959,0.3086,1
10036,7247,0.3022,2
10036,11098,0.2678,3
10036,7052,0.1214,4
10036,9385,0.0,5
10037,11561,0.4977,1
10037,14532,0.1298,2
10037,15296,0.1294,3
10037,10030,0.1092,4
10037,13099,0.0768,5
10037,4926,0.0365,6
10037,11829,0.0207,7
10038,9007,0.4776,1
10038,6899,0.2219,2
10038,6945,0.1198,3
10038,9233,0.0946,4
10038,8940,0.0556,5
10038,3218,0.0299,6
10038,5153,0.0006,7
10039,2237,0.9055,1
10039,9633,0.0945,2
10040,14646,0.5126,1
10040,9793,0.1177,2
10040,15130,0.1115,3
10040,12011,0.1101,4
10040,2821,0.0806,5
10040,4672,0.0607,6
10040,6056,0.0069,7
10041,5122,0.7598,1
10041,11110,0.1278,2
10041,10983,0.06,3
10041,9982,0.0524,4
10042,2405,0.3414,1
10042,2269,0.2388,2
10042,6941,0.1899,3
10042,4746,0.1492,4
10042,15452,0.0723,5
10042,4218,0.0068,6
10042,1725,0.0015,7
10043,8225,0.6928,1
10043,3417,0.2376,2
10043,5552,0.0696,3
10044,6883,0.3927,1
10044,7820,0.3338,2
10044,2076,0.2736,3
10045,10192,0.4671,1
10045,6251,0.4234,2
10045,9965,0.1095,3
10046,9715,0.6645,1
10046,9105,0.0612,2
10046,3703,0.0606,3
10046,5577,0.06,4
10046,6148,0.0567,5
10046,7435,0.0547,6
10046,10583,0.0422,7
10047,10265,0.5396,1
10047,5297,0.2386,2
10047,17297,0.1147,3
10047,17174,0.0715,4
10047,11280,0.0356,5
10048,12908,0.5179,1
10048,16250,0.1705,2
10048,5108,0.1394,3
10048,6191,0.0769,4
10048,7134,0.0546,5
10048,9113,0.0407,6
10049,9517,1.0,1
10050,6198,0.7207,1
10050,6676,0.1445,2
10050,5680,0.1343,3
10050,2985,0.0004,4
10051,3706,0.7263,1
10051,7993,0.2033,2
10051,7637,0.0704,3
10052,11120,0.2991,1
10052,4615,0.2778,2
10052,2098,0.1871,3
10052,3930,0.1216,4
10052,1745,0.0803,5
10052,4948,0.034,6
10053,2234,0.3208,1
10053,3308,0.2294,2
10053,7517,0.1655,3
10053,5595,0.1402,4
10053,4116,0.0961,5
10053,2530,0.0453,6
10053,10801,0.0027,7
10054,6295,0.3964,1
10054,5906,0.1996,2
10054,13743,0.1955,3
10054,10595,0.1287,4
10054,9205,0.0648,5
10054,11065,0.015,6
10055,9311,0.6333,1
10055,2990,0.3345,2
10055,8461,0.0322,3
10056,3449,0.6198,1
10056,15696,0.22,2
10056,5509,0.1602,3
10057,8368,0.6362,1
10057,2944,0.1729,2
10057,10186,0.1405,3
10057,7300,0.0464,4
10057,8067,0.004,5
10058,17273,0.4167,1
10058,4477,0.3378,2
10058,13030,0.1885,3
10058,5197,0.057,4
10059,14014,0.5653,1
10059,1990,0.4347,2
10060,9592,0.8976,1
10060,9440,0.0997,2
10060,8441,0.0027,3
10061,2547,0.7294,1
10061,6649,0.1457,2
10061,4972,0.0775,3
10061,3554,0.0248,4
10061,3159,0.0223,5
10061,8165,0.0003,6
10062,10612,0.4555,1
10062,8254,0.1926,2
10062,8453,0.1874,3
10062,9676,0.1597,4
10062,3727,0.0047,5
10063,17493,0.4624,1
10063,6461,0.2074,2
10063,4428,0.1284,3
10063,10519,0.0914,4
10063,6755,0.0553,5
10063,6184,0.0321,6
10063,2152,0.0231,7
10064,9726,0.6799,1
10064,3441,0.2164,2
10064,2967,0.1037,3
10065,10583,0.1941,1
10065,8906,0.1877,2
10065,7011,0.1709,3
10065,5323,0.1612,4
10065,5371,0.1511,5
10065,6058,0.1351,6
10066,9508,0.4904,1
10066,7247,0.1923,2
10066,6799,0.1125,3
10066,10116,0.0999,4
10066,4242,0.0995,5
10066,5034,0.0053,6
10067,10906,0.423,1
10067,11294,0.2318,2
10067,8678,0.1665,3
10067,10099,0.1197,4
10067,11125,0.059,5
10068,8798,0.5284,1
10068,9079,0.2753,2
10068,4590,0.1583,3
10068,14075,0.0334,4
10068,13069,0.0046,5
10069,7377,0.3794,1
10069,8664,0.3297,2
10069,6428,0.291,3
10070,10922,0.6338,1
10070,4094,0.182,2
10070,11139,0.1506,3
10070,6196,0.0336,4
10071,3880,0.3529,1
10071,8807,0.2629,2
10071,16233,0.1466,3
10071,10038,0.1015,4
10071,16201,0.0965,5
10071,7078,0.0362,6
10071,15140,0.0033,7
10072,6543,0.4412,1
10072,2370,0.4177,2
10072,9279,0.0917,3
10072,6485,0.0494,4
10073,14290,0.3643,1
10073,14629,0.2873,2
10073,7192,0.1118,3
10073,3826,0.1077,4
10073,4616,0.0978,5
10073,3925,0.0281,6
10073,7268,0.003,7
10074,7366,0.3411,1
10074,4857,0.3088,2
10074,11051,0.2028,3
10074,2708,0.1232,4
10074,9854,0.0241,5
10075,7976,0.5158,1
10075,9781,0.2522,2
10075,9493,0.2068,3
10075,6254,0.0154,4
10075,1653,0.0091,5
10075,3332,0.0007,6
10076,12314,0.742,1
10076,8642,0.2387,2
10076,10031,0.0134,3
10076,7215,0.0059,4
10077,3514,0.2534,1
10077,14928,0.2528,2
10077,6558,0.2318,3
10077,5549,0.1181,4
10077,3263,0.1063,5
10077,1649,0.0376,6
10078,11324,0.4793,1
10078,3258,0.3261,2
10078,9641,0.1063,3
10078,10069,0.0567,4
10078,9325,0.0316,5
10079,7568,0.3792,1
10079,2642,0.2135,2
10079,8686,0.1479,3
10079,2483,0.1448,4
10079,4842,0.1111,5
10079,4489,0.0035,6
10080,8733,0.3416,1
10080,8672,0.2907,2
10080,7438,0.1268,3
10080,11049,0.1204,4
10080,15708,0.1148,5
10080,2812,0.0057,6
10081,3107,0.4851,1
10081,7301,0.1706,2
10081,3776,0.1524,3
10081,3214,0.1455,4
10081,16148,0.0418,5
10081,16376,0.0023,6
10081,12091,0.0023,7
10082,5549,0.4445,1
10082,3202,0.3062,2
10082,10838,0.1368,3
10082,7993,0.1126,4
10083,3350,0.4047,1
10083,2298,0.2002,2
10083,13221,0.1646,3
10083,16718,0.1527,4
10083,6934,0.0778,5
10084,10085,0.5438,1
10084,7282,0.1939,2
10084,17138,0.1729,3
10084,14495,0.0552,4
10084,12524,0.0342,5
10085,8829,0.3518,1
10085,2065,0.2782,2
10085,8568,0.2676,3
10085,7196,0.1016,4
10085,10681,0.0009,5
10086,6708,0.8208,1
10086,6811,0.1687,2
10086,9059,0.0105,3
10087,15842,0.7319,1
10087,5325,0.1523,2
10087,12344,0.1119,3
10087,3248,0.0039,4
10088,2216,0.6186,1
10088,7062,0.1879,2
10088,3126,0.0784,3
10088,4066,0.072,4
10088,7967,0.0274,5
10088,9095,0.0109,6
10088,6766,0.0048,7
10089,3366,0.5318,1
10089,5042,0.1763,2
10089,2613,0.1156,3
10089,5919,0.1148,4
10089,3646,0.0615,5
10090,2170,0.3159,1
10090,4807,0.3005,2
10090,10278,0.2192,3
10090,3510,0.1182,4
10090,9918,0.0323,5
10090,17390,0.0139,6
10091,10086,0.7471,1
10091,2996,0.1683,2
10091,11094,0.047,3
10091,13629,0.0376,4
10092,8143,0.5033,1
10092,1799,0.2287,2
10092,1985,0.1562,3
10092,10174,0.1074,4
10092,7055,0.0035,5
10092,9467,0.0009,6
10093,8433,0.4599,1
10093,6410,0.2844,2
10093,3122,0.1373,3
10093,6310,0.066,4
10093,10836,0.0521,5
10093,6866,0.0003,6
10094,5874,0.9007,1
10094,5595,0.0993,2
10095,9170,0.4563,1
10095,5076,0.3246,2
10095,9745,0.219,3
10096,2345,0.9392,1
10096,4642,0.0608,2
10097,2925,0.3188,1
10097,10162,0.2972,2
10097,3929,0.1703,3
10097,11072,0.1182,4
10097,1896,0.0674,5
10097,2700,0.0191,6
10097,7626,0.009,7
10098,5628,0.5632,1
10098,13432,0.2368,2
10098,2413,0.2,3
10099,5437,0.6404,1
10099,3534,0.1301,2
10099,10613,0.115,3
10099,2696,0.0631,4
10099,10111,0.0513,5
10100,3150,0.3366,1
10100,13618,0.3094,2
10100,4441,0.2124,3
10100,5018,0.1197,4
10100,4733,0.0218,5
10101,3814,0.5208,1
10101,16227,0.252,2
10101,7919,0.111,3
10101,17576,0.1076,4
10101,2548,0.0087,5
10102,2771,0.4291,1
10102,7655,0.2891,2
10102,17390,0.1772,3
10102,16249,0.1038,4
10102,6223,0.0008,5
10103,4990,0.9059,1
10103,5251,0.0575,2
10103,6760,0.0366,3
10104,6972,0.6015,1
10104,6800,0.1829,2
10104,6463,0.1615,3
10104,3716,0.0541,4
10105,3662,0.5901,1
10105,11403,0.1145,2
10105,5410,0.099,3
10105,10316,0.0988,4
10105,3832,0.061,5
10105,15637,0.0366,6
10106,6602,0.4197,1
10106,1883,0.1765,2
10106,6009,0.1649,3
10106,10137,0.1025,4
10106,9834,0.085,5
10106,10849,0.0484,6
10106,4828,0.0031,7
10107,1908,0.501,1
10107,4224,0.2672,2
10107,10890,0.145,3
10107,1894,0.081,4
10107,2601,0.0058,5
10108,7416,0.6576,1
10108,3164,0.2699,2
10108,9724,0.0725,3
10109,5368,0.4278,1
10109,14246,0.2106,2
10109,2948,0.1661,3
10109,13204,0.0848,4
10109,16141,0.0619,5
10109,16860,0.0326,6
10109,9741,0.0163,7
10110,7160,0.7664,1
10110,11176,0.1363,2
10110,8715,0.0723,3
10110,6962,0.025,4
10111,3523,0.5062,1
10111,10219,0.3831,2
10111,11139,0.0783,3
10111,11125,0.0325,4
10112,2626,0.5589,1
10112,5533,0.3171,2
10112,3911,0.1237,3
10112,5751,0.0004,4
10113,6343,0.7286,1
10113,4795,0.1773,2
10113,15601,0.0911,3
10113,12706,0.003,4
10114,9175,0.3799,1
10114,5803,0.3028,2
10114,7434,0.1592,3
10114,7180,0.0728,4
10114,5868,0.0681,5
10114,7475,0.0172,6
10115,2370,0.2172,1
10115,9392,0.2134,2
10115,4461,0.1614,3
10115,8194,0.1601,4
10115,5492,0.1236,5
10115,10806,0.0951,6
10115,8344,0.0291,7
10116,9726,0.434,1
10116,2817,0.4174,2
10116,3362,0.096,3
10116,2082,0.0339,4
10116,6079,0.0163,5
10116,6977,0.0023,6
10117,9476,0.2919,1
10117,7111,0.2684,2
10117,3426,0.1642,3
10117,7344,0.0882,4
10117,2362,0.0837,5
10117,3309,0.0698,6
10117,9714,0.0338,7
10118,17602,0.4537,1
10118,16498,0.1889,2
10118,2317,0.1284,3
10118,15689,0.1124,4
10118,11557,0.0615,5
10118,12168,0.0551,6
10119,2628,0.9928,1
10119,8002,0.0072,2
10120,12893,0.7212,1
10120,7913,0.2165,2
10120,8492,0.0623,3
10121,14680,0.7126,1
10121,14225,0.2535,2
10121,1684,0.0219,3
10121,13510,0.012,4
10122,2949,0.5817,1
10122,7041,0.278,2
10122,7574,0.1349,3
10122,2672,0.0054,4
10123,5002,0.4028,1
10123,10786,0.2989,2
10123,5120,0.1828,3
10123,5835,0.1155,4
10124,3075,0.317,1
10124,16824,0.3153,2
10124,1639,0.2463,3
10124,7635,0.0601,4
10124,14074,0.0448,5
10124,17067,0.0146,6
10124,9740,0.002,7
10125,5017,0.3806,1
10125,4143,0.2397,2
10125,2590,0.1593,3
10125,2464,0.1374,4
10125,8554,0.0805,5
10125,10075,0.0025,6
10126,14533,0.6975,1
10126,14606,0.2009,2
10126,8779,0.051,3
10126,17455,0.0507,4
10127,7929,1.0,1
10128,7052,0.3187,1
10128,7681,0.2968,2
10128,5962,0.1894,3
10128,2613,0.1166,4
10128,11397,0.0663,5
10128,5205,0.0122,6
10129,13701,0.4411,1
10129,8348,0.3273,2
10129,1788,0.135,3
10129,11719,0.0863,4
10129,6618,0.0104,5
10130,10330,0.3156,1
10130,11359,0.2797,2
10130,7083,0.2156,3
10130,8976,0.134,4
10130,6048,0.0492,5
10130,1771,0.0059,6
10131,5616,0.2549,1
10131,1676,0.2339,2
10131,2435,0.1913,3
10131,7069,0.1616,4
10131,4764,0.1336,5
10131,8203,0.0195,6
10131,3132,0.0051,7
10132,2689,0.3737,1
10132,3186,0.351,2
10132,3345,0.1415,3
10132,4344,0.0834,4
10132,4471,0.0449,5
10132,9504,0.0055,6
10133,2894,0.8825,1
10133,3839,0.1175,2
10134,3679,1.0,1
10135,1836,0.3029,1
10135,2347,0.177,2
10135,8868,0.1692,3
10135,10137,0.1682,4
10135,8154,0.1152,5
10135,5922,0.0676,6
10136,2485,0.3116,1
10136,3479,0.2352,2
10136,2603,0.1894,3
10136,10768,0.1812,4
10136,10489,0.0708,5
10136,9861,0.0118,6
10137,5567,0.4428,1
10137,5093,0.3057,2
10137,4464,0.2133,3
10137,6242,0.0383,4
10138,11276,0.7329,1
10138,7044,0.2006,2
10138,2438,0.0472,3
10138,5534,0.0192,4
10139,11789,0.6978,1
10139,6032,0.2369,2
10139,3604,0.0653,3
10140,9595,0.4627,1
10140,5345,0.337,2
10140,2116,0.2002,3
10141,16946,0.4941,1
10141,5193,0.4896,2
10141,7603,0.0163,3
10142,2900,0.9238,1
10142,10049,0.0608,2
10142,9029,0.0155,3
10143,4648,0.6978,1
10143,7177,0.1792,2
10143,7441,0.0734,3
10143,7578,0.038,4
10143,9443,0.0116,5
10144,5704,1.0,1
10145,6584,0.846,1
10145,13934,0.1525,2
10145,3383,0.0015,3
10146,14416,0.393,1
10146,3618,0.355,2
10146,16513,0.1587,3
10146,15797,0.0934,4
10147,3515,0.3482,1
10147,6342,0.3179,2
10147,2085,0.2164,3
10147,7763,0.112,4
10147,8688,0.0054,5
10148,5440,0.3982,1
10148,17581,0.2425,2
10148,5959,0.2009,3
10148,7169,0.1327,4
10148,4857,0.0256,5
10149,5770,0.3649,1
10149,16826,0.2372,2
10149,14223,0.154,3
10149,17378,0.1467,4
10149,11806,0.0952,5
10149,2976,0.002,6
10150,6610,0.8455,1
10150,13731,0.1227,2
10150,10202,0.0318,3
10151,5625,0.4152,1
10151,7576,0.3406,2
10151,6143,0.2442,3
10152,9114,0.3741,1
10152,6954,0.2645,2
10152,11158,0.1539,3
10152,11297,0.1478,4
10152,8164,0.0409,5
10152,11156,0.0188,6
10153,5372,0.6494,1
10153,8493,0.3451,2
10153,7989,0.0054,3
10154,4585,0.4481,1
10154,10247,0.362,2
10154,2308,0.1035,3
10154,3216,0.0864,4
10155,6313,0.3717,1
10155,8339,0.2436,2
10155,5753,0.2103,3
10155,1970,0.1712,4
10155,2065,0.0032,5
10156,1852,0.4769,1
10156,8313,0.2975,2
10156,4094,0.2255,3
10157,8832,0.8973,1
10157,5584,0.0968,2
10157,4618,0.0058,3
10158,4486,0.4707,1
10158,9293,0.3896,2
10158,9686,0.0837,3
10158,4348,0.0535,4
10158,7308,0.0025,5
10159,9506,0.4293,1
10159,3119,0.3202,2
10159,3042,0.1895,3
10159,4194,0.0414,4
10159,3799,0.0196,5
10160,9751,0.6931,1
10160,9858,0.1561,2
10160,8895,0.1455,3
10160,3002,0.0053,4
10161,11340,0.5819,1
10161,2206,0.1063,2
10161,3315,0.0878,3
10161,11546,0.0748,4
10161,2300,0.0652,5
10161,15786,0.0535,6
10161,12939,0.0305,7
10162,16945,0.4319,1
10162,6488,0.2115,2
10162,3408,0.1867,3
10162,1844,0.1245,4
10162,8878,0.0396,5
10162,9111,0.0058,6
10163,12421,0.5537,1
10163,6888,0.2423,2
10163,15227,0.0876,3
10163,8462,0.0612,4
10163,12863,0.0424,5
10163,11238,0.0076,6
10163,17279,0.0052,7
10164,6084,0.7943,1
10164,4306,0.143,2
10164,5318,0.0472,3
10164,6622,0.0129,4
10164,5619,0.0025,5
10165,10336,0.5875,1
10165,6803,0.1672,2
10165,9510,0.1355,3
10165,14487,0.0549,4
10165,5719,0.0548,5
10166,11046,0.4001,1
10166,6526,0.2663,2
10166,2169,0.2304,3
10166,1932,0.1032,4
10167,6880,0.6678,1
10167,2450,0.2178,2
10167,2443,0.0648,3
10167,7430,0.0351,4
10167,15138,0.0111,5
10167,7449,0.0033,6
10168,4656,0.3781,1
10168,6390,0.275,2
10168,2430,0.1474,3
10168,7439,0.1301,4
10168,7920,0.0354,5
10168,13671,0.034,6
10169,5497,0.5879,1
10169,5909,0.4121,2
10170,6485,0.3096,1
10170,7277,0.2619,2
10170,8833,0.2011,3
10170,7229,0.1339,4
10170,2487,0.0738,5
10170,10740,0.0161,6
10170,2105,0.0036,7
10171,10860,0.6422,1
10171,12340,0.138,2
10171,14654,0.1027,3
10171,7538,0.0889,4
10171,6740,0.0283,5
10172,9105,0.3227,1
10172,8475,0.3123,2
10172,5552,0.2179,3
10172,7125,0.1471,4
10173,8100,0.4144,1
10173,4585,0.2687,2
10173,9636,0.1243,3
10173,8461,0.1219,4
10173,2468,0.0708,5
10174,8781,0.5037,1
10174,9039,0.4109,2
10174,6202,0.0639,3
10174,10702,0.0214,4
10175,6700,0.3071,1
10175,2881,0.2337,2
10175,7957,0.2089,3
10175,2249,0.1653,4
10175,12008,0.0637,5
10175,7931,0.0149,6
10175,15848,0.0065,7
10176,8815,0.5487,1
10176,4921,0.152,2
10176,8793,0.1401,3
10176,4440,0.138,4
10176,5156,0.0212,5
10177,6935,0.6652,1
10177,8765,0.1564,2
10177,4161,0.1052,3
10177,4988,0.0732,4
10178,6185,0.5088,1
10178,9540,0.1885,2
10178,9429,0.1469,3
10178,5268,0.0728,4
10178,3949,0.0401,5
10178,3257,0.0397,6
10178,4285,0.0032,7
10179,6665,0.6606,1
10179,15024,0.2964,2
10179,3492,0.043,3
10180,17200,0.71,1
10180,13702,0.1752,2
10180,15110,0.0771,3
10180,9372,0.0302,4
10180,16761,0.0075,5
10181,2051,0.5209,1
10181,15079,0.4204,2
10181,4754,0.0587,3
10182,4175,0.3294,1
10182,1744,0.3128,2
10182,6110,0.252,3
10182,10798,0.1009,4
10182,7692,0.0048,5
10183,13665,0.3203,1
10183,17047,0.2944,2
10183,10745,0.1827,3
10183,6969,0.1769,4
10183,15455,0.0146,5
10183,12537,0.0111,6
10184,10111,0.5794,1
10184,2546,0.1888,2
10184,2107,0.1877,3
10184,12378,0.0442,4
10185,8903,0.5057,1
10185,3703,0.3115,2
10185,5970,0.1827,3
10186,9624,0.6495,1
10186,9891,0.3032,2
10186,4364,0.0473,3
10187,12487,0.6723,1
10187,2232,0.3023,2
10187,1666,0.0123,3
10187,9163,0.0116,4
10187,7319,0.0015,5
10188,5088,0.5508,1
10188,1736,0.2048,2
10188,3662,0.1674,3
10188,16447,0.0769,4
10188,6949,0.0001,5
10189,10421,0.691,1
10189,2786,0.2142,2
10189,9844,0.0678,3
10189,4359,0.027,4
10190,2526,0.3124,1
10190,9976,0.2807,2
10190,9918,0.1738,3
10190,10856,0.1409,4
10190,15597,0.0537,5
10190,2252,0.0385,6
10191,6476,0.8628,1
10191,4543,0.1267,2
10191,2643,0.0105,3
10192,4989,0.5745,1
10192,8667,0.3615,2
10192,6645,0.0355,3
10192,7291,0.0284,4
10193,3697,0.4511,1
10193,5603,0.1468,2
10193,9108,0.1296,3
10193,7277,0.124,4
10193,8196,0.0905,5
10193,2901,0.058,6
10194,4144,0.5805,1
10194,13554,0.1867,2
10194,10351,0.17,3
10194,5900,0.0571,4
10194,5914,0.0057,5
10195,9545,0.5557,1
10195,5690,0.194,2
10195,13555,0.0936,3
10195,14827,0.0649,4
10195,14402,0.0459,5
10195,13629,0.0441,6
10195,16954,0.0017,7
10196,4298,0.2835,1
10196,2342,0.2729,2
10196,10240,0.1752,3
10196,4215,0.1108,4
10196,9196,0.0999,5
10196,6694,0.0524,6
10196,3785,0.0052,7
10197,5667,0.7049,1
10197,6743,0.2606,2
10197,4161,0.023,3
10197,3303,0.0097,4
10197,5803,0.0017,5
10198,6700,0.3346,1
10198,5498,0.3109,2
10198,3002,0.2542,3
10198,2105,0.0943,4
10198,5914,0.0059,5
10199,8932,0.3872,1
10199,11098,0.3391,2
10199,5808,0.2311,3
10199,6396,0.0425,4
10200,2373,0.3318,1
10200,2499,0.2539,2
10200,6830,0.1685,3
10200,1890,0.1502,4
10200,4335,0.0795,5
10200,7191,0.0161,6
10201,12767,0.8485,1
10201,16849,0.0986,2
10201,3665,0.053,3
10202,12225,0.3181,1
10202,16541,0.2783,2
10202,9783,0.2452,3
10202,15992,0.1022,4
10202,7572,0.0561,5
10203,14634,0.916,1
10203,12336,0.0623,2
10203,5375,0.0207,3
10203,6951,0.001,4
10204,4486,0.8263,1
10204,4528,0.1477,2
10204,6744,0.026,3
10205,11975,0.8539,1
10205,2032,0.1253,2
10205,2231,0.0208,3
10206,7804,0.3859,1
10206,2286,0.2665,2
10206,4610,0.1565,3
10206,8759,0.1405,4
10206,8599,0.0506,5
10207,4955,0.4862,1
10207,7351,0.3535,2
10207,7978,0.1158,3
10207,12363,0.0218,4
10207,1658,0.0196,5
10207,4352,0.0022,6
10207,4934,0.001,7
10208,9735,0.7937,1
10208,11131,0.1211,2
10208,6787,0.0852,3
10209,13256,0.4319,1
10209,11657,0.3213,2
10209,2958,0.0953,3
10209,10831,0.0757,4
10209,17622,0.0333,5
10209,8318,0.0306,6
10209,13587,0.012,7
10210,2160,0.5893,1
10210,7124,0.3784,2
10210,3500,0.0276,3
10210,3755,0.0047,4
10211,8332,0.5568,1
10211,9558,0.1827,2
10211,8682,0.1027,3
10211,5289,0.0878,4
10211,5251,0.0407,5
10211,10418,0.0293,6
10211,9440,0.0001,7
10212,10024,0.4006,1
10212,16009,0.1915,2
10212,13637,0.189,3
10212,10602,0.1306,4
10212,4201,0.0883,5
10213,11131,0.5588,1
10213,3199,0.2025,2
10213,2662,0.1617,3
10213,9820,0.0584,4
10213,2446,0.0185,5
10214,7348,0.5392,1
10214,8957,0.3479,2
10214,10449,0.1129,3
10215,3632,0.7241,1
10215,3265,0.2529,2
10215,6368,0.023,3
10216,6206,0.4735,1
10216,8361,0.3112,2
10216,9453,0.0982,3
10216,6448,0.0666,4
10216,2175,0.0452,5
10216,11006,0.0053,6
10217,7512,0.6162,1
10217,4005,0.1943,2
10217,3478,0.1467,3
10217,3055,0.0329,4
10217,13572,0.0099,5
10218,11761,0.5182,1
10218,3745,0.1956,2
10218,1935,0.1913,3
10218,7374,0.0559,4
10218,16383,0.026,5
10218,5912,0.013,6
10219,7076,0.3151,1
10219,10346,0.2757,2
10219,8642,0.2218,3
10219,13564,0.1526,4
10219,14486,0.0312,5
10219,5562,0.0036,6
10220,7251,0.7141,1
10220,7570,0.1187,2
10220,2204,0.0795,3
10220,5082,0.0703,4
10220,11204,0.0173,5
10221,5370,0.7651,1
10221,2718,0.1499,2
10221,6996,0.0851,3
10222,8749,0.638,1
10222,4972,0.2843,2
10222,7355,0.0776,3
10223,8412,0.4606,1
10223,7599,0.3512,2
10223,10418,0.1413,3
10223,11159,0.0469,4
10224,5879,0.7474,1
10224,3718,0.1483,2
10224,2260,0.0745,3
10224,4339,0.0299,4
10225,3092,0.6253,1
10225,8402,0.1699,2
10225,2598,0.1469,3
10225,6709,0.0521,4
10225,9084,0.0057,5
10226,3717,0.2604,1
10226,5193,0.2421,2
10226,17141,0.1892,3
10226,14285,0.1281,4
10226,1636,0.1085,5
10226,13716,0.0369,6
10226,9659,0.0348,7
10227,4543,0.4227,1
10227,14831,0.2337,2
10227,16888,0.176,3
10227,13662,0.1382,4
10227,3415,0.029,5
10227,9586,0.0004,6
10228,5542,0.4465,1
10228,4303,0.3123,2
10228,8590,0.2412,3
10229,15637,0.3221,1
10229,12804,0.294,2
10229,2897,0.2155,3
10229,5460,0.1442,4
10229,5230,0.0241,5
10230,10974,0.7995,1
10230,10283,0.0955,2
10230,3427,0.0529,3
10230,2362,0.0521,4
10231,4820,0.621,1
10231,2412,0.2454,2
10231,3740,0.1336,3
10232,3360,0.5205,1
10232,5895,0.1597,2
10232,2421,0.1397,3
10232,6952,0.0807,4
10232,6638,0.0629,5
10232,5108,0.0366,6
10233,9038,0.6651,1
10233,5273,0.1583,2
10233,5094,0.0617,3
10233,13408,0.0604,4
10233,11234,0.0409,5
10233,13075,0.0135,6
10234,5808,0.3186,1
10234,5126,0.2774,2
10234,4416,0.1677,3
10234,2836,0.1139,4
10234,8620,0.0884,5
10234,16987,0.0187,6
10234,3310,0.0152,7
10235,4648,0.5261,1
10235,2567,0.2887,2
10235,5707,0.1851,3
10236,4398,0.5072,1
10236,3170,0.4746,2
10236,3753,0.0181,3
10237,8242,0.7586,1
10237,9278,0.2414,2
10238,16682,0.5682,1
10238,16636,0.2398,2
10238,11256,0.165,3
10238,16456,0.0134,4
10238,9693,0.0116,5
10238,3105,0.0019,6
10239,2711,0.605,1
10239,9723,0.1795,2
10239,6425,0.1339,3
10239,6447,0.0336,4
10239,3576,0.0312,5
10239,10551,0.0102,6
10239,5749,0.0065,7
10240,5008,0.3542,1
10240,3978,0.2627,2
10240,6577,0.2172,3
10240,10190,0.1378,4
10240,7973,0.0281,5
10241,6058,0.4121,1
10241,2907,0.2084,2
10241,16966,0.2036,3
10241,9210,0.1042,4
10241,4563,0.0468,5
10241,5285,0.025,6
10242,6952,0.7643,1
10242,2323,0.2357,2
10243,5120,0.3416,1
10243,8337,0.2481,2
10243,3986,0.2005,3
10243,2349,0.1828,4
10243,8508,0.0168,5
10243,2548,0.0101,6
10244,3001,0.3604,1
10244,8254,0.2154,2
10244,3220,0.1416,3
10244,6569,0.1121,4
10244,5077,0.083,5
10244,4234,0.0592,6
10244,10615,0.0284,7
10245,4031,0.4807,1
10245,5608,0.4791,2
10245,16298,0.0402,3
10246,14343,0.484,1
10246,8474,0.3023,2
10246,2820,0.2137,3
10247,7825,0.3598,1
10247,6349,0.271,2
10247,15452,0.1529,3
10247,8596,0.1408,4
10247,7305,0.0413,5
10247,6458,0.0342,6
10248,6241,0.6012,1
10248,10360,0.3584,2
10248,9562,0.0349,3
10248,7193,0.0044,4
10248,8551,0.0011,5
10249,10220,0.9492,1
10249,10267,0.0461,2
10249,10266,0.0048,3
10250,7344,0.3058,1
10250,2361,0.2515,2
10250,11030,0.2021,3
10250,5656,0.097,4
10250,8715,0.0776,5
10250,5116,0.0572,6
10250,8158,0.0088,7
10251,10994,0.4364,1
10251,9796,0.2701,2
10251,17496,0.1853,3
10251,7064,0.0501,4
10251,15846,0.0336,5
10251,9271,0.0244,6
10252,12043,0.7811,1
10252,11927,0.0942,2
10252,3653,0.0552,3
10252,12739,0.0486,4
10252,8248,0.0208,5
10253,2426,0.4185,1
10253,8617,0.3621,2
10253,2791,0.1501,3
10253,10559,0.0516,4
10253,6009,0.0138,5
10253,2082,0.0039,6
10254,3327,0.348,1
10254,13955,0.3003,2
10254,15096,0.2903,3
10254,5814,0.0614,4
10255,12934,0.6245,1
10255,12265,0.3077,2
10255,16514,0.0434,3
10255,13090,0.0244,4
10256,8295,0.8601,1
10256,3589,0.0796,2
10256,10350,0.0603,3
10257,3417,0.8993,1
10257,1640,0.082,2
10257,3708,0.0132,3
10257,8279,0.0055,4
10258,15880,0.9139,1
10258,8733,0.0446,2
10258,15019,0.0415,3
10259,5882,0.5112,1
10259,7624,0.3367,2
10259,3565,0.1107,3
10259,6044,0.0241,4
10259,2173,0.0172,5
10259,7893,0.0001,6
10260,5901,1.0,1
10261,12906,0.3116,1
10261,12331,0.247,2
10261,13712,0.2254,3
10261,6908,0.1396,4
10261,2704,0.0655,5
10261,5926,0.0108,6
10261,6472,0.0,7
10262,5910,0.5631,1
10262,5662,0.4369,2
10263,7787,0.3486,1
10263,11143,0.2609,2
10263,8031,0.2071,3
10263,5320,0.1431,4
10263,5182,0.0268,5
10263,10667,0.0135,6
10264,10561,0.4384,1
10264,9673,0.304,2
10264,2052,0.2576,3
10265,1700,0.9963,1
10265,3781,0.0026,2
10265,3069,0.0011,3
10266,8622,0.7208,1
10266,5505,0.2543,2
10266,9718,0.0249,3
10267,8195,0.4592,1
10267,7599,0.208,2
10267,4730,0.1579,3
10267,8555,0.1131,4
10267,6717,0.049,5
10267,6804,0.0128,6
10268,13610,0.5173,1
10268,3033,0.2833,2
10268,6599,0.1761,3
10268,17495,0.014,4
10268,9814,0.0092,5
10269,12694,0.9503,1
10269,9166,0.0322,2
10269,7006,0.0174,3
10270,8839,0.4253,1
10270,2618,0.2217,2
10270,2054,0.1868,3
10270,11207,0.1599,4
10270,5485,0.0064,5
10271,3893,0.4169,1
10271,2201,0.2948,2
10271,4438,0.253,3
10271,4569,0.019,4
10271,8909,0.0163,5
10272,13432,0.3958,1
10272,9872,0.3519,2
10272,11879,0.2019,3
10272,16361,0.0334,4
10272,14237,0.0169,5
10273,2324,0.8262,1
10273,5030,0.1245,2
10273,6461,0.0493,3
10274,16165,0.684,1
10274,2244,0.2146,2
10274,8271,0.1014,3
10275,5983,0.4156,1
10275,7827,0.2242,2
10275,8987,0.2025,3
10275,10977,0.1408,4
10275,9192,0.0169,5
10276,1906,0.3278,1
10276,1916,0.2199,2
10276,6703,0.2172,3
10276,12389,0.1076,4
10276,12799,0.0749,5
10276,12983,0.0358,6
10276,16950,0.0169,7
10277,1958,0.3955,1
10277,4483,0.2912,2
10277,7306,0.2398,3
10277,6392,0.0593,4
10277,4730,0.0142,5
10278,6903,0.6021,1
10278,2638,0.2772,2
10278,9678,0.0769,3
10278,11364,0.0438,4
10279,11113,0.3877,1
10279,8076,0.2556,2
10279,4023,0.1556,3
10279,14283,0.1155,4
10279,16348,0.0559,5
10279,11387,0.0297,6
10280,8787,0.6039,1
10280,16905,0.1889,2
10280,17422,0.1702,3
10280,6950,0.037,4
10281,11596,0.3542,1
10281,5638,0.3519,2
10281,17187,0.154,3
10281,6402,0.1399,4
10282,10789,0.6468,1
10282,1842,0.2136,2
10282,5483,0.0747,3
10282,8517,0.0634,4
10282,3368,0.0016,5
10283,9888,0.6093,1
10283,6187,0.2668,2
10283,11376,0.1082,3
10283,9102,0.0156,4
10284,15159,0.4941,1
10284,6356,0.4867,2
10284,11482,0.0192,3
10285,4531,0.3218,1
10285,8568,0.2796,2
10285,3517,0.1557,3
10285,7258,0.1342,4
10285,4611,0.0778,5
10285,9086,0.0309,6
10286,8426,0.7192,1
10286,9651,0.1679,2
10286,8163,0.113,3
10287,2309,0.3005,1
10287,4158,0.2259,2
10287,10138,0.1379,3
10287,7915,0.1218,4
10287,6728,0.1116,5
10287,2376,0.0725,6
10287,7968,0.0299,7
10288,4705,0.7193,1
10288,2304,0.2201,2
10288,6457,0.0481,3
10288,1868,0.0124,4
10289,7569,0.9096,1
10289,9452,0.0904,2
10290,7686,0.717,1
10290,14861,0.154,2
10290,7860,0.1291,3
10291,13054,0.4945,1
10291,9512,0.4433,2
10291,17589,0.0573,3
10291,4052,0.003,4
10291,4563,0.0019,5
10292,11486,0.7937,1
10292,13698,0.1064,2
10292,1816,0.0998,3
10293,12831,0.524,1
10293,3070,0.2768,2
10293,7754,0.1353,3
10293,3166,0.0639,4
10294,9873,0.3461,1
10294,6250,0.2731,2
10294,4933,0.2023,3
10294,3443,0.149,4
10294,10970,0.0295,5
10295,7762,1.0,1
10296,15662,0.5838,1
10296,4428,0.2768,2
10296,6224,0.09,3
10296,14867,0.049,4
10296,13304,0.0004,5
10297,4932,0.5744,1
10297,5395,0.2786,2
10297,2307,0.0857,3
10297,4764,0.051,4
10297,6501,0.0104,5
10298,14752,0.5955,1
10298,7678,0.3905,2
10298,10125,0.014,3
10299,12643,0.4453,1
10299,10946,0.2522,2
10299,4967,0.179,3
10299,6400,0.0709,4
10299,9777,0.0387,5
10299,5502,0.0139,6
10300,9365,0.4271,1
10300,6149,0.1778,2
10300,5612,0.139,3
10300,8019,0.1108,4
10300,9541,0.0799,5
10300,10127,0.0654,6
10301,9913,0.4602,1
10301,7181,0.381,2
10301,9481,0.095,3
10301,6028,0.0638,4
10302,9951,0.3567,1
10302,3414,0.3195,2
10302,8382,0.1642,3
10302,8105,0.0847,4
10302,9749,0.0749,5
10303,9518,0.2963,1
10303,4081,0.2748,2
10303,4513,0.2129,3
10303,5699,0.1529,4
10303,7976,0.0631,5
10304,6986,0.525,1
10304,4667,0.3172,2
10304,10938,0.1263,3
10304,4678,0.0196,4
10304,4555,0.0119,5
10305,7237,0.6978,1
10305,9157,0.2912,2
10305,11404,0.011,3
10306,5913,0.4709,1
10306,6766,0.3548,2
10306,3226,0.1364,3
10306,5088,0.0379,4
10307,3254,0.4847,1
10307,3911,0.3898,2
10307,9031,0.1018,3
10307,6100,0.0237,4
10308,6664,0.3582,1
10308,5464,0.2361,2
10308,9775,0.1834,3
10308,4060,0.124,4
10308,9776,0.0983,5
10309,9905,0.2911,1
10309,8631,0.2587,2
10309,3441,0.1882,3
10309,7956,0.1823,4
10309,4148,0.0639,5
10309,2841,0.0158,6
10310,13326,0.5659,1
10310,1846,0.2218,2
10310,3393,0.1129,3
10310,12300,0.0993,4
10311,3479,0.3221,1
10311,5308,0.2719,2
10311,4168,0.1928,3
10311,10567,0.1706,4
10311,3329,0.0427,5
10312,9273,0.3907,1
10312,3355,0.2036,2
10312,16793,0.1764,3
10312,10568,0.1387,4
10312,16041,0.0601,5
10312,11447,0.0305,6
10313,6811,0.4579,1
10313,9553,0.4443,2
10313,4219,0.0804,3
10313,7826,0.0174,4
10314,14360,0.2659,1
10314,5127,0.2487,2
10314,6938,0.1988,3
10314,15431,0.1044,4
10314,6618,0.1027,5
10314,12367,0.0795,6
10315,16190,0.6366,1
10315,15055,0.2272,2
10315,2795,0.0756,3
10315,2127,0.0606,4
10316,2126,0.5155,1
10316,5250,0.1808,2
10316,17162,0.159,3
10316,11055,0.1437,4
10316,2724,0.0011,5
10317,13482,0.3292,1
10317,12525,0.1525,2
10317,8910,0.1483,3
10317,2901,0.1312,4
10317,3339,0.109,5
10317,17502,0.0786,6
10317,11586,0.0512,7
10318,8393,0.3516,1
10318,2424,0.2334,2
10318,5075,0.2059,3
10318,11992,0.1882,4
10318,15771,0.0167,5
10318,5648,0.0041,6
10319,15982,0.4159,1
10319,9739,0.3211,2
10319,4059,0.1345,3
10319,14317,0.1285,4
10320,7925,0.6042,1
10320,4285,0.2178,2
10320,4857,0.0999,3
10320,4476,0.0755,4
10320,4622,0.0026,5
10321,10204,0.3982,1
10321,9993,0.2733,2
10321,8148,0.1946,3
10321,4217,0.0738,4
10321,7366,0.0318,5
10321,10324,0.0283,6
10322,1642,0.479,1
10322,4617,0.2875,2
10322,13872,0.146,3
10322,13816,0.0875,4
10323,5569,0.3457,1
10323,5473,0.3402,2
10323,5900,0.2956,3
10323,5825,0.0175,4
10323,10782,0.001,5
10324,9842,0.4473,1
10324,14749,0.3724,2
10324,15271,0.1621,3
10324,15634,0.0183,4
10325,6711,0.318,1
10325,3044,0.2121,2
10325,9784,0.1842,3
10325,3583,0.1782,4
10325,8055,0.107,5
10325,9696,0.0005,6
10326,8873,0.5287,1
10326,9905,0.2948,2
10326,5154,0.1033,3
10326,6221,0.0488,4
10326,10358,0.0244,5
10327,2241,0.4345,1
10327,5393,0.3428,2
10327,3284,0.2227,3
10328,17587,0.4763,1
10328,4698,0.2661,2
10328,1850,0.1333,3
10328,10850,0.1243,4
10329,5822,0.4994,1
10329,12726,0.4758,2
10329,11377,0.0248,3
10330,2995,0.2465,1
10330,12505,0.2217,2
10330,13732,0.1776,3
10330,6885,0.1401,4
10330,6555,0.0968,5
10330,17193,0.0922,6
10330,2703,0.0251,7
10331,5828,0.3277,1
10331,8234,0.3147,2
10331,3235,0.2903,3
10331,1883,0.0673,4
10332,4580,0.6177,1
10332,8591,0.2736,2
10332,4097,0.0894,3
10332,9411,0.0193,4
10333,9632,0.5054,1
10333,8465,0.3829,2
10333,9235,0.0619,3
10333,1698,0.0298,4
10333,6010,0.02,5
10334,2084,0.5674,1
10334,3826,0.2252,2
10334,3343,0.1766,3
10334,4234,0.0307,4
10335,10003,0.5186,1
10335,7216,0.2468,2
10335,3594,0.2346,3
10336,15932,0.7761,1
10336,9339,0.1645,2
10336,8157,0.0594,3
10337,17508,0.5909,1
10337,14892,0.1328,2
10337,16621,0.1313,3
10337,7876,0.074,4
10337,16162,0.0455,5
10337,16725,0.0254,6
10338,13576,0.5637,1
10338,3513,0.401,2
10338,10641,0.0352,3
10339,3583,0.3067,1
10339,7692,0.2095,2
10339,10297,0.1961,3
10339,8178,0.1165,4
10339,9113,0.0904,5
10339,8054,0.0808,6
10340,8116,0.5196,1
10340,1992,0.2078,2
10340,15640,0.1913,3
10340,14204,0.0813,4
10341,5892,0.7116,1
10341,8110,0.2095,2
10341,7093,0.0789,3
10342,9937,0.3943,1
10342,3951,0.3273,2
10342,11111,0.1595,3
10342,4406,0.0933,4
10342,2753,0.0256,5
10343,7935,0.4842,1
10343,2911,0.2645,2
10343,3691,0.1066,3
10343,10577,0.0541,4
10343,7948,0.0484,5
10343,11114,0.0229,6
10343,5699,0.0193,7
10344,5095,0.5376,1
10344,4014,0.2177,2
10344,8546,0.1956,3
10344,17255,0.0491,4
10345,5492,0.4091,1
10345,4514,0.2321,2
10345,3663,0.1751,3
10345,10138,0.1737,4
10345,6973,0.0101,5
10346,7867,0.2955,1
10346,2260,0.2751,2
10346,7288,0.2069,3
10346,6482,0.1389,4
10346,10283,0.063,5
10346,9076,0.0205,6
10347,9266,0.5427,1
10347,10566,0.2709,2
10347,3785,0.1253,3
10347,4216,0.0611,4
10348,3676,0.5271,1
10348,6314,0.2813,2
10348,4271,0.1476,3
10348,3897,0.0421,4
10348,2837,0.0019,5
10349,10710,0.2374,1
10349,4632,0.2278,2
10349,14073,0.1675,3
10349,12575,0.1473,4
10349,17224,0.1229,5
10349,11765,0.0886,6
10349,5968,0.0085,7
10350,3602,0.3818,1
10350,3640,0.2339,2
10350,9748,0.2007,3
10350,6414,0.1836,4
10351,8759,0.4281,1
10351,10419,0.2044,2
10351,1917,0.177,3
10351,4292,0.0912,4
10351,9306,0.0603,5
10351,2199,0.039,6
10352,2448,0.3685,1
10352,4323,0.2509,2
10352,11300,0.2285,3
10352,5356,0.0857,4
10352,17354,0.0487,5
10352,17516,0.0176,6
10353,3390,0.7713,1
10353,15300,0.2287,2
10354,2867,0.3679,1
10354,11321,0.2668,2
10354,5745,0.2575,3
10354,2232,0.1063,4
10354,6636,0.0015,5
10355,12594,0.9624,1
10355,12578,0.0375,2
10355,2033,0.0002,3
10356,17102,0.8005,1
10356,12429,0.1405,2
10356,15754,0.059,3
10357,5633,1.0,1
10358,1843,0.7087,1
10358,4501,0.1331,2
10358,3354,0.0842,3
10358,4542,0.0446,4
10358,4115,0.0183,5
10358,9309,0.0062,6
10358,8166,0.005,7
10359,5788,0.6093,1
10359,3897,0.2227,2
10359,5612,0.1644,3
10359,2273,0.0035,4
10360,8720,0.4219,1
10360,5243,0.2015,2
10360,8400,0.1111,3
10360,8678,0.0992,4
10360,6709,0.0821,5
10360,4765,0.065,6
10360,6236,0.0191,7
10361,14749,0.4519,1
10361,14903,0.3268,2
10361,6008,0.2009,3
10361,14455,0.0131,4
10361,9829,0.0073,5
10362,9871,0.2821,1
10362,5976,0.2147,2
10362,5153,0.1774,3
10362,6123,0.1732,4
10362,5774,0.0881,5
10362,5575,0.0558,6
10362,7446,0.0086,7
10363,6246,0.5259,1
10363,8862,0.2928,2
10363,6682,0.1813,3
10364,14431,0.5018,1
10364,10687,0.1897,2
10364,15852,0.148,3
10364,1749,0.1097,4
10364,2351,0.0508,5
10365,8610,0.4553,1
10365,6546,0.3939,2
10365,8202,0.1508,3
10366,15360,0.7595,1
10366,7115,0.1415,2
10366,17434,0.099,3
10367,12317,0.3396,1
10367,6475,0.334,2
10367,13939,0.2134,3
10367,9619,0.0664,4
10367,2329,0.0227,5
10367,15630,0.0155,6
10367,13202,0.0084,7
10368,3644,0.3377,1
10368,2370,0.3276,2
10368,11252,0.18,3
10368,10439,0.1467,4
10368,7150,0.0079,5
10369,1927,0.9192,1
10369,6634,0.0648,2
10369,3454,0.016,3
10370,9756,0.7971,1
10370,7094,0.1906,2
10370,8932,0.0123,3
10371,8091,0.4862,1
10371,10635,0.2952,2
10371,5472,0.2186,3
10372,8832,0.9339,1
10372,6039,0.0553,2
10372,3138,0.0108,3
10373,6285,0.8832,1
10373,9174,0.0652,2
10373,6414,0.0515,3
10374,7802,0.3972,1
10374,17219,0.2596,2
10374,9111,0.1794,3
10374,8552,0.1159,4
10374,10280,0.0479,5
10375,7420,0.4238,1
10375,10663,0.1861,2
10375,6704,0.168,3
10375,5353,0.15,4
10375,5714,0.0543,5
10375,5904,0.0178,6
10376,4813,0.413,1
10376,3619,0.3251,2
10376,8933,0.1333,3
10376,10088,0.0649,4
10376,6376,0.0637,5
10377,4462,0.7078,1
10377,5007,0.2439,2
10377,3091,0.0484,3
10378,10412,0.4138,1
10378,8189,0.2997,2
10378,8022,0.197,3
10378,8599,0.0755,4
10378,2024,0.0139,5
10379,7963,0.4248,1
10379,10104,0.3442,2
10379,3375,0.1319,3
10379,11086,0.0551,4
10379,7144,0.0324,5
10379,6987,0.0116,6
10380,2228,0.3794,1
10380,8575,0.3166,2
10380,9860,0.166,3
10380,4216,0.138,4
10381,15723,0.7402,1
10381,8502,0.2057,2
10381,6076,0.0541,3
10382,17084,0.2951,1
10382,10317,0.253,2
10382,7294,0.2439,3
10382,3327,0.1942,4
10382,7841,0.009,5
10382,2611,0.0036,6
10382,15447,0.0011,7
10383,10023,0.907,1
10383,12231,0.0489,2
10383,7128,0.0441,3
10384,2074,0.381,1
10384,10118,0.2728,2
10384,15960,0.1713,3
10384,1865,0.1145,4
10384,12901,0.0487,5
10384,15880,0.0116,6
10385,5998,0.6622,1
10385,9162,0.2035,2
10385,2038,0.0591,3
10385,7939,0.0522,4
10385,9622,0.0229,5
10386,12954,0.8711,1
10386,8675,0.0778,2
10386,7299,0.0511,3
10387,7298,0.8844,1
10387,4121,0.1156,2
10388,5013,0.7417,1
10388,11618,0.1353,2
10388,2321,0.1049,3
10388,11619,0.0099,4
10388,5502,0.0068,5
10388,11697,0.0014,6
10389,6512,0.3377,1
10389,5262,0.2411,2
10389,7856,0.2403,3
10389,6222,0.095,4
10389,13300,0.0469,5
10389,2024,0.0374,6
10389,5555,0.0015,7
10390,7804,0.5353,1
10390,4264,0.2089,2
10390,10545,0.0998,3
10390,7112,0.0809,4
10390,8630,0.0707,5
10390,10676,0.0044,6
10391,13647,0.5698,1
10391,2317,0.298,2
10391,4157,0.1323,3
10392,3737,0.5929,1
10392,7167,0.2209,2
10392,10173,0.1764,3
10392,5827,0.0098,4
10393,3600,0.3299,1
10393,3727,0.2619,2
10393,7343,0.2246,3
10393,4501,0.0869,4
10393,6863,0.0791,5
10393,3245,0.0176,6
10394,11319,0.5087,1
10394,9929,0.434,2
10394,9915,0.0507,3
10394,9781,0.0066,4
10395,9378,0.8068,1
10395,6353,0.1363,2
10395,5132,0.0569,3
10396,8103,0.3612,1
10396,14166,0.3038,2
10396,11675,0.1371,3
10396,10902,0.1012,4
10396,14978,0.0951,5
10396,10473,0.0015,6
10396,9980,0.0001,7
10397,3538,0.5421,1
10397,5242,0.3664,2
10397,11176,0.0752,3
10397,6411,0.0163,4
10398,8528,0.8399,1
10398,4856,0.0945,2
10398,2756,0.0656,3
10399,7393,1.0,1
10400,4778,0.4507,1
10400,10730,0.3759,2
10400,4770,0.1554,3
10400,6918,0.0165,4
10400,6863,0.0015,5
10401,2972,0.6189,1
10401,14950,0.2051,2
10401,2708,0.1099,3
10401,7163,0.0661,4
10402,10383,0.4585,1
10402,11154,0.2234,2
10402,10767,0.1538,3
10402,13462,0.135,4
10402,2223,0.0293,5
10403,4765,0.5189,1
10403,3148,0.2008,2
10403,8355,0.158,3
10403,9911,0.0555,4
10403,10826,0.046,5
10403,5536,0.0208,6
10404,2525,0.3871,1
10404,11069,0.3358,2
10404,11335,0.2393,3
10404,2729,0.0351,4
10404,5892,0.0027,5
10405,4272,0.4979,1
10405,3239,0.3635,2
10405,6916,0.1386,3
10406,6428,0.6087,1
10406,4841,0.315,2
10406,4429,0.0763,3
10407,2590,0.4057,1
10407,6374,0.2826,2
10407,10724,0.2022,3
10407,5667,0.1022,4
10407,6057,0.0073,5
10408,3395,0.5027,1
10408,7222,0.4673,2
10408,6332,0.03,3
10409,5248,1.0,1
10410,4674,0.6916,1
10410,2496,0.1119,2
10410,4250,0.1053,3
10410,7018,0.0861,4
10410,8058,0.0051,5
10411,9216,0.5401,1
10411,4960,0.388,2
10411,3756,0.0719,3
10412,4842,0.5559,1
10412,9415,0.3261,2
10412,3644,0.118,3
10413,15226,0.3419,1
10413,8993,0.2655,2
10413,6699,0.2524,3
10413,7211,0.1266,4
10413,15827,0.0136,5
10414,12080,0.3817,1
10414,3140,0.2845,2
10414,10706,0.2512,3
10414,16433,0.0697,4
10414,9918,0.0129,5
10415,4850,0.5115,1
10415,4792,0.2161,2
10415,6758,0.209,3
10415,12771,0.0476,4
10415,3619,0.0158,5
10416,6149,0.5055,1
10416,10027,0.292,2
10416,3424,0.1634,3
10416,4292,0.0241,4
10416,4380,0.015,5
10417,5922,0.5468,1
10417,4581,0.1115,2
10417,3654,0.1018,3
10417,6010,0.0898,4
10417,8129,0.0702,5
10417,5228,0.0635,6
10417,6410,0.0164,7
10418,15350,0.6755,1
10418,16911,0.141,2
10418,13725,0.0801,3
10418,11249,0.0595,4
10418,16088,0.0439,5
10419,16959,0.2355,1
10419,4374,0.2242,2
10419,11205,0.2137,3
10419,3347,0.1524,4
10419,11270,0.1164,5
10419,17497,0.03,6
10419,9747,0.0277,7
10420,3393,0.8131,1
10420,13182,0.1816,2
10420,7041,0.0053,3
10421,11007,0.5059,1
10421,7321,0.3594,2
10421,10070,0.1347,3
10422,9385,0.5625,1
10422,3457,0.2841,2
10422,6766,0.1534,3
10423,2162,0.6388,1
10423,9307,0.2045,2
10423,6200,0.1564,3
10423,2902,0.0003,4
10424,7258,0.3202,1
10424,4093,0.2384,2
10424,8315,0.155,3
10424,6631,0.1546,4
10424,1806,0.1317,5
10425,5273,0.4169,1
10425,8852,0.3475,2
10425,15971,0.2356,3
10426,9838,0.7687,1
10426,4988,0.1281,2
10426,11312,0.0385,3
10426,11106,0.0361,4
10426,6447,0.0148,5
10426,9781,0.0123,6
10426,10871,0.0016,7
10427,12443,1.0,1
10428,8534,0.6739,1
10428,10593,0.1662,2
10428,9389,0.1169,3
10428,6976,0.0245,4
10428,2867,0.0184,5
10428,3128,0.0001,6
10429,7878,0.377,1
10429,1655,0.2505,2
10429,6755,0.2287,3
10429,8123,0.0666,4
10429,6797,0.0421,5
10429,3936,0.0351,6
10430,4393,0.7272,1
10430,3207,0.1999,2
10430,4489,0.0317,3
10430,5079,0.0222,4
10430,7649,0.019,5
10431,15243,0.6625,1
10431,4656,0.2194,2
10431,11706,0.1181,3
10432,3095,0.5324,1
10432,3482,0.2957,2
10432,4641,0.0598,3
10432,9504,0.0522,4
10432,2591,0.0443,5
10432,5819,0.0156,6
10433,5119,0.2765,1
10433,17245,0.2631,2
10433,6061,0.2569,3
10433,3389,0.1171,4
10433,10276,0.0609,5
10433,17458,0.0252,6
10433,16701,0.0003,7
10434,9801,0.303,1
10434,4998,0.2684,2
10434,10132,0.2141,3
10434,3375,0.1267,4
10434,6506,0.0873,5
10434,10692,0.0004,6
10435,1909,0.7154,1
10435,3956,0.1734,2
10435,4710,0.0887,3
10435,7974,0.0225,4
10436,16481,0.3033,1
10436,14499,0.2765,2
10436,13755,0.24,3
10436,12252,0.0924,4
10436,1691,0.0877,5
10437,6440,0.479,1
10437,4781,0.4416,2
10437,13314,0.0794,3
10438,2301,1.0,1
10439,8539,0.695,1
10439,8965,0.1139,2
10439,4852,0.1057,3
10439,3172,0.0326,4
10439,10267,0.0267,5
10439,11365,0.0261,6
10440,2830,0.3037,1
10440,3354,0.2168,2
10440,4412,0.201,3
10440,5346,0.1876,4
10440,9705,0.0909,5
10441,5640,0.4232,1
10441,1958,0.3228,2
10441,6232,0.1759,3
10441,6708,0.078,4
10442,3815,0.4918,1
10442,6117,0.4804,2
10442,3432,0.015,3
10442,5017,0.0128,4
10443,3568,0.4302,1
10443,3548,0.3431,2
10443,3644,0.2267,3
10444,15992,0.4133,1
10444,14462,0.2409,2
10444,11104,0.1356,3
10444,16864,0.1164,4
10444,17090,0.0508,5
10444,2901,0.0385,6
10444,14388,0.0046,7
10445,2365,0.9131,1
10445,5749,0.0402,2
10445,3496,0.0269,3
10445,3644,0.0108,4
10445,8545,0.0089,5
10446,7156,0.3661,1
10446,5659,0.1783,2
10446,12604,0.1699,3
10446,14414,0.1502,4
10446,14203,0.085,5
10446,14014,0.0483,6
10446,3843,0.0021,7
10447,2938,0.6022,1
10447,6753,0.3159,2
10447,15092,0.0819,3
10448,7023,0.5691,1
10448,7590,0.246,2
10448,6534,0.0967,3
10448,4916,0.0621,4
10448,4074,0.0261,5
10449,13206,0.6742,1
10449,12327,0.1612,2
10449,13845,0.1066,3
10449,2822,0.0387,4
10449,13840,0.0194,5
10450,7719,0.3811,1
10450,8862,0.2723,2
10450,5947,0.1593,3
10450,4346,0.1273,4
10450,8504,0.0566,5
10450,11265,0.0035,6
10451,7085,0.4898,1
10451,2232,0.228,2
10451,3809,0.1807,3
10451,2199,0.073,4
10451,4940,0.0156,5
10451,1736,0.0129,6
10452,2044,0.3236,1
10452,13555,0.3199,2
10452,11405,0.2193,3
10452,3590,0.0715,4
10452,12601,0.0656,5
10453,10549,0.6601,1
10453,6588,0.1247,2
10453,3121,0.0998,3
10453,2033,0.078,4
10453,6169,0.0246,5
10453,11763,0.0129,6
10454,5445,0.8272,1
10454,4006,0.1728,2
10455,6565,0.4667,1
10455,11365,0.367,2
10455,2892,0.0807,3
10455,9318,0.0694,4
10455,9437,0.0085,5
10455,5870,0.0077,6
10456,2979,0.5603,1
10456,3305,0.2167,2
10456,10234,0.1676,3
10456,3887,0.0554,4
10457,4469,0.4748,1
10457,3025,0.2791,2
10457,10806,0.1835,3
10457,4116,0.0506,4
10457,9130,0.012,5
10458,5465,0.4158,1
10458,5695,0.4102,2
10458,15997,0.0989,3
10458,9893,0.0751,4
10459,10008,0.5301,1
10459,7049,0.1729,2
10459,15918,0.1253,3
10459,14698,0.0983,4
10459,14051,0.0734,5
10460,10832,1.0,1
10461,1665,0.9354,1
10461,5084,0.0646,2
10462,5294,0.3952,1
10462,8424,0.2258,2
10462,4254,0.1593,3
10462,11347,0.1143,4
10462,5703,0.0863,5
10462,1944,0.019,6
10463,4768,0.5269,1
10463,17495,0.2477,2
10463,15386,0.1111,3
10463,2976,0.0845,4
10463,6469,0.0298,5
10464,5158,0.6312,1
10464,7106,0.2303,2
10464,7206,0.1385,3
10465,3173,0.4736,1
10465,2793,0.1592,2
10465,11545,0.1567,3
10465,13936,0.0831,4
10465,12292,0.0762,5
10465,8103,0.0396,6
10465,10651,0.0116,7
10466,3559,0.4141,1
10466,2618,0.2174,2
10466,7860,0.2162,3
10466,2425,0.1179,4
10466,12150,0.0267,5
10466,13959,0.0078,6
10467,15431,0.6047,1
10467,15690,0.2223,2
10467,2257,0.1494,3
10467,7191,0.0236,4
10468,6755,0.3782,1
10468,2638,0.3214,2
10468,4773,0.3004,3
10469,10680,0.4684,1
10469,11323,0.3101,2
10469,3404,0.1046,3
10469,2902,0.0818,4
10469,8493,0.0351,5
10470,6574,0.5537,1
10470,8350,0.1458,2
10470,2837,0.1113,3
10470,3595,0.1065,4
10470,10636,0.0431,5
10470,5826,0.0396,6
10471,7758,0.4136,1
10471,15663,0.2661,2
10471,9581,0.2346,3
10471,16468,0.0544,4
10471,17063,0.0313,5
10472,2067,0.3118,1
10472,10958,0.2612,2
10472,4878,0.2027,3
10472,4331,0.1094,4
10472,7026,0.0441,5
10472,1780,0.0407,6
10472,4191,0.03,7
10473,6994,0.6372,1
10473,5779,0.2025,2
10473,9276,0.1602,3
10474,7437,0.3819,1
10474,1746,0.2659,2
10474,4418,0.2548,3
10474,4580,0.0677,4
10474,3815,0.0298,5
10475,10349,0.7511,1
10475,3114,0.1597,2
10475,8557,0.0622,3
10475,3914,0.027,4
10476,11006,0.7022,1
10476,2499,0.258,2
10476,9928,0.0209,3
10476,6156,0.015,4
10476,3354,0.0039,5
10477,10070,0.5179,1
10477,6141,0.4808,2
10477,16375,0.0013,3
10478,5045,0.8114,1
10478,3685,0.1192,2
10478,6702,0.0657,3
10478,12767,0.0037,4
10479,15446,0.4348,1
10479,9717,0.2814,2
10479,2232,0.1306,3
10479,10504,0.0793,4
10479,8031,0.074,5
10480,7581,0.4698,1
10480,8389,0.3914,2
10480,7133,0.0904,3
10480,8098,0.039,4
10480,5683,0.0094,5
10481,11680,0.4129,1
10481,15182,0.3084,2
10481,14112,0.1358,3
10481,5708,0.0892,4
10481,7691,0.0292,5
10481,2486,0.0244,6
10482,13452,0.6834,1
10482,5357,0.2435,2
10482,16676,0.0731,3
10483,6493,1.0,1
10484,2256,0.7207,1
10484,8044,0.2387,2
10484,10309,0.0406,3
10485,4545,0.4743,1
10485,12637,0.4657,2
10485,5846,0.023,3
10485,5838,0.0224,4
10485,1986,0.0146,5
10486,10167,0.8035,1
10486,9439,0.1401,2
10486,3602,0.0484,3
10486,9150,0.0081,4
10487,8006,0.8474,1
10487,7355,0.0803,2
10487,5617,0.0449,3
10487,3773,0.014,4
10487,8272,0.0135,5
10488,8626,0.6528,1
10488,16338,0.1984,2
10488,12520,0.0792,3
10488,14952,0.0627,4
10488,5747,0.0069,5
10489,2055,0.3424,1
10489,9094,0.3407,2
10489,2785,0.1574,3
10489,5760,0.0954,4
10489,2430,0.0341,5
10489,5911,0.0274,6
10489,5710,0.0025,7
10490,10113,0.6519,1
10490,7285,0.2689,2
10490,4424,0.0792,3
10491,1945,0.4315,1
10491,8074,0.3516,2
10491,4576,0.195,3
10491,12153,0.0204,4
10491,15518,0.0012,5
10491,6693,0.0003,6
10492,14897,0.4534,1
10492,7670,0.2068,2
10492,14241,0.1756,3
10492,6875,0.1331,4
10492,2747,0.0312,5
10493,2494,0.3899,1
10493,2116,0.3676,2
10493,2968,0.2426,3
10494,12620,0.6005,1
10494,3546,0.3039,2
10494,3426,0.0853,3
10494,6376,0.0103,4
10495,8990,0.7487,1
10495,5765,0.2332,2
10495,1925,0.0118,3
10495,3422,0.0063,4
10496,3928,0.5911,1
10496,14036,0.1919,2
10496,14395,0.1466,3
10496,7513,0.0704,4
10497,6911,0.5754,1
10497,11569,0.3934,2
10497,1743,0.0312,3
10498,5996,0.6406,1
10498,4240,0.2548,2
10498,9522,0.1046,3
10499,4338,0.5261,1
10499,3674,0.37,2
10499,11727,0.0552,3
10499,8582,0.0355,4
10499,5739,0.0112,5
10499,4961,0.002,6
10500,16504,0.62,1
10500,14178,0.3235,2
10500,8789,0.0565,3
10501,2539,0.5519,1
10501,4146,0.1269,2
10501,4322,0.1223,3
10501,4233,0.0824,4
10501,7055,0.0706,5
10501,8427,0.0286,6
10501,3410,0.0173,7
10502,6112,0.4849,1
10502,4746,0.4344,2
10502,1674,0.0807,3
10503,11742,0.6704,1
10503,14088,0.2391,2
10503,11856,0.0873,3
10503,5443,0.0032,4
10504,2221,0.5055,1
10504,3413,0.3723,2
10504,12748,0.0684,3
10504,5506,0.0396,4
10504,9685,0.0136,5
10504,16961,0.0005,6
10505,10264,0.6183,1
10505,5495,0.2056,2
10505,15960,0.0941,3
10505,14890,0.082,4
10506,8305,0.8385,1
10506,7395,0.1008,2
10506,5939,0.0607,3
10507,16570,0.2724,1
10507,13988,0.2156,2
10507,9055,0.1658,3
10507,6244,0.1046,4
10507,1953,0.0896,5
10507,1871,0.0788,6
10507,8513,0.073,7
10508,7643,0.8713,1
10508,3799,0.1056,2
10508,7190,0.0231,3
10509,4596,0.759,1
10509,3708,0.241,2
10510,2758,0.4249,1
10510,2729,0.2586,2
10510,1884,0.1584,3
10510,2791,0.1438,4
10510,6457,0.0143,5
10511,1761,0.3854,1
10511,5090,0.3001,2
10511,11081,0.2532,3
10511,6437,0.0613,4
10512,1730,0.5639,1
10512,3012,0.3042,2
10512,4444,0.1275,3
10512,3634,0.0044,4
10513,4231,0.6075,1
10513,16570,0.376,2
10513,6584,0.0165,3
10514,11243,0.5447,1
10514,11599,0.296,2
10514,2629,0.1283,3
10514,12416,0.0241,4
10514,7710,0.0069,5
10515,9793,0.8884,1
10515,1936,0.1049,2
10515,6845,0.0067,3
10516,5417,0.6108,1
10516,11992,0.2233,2
10516,4183,0.0882,3
10516,4861,0.0758,4
10516,8583,0.0019,5
10517,11086,0.3416,1
10517,5741,0.3165,2
10517,8826,0.1773,3
10517,7797,0.1646,4
10517,7766,0.0,5
10518,12812,0.3841,1
10518,1950,0.3045,2
10518,17587,0.143,3
10518,5165,0.0954,4
10518,3442,0.073,5
10519,2407,0.3514,1
10519,1724,0.2922,2
10519,3576,0.1323,3
10519,10276,0.1084,4
10519,17371,0.1075,5
10519,9219,0.0081,6
10520,3658,0.3237,1
10520,10591,0.2872,2
10520,5697,0.2022,3
10520,8928,0.107,4
10520,3614,0.0598,5
10520,5155,0.0201,6
10521,9017,0.4465,1
10521,1952,0.4154,2
10521,11053,0.1378,3
10521,6434,0.0003,4
10522,2651,0.6041,1
10522,5070,0.3196,2
10522,4303,0.0763,3
10523,5703,0.5299,1
10523,2833,0.3116,2
10523,9573,0.148,3
10523,9370,0.0104,4
10524,15058,0.4827,1
10524,2630,0.3112,2
10524,6459,0.0991,3
10524,16424,0.0828,4
10524,1876,0.0242,5
10525,10304,0.7921,1
10525,2352,0.1171,2
10525,6851,0.0908,3
10526,8694,0.4137,1
10526,6348,0.3722,2
10526,4938,0.214,3
10527,3568,0.509,1
10527,8594,0.1381,2
10527,9463,0.137,3
10527,10100,0.0819,4
10527,10345,0.0643,5
10527,6894,0.0547,6
10527,5440,0.0151,7
10528,7213,0.7787,1
10528,7554,0.0846,2
10528,8048,0.0533,3
10528,11381,0.05,4
10528,6376,0.0315,5
10528,10380,0.0019,6
10529,10563,0.3102,1
10529,12990,0.22,2
10529,9894,0.193,3
10529,14432,0.1396,4
10529,9812,0.0939,5
10529,10885,0.0357,6
10529,3224,0.0075,7
10530,1824,0.5502,1
10530,3932,0.2664,2
10530,2070,0.1208,3
10530,10353,0.0627,4
10531,6996,0.3744,1
10531,4080,0.2354,2
10531,12154,0.2119,3
10531,12110,0.0973,4
10531,2152,0.0427,5
10531,11542,0.0379,6
10531,15084,0.0003,7
10532,5282,0.7974,1
10532,9076,0.2002,2
10532,10830,0.0024,3
10533,7308,0.5697,1
10533,10720,0.355,2
10533,2616,0.0753,3
10534,16160,0.5526,1
10534,11168,0.2499,2
10534,10949,0.1111,3
10534,7238,0.0794,4
10534,15784,0.007,5
10535,4175,0.424,1
10535,14346,0.2291,2
10535,12769,0.1888,3
10535,15079,0.1524,4
10535,3052,0.0057,5
10536,10847,0.6672,1
10536,9570,0.2208,2
10536,11268,0.083,3
10536,8470,0.0289,4
10537,6063,0.5351,1
10537,3934,0.1658,2
10537,5980,0.1417,3
10537,9493,0.0783,4
10537,2735,0.0692,5
10537,16152,0.0099,6
10538,4534,0.455,1
10538,4457,0.2645,2
10538,8357,0.1061,3
10538,8037,0.0936,4
10538,9840,0.0472,5
10538,7301,0.0336,6
10539,11741,0.7407,1
10539,14447,0.2021,2
10539,6120,0.0572,3
10540,4194,0.4258,1
10540,13701,0.3427,2
10540,16338,0.1238,3
10540,16489,0.0556,4
10540,2599,0.0521,5
10541,12892,0.4764,1
10541,14091,0.2322,2
10541,16343,0.1365,3
10541,6334,0.125,4
10541,9428,0.0299,5
10542,12149,0.378,1
10542,6619,0.3331,2
10542,10370,0.2548,3
10542,1694,0.034,4
10543,5279,0.4599,1
10543,6539,0.2982,2
10543,8457,0.2419,3
10544,8742,0.3885,1
10544,11777,0.2067,2
10544,12062,0.1805,3
10544,6324,0.1217,4
10544,11591,0.0687,5
10544,13702,0.0339,6
10545,15617,0.4636,1
10545,9207,0.2787,2
10545,5690,0.1964,3
10545,6820,0.0613,4
10546,9325,0.6303,1
10546,5904,0.3697,2
10547,17120,0.7389,1
10547,9077,0.1171,2
10547,12529,0.0901,3
10547,3575,0.0539,4
10548,1949,0.4005,1
10548,7662,0.1972,2
10548,8674,0.1544,3
10548,6181,0.1127,4
10548,5629,0.059,5
10548,6826,0.0473,6
10548,11372,0.029,7
10549,6022,0.5592,1
10549,7214,0.2932,2
10549,16616,0.1476,3
10550,4684,0.4602,1
10550,16845,0.4081,2
10550,14499,0.1317,3
10551,4833,0.6061,1
10551,11780,0.2278,2
10551,3350,0.1587,3
10551,13984,0.0071,4
10551,5036,0.0004,5
10552,5459,0.3538,1
10552,6478,0.3131,2
10552,3709,0.3025,3
10552,14629,0.0306,4
10553,11222,0.4923,1
10553,3348,0.3302,2
10553,3050,0.1367,3
10553,2688,0.0408,4
10554,5935,0.5884,1
10554,16327,0.2329,2
10554,11329,0.1786,3
10555,5453,0.386,1
10555,9369,0.3314,2
10555,10576,0.1862,3
10555,4635,0.0729,4
10555,1869,0.0235,5
10556,16032,0.3399,1
10556,11291,0.3136,2
10556,13712,0.2674,3
10556,2021,0.0791,4
10556,12581,0.0,5
10557,14094,0.3694,1
10557,10208,0.2161,2
10557,5515,0.1671,3
10557,14099,0.1093,4
10557,5900,0.0837,5
10557,6996,0.0502,6
10557,4548,0.0043,7
10558,8207,0.4341,1
10558,16637,0.2665,2
10558,5098,0.1349,3
10558,2312,0.1146,4
10558,3695,0.0192,5
10558,4418,0.0174,6
10558,17575,0.0133,7
10559,4129,0.4488,1
10559,6442,0.2907,2
10559,2923,0.2605,3
10560,3717,0.5051,1
10560,3180,0.4158,2
10560,10036,0.0791,3
10561,3776,0.6064,1
10561,6979,0.2508,2
10561,14118,0.1428,3
10562,4726,0.5073,1
10562,4922,0.1767,2
10562,5534,0.1524,3
10562,5045,0.1273,4
10562,4807,0.0302,5
10562,9177,0.006,6
10563,7503,0.558,1
10563,8473,0.1651,2
10563,10644,0.1601,3
10563,8173,0.0874,4
10563,12892,0.0294,5
10564,7401,0.4036,1
10564,7242,0.387,2
10564,7520,0.1066,3
10564,3817,0.1027,4
10565,1651,0.4681,1
10565,15134,0.2694,2
10565,4228,0.1631,3
10565,8134,0.0994,4
10566,9054,0.3448,1
10566,4501,0.3057,2
10566,4569,0.1869,3
10566,6098,0.1518,4
10566,1908,0.0108,5
10567,9723,0.2394,1
10567,9516,0.1969,2
10567,6232,0.1945,3
10567,8151,0.1618,4
10567,7274,0.0942,5
10567,6315,0.071,6
10567,6467,0.0421,7
10568,9450,0.4503,1
10568,9744,0.3008,2
10568,1877,0.2053,3
10568,2170,0.0436,4
10569,1901,0.6786,1
10569,8461,0.0885,2
10569,7628,0.0873,3
10569,5422,0.0701,4
10569,1872,0.0417,5
10569,10593,0.0292,6
10569,4326,0.0046,7
10570,6542,0.9673,1
10570,4304,0.0327,2
10571,9412,0.7377,1
10571,7919,0.1403,2
10571,4031,0.068,3
10571,5055,0.0539,4
10572,9260,0.4846,1
10572,9889,0.2301,2
10572,9150,0.1468,3
10572,6942,0.0637,4
10572,4044,0.0558,5
10572,7734,0.0112,6
10572,5440,0.0079,7
10573,5280,0.5855,1
10573,7322,0.2516,2
10573,3585,0.1242,3
10573,7624,0.0328,4
10573,5208,0.0058,5
10574,4457,0.4223,1
10574,5494,0.2769,2
10574,5053,0.1345,3
10574,1780,0.0994,4
10574,6662,0.0525,5
10574,8504,0.0144,6
10575,6593,0.3664,1
10575,14246,0.2818,2
10575,4337,0.2125,3
10575,5905,0.1393,4
10576,4145,0.4518,1
10576,5645,0.2424,2
10576,2111,0.1902,3
10576,5043,0.0608,4
10576,4908,0.0429,5
10576,7145,0.0118,6
10577,10186,0.5881,1
10577,6944,0.3206,2
10577,9329,0.0436,3
10577,2371,0.0295,4
10577,7232,0.0132,5
10577,8022,0.004,6
10577,6391,0.001,7
10578,6354,0.5468,1
10578,4856,0.1784,2
10578,17106,0.1262,3
10578,5577,0.0644,4
10578,3504,0.0387,5
10578,2350,0.0249,6
10578,4513,0.0206,7
10579,5489,0.3945,1
10579,9974,0.322,2
10579,2475,0.2104,3
10579,7732,0.044,4
10579,5031,0.0291,5
10580,3533,1.0,1
10581,10261,0.2457,1
10581,5640,0.2192,2
10581,1647,0.1852,3
10581,3684,0.1562,4
10581,1984,0.1181,5
10581,7731,0.069,6
10581,11285,0.0066,7
10582,2727,0.4658,1
10582,5810,0.3007,2
10582,6760,0.2033,3
10582,7225,0.0259,4
10582,5414,0.0043,5
10583,8363,0.2958,1
10583,7025,0.2951,2
10583,11129,0.2052,3
10583,3657,0.1135,4
10583,4217,0.0796,5
10583,8676,0.0108,6
10584,11071,0.292,1
10584,3802,0.2295,2
10584,4410,0.1897,3
10584,2807,0.1754,4
10584,4557,0.0686,5
10584,3644,0.0372,6
10584,4874,0.0076,7
10585,3506,0.462,1
10585,1774,0.2784,2
10585,3880,0.2595,3
10586,5955,0.4391,1
10586,9670,0.4218,2
10586,3839,0.0812,3
10586,6138,0.0579,4
10587,3444,0.5466,1
10587,3322,0.3908,2
10587,5789,0.0608,3
10587,2090,0.0017,4
10588,8091,0.313,1
10588,3434,0.2435,2
10588,8340,0.15,3
10588,2670,0.1334,4
10588,16783,0.0958,5
10588,15009,0.0482,6
10588,7681,0.0163,7
10589,8834,0.4903,1
10589,16952,0.4759,2
10589,17433,0.0241,3
10589,16114,0.0097,4
10590,13649,1.0,1
10591,10061,0.614,1
10591,8340,0.2314,2
10591,16423,0.1096,3
10591,6757,0.045,4
10592,2562,0.6704,1
10592,7274,0.2098,2
10592,3384,0.0652,3
10592,2444,0.0547,4
10593,11400,0.3425,1
10593,6414,0.3204,2
10593,9685,0.2534,3
10593,8282,0.0352,4
10593,9128,0.0295,5
10593,8826,0.0189,6
10594,7561,0.5596,1
10594,2794,0.2979,2
10594,7153,0.0814,3
10594,1836,0.0611,4
10595,8680,0.4467,1
10595,13404,0.2719,2
10595,16980,0.1089,3
10595,15691,0.0647,4
10595,2015,0.0485,5
10595,13985,0.0365,6
10595,11918,0.023,7
10596,9432,0.6775,1
10596,11238,0.2145,2
10596,13702,0.108,3
10597,17009,0.2832,1
10597,8267,0.2197,2
10597,5867,0.2058,3
10597,16982,0.1942,4
10597,8131,0.097,5
10598,3791,0.9271,1
10598,11070,0.0729,2
10599,8404,0.4999,1
10599,3852,0.2056,2
10599,17425,0.1212,3
10599,10170,0.1126,4
10599,8970,0.0607,5
10600,11043,0.3899,1
10600,2618,0.2057,2
10600,3508,0.1672,3
10600,5430,0.1466,4
10600,7885,0.0801,5
10600,2867,0.0105,6
10601,16327,0.4518,1
10601,5895,0.39,2
10601,3576,0.1582,3
10602,10365,0.4721,1
10602,8400,0.2259,2
10602,11184,0.2196,3
10602,2416,0.0824,4
10603,2216,0.5899,1
10603,4604,0.2504,2
10603,3441,0.1331,3
10603,1999,0.0266,4
10604,7732,0.5193,1
10604,9486,0.3771,2
10604,3210,0.1036,3
10605,12773,0.9359,1
10605,6489,0.0641,2
10606,7922,0.4409,1
10606,3083,0.182,2
10606,10718,0.1334,3
10606,6416,0.1192,4
10606,3630,0.0765,5
10606,5507,0.0479,6
10607,4059,0.9452,1
10607,4163,0.0548,2
10608,7382,0.539,1
10608,16860,0.1867,2
10608,16674,0.1378,3
10608,5523,0.1364,4
10609,9069,0.3769,1
10609,10064,0.2445,2
10609,4439,0.2207,3
10609,6608,0.1579,4
10610,4625,0.3605,1
10610,2740,0.3312,2
10610,3574,0.1702,3
10610,9716,0.138,4
10611,1677,0.5441,1
10611,3630,0.2543,2
10611,8255,0.0877,3
10611,2195,0.0582,4
10611,6662,0.0243,5
10611,9713,0.0233,6
10611,3432,0.0081,7
10612,2579,0.3485,1
10612,14784,0.3452,2
10612,6803,0.2372,3
10612,11903,0.069,4
10613,2881,0.2914,1
10613,4352,0.273,2
10613,14114,0.2303,3
10613,2817,0.2053,4
10614,5047,0.4156,1
10614,2260,0.3633,2
10614,11599,0.1347,3
10614,4916,0.0789,4
10614,3196,0.0074,5
10614,4104,0.0,6
10615,3280,0.3514,1
10615,3494,0.303,2
10615,13608,0.2014,3
10615,2494,0.1441,4
10616,9765,0.3748,1
10616,4886,0.2571,2
10616,3025,0.2011,3
10616,10614,0.1582,4
10616,5827,0.0088,5
10617,6703,0.6349,1
10617,9176,0.2523,2
10617,7671,0.1005,3
10617,15838,0.0122,4
10618,3136,0.3739,1
10618,3014,0.3582,2
10618,8676,0.1855,3
10618,11030,0.0359,4
10618,8519,0.0353,5
10618,9336,0.0113,6
10619,14306,1.0,1
10620,4903,0.5435,1
10620,10249,0.3216,2
10620,4442,0.1349,3
10621,5290,0.2264,1
10621,7532,0.2178,2
10621,6215,0.2004,3
10621,7295,0.1895,4
10621,5154,0.1026,5
10621,5456,0.048,6
10621,11098,0.0153,7
10622,7746,0.6074,1
10622,3040,0.2831,2
10622,6102,0.0717,3
10622,9483,0.0379,4
10623,1684,0.4347,1
10623,5567,0.3082,2
10623,3326,0.2572,3
10624,3628,0.8594,1
10624,11268,0.1356,2
10624,4738,0.005,3
10625,4754,0.3816,1
10625,5521,0.305,2
10625,7996,0.1581,3
10625,11839,0.1076,4
10625,11515,0.0275,5
10625,11999,0.0201,6
10626,4688,0.5271,1
10626,3456,0.2125,2
10626,9460,0.177,3
10626,8058,0.0811,4
10626,8101,0.0024,5
10627,4280,0.3705,1
10627,4283,0.3156,2
10627,8586,0.3139,3
10628,4408,0.3653,1
10628,17073,0.2612,2
10628,7077,0.2099,3
10628,15357,0.137,4
10628,12487,0.0266,5
10629,8380,0.5268,1
10629,10076,0.2597,2
10629,5346,0.094,3
10629,8452,0.0606,4
10629,5908,0.0589,5
10630,2075,0.5321,1
10630,16007,0.2239,2
10630,14872,0.1333,3
10630,2140,0.0746,4
10630,5622,0.0302,5
10630,2247,0.0059,6
10631,3126,0.3242,1
10631,3716,0.3157,2
10631,2954,0.2088,3
10631,7087,0.1218,4
10631,15640,0.0296,5
10632,13772,0.4969,1
10632,8046,0.2429,2
10632,4911,0.1657,3
10632,16472,0.0945,4
10633,11939,1.0,1
10634,5702,0.6421,1
10634,7786,0.2675,2
10634,1973,0.0541,3
10634,5434,0.0364,4
10635,4850,0.7674,1
10635,2022,0.1827,2
10635,9853,0.0469,3
10635,3218,0.0029,4
10636,4803,0.439,1
10636,15429,0.1917,2
10636,1655,0.1822,3
10636,7214,0.1359,4
10636,11691,0.0379,5
10636,15513,0.0071,6
10636,12729,0.0062,7
10637,4829,0.6977,1
10637,5296,0.1363,2
10637,13416,0.103,3
10637,6221,0.0558,4
10637,7285,0.0045,5
10637,2793,0.0028,6
10638,10227,0.5287,1
10638,11751,0.194,2
10638,12418,0.1695,3
10638,16736,0.1046,4
10638,14345,0.0032,5
10639,13222,0.8141,1
10639,10519,0.0943,2
10639,9498,0.0917,3
10640,3562,0.4863,1
10640,7386,0.4762,2
10640,4790,0.0301,3
10640,2495,0.0074,4
10641,7695,0.6477,1
10641,8491,0.1538,2
10641,15483,0.1422,3
10641,4744,0.0563,4
10642,6431,0.5033,1
10642,4778,0.4594,2
10642,8955,0.0336,3
10642,11258,0.0037,4
10643,12953,0.3189,1
10643,15489,0.2414,2
10643,8222,0.1745,3
10643,11795,0.1535,4
10643,3068,0.1118,5
10644,15189,0.4697,1
10644,2266,0.2997,2
10644,4697,0.0944,3
10644,11161,0.0585,4
10644,15243,0.0458,5
10644,13116,0.0188,6
10644,2827,0.0131,7
10645,8243,0.6157,1
10645,10587,0.3843,2
10646,16275,0.7555,1
10646,14582,0.2272,2
10646,7359,0.0172,3
10647,9306,0.4223,1
10647,2498,0.3575,2
10647,5642,0.2202,3
10648,8201,0.9465,1
10648,4507,0.0535,2
10649,5080,0.6074,1
10649,9839,0.3385,2
10649,3198,0.0541,3
10650,10321,0.5131,1
10650,6199,0.2801,2
10650,6599,0.1394,3
10650,15422,0.0349,4
10650,7070,0.0325,5
10651,10751,0.3782,1
10651,11168,0.3751,2
10651,12812,0.178,3
10651,7396,0.0687,4
10652,11550,0.4576,1
10652,6650,0.2594,2
10652,8129,0.1831,3
10652,17174,0.0396,4
10652,10975,0.0384,5
10652,10163,0.0219,6
10653,16693,0.4321,1
10653,4787,0.2179,2
10653,16879,0.173,3
10653,11894,0.117,4
10653,5100,0.0325,5
10653,4510,0.021,6
10653,13776,0.0065,7
10654,8419,0.3509,1
10654,3887,0.2003,2
10654,8085,0.1683,3
10654,6815,0.1023,4
10654,10740,0.0952,5
10654,10469,0.0541,6
10654,10764,0.0289,7
10655,8895,0.5428,1
10655,5956,0.2833,2
10655,7751,0.1739,3
10656,5902,0.4324,1
10656,3334,0.2811,2
10656,6093,0.1827,3
10656,8677,0.1037,4
10657,5952,0.602,1
10657,4181,0.2593,2
10657,9279,0.1386,3
10658,5853,0.7747,1
10658,6354,0.1411,2
10658,4600,0.0842,3
10659,10882,0.4026,1
10659,7267,0.3612,2
10659,2238,0.1607,3
10659,12360,0.0755,4
10660,14688,0.475,1
10660,11936,0.3582,2
10660,9061,0.1216,3
10660,6294,0.0451,4
10661,7581,0.8034,1
10661,6743,0.1636,2
10661,11337,0.033,3
10662,11319,0.3655,1
10662,10056,0.2893,2
10662,1822,0.2217,3
10662,5016,0.1235,4
10663,3657,0.6072,1
10663,3166,0.2178,2
10663,8376,0.1751,3
10664,3126,0.5057,1
10664,3462,0.2296,2
10664,8766,0.0881,3
10664,5563,0.0771,4
10664,3432,0.0733,5
10664,4526,0.0261,6
10665,5252,0.4127,1
10665,3708,0.1975,2
10665,10137,0.1802,3
10665,2310,0.0765,4
10665,6657,0.0735,5
10665,2482,0.0523,6
10665,4764,0.0074,7
10666,1979,0.3681,1
10666,12086,0.2144,2
10666,2328,0.1776,3
10666,2086,0.1688,4
10666,7735,0.0269,5
10666,5325,0.0247,6
10666,4980,0.0194,7
10667,10628,0.4773,1
10667,4486,0.3515,2
10667,3854,0.1712,3
10668,2238,0.3989,1
10668,2941,0.2735,2
10668,2170,0.1779,3
10668,14505,0.0812,4
10668,4789,0.0686,5
10669,7017,0.5325,1
10669,16968,0.3426,2
10669,9662,0.1006,3
10669,11576,0.0243,4
10670,4471,0.6731,1
10670,7358,0.2659,2
10670,3063,0.061,3
10671,12728,0.5712,1
10671,17616,0.3388,2
10671,16732,0.0411,3
10671,7830,0.0348,4
10671,2490,0.0135,5
10671,14632,0.0006,6
10672,15784,0.3897,1
10672,5583,0.2677,2
10672,11378,0.207,3
10672,14163,0.13,4
10672,4957,0.0057,5
10673,1642,0.4746,1
10673,17540,0.2812,2
10673,6348,0.1,3
10673,7675,0.0773,4
10673,13130,0.0669,5
10674,7786,0.4179,1
10674,9263,0.1809,2
10674,3895,0.1568,3
10674,7541,0.1419,4
10674,6558,0.0568,5
10674,6149,0.0349,6
10674,7984,0.0108,7
10675,10716,0.6537,1
10675,14462,0.2254,2
10675,12983,0.0694,3
10675,11527,0.0514,4
10676,3077,0.8916,1
10676,2143,0.0601,2
10676,9788,0.0406,3
10676,5454,0.0078,4
10677,17260,0.7523,1
10677,10557,0.1021,2
10677,11777,0.0825,3
10677,8831,0.0631,4
10678,9360,0.5629,1
10678,8900,0.2064,2
10678,5877,0.1443,3
10678,4808,0.0685,4
10678,8148,0.0145,5
10678,4215,0.0034,6
10679,11401,0.4485,1
10679,9444,0.2815,2
10679,8539,0.2606,3
10679,7595,0.0076,4
10679,3978,0.0018,5
10680,3026,0.8098,1
10680,8650,0.1029,2
10680,11327,0.0873,3
10681,3239,0.218,1
10681,5239,0.1494,2
10681,11274,0.1484,3
10681,7344,0.1469,4
10681,2263,0.1409,5
10681,4323,0.1078,6
10681,7703,0.0887,7
10682,14956,0.8316,1
10682,8273,0.1433,2
10682,4716,0.0206,3
10682,3795,0.0045,4
10683,7956,0.5673,1
10683,3724,0.222,2
10683,4948,0.1701,3
10683,3367,0.0406,4
10684,6206,0.7629,1
10684,7743,0.0969,2
10684,3726,0.0841,3
10684,8704,0.0562,4
10685,10176,0.5996,1
10685,10036,0.3005,2
10685,8229,0.0999,3
10686,12936,0.4239,1
10686,6866,0.2681,2
10686,6864,0.1554,3
10686,12054,0.0674,4
10686,11508,0.0504,5
10686,16888,0.0268,6
10686,3600,0.0081,7
10687,9811,0.4658,1
10687,5347,0.2585,2
10687,3001,0.1431,3
10687,6876,0.1087,4
10687,6126,0.0122,5
10687,2092,0.0107,6
10687,4886,0.001,7
10688,11333,0.5372,1
10688,9623,0.2357,2
10688,7382,0.1727,3
10688,5977,0.0331,4
10688,2242,0.0214,5
10689,11605,0.5829,1
10689,8157,0.3864,2
10689,16559,0.0307,3
10690,11391,0.7736,1
10690,5391,0.1329,2
10690,4673,0.0935,3
10691,10356,0.6863,1
10691,7311,0.158,2
10691,2563,0.1072,3
10691,9543,0.0485,4
10692,3970,0.376,1
10692,6695,0.1666,2
10692,14222,0.1536,3
10692,3708,0.1152,4
10692,2304,0.1082,5
10692,4406,0.0803,6
10693,14586,0.3874,1
10693,10682,0.3588,2
10693,10623,0.1376,3
10693,7394,0.0953,4
10693,7020,0.0208,5
10694,9801,0.3052,1
10694,4585,0.2507,2
10694,8947,0.1846,3
10694,8225,0.1188,4
10694,5112,0.0785,5
10694,2878,0.0621,6
10695,8245,0.4347,1
10695,9891,0.3924,2
10695,5450,0.0959,3
10695,6881,0.0545,4
10695,8546,0.0225,5
10696,16266,0.7715,1
10696,2244,0.0981,2
10696,9470,0.0532,3
10696,5814,0.0433,4
10696,5989,0.0339,5
10697,5781,0.3629,1
10697,9569,0.3269,2
10697,14761,0.1736,3
10697,13251,0.0501,4
10697,2108,0.0486,5
10697,9115,0.0378,6
10698,5092,0.548,1
10698,10923,0.1151,2
10698,7872,0.1077,3
10698,7978,0.0839,4
10698,2210,0.0789,5
10698,5369,0.0461,6
10698,10327,0.0203,7
10699,4218,0.4698,1
10699,8467,0.3894,2
10699,10447,0.0789,3
10699,16332,0.0618,4
10700,15423,0.2809,1
10700,8574,0.1495,2
10700,4500,0.1303,3
10700,2368,0.1302,4
10700,2930,0.1153,5
10700,11907,0.107,6
10700,8235,0.0868,7
10701,7462,0.8638,1
10701,11879,0.0724,2
10701,10831,0.0342,3
10701,6459,0.0296,4
10702,5760,0.4362,1
10702,8827,0.3398,2
10702,4177,0.1745,3
10702,4803,0.0496,4
10703,7458,0.333,1
10703,10613,0.2948,2
10703,8795,0.2305,3
10703,9037,0.0912,4
10703,1833,0.0321,5
10703,13696,0.0185,6
10704,8830,0.5342,1
10704,7014,0.3581,2
10704,3895,0.1077,3
10705,7832,0.5606,1
10705,9297,0.379,2
10705,10864,0.0605,3
10706,2627,0.3761,1
10706,3133,0.3418,2
10706,6441,0.1372,3
10706,10653,0.0744,4
10706,3791,0.0373,5
10706,9849,0.0332,6
10707,4504,0.8171,1
10707,11334,0.1345,2
10707,2457,0.0484,3
10708,14244,0.4551,1
10708,7159,0.3797,2
10708,7961,0.1652,3
10709,8748,0.3059,1
10709,6401,0.245,2
10709,4555,0.2182,3
10709,8356,0.1183,4
10709,5049,0.0899,5
10709,3866,0.0188,6
10709,3337,0.0039,7
10710,1937,0.4361,1
10710,5944,0.2864,2
10710,6388,0.2598,3
10710,17625,0.0176,4
10711,15494,0.465,1
10711,7611,0.3427,2
10711,2544,0.1923,3
10712,6542,0.556,1
10712,11694,0.3876,2
10712,4033,0.0565,3
10713,12667,0.4062,1
10713,16637,0.3755,2
10713,6636,0.1647,3
10713,6014,0.0227,4
10713,5534,0.0156,5
10713,13727,0.0152,6
10714,2864,0.4685,1
10714,17370,0.3513,2
10714,11522,0.1093,3
10714,5775,0.0708,4
10715,9202,0.5383,1
10715,10486,0.2541,2
10715,1893,0.1086,3
10715,7811,0.0895,4
10715,3404,0.0095,5
10716,5039,0.3328,1
10716,8231,0.2389,2
10716,2282,0.1772,3
10716,6466,0.128,4
10716,9287,0.0878,5
10716,2156,0.0247,6
10716,8708,0.0105,7
10717,3052,0.5077,1
10717,4425,0.2974,2
10717,9206,0.1257,3
10717,6481,0.048,4
10717,3872,0.0212,5
10718,12681,0.9309,1
10718,13223,0.0691,2
10719,7541,0.3535,1
10719,4988,0.3281,2
10719,5762,0.1779,3
10719,10285,0.1173,4
10719,6827,0.0198,5
10719,5080,0.0033,6
10720,5084,0.6564,1
10720,8096,0.1903,2
10720,6821,0.1533,3
10721,10855,0.9251,1
10721,10789,0.0498,2
10721,5311,0.0251,3
10722,16093,0.4075,1
10722,11863,0.2457,2
10722,14544,0.1834,3
10722,12842,0.0849,4
10722,3053,0.0743,5
10722,2568,0.0042,6
10723,8069,0.5725,1
10723,5780,0.3602,2
10723,6956,0.0673,3
10724,8059,0.49,1
10724,10779,0.3138,2
10724,6865,0.0977,3
10724,9984,0.0765,4
10724,11006,0.0212,5
10724,10388,0.0008,6
10725,2221,0.3238,1
10725,4169,0.2362,2
10725,7864,0.1832,3
10725,2081,0.1595,4
10725,1657,0.0527,5
10725,5544,0.0277,6
10725,16118,0.017,7
10726,4049,0.4224,1
10726,2792,0.2947,2
10726,6131,0.2258,3
10726,5246,0.0449,4
10726,16376,0.0123,5
10727,4563,0.5071,1
10727,16128,0.2486,2
10727,13415,0.2272,3
10727,17061,0.0088,4
10727,8232,0.0084,5
10728,5446,0.6599,1
10728,13541,0.3064,2
10728,12553,0.0172,3
10728,9167,0.0165,4
10729,2233,0.6729,1
10729,7176,0.1462,2
10729,6715,0.1197,3
10729,13586,0.0613,4
10730,3232,0.5426,1
10730,11939,0.4061,2
10730,9493,0.0301,3
10730,6224,0.0212,4
10731,4089,0.7035,1
10731,14012,0.1117,2
10731,13819,0.1017,3
10731,17480,0.0831,4
10732,2725,0.462,1
10732,10719,0.3487,2
10732,3706,0.0887,3
10732,6320,0.0633,4
10732,5904,0.0372,5
10733,8126,0.349,1
10733,3727,0.3263,2
10733,6221,0.2872,3
10733,2878,0.0331,4
10733,1962,0.0044,5
10734,4325,0.3518,1
10734,12194,0.275,2
10734,11764,0.1544,3
10734,8492,0.1111,4
10734,15767,0.0642,5
10734,2933,0.0374,6
10734,12153,0.0062,7
10735,11894,0.4006,1
10735,12167,0.2774,2
10735,2913,0.2468,3
10735,3035,0.0681,4
10735,6906,0.0071,5
10736,3740,0.6173,1
10736,1829,0.2456,2
10736,6655,0.1207,3
10736,12110,0.0163,4
10737,4469,0.2876,1
10737,2707,0.2832,2
10737,5667,0.2057,3
10737,8266,0.1951,4
10737,4532,0.0285,5
10738,14482,0.3579,1
10738,7577,0.2574,2
10738,6306,0.1909,3
10738,2334,0.121,4
10738,16551,0.0577,5
10738,2474,0.0151,6
10739,5329,0.4669,1
10739,2806,0.4157,2
10739,6724,0.1174,3
10740,9336,0.6079,1
10740,3595,0.21,2
10740,8205,0.1442,3
10740,3380,0.0283,4
10740,10056,0.0096,5
10741,2411,0.6124,1
10741,6771,0.1938,2
10741,13285,0.123,3
10741,1642,0.0583,4
10741,7311,0.0125,5
10742,5418,0.4063,1
10742,10970,0.4051,2
10742,7129,0.1095,3
10742,6281,0.0701,4
10742,6309,0.009,5
10743,1771,0.5757,1
10743,1887,0.3936,2
10743,13241,0.0249,3
10743,1811,0.0058,4
10744,3677,0.5061,1
10744,8744,0.3883,2
10744,6522,0.059,3
10744,9160,0.0162,4
10744,2802,0.0138,5
10744,5809,0.0116,6
10744,16719,0.005,7
10745,10244,0.6524,1
10745,5767,0.2993,2
10745,6581,0.0483,3
10746,11584,0.7773,1
10746,6027,0.1743,2
10746,8787,0.0484,3
10747,8125,0.4978,1
10747,15715,0.4292,2
10747,13820,0.0682,3
10747,4166,0.0048,4
10748,9091,0.304,1
10748,3951,0.2872,2
10748,2875,0.1917,3
10748,3634,0.1312,4
10748,8978,0.0431,5
10748,7320,0.042,6
10748,5794,0.0009,7
10749,9232,0.6572,1
10749,11354,0.2488,2
10749,7691,0.094,3
10750,7703,0.4171,1
10750,6266,0.2482,2
10750,5125,0.1831,3
10750,6822,0.107,4
10750,3384,0.0308,5
10750,3925,0.0138,6
10751,9079,0.4653,1
10751,5508,0.2764,2
10751,3359,0.2361,3
10751,11299,0.0222,4
10752,6503,0.2673,1
10752,3778,0.1948,2
10752,10005,0.1905,3
10752,4904,0.1514,4
10752,2787,0.1068,5
10752,4891,0.0892,6
10753,2599,0.9515,1
10753,5199,0.0311,2
10753,12261,0.0174,3
10754,11883,0.4879,1
10754,14985,0.2994,2
10754,16319,0.1215,3
10754,12894,0.081,4
10754,12040,0.0102,5
10755,8965,0.5991,1
10755,5619,0.2244,2
10755,2902,0.0881,3
10755,4446,0.0453,4
10755,3083,0.0173,5
10755,11131,0.0169,6
10755,8147,0.0088,7
10756,13132,0.5601,1
10756,3075,0.3434,2
10756,6488,0.0965,3
10757,7309,0.3509,1
10757,16293,0.2331,2
10757,10488,0.1501,3
10757,12481,0.1349,4
10757,12580,0.0901,5
10757,1805,0.0402,6
10757,4428,0.0008,7
10758,14455,0.5723,1
10758,14921,0.1706,2
10758,12575,0.1463,3
10758,2238,0.0765,4
10758,2929,0.0343,5
10759,10278,0.3657,1
10759,12892,0.3336,2
10759,8689,0.1502,3
10759,10569,0.0946,4
10759,2270,0.0559,5
10760,2945,0.6946,1
10760,10155,0.1416,2
10760,2232,0.0716,3
10760,5484,0.0373,4
10760,8055,0.0314,5
10760,8450,0.0186,6
10760,4330,0.0047,7
10761,6323,0.6834,1
10761,12142,0.2575,2
10761,13838,0.0552,3
10761,13202,0.004,4
10762,13856,0.4612,1
10762,1815,0.2562,2
10762,2315,0.1787,3
10762,14334,0.1038,4
10763,17045,0.4099,1
10763,9187,0.2573,2
10763,8116,0.2529,3
10763,2137,0.08,4
10764,1963,0.2859,1
10764,5344,0.2816,2
10764,11378,0.1896,3
10764,3409,0.1431,4
10764,15680,0.0819,5
10764,13995,0.014,6
10764,8173,0.0039,7
10765,10488,0.7012,1
10765,5148,0.1166,2
10765,12169,0.1133,3
10765,15185,0.064,4
10765,4931,0.0026,5
10765,12936,0.0015,6
10765,7175,0.0009,7
10766,7637,0.4033,1
10766,15181,0.1701,2
10766,4472,0.1642,3
10766,4507,0.14,4
10766,1966,0.1224,5
10766,7169,0.0,6
10767,4564,0.5876,1
10767,10979,0.2287,2
10767,7655,0.1716,3
10767,8921,0.0099,4
10767,16249,0.0023,5
10768,5565,0.4752,1
10768,6848,0.3878,2
10768,4983,0.137,3
10769,2084,0.4331,1
10769,8036,0.418,2
10769,9612,0.084,3
10769,3741,0.0336,4
10769,8618,0.0174,5
10769,9258,0.0139,6
10770,13253,0.1818,1
10770,7970,0.1705,2
10770,2843,0.1677,3
10770,5146,0.1589,4
10770,2369,0.1426,5
10770,3205,0.1175,6
10770,5831,0.0611,7
10771,2803,0.228,1
10771,9291,0.2212,2
10771,9760,0.2134,3
10771,5722,0.1819,4
10771,3969,0.099,5
10771,2492,0.0513,6
10771,7187,0.0051,7
10772,5889,0.7592,1
10772,4504,0.1842,2
10772,10248,0.0545,3
10772,9846,0.0021,4
10773,3967,0.4106,1
10773,5397,0.1597,2
10773,6786,0.1559,3
10773,4705,0.1439,4
10773,7507,0.0895,5
10773,5253,0.0257,6
10773,6864,0.0147,7
10774,2487,0.6436,1
10774,3443,0.1672,2
10774,3169,0.1115,3
10774,7242,0.0777,4
10775,15160,0.828,1
10775,3013,0.1649,2
10775,10648,0.0071,3
10776,8451,0.4847,1
10776,8721,0.3883,2
10776,5443,0.0451,3
10776,5033,0.0363,4
10776,3683,0.0286,5
10776,11292,0.0171,6
10777,6014,0.3754,1
10777,10418,0.2234,2
10777,5253,0.2159,3
10777,7482,0.1141,4
10777,2927,0.0377,5
10777,3737,0.0237,6
10777,9801,0.0097,7
10778,5119,0.2723,1
10778,14985,0.2276,2
10778,7382,0.2221,3
10778,8880,0.1077,4
10778,6185,0.079,5
10778,3341,0.0597,6
10778,16398,0.0315,7
10779,8264,0.7262,1
10779,6254,0.1523,2
10779,6228,0.1215,3
10780,7065,0.5405,1
10780,1937,0.2581,2
10780,16060,0.1493,3
10780,4651,0.0521,4
10781,10540,0.3836,1
10781,5772,0.252,2
10781,2830,0.172,3
10781,10891,0.0989,4
10781,8614,0.0639,5
10781,5092,0.018,6
10781,4810,0.0116,7
10782,13285,0.5105,1
10782,5214,0.1973,2
10782,4220,0.1263,3
10782,2660,0.1149,4
10782,15577,0.0259,5
10782,6187,0.024,6
10782,4614,0.001,7
10783,7501,0.3211,1
10783,12537,0.2969,2
10783,12558,0.2718,3
10783,11377,0.0993,4
10783,6610,0.0087,5
10783,11918,0.0021,6
10784,10798,0.5973,1
10784,9786,0.2316,2
10784,10933,0.0676,3
10784,7649,0.0643,4
10784,4918,0.0193,5
10784,9093,0.0184,6
10784,10576,0.0014,7
10785,10455,0.3467,1
10785,2802,0.2396,2
10785,5781,0.1561,3
10785,4385,0.1194,4
10785,12010,0.0861,5
10785,2815,0.0447,6
10785,7931,0.0074,7
10786,8355,0.6327,1
10786,2305,0.2408,2
10786,5049,0.1265,3
10787,3493,0.527,1
10787,15062,0.4548,2
10787,9587,0.0182,3
10788,2480,0.6445,1
10788,3203,0.1387,2
10788,8145,0.0989,3
10788,13753,0.0613,4
10788,2110,0.0566,5
10789,2395,0.4673,1
10789,11751,0.3382,2
10789,5482,0.1524,3
10789,7890,0.0343,4
10789,3421,0.0079,5
10790,6352,0.6745,1
10790,4864,0.2161,2
10790,3542,0.1051,3
10790,8508,0.0043,4
10791,9983,0.7436,1
10791,7399,0.2564,2
10792,9726,0.5382,1
10792,6213,0.4138,2
10792,3352,0.048,3
10793,4646,0.694,1
10793,7308,0.2627,2
10793,11108,0.0433,3
10794,8928,0.3261,1
10794,2592,0.2986,2
10794,7751,0.2219,3
10794,4224,0.0592,4
10794,1884,0.0424,5
10794,8501,0.036,6
10794,3223,0.0158,7
10795,1877,0.7779,1
10795,9600,0.2221,2
10796,5789,0.3289,1
10796,4051,0.3227,2
10796,7481,0.2002,3
10796,3341,0.0581,4
10796,10826,0.0535,5
10796,7679,0.0351,6
10796,3137,0.0014,7
10797,14734,0.349,1
10797,2631,0.3381,2
10797,4016,0.2507,3
10797,12910,0.0622,4
10798,7660,0.4071,1
10798,3047,0.2894,2
10798,3345,0.1886,3
10798,6827,0.1149,4
10799,5316,0.2832,1
10799,2305,0.2684,2
10799,5673,0.1668,3
10799,3005,0.1518,4
10799,1799,0.1298,5
10800,11264,0.2963,1
10800,12169,0.1753,2
10800,3951,0.1526,3
10800,3325,0.1483,4
10800,7774,0.1275,5
10800,15173,0.0999,6
10801,9383,0.5588,1
10801,3763,0.2633,2
10801,4927,0.172,3
10801,10447,0.0055,4
10801,10646,0.0003,5
10802,11250,0.5142,1
10802,12368,0.2455,2
10802,6164,0.2193,3
10802,4141,0.0118,4
10802,5532,0.0092,5
10803,3802,0.693,1
10803,9459,0.252,2
10803,8829,0.0327,3
10803,3931,0.0206,4
10803,2924,0.0017,5
10804,1866,0.6454,1
10804,8914,0.252,2
10804,7723,0.0549,3
10804,7212,0.0251,4
10804,10582,0.0162,5
10804,5221,0.0064,6
10805,9304,0.9411,1
10805,10977,0.0312,2
10805,10481,0.0278,3
10806,6694,0.5715,1
10806,9145,0.2461,2
10806,16152,0.0984,3
10806,2648,0.0493,4
10806,8935,0.0151,5
10806,8064,0.0108,6
10806,15674,0.0088,7
10807,7332,0.9186,1
10807,3703,0.0613,2
10807,9211,0.02,3
10808,2728,0.8134,1
10808,3659,0.1561,2
10808,10872,0.0305,3
10809,10262,0.5002,1
10809,6249,0.4331,2
10809,1908,0.0667,3
10810,8050,0.6,1
10810,2011,0.3768,2
10810,11061,0.0167,3
10810,3129,0.0039,4
10810,13599,0.0026,5
10811,8717,0.6458,1
10811,13137,0.3485,2
10811,3758,0.0057,3
10812,12736,0.5778,1
10812,9662,0.3955,2
10812,10302,0.0267,3
10813,14631,0.456,1
10813,16383,0.2475,2
10813,7789,0.1588,3
10813,1950,0.0708,4
10813,11557,0.0506,5
10813,4554,0.0096,6
10813,9012,0.0067,7
10814,2341,0.6672,1
10814,2190,0.2682,2
10814,3572,0.0646,3
10815,5334,0.4242,1
10815,8193,0.2043,2
10815,7736,0.1691,3
10815,4258,0.1617,4
10815,4394,0.0407,5
10816,8226,0.3113,1
10816,7099,0.3087,2
10816,2402,0.1155,3
10816,6293,0.1139,4
10816,15330,0.0839,5
10816,14638,0.0421,6
10816,16564,0.0245,7
10817,1983,0.6768,1
10817,6202,0.3063,2
10817,9059,0.0169,3
10818,10713,0.2854,1
10818,7547,0.2801,2
10818,6711,0.2526,3
10818,8991,0.0968,4
10818,4396,0.0731,5
10818,6586,0.0121,6
10819,12062,0.4646,1
10819,10410,0.2211,2
10819,10287,0.1539,3
10819,9432,0.1311,4
10819,7105,0.0294,5
10820,7720,1.0,1
10821,3079,0.4725,1
10821,6727,0.169,2
10821,6015,0.1493,3
10821,15259,0.1167,4
10821,10494,0.0824,5
10821,9644,0.0101,6
10822,14227,0.9553,1
10822,12858,0.0447,2
10823,6023,0.3847,1
10823,8952,0.3204,2
10823,9715,0.1273,3
10823,9749,0.1241,4
10823,11152,0.0435,5
10824,8139,0.409,1
10824,7708,0.1965,2
10824,5405,0.1883,3
10824,4394,0.0817,4
10824,4980,0.0777,5
10824,10348,0.0467,6
10825,6373,0.5341,1
10825,7661,0.3392,2
10825,13665,0.1268,3
10826,15852,0.6183,1
10826,15423,0.188,2
10826,14171,0.1526,3
10826,2524,0.0411,4
10827,5803,0.6518,1
10827,10635,0.3002,2
10827,3025,0.0454,3
10827,10418,0.0024,4
10827,5577,0.0002,5
10828,7478,0.623,1
10828,1902,0.1935,2
10828,2744,0.1397,3
10828,12102,0.0438,4
10829,4477,0.6334,1
10829,2385,0.2049,2
10829,15162,0.0813,3
10829,12894,0.0804,4
10830,15211,0.345,1
10830,6837,0.1921,2
10830,9609,0.1708,3
10830,16026,0.1566,4
10830,13727,0.1283,5
10830,17038,0.0072,6
10831,10868,0.4328,1
10831,3866,0.1516,2
10831,10016,0.1288,3
10831,8378,0.107,4
10831,10266,0.1068,5
10831,7432,0.0492,6
10831,8321,0.0238,7
10832,16029,0.4087,1
10832,4227,0.3879,2
10832,11827,0.2034,3
10833,8641,0.4005,1
10833,1645,0.3617,2
10833,13933,0.2025,3
10833,14954,0.0196,4
10833,11307,0.0156,5
10834,9662,0.5194,1
10834,10768,0.3189,2
10834,13715,0.1017,3
10834,15230,0.0366,4
10834,13628,0.0233,5
10835,9730,0.85,1
10835,5757,0.1237,2
10835,6561,0.0263,3
10836,2090,0.3061,1
10836,7611,0.3024,2
10836,6187,0.2419,3
10836,2052,0.137,4
10836,1920,0.0126,5
10837,15547,0.8098,1
10837,5375,0.19,2
10837,3339,0.0001,3
10838,12440,0.522,1
10838,16380,0.4324,2
10838,5761,0.0392,3
10838,7224,0.0065,4
10839,3547,0.879,1
10839,4028,0.094,2
10839,3327,0.027,3
10840,3647,0.4492,1
10840,4067,0.3518,2
10840,12919,0.0972,3
10840,9579,0.0508,4
10840,7468,0.0295,5
10840,7276,0.0214,6
10841,2238,0.6337,1
10841,17451,0.3029,2
10841,4287,0.0358,3
10841,13784,0.0277,4
10842,7465,0.3401,1
10842,5749,0.2683,2
10842,9600,0.178,3
10842,9180,0.154,4
10842,7821,0.0559,5
10842,3416,0.0036,6
10843,4204,0.3969,1
10843,13618,0.2341,2
10843,15185,0.177,3
10843,17304,0.1612,4
10843,16338,0.0308,5
10844,11308,0.82,1
10844,7503,0.1024,2
10844,16181,0.0776,3
10845,14378,0.9059,1
10845,3062,0.0813,2
10845,7319,0.0128,3
10846,2674,0.4332,1
10846,4964,0.2633,2
10846,13273,0.1459,3
10846,2542,0.0788,4
10846,7107,0.069,5
10846,3488,0.0098,6
10847,3248,0.3439,1
10847,2852,0.2009,2
10847,7411,0.1712,3
10847,1812,0.1364,4
10847,7436,0.0793,5
10847,13236,0.0684,6
10848,15185,0.7569,1
10848,16241,0.2427,2
10848,8787,0.0004,3
10849,8676,0.8305,1
10849,6718,0.1398,2
10849,2311,0.0297,3
10850,8059,0.5057,1
10850,9422,0.456,2
10850,4998,0.0383,3
10851,5548,0.2656,1
10851,8291,0.1883,2
10851,10230,0.1806,3
10851,8030,0.1787,4
10851,7260,0.1014,5
10851,7064,0.069,6
10851,2061,0.0165,7
10852,2725,1.0,1
10853,4245,0.5396,1
10853,16163,0.3563,2
10853,15639,0.0709,3
10853,12558,0.0248,4
10853,11642,0.0084,5
10854,2353,0.6933,1
10854,7240,0.2857,2
10854,6437,0.021,3
10855,8185,0.3613,1
10855,2723,0.3345,2
10855,2603,0.131,3
10855,7217,0.1072,4
10855,8602,0.0372,5
10855,8301,0.0289,6
10856,16844,0.5367,1
10856,11640,0.1657,2
10856,6302,0.1016,3
10856,7407,0.0779,4
10856,4028,0.0736,5
10856,7267,0.0261,6
10856,14153,0.0184,7
10857,5393,0.5132,1
10857,6121,0.2469,2
10857,1982,0.1206,3
10857,1667,0.0673,4
10857,1984,0.0273,5
10857,4104,0.0213,6
10857,5441,0.0035,7
10858,9114,1.0,1
10859,11366,1.0,1
10860,7415,0.3706,1
10860,3667,0.2808,2
10860,3505,0.2247,3
10860,8590,0.0683,4
10860,6944,0.051,5
10860,3563,0.0046,6
10861,6939,0.4414,1
10861,6242,0.2643,2
10861,10064,0.1623,3
10861,15952,0.1165,4
10861,14428,0.0154,5
10862,8636,0.4327,1
10862,10034,0.3523,2
10862,11379,0.1356,3
10862,8829,0.0444,4
10862,9202,0.03,5
10862,5640,0.0052,6
10863,5797,0.3449,1
10863,4116,0.2347,2
10863,4621,0.2324,3
10863,7899,0.1486,4
10863,2847,0.0222,5
10863,2791,0.0172,6
10864,6336,0.3108,1
10864,15710,0.3081,2
10864,7604,0.2503,3
10864,17118,0.0765,4
10864,6128,0.0532,5
10864,14012,0.0011,6
10865,3940,0.4567,1
10865,6345,0.2396,2
10865,6439,0.0979,3
10865,4687,0.0839,4
10865,3003,0.0645,5
10865,2187,0.0395,6
10865,6684,0.0179,7
10866,4489,0.2627,1
10866,15333,0.2342,2
10866,4037,0.1863,3
10866,7225,0.1688,4
10866,3820,0.0875,5
10866,7312,0.0606,6
10867,3126,0.3859,1
10867,7171,0.294,2
10867,11131,0.2195,3
10867,7918,0.1006,4
10868,5517,0.3738,1
10868,8720,0.3015,2
10868,3557,0.2087,3
10868,6421,0.116,4
10869,5197,0.4883,1
10869,14174,0.2099,2
10869,5443,0.1461,3
10869,16319,0.0705,4
10869,5033,0.0578,5
10869,7282,0.0178,6
10869,7990,0.0096,7
10870,14081,0.3587,1
10870,12624,0.3333,2
10870,1717,0.179,3
10870,13536,0.129,4
10871,14022,0.6521,1
10871,3240,0.1558,2
10871,14806,0.1508,3
10871,13210,0.0413,4
10872,10183,0.3801,1
10872,9287,0.2998,2
10872,7956,0.2021,3
10872,9352,0.0872,4
10872,7806,0.0271,5
10872,7437,0.0036,6
10873,8798,0.8482,1
10873,16658,0.073,2
10873,11193,0.0284,3
10873,8709,0.0265,4
10873,9680,0.0134,5
10873,16082,0.0105,6
10874,9819,0.2685,1
10874,10113,0.2638,2
10874,3101,0.1557,3
10874,2825,0.138,4
10874,10092,0.1358,5
10874,3069,0.0382,6
10875,15965,1.0,1
10876,4934,0.4167,1
10876,14095,0.2318,2
10876,3293,0.2081,3
10876,4084,0.1172,4
10876,8091,0.0262,5
10877,10829,0.3741,1
10877,15284,0.2498,2
10877,15935,0.1781,3
10877,13484,0.1306,4
10877,11161,0.0674,5
10878,11150,0.3053,1
10878,10244,0.1988,2
10878,9782,0.1806,3
10878,4397,0.1478,4
10878,5735,0.1131,5
10878,11274,0.0353,6
10878,2064,0.0191,7
10879,4362,0.6726,1
10879,4322,0.1185,2
10879,7979,0.0807,3
10879,4499,0.0686,4
10879,6513,0.0596,5
10880,7853,0.9509,1
10880,9318,0.0491,2
10881,6208,0.3886,1
10881,8330,0.24,2
10881,4028,0.1873,3
10881,15714,0.1341,4
10881,15018,0.0434,5
10881,15513,0.0065,6
10882,9816,0.4342,1
10882,7822,0.2096,2
10882,4168,0.1759,3
10882,4483,0.1489,4
10882,7275,0.0288,5
10882,9590,0.0026,6
10883,16845,0.6979,1
10883,5744,0.2482,2
10883,10111,0.0236,3
10883,7458,0.0156,4
10883,4108,0.0081,5
10883,6614,0.0041,6
10883,3529,0.0025,7
10884,14680,0.7425,1
10884,4364,0.1096,2
10884,1832,0.0973,3
10884,3477,0.0326,4
10884,2727,0.0176,5
10884,3797,0.0004,6
10885,3316,0.4178,1
10885,5477,0.3733,2
10885,8014,0.2089,3
10886,14749,0.5117,1
10886,13172,0.3429,2
10886,9163,0.131,3
10886,6483,0.0143,4
10887,4489,0.6207,1
10887,4621,0.1931,2
10887,3054,0.1861,3
10888,5684,0.3538,1
10888,10056,0.2389,2
10888,2438,0.1839,3
10888,4027,0.131,4
10888,1666,0.0915,5
10888,6344,0.001,6
10889,3175,0.4546,1
10889,3496,0.3202,2
10889,5281,0.0774,3
10889,7169,0.0725,4
10889,3993,0.0676,5
10889,10316,0.0078,6
10890,9047,0.359,1
10890,4291,0.2946,2
10890,16392,0.2348,3
10890,6205,0.1117,4
10891,5234,0.3956,1
10891,4286,0.2688,2
10891,3242,0.1643,3
10891,14344,0.0694,4
10891,2124,0.0503,5
10891,9870,0.0344,6
10891,3446,0.0172,7
10892,10311,0.5748,1
10892,4780,0.1557,2
10892,7534,0.1003,3
10892,8225,0.0824,4
10892,6876,0.0657,5
10892,10791,0.0211,6
10893,3964,0.5336,1
10893,6131,0.3992,2
10893,2592,0.0672,3
10894,15906,0.3862,1
10894,4691,0.2185,2
10894,3817,0.1603,3
10894,4847,0.1342,4
10894,10451,0.0729,5
10894,6117,0.0279,6
10895,2323,0.6601,1
10895,16767,0.2144,2
10895,11272,0.0772,3
10895,5943,0.0483,4
10896,9508,0.4072,1
10896,3131,0.2844,2
10896,2525,0.2482,3
10896,11406,0.0603,4
10897,4242,0.4385,1
10897,9669,0.2575,2
10897,5126,0.176,3
10897,6860,0.1097,4
10897,8185,0.0184,5
10898,2733,0.4565,1
10898,1873,0.2918,2
10898,2559,0.2441,3
10898,11008,0.0076,4
10899,15030,0.4849,1
10899,2936,0.3938,2
10899,7752,0.0559,3
10899,14341,0.0435,4
10899,13954,0.0216,5
10899,17307,0.0002,6
10900,6036,0.5931,1
10900,17578,0.2771,2
10900,4310,0.1298,3
10901,6189,0.7677,1
10901,3817,0.1476,2
10901,3083,0.0847,3
10902,1646,1.0,1
10903,10301,0.3972,1
10903,2170,0.3455,2
10903,13134,0.2122,3
10903,7233,0.0341,4
10903,2903,0.0109,5
10904,5741,0.4164,1
10904,2838,0.3145,2
10904,2449,0.1093,3
10904,4647,0.0885,4
10904,8021,0.0652,5
10904,3172,0.0061,6
10905,17479,0.8962,1
10905,10637,0.0495,2
10905,8489,0.0466,3
10905,13927,0.0077,4
10906,9999,0.4105,1
10906,3572,0.2747,2
10906,8694,0.1327,3
10906,7985,0.1054,4
10906,4303,0.0767,5
10907,5120,1.0,1
10908,6483,0.6567,1
10908,2583,0.3433,2
10909,8289,0.5941,1
10909,7040,0.1346,2
10909,1748,0.1019,3
10909,9172,0.0998,4
10909,5705,0.0697,5
10910,9475,0.5866,1
10910,5825,0.1809,2
10910,5158,0.098,3
10910,7219,0.0662,4
10910,2199,0.0459,5
10910,6736,0.0223,6
10911,4802,0.5644,1
10911,5218,0.1833,2
10911,3271,0.1142,3
10911,7511,0.0585,4
10911,5769,0.0427,5
10911,6689,0.0369,6
10912,1898,0.5541,1
10912,7206,0.1765,2
10912,6307,0.1289,3
10912,3750,0.0747,4
10912,10665,0.063,5
10912,8042,0.0029,6
10913,9364,0.3735,1
10913,8799,0.2839,2
10913,1711,0.2501,3
10913,14757,0.0789,4
10913,15520,0.0082,5
10913,7059,0.0054,6
10914,6345,0.546,1
10914,10923,0.3057,2
10914,5767,0.0912,3
10914,4577,0.0381,4
10914,10092,0.019,5
10915,11335,0.5638,1
10915,4254,0.3642,2
10915,9139,0.0356,3
10915,7893,0.0203,4
10915,5120,0.0161,5
10916,6815,0.2792,1
10916,10874,0.2562,2
10916,6602,0.2019,3
10916,2807,0.1182,4
10916,5354,0.1005,5
10916,8488,0.044,6
10917,13176,0.4894,1
10917,5824,0.2316,2
10917,3066,0.1128,3
10917,3495,0.1066,4
10917,1694,0.0479,5
10917,12379,0.0117,6
10918,1755,0.2765,1
10918,2950,0.2358,2
10918,10206,0.2279,3
10918,7342,0.1629,4
10918,3442,0.0807,5
10918,11950,0.0162,6
10919,4866,0.5429,1
10919,16959,0.343,2
10919,3699,0.1141,3
10920,5645,0.7336,1
10920,6063,0.1182,2
10920,9597,0.0788,3
10920,10374,0.0583,4
10920,10707,0.0111,5
10921,9891,0.4646,1
10921,9881,0.4206,2
10921,6480,0.0657,3
10921,6560,0.0491,4
10922,5391,0.5541,1
10922,7457,0.3577,2
10922,15869,0.0421,3
10922,6725,0.0283,4
10922,6887,0.0101,5
10922,16243,0.0069,6
10922,11550,0.0009,7
10923,11201,0.7297,1
10923,8579,0.1714,2
10923,2425,0.0989,3
10924,4242,1.0,1
10925,15759,0.5207,1
10925,12518,0.2058,2
10925,10432,0.142,3
10925,2122,0.1144,4
10925,12628,0.0134,5
10925,10312,0.0028,6
10925,3241,0.0009,7
10926,3158,0.3996,1
10926,9581,0.3622,2
10926,12331,0.227,3
10926,11903,0.0112,4
10927,2734,0.4807,1
10927,1802,0.1639,2
10927,8114,0.1501,3
10927,9038,0.1091,4
10927,5747,0.0862,5
10927,1894,0.0099,6
10928,3399,0.6243,1
10928,11594,0.2545,2
10928,5262,0.1077,3
10928,10838,0.0135,4
10929,4347,0.3765,1
10929,4610,0.2746,2
10929,4462,0.1481,3
10929,6207,0.1224,4
10929,7681,0.0685,5
10929,10921,0.0099,6
10930,12602,0.298,1
10930,7331,0.2909,2
10930,14126,0.2158,3
10930,15277,0.1928,4
10930,7225,0.0024,5
10931,5410,0.8776,1
10931,12677,0.1193,2
10931,2255,0.0032,3
10932,8694,0.5104,1
10932,9084,0.3337,2
10932,11334,0.153,3
10932,2090,0.0025,4
10932,6383,0.0003,5
10933,8466,0.2955,1
10933,3907,0.2741,2
10933,1786,0.2189,3
10933,2983,0.1163,4
10933,2633,0.0597,5
10933,6630,0.0286,6
10933,2106,0.0068,7
10934,7029,0.3625,1
10934,16443,0.3513,2
10934,15322,0.2184,3
10934,5729,0.0366,4
10934,14594,0.0244,5
10934,15678,0.0067,6
10935,3831,0.7026,1
10935,2235,0.1569,2
10935,9044,0.1347,3
10935,12792,0.0058,4
10936,14314,0.4922,1
10936,16245,0.2477,2
10936,15950,0.2019,3
10936,2069,0.0582,4
10937,13051,0.5203,1
10937,3431,0.3245,2
10937,1911,0.1412,3
10937,13559,0.014,4
10938,9706,0.8535,1
10938,8432,0.1258,2
10938,4338,0.0184,3
10938,5323,0.0023,4
10939,5537,0.6704,1
10939,15394,0.2232,2
10939,2974,0.0646,3
10939,2137,0.0224,4
10939,13838,0.0193,5
10940,15678,0.4604,1
10940,2121,0.4493,2
10940,8951,0.0903,3
10941,9209,0.589,1
10941,9251,0.2826,2
10941,7576,0.0787,3
10941,11159,0.0488,4
10941,9716,0.0009,5
10942,3659,0.5392,1
10942,3672,0.2547,2
10942,2305,0.1146,3
10942,6419,0.0658,4
10942,4754,0.0189,5
10942,9365,0.0067,6
10943,7039,0.373,1
10943,3866,0.3629,2
10943,4207,0.1579,3
10943,1647,0.072,4
10943,4346,0.0236,5
10943,7165,0.0107,6
10944,4684,0.4903,1
10944,6971,0.1854,2
10944,7491,0.1418,3
10944,7110,0.1013,4
10944,8309,0.0702,5
10944,2048,0.011,6
10945,6527,0.3576,1
10945,5248,0.2798,2
10945,17286,0.1735,3
10945,4471,0.1499,4
10945,6419,0.0242,5
10945,12148,0.015,6
10946,7611,0.7641,1
10946,16533,0.1817,2
10946,3269,0.0375,3
10946,4864,0.012,4
10946,4111,0.0047,5
10947,6816,0.6742,1
10947,7968,0.1903,2
10947,6101,0.1355,3
10948,10885,0.5337,1
10948,14547,0.1461,2
10948,17069,0.1073,3
10948,15128,0.0751,4
10948,15642,0.0651,5
10948,12594,0.041,6
10948,14500,0.0317,7
10949,2933,1.0,1
10950,12544,0.6074,1
10950,1658,0.2022,2
10950,12318,0.1904,3
10951,7180,0.4151,1
10951,12311,0.3192,2
10951,4326,0.1315,3
10951,5395,0.077,4
10951,3310,0.0549,5
10951,2912,0.0022,6
10952,14798,0.5827,1
10952,12912,0.1698,2
10952,4697,0.138,3
10952,14695,0.0574,4
10952,9195,0.0278,5
10952,10858,0.021,6
10952,13546,0.0032,7
10953,3549,1.0,1
10954,11322,0.4518,1
10954,3911,0.4359,2
10954,2217,0.1123,3
10955,14631,0.6356,1
10955,10093,0.1462,2
10955,11245,0.0944,3
10955,5249,0.0731,4
10955,16794,0.0507,5
10956,14080,0.4092,1
10956,4900,0.2411,2
10956,17204,0.187,3
10956,13385,0.1492,4
10956,4753,0.0083,5
10956,2516,0.005,6
10957,9728,0.5454,1
10957,2554,0.2413,2
10957,3314,0.1975,3
10957,9916,0.0159,4
10958,15277,0.7286,1
10958,13682,0.171,2
10958,13304,0.0662,3
10958,5558,0.0341,4
10959,6167,0.4042,1
10959,4082,0.2912,2
10959,8379,0.2823,3
10959,8599,0.0136,4
10959,8279,0.0087,5
10960,13639,0.4447,1
10960,4113,0.4218,2
10960,2527,0.1336,3
10961,8270,0.4637,1
10961,5879,0.2594,2
10961,2935,0.1941,3
10961,5048,0.0412,4
10961,5518,0.0358,5
10961,4545,0.0057,6
10962,5912,0.5554,1
10962,9688,0.1893,2
10962,13851,0.1736,3
10962,1690,0.0655,4
10962,15557,0.0077,5
10962,2850,0.0063,6
10962,8537,0.0021,7
10963,10948,0.9102,1
10963,11063,0.0674,2
10963,5047,0.0224,3
10964,9519,0.5198,1
10964,12468,0.4801,2
10964,10626,0.0001,3
10965,6780,0.3427,1
10965,17393,0.2489,2
10965,8096,0.1156,3
10965,5370,0.1112,4
10965,7397,0.1089,5
10965,1656,0.0618,6
10965,11164,0.0108,7
10966,6015,0.3829,1
10966,11480,0.3043,2
10966,3955,0.2342,3
10966,2915,0.0775,4
10966,3787,0.0011,5
10967,5199,0.4272,1
10967,6692,0.3687,2
10967,6001,0.1894,3
10967,2952,0.0121,4
10967,10264,0.0024,5
10967,11375,0.0003,6
10968,9933,0.3769,1
10968,2537,0.3389,2
10968,2918,0.157,3
10968,6786,0.0571,4
10968,4596,0.0537,5
10968,4472,0.0164,6
10969,16499,0.5537,1
10969,2835,0.1522,2
10969,13372,0.1153,3
10969,13918,0.0634,4
10969,8721,0.0619,5
10969,13805,0.0387,6
10969,6041,0.0148,7
10970,3411,0.8594,1
10970,6210,0.0915,2
10970,9368,0.0491,3
10971,15524,0.333,1
10971,1855,0.225,2
10971,14126,0.1721,3
10971,16255,0.1661,4
10971,16374,0.0967,5
10971,9877,0.0057,6
10971,14279,0.0014,7
10972,2325,0.2994,1
10972,1692,0.2399,2
10972,4689,0.2161,3
10972,6826,0.1317,4
10972,9504,0.0919,5
10972,10378,0.021,6
10973,5132,0.3223,1
10973,4822,0.2728,2
10973,9232,0.1598,3
10973,6634,0.1513,4
10973,11211,0.0888,5
10973,6689,0.0051,6
10974,11283,0.5808,1
10974,10654,0.2108,2
10974,3489,0.1814,3
10974,2427,0.027,4
10975,14567,0.7644,1
10975,1649,0.14,2
10975,10621,0.0956,3
10976,16812,0.4175,1
10976,12663,0.1994,2
10976,8053,0.122,3
10976,5881,0.1153,4
10976,4564,0.0747,5
10976,2802,0.0422,6
10976,9434,0.0289,7
10977,7213,0.3697,1
10977,10544,0.194,2
10977,3685,0.1464,3
10977,2111,0.1036,4
10977,3471,0.0684,5
10977,9910,0.0682,6
10977,3865,0.0497,7
10978,11063,0.3855,1
10978,5454,0.2476,2
10978,7448,0.1386,3
10978,7553,0.1371,4
10978,7043,0.0876,5
10978,2375,0.0037,6
10979,9863,0.3851,1
10979,5382,0.2076,2
10979,8593,0.1774,3
10979,2900,0.1173,4
10979,3702,0.067,5
10979,6573,0.0454,6
10979,8501,0.0002,7
10980,11683,0.6634,1
10980,6399,0.2506,2
10980,11428,0.0684,3
10980,11673,0.0175,4
10981,8480,0.5432,1
10981,1901,0.3701,2
10981,15220,0.0688,3
10981,7591,0.0179,4
10982,12019,0.4898,1
10982,15992,0.4656,2
10982,16824,0.0446,3
10983,2164,0.405,1
10983,11266,0.3919,2
10983,4228,0.2031,3
10984,2454,0.6755,1
10984,2829,0.11,2
10984,6754,0.1094,3
10984,5176,0.089,4
10984,5762,0.0155,5
10984,2471,0.0006,6
10985,6441,0.7422,1
10985,4063,0.1797,2
10985,11143,0.0454,3
10985,7300,0.0327,4
10986,5009,0.6262,1
10986,7412,0.3394,2
10986,7496,0.0244,3
10986,4494,0.01,4
10987,6432,0.3003,1
10987,7720,0.2887,2
10987,2941,0.2516,3
10987,1758,0.153,4
10987,7322,0.0064,5
10988,1887,0.4112,1
10988,3789,0.3965,2
10988,6236,0.1211,3
10988,7309,0.0713,4
10989,8390,0.4542,1
10989,9820,0.2824,2
10989,9158,0.1218,3
10989,6374,0.0719,4
10989,8192,0.0691,5
10989,8106,0.0006,6
10990,5606,0.4454,1
10990,3588,0.3181,2
10990,10590,0.2365,3
10991,9419,0.4392,1
10991,16228,0.2989,2
10991,12192,0.2321,3
10991,7671,0.0298,4
10992,6876,0.5865,1
10992,5468,0.3661,2
10992,4448,0.0475,3
10993,11082,0.5672,1
10993,5775,0.4089,2
10993,13071,0.0171,3
10993,15933,0.0052,4
10993,5857,0.0016,5
10994,2505,0.5184,1
10994,5423,0.2203,2
10994,9056,0.1365,3
10994,2809,0.069,4
10994,5877,0.0558,5
10995,7746,0.4673,1
10995,4403,0.3785,2
10995,1905,0.1542,3
10996,13755,0.3259,1
10996,6541,0.2201,2
10996,3760,0.1737,3
10996,3794,0.1702,4
10996,5452,0.1101,5
10997,7564,0.5149,1
10997,5319,0.3446,2
10997,2242,0.1172,3
10997,1911,0.0232,4
10998,1789,0.5652,1
10998,16988,0.27,2
10998,2386,0.1242,3
10998,7396,0.0405,4
10999,4410,0.4796,1
10999,9011,0.2515,2
10999,9268,0.2368,3
10999,8207,0.0168,4
10999,2681,0.0154,5
11000,5114,0.5137,1
11000,3252,0.351,2
11000,6981,0.1353,3
11001,2385,0.5515,1
11001,13859,0.1572,2
11001,8052,0.1491,3
11001,14318,0.0796,4
11001,2285,0.0626,5
11002,1740,0.6444,1
11002,3743,0.34,2
11002,4643,0.0155,3
11003,15532,0.4658,1
11003,12704,0.3028,2
11003,8144,0.1449,3
11003,2915,0.0608,4
11003,12679,0.0257,5
11004,13496,0.4433,1
11004,16868,0.3903,2
11004,5826,0.0815,3
11004,1893,0.0632,4
11004,4483,0.0137,5
11004,4543,0.0079,6
11005,8845,0.2957,1
11005,5481,0.2826,2
11005,3659,0.2446,3
11005,9555,0.1722,4
11005,9540,0.0049,5
11006,5018,0.7931,1
11006,5016,0.0657,2
11006,7070,0.0656,3
11006,1651,0.0392,4
11006,10917,0.0364,5
11007,3271,0.5596,1
11007,4880,0.3497,2
11007,10097,0.0721,3
11007,9599,0.0186,4
11008,6043,0.3163,1
11008,8605,0.3076,2
11008,2039,0.1492,3
11008,8613,0.1147,4
11008,8056,0.1122,5
11009,4403,0.5507,1
11009,2001,0.2164,2
11009,4163,0.1515,3
11009,11191,0.0517,4
11009,7311,0.0297,5
11010,1774,0.4723,1
11010,4187,0.434,2
11010,7796,0.0937,3
11011,2494,0.6791,1
11011,13458,0.1294,2
11011,4124,0.1025,3
11011,12790,0.0468,4
11011,3119,0.025,5
11011,17326,0.0171,6
11012,13324,0.4807,1
11012,13129,0.3212,2
11012,4632,0.0981,3
11012,2349,0.0556,4
11012,5289,0.0444,5
11013,4667,0.3358,1
11013,6919,0.2594,2
11013,5778,0.2502,3
11013,3924,0.1245,4
11013,2449,0.0241,5
11013,11121,0.006,6
11014,7168,0.3094,1
11014,15968,0.2952,2
11014,15463,0.2042,3
11014,8585,0.1543,4
11014,4328,0.0341,5
11014,14203,0.0028,6
11015,5226,0.7396,1
11015,1861,0.1226,2
11015,10036,0.0955,3
11015,8461,0.0423,4
11016,3851,0.82,1
11016,11234,0.093,2
11016,8198,0.0871,3
11017,14507,0.3528,1
11017,14019,0.2547,2
11017,16573,0.2169,3
11017,11999,0.0977,4
11017,12429,0.078,5
11018,8563,0.2561,1
11018,7822,0.2544,2
11018,2757,0.242,3
11018,9519,0.1088,4
11018,8364,0.0809,5
11018,11381,0.0484,6
11018,6147,0.0095,7
11019,15693,0.545,1
11019,4905,0.1802,2
11019,16528,0.117,3
11019,6228,0.111,4
11019,16999,0.0467,5
11020,9259,0.6551,1
11020,16197,0.1774,2
11020,13800,0.1675,3
11021,6356,0.4673,1
11021,13632,0.457,2
11021,12687,0.0552,3
11021,6589,0.0161,4
11021,6501,0.0043,5
11022,7975,0.6837,1
11022,4935,0.3149,2
11022,3216,0.0014,3
11023,3935,0.3916,1
11023,3720,0.3437,2
11023,7564,0.2349,3
11023,4688,0.0298,4
11024,5751,0.378,1
11024,7761,0.2604,2
11024,5218,0.1576,3
11024,6437,0.109,4
11024,5253,0.0581,5
11024,8622,0.0369,6
11025,10350,0.4335,1
11025,7739,0.2918,2
11025,12520,0.1424,3
11025,5181,0.1324,4
11026,6399,0.5045,1
11026,6906,0.4775,2
11026,15162,0.018,3
11027,9117,0.9441,1
11027,3614,0.0559,2
11028,4646,0.4689,1
11028,9602,0.3665,2
11028,2148,0.1621,3
11028,10900,0.0025,4
11029,6112,0.7416,1
11029,3563,0.2338,2
11029,4264,0.0246,3
11030,3485,0.5025,1
11030,8166,0.4975,2
11031,11930,0.5363,1
11031,6055,0.274,2
11031,14387,0.146,3
11031,3679,0.0437,4
11032,14536,0.6605,1
11032,11841,0.218,2
11032,17076,0.1108,3
11032,2126,0.0107,4
11033,2919,0.407,1
11033,4241,0.2935,2
11033,5602,0.1178,3
11033,10067,0.0871,4
11033,10400,0.0862,5
11033,4737,0.0084,6
11034,1744,0.5898,1
11034,6183,0.2233,2
11034,10464,0.1179,3
11034,3455,0.0655,4
11034,1764,0.0034,5
11035,6283,0.4706,1
11035,3141,0.291,2
11035,9352,0.1225,3
11035,8422,0.0989,4
11035,4915,0.0169,5
11036,17631,1.0,1
11037,2869,0.4393,1
11037,4480,0.3164,2
11037,9612,0.2443,3
11038,13927,0.4501,1
11038,10008,0.2958,2
11038,3033,0.2541,3
11039,5007,0.5503,1
11039,17569,0.246,2
11039,6805,0.1373,3
11039,5545,0.0653,4
11039,9353,0.0011,5
11040,4078,0.3451,1
11040,6424,0.2544,2
11040,6611,0.2336,3
11040,4878,0.0633,4
11040,5841,0.0533,5
11040,10825,0.0503,6
11041,7350,0.4037,1
11041,2034,0.2646,2
11041,6525,0.1573,3
11041,10664,0.1026,4
11041,5743,0.0415,5
11041,6708,0.0303,6
11042,7952,0.5008,1
11042,4265,0.2024,2
11042,7546,0.147,3
11042,7067,0.0898,4
11042,8390,0.0447,5
11042,6905,0.0154,6
11043,2001,1.0,1
11044,7109,0.4071,1
11044,9441,0.2671,2
11044,7852,0.1865,3
11044,1957,0.0871,4
11044,2318,0.0522,5
11045,9239,0.4416,1
11045,3802,0.2027,2
11045,11351,0.1332,3
11045,3911,0.0926,4
11045,4528,0.0746,5
11045,2602,0.0554,6
11046,7751,0.8958,1
11046,9830,0.0561,2
11046,7381,0.0482,3
11047,7393,0.9556,1
11047,5964,0.0299,2
11047,7643,0.0145,3
11048,2645,0.3727,1
11048,3720,0.3506,2
11048,5768,0.2612,3
11048,1737,0.0155,4
11049,1961,0.8126,1
11049,6743,0.1163,2
11049,7578,0.0629,3
11049,5362,0.0081,4
11050,9061,0.2755,1
11050,13683,0.2678,2
11050,3130,0.1842,3
11050,10829,0.1215,4
11050,16959,0.0925,5
11050,9006,0.0584,6
11051,13751,0.551,1
11051,12923,0.275,2
11051,7117,0.174,3
11052,8831,0.604,1
11052,7157,0.2657,2
11052,2724,0.1302,3
11053,8604,0.4956,1
11053,5688,0.1777,2
11053,11268,0.1475,3
11053,2378,0.1108,4
11053,9431,0.0477,5
11053,9535,0.0207,6
11054,7902,0.4189,1
11054,5653,0.3092,2
11054,5386,0.2563,3
11054,2767,0.0155,4
11055,4146,0.3641,1
11055,6393,0.3536,2
11055,14232,0.1622,3
11055,16341,0.1202,4
11056,11029,0.3493,1
11056,11069,0.2216,2
11056,3192,0.1716,3
11056,9841,0.1228,4
11056,11063,0.1016,5
11056,10659,0.0331,6
11057,10663,0.5704,1
11057,2692,0.1739,2
11057,9664,0.0892,3
11057,10803,0.0871,4
11057,5169,0.0392,5
11057,8735,0.0329,6
11057,5317,0.0073,7
11058,2436,0.7104,1
11058,15927,0.1113,2
11058,6078,0.1084,3
11058,14015,0.068,4
11058,6443,0.002,5
11059,2628,0.4367,1
11059,2885,0.3373,2
11059,9399,0.226,3
11060,4718,0.4503,1
11060,4578,0.2809,2
11060,13572,0.214,3
11060,3856,0.0538,4
11060,5135,0.001,5
11061,7393,0.383,1
11061,6822,0.3284,2
11061,7190,0.1169,3
11061,8149,0.1161,4
11061,4856,0.0317,5
11061,9723,0.0239,6
11062,11008,0.426,1
11062,16091,0.3999,2
11062,13587,0.1741,3
11063,6432,0.569,1
11063,11160,0.2157,2
11063,11369,0.1115,3
11063,4488,0.0879,4
11063,5185,0.016,5
11064,7129,0.4557,1
11064,6372,0.3031,2
11064,10314,0.1173,3
11064,4005,0.1109,4
11064,10398,0.013,5
11065,11515,0.5464,1
11065,2021,0.2218,2
11065,9710,0.1384,3
11065,15508,0.0921,4
11065,11903,0.0013,5
11066,12221,0.6565,1
11066,17480,0.1464,2
11066,3777,0.1132,3
11066,5368,0.0688,4
11066,11015,0.0152,5
11067,3834,0.9249,1
11067,4263,0.0751,2
11068,14532,0.6068,1
11068,5583,0.3284,2
11068,8293,0.0648,3
11069,1891,0.9464,1
11069,7697,0.0536,2
11070,4144,0.3987,1
11070,5376,0.3698,2
11070,6996,0.1042,3
11070,3908,0.098,4
11070,7060,0.0213,5
11070,3430,0.008,6
11071,1904,0.4847,1
11071,4991,0.3404,2
11071,10901,0.1577,3
11071,10756,0.0172,4
11072,6699,0.4459,1
11072,12182,0.2062,2
11072,5898,0.1155,3
11072,12807,0.1057,4
11072,14306,0.096,5
11072,5920,0.0164,6
11072,2044,0.0143,7
11073,16454,0.4802,1
11073,10639,0.2662,2
11073,5744,0.1722,3
11073,11146,0.0805,4
11073,13261,0.0009,5
11074,2877,1.0,1
11075,4303,0.5424,1
11075,3228,0.2234,2
11075,2874,0.1621,3
11075,2461,0.0439,4
11075,6474,0.0283,5
11076,11201,0.7102,1
11076,8233,0.1612,2
11076,3898,0.0921,3
11076,10591,0.0365,4
11077,13432,0.5271,1
11077,4248,0.3007,2
11077,4347,0.1722,3
11078,4788,0.6607,1
11078,6996,0.1807,2
11078,3755,0.1132,3
11078,4883,0.0366,4
11078,4914,0.0088,5
11079,11059,0.5381,1
11079,14504,0.1912,2
11079,6442,0.1166,3
11079,14602,0.1056,4
11079,2802,0.0485,5
11080,13506,0.2599,1
11080,10946,0.2449,2
11080,8387,0.2031,3
11080,7596,0.1636,4
11080,11023,0.0805,5
11080,3989,0.0416,6
11080,9659,0.0064,7
11081,5606,0.6649,1
11081,5020,0.3351,2
11082,15030,0.3225,1
11082,13572,0.2766,2
11082,4574,0.1634,3
11082,10052,0.1465,4
11082,12684,0.0462,5
11082,12525,0.0447,6
11083,14538,1.0,1
11084,3249,0.2753,1
11084,7913,0.2312,2
11084,6693,0.1637,3
11084,13379,0.1192,4
11084,16623,0.107,5
11084,7058,0.1036,6
11085,9904,0.5604,1
11085,4603,0.229,2
11085,10758,0.1001,3
11085,10819,0.0883,4
11085,17143,0.0222,5
11086,3828,0.5162,1
11086,7015,0.1942,2
11086,2072,0.1583,3
11086,17605,0.0602,4
11086,5074,0.0481,5
11086,14095,0.023,6
11087,7274,0.3126,1
11087,10725,0.2875,2
11087,8825,0.26,3
11087,2854,0.0956,4
11087,10586,0.0426,5
11087,4001,0.0018,6
11088,6147,0.4394,1
11088,9907,0.2585,2
11088,4174,0.2122,3
11088,6729,0.0714,4
11088,10823,0.0185,5
11089,5737,0.6266,1
11089,11508,0.1922,2
11089,6731,0.1813,3
11090,11165,0.4588,1
11090,2925,0.2852,2
11090,1887,0.1496,3
11090,3702,0.1038,4
11090,5854,0.0026,5
11091,15835,0.4347,1
11091,13938,0.3871,2
11091,16015,0.1682,3
11091,7686,0.0099,4
11092,11033,0.7373,1
11092,9838,0.2299,2
11092,4283,0.0328,3
11093,7466,0.3655,1
11093,13115,0.2177,2
11093,14593,0.1919,3
11093,2922,0.139,4
11093,1745,0.0858,5
11094,3623,0.4761,1
11094,1720,0.1546,2
11094,13638,0.1435,3
11094,5224,0.0745,4
11094,8818,0.0599,5
11094,10033,0.0571,6
11094,17316,0.0343,7
11095,9814,0.562,1
11095,10574,0.1416,2
11095,12231,0.1157,3
11095,7370,0.1021,4
11095,9472,0.042,5
11095,5491,0.0237,6
11095,5551,0.0129,7
11096,2725,1.0,1
11097,4059,0.3689,1
11097,16118,0.2338,2
11097,10331,0.2226,3
11097,14237,0.1572,4
11097,10335,0.0176,5
11098,6499,0.3631,1
11098,12389,0.2889,2
11098,9159,0.1712,3
11098,6346,0.0907,4
11098,2653,0.0461,5
11098,14462,0.0399,6
11099,1944,0.3753,1
11099,3213,0.1953,2
11099,8544,0.1296,3
11099,4653,0.1157,4
11099,2262,0.0936,5
11099,7550,0.0731,6
11099,5542,0.0173,7
11100,3651,0.6334,1
11100,3391,0.1911,2
11100,7776,0.1756,3
11101,12090,0.4164,1
11101,13403,0.3476,2
11101,11227,0.2329,3
11101,17308,0.0031,4
11102,2305,0.5379,1
11102,7976,0.4621,2
11103,5846,0.28,1
11103,8812,0.2436,2
11103,5374,0.2425,3
11103,2194,0.1615,4
11103,2240,0.043,5
11103,5052,0.0294,6
11104,5125,0.3369,1
11104,2206,0.2441,2
11104,8292,0.2104,3
11104,2371,0.0909,4
11104,4469,0.0548,5
11104,8025,0.0344,6
11104,5547,0.0285,7
11105,8390,0.383,1
11105,8951,0.2474,2
11105,6547,0.2272,3
11105,7993,0.0876,4
11105,5789,0.0511,5
11105,4883,0.0037,6
11106,11077,0.8719,1
11106,10584,0.096,2
11106,3546,0.0322,3
11107,8985,0.3272,1
11107,8978,0.2295,2
11107,8060,0.1902,3
11107,2592,0.1087,4
11107,10828,0.0777,5
11107,8482,0.0667,6
11108,10092,0.9258,1
11108,4850,0.0742,2
11109,9362,0.5136,1
11109,5369,0.4001,2
11109,5949,0.0863,3
11110,7060,0.4208,1
11110,2695,0.303,2
11110,5715,0.142,3
11110,1994,0.0461,4
11110,9291,0.0354,5
11110,9082,0.0319,6
11110,1782,0.0208,7
11111,7996,0.5487,1
11111,16155,0.32,2
11111,6277,0.1141,3
11111,2095,0.0172,4
11112,8175,0.4618,1
11112,2711,0.2959,2
11112,9113,0.1629,3
11112,6965,0.0794,4
11113,7258,0.8413,1
11113,9292,0.1181,2
11113,8760,0.0406,3
11114,7389,0.463,1
11114,6306,0.2773,2
11114,3432,0.2187,3
11114,9289,0.0349,4
11114,6189,0.0061,5
11115,5679,0.777,1
11115,10862,0.1328,2
11115,5483,0.0902,3
11116,4499,1.0,1
11117,7732,0.5505,1
11117,10825,0.4495,2
11118,4047,0.4044,1
11118,6223,0.3163,2
11118,12317,0.2131,3
11118,8548,0.0662,4
11119,8048,0.622,1
11119,7804,0.1508,2
11119,5020,0.139,3
11119,5154,0.0702,4
11119,8274,0.0181,5
11120,7014,1.0,1
11121,3270,0.5517,1
11121,8038,0.3281,2
11121,5465,0.0611,3
11121,13838,0.0591,4
11122,10477,0.6859,1
11122,8015,0.2534,2
11122,3203,0.0607,3
11123,4865,0.495,1
11123,2989,0.4202,2
11123,8671,0.0848,3
11124,3794,0.3435,1
11124,9728,0.3221,2
11124,4646,0.1523,3
11124,2448,0.1389,4
11124,7896,0.0276,5
11124,10012,0.0156,6
11125,4648,0.4639,1
11125,4153,0.3033,2
11125,7288,0.2049,3
11125,8268,0.0279,4
11126,7355,0.5653,1
11126,7760,0.1554,2
11126,9952,0.1425,3
11126,6573,0.0553,4
11126,16520,0.0389,5
11126,9749,0.0265,6
11126,12537,0.0161,7
11127,4121,0.4566,1
11127,10867,0.2936,2
11127,2980,0.1069,3
11127,6492,0.0799,4
11127,8357,0.0543,5
11127,5549,0.0088,6
11128,4082,0.4492,1
11128,16169,0.2569,2
11128,16489,0.2047,3
11128,13945,0.0718,4
11128,2590,0.0174,5
11129,8426,0.4712,1
11129,11107,0.2756,2
11129,7628,0.1956,3
11129,9301,0.0466,4
11129,7585,0.011,5
11130,8484,0.3046,1
11130,6063,0.2651,2
11130,7107,0.1658,3
11130,8343,0.1095,4
11130,3198,0.0807,5
11130,4888,0.0744,6
11131,9028,0.4745,1
11131,15240,0.1862,2
11131,7832,0.1679,3
11131,13423,0.1483,4
11131,2371,0.0149,5
11131,12644,0.0083,6
11132,17188,0.3731,1
11132,10350,0.3579,2
11132,3648,0.2034,3
11132,17167,0.0333,4
11132,2669,0.0323,5
11133,6523,0.4475,1
11133,4269,0.3048,2
11133,2471,0.2477,3
11134,7809,0.502,1
11134,2324,0.2782,2
11134,9995,0.147,3
11134,8604,0.0432,4
11134,9263,0.0197,5
11134,6065,0.0099,6
11135,2674,0.5546,1
11135,4779,0.2812,2
11135,9524,0.1642,3
11136,5900,0.473,1
11136,10285,0.4284,2
11136,2500,0.0986,3
11137,7662,0.2692,1
11137,9443,0.2617,2
11137,9269,0.2369,3
11137,9039,0.1085,4
11137,7638,0.0777,5
11137,4796,0.046,6
11138,10876,0.4588,1
11138,8494,0.4369,2
11138,10458,0.1043,3
11139,17316,0.4461,1
11139,13901,0.302,2
11139,10641,0.2519,3
11140,6820,0.7598,1
11140,11167,0.1714,2
11140,16846,0.0688,3
11141,8602,0.4436,1
11141,5367,0.343,2
11141,4236,0.2135,3
11142,2606,0.6031,1
11142,10066,0.3664,2
11142,9177,0.017,3
11142,10017,0.0135,4
11143,4964,0.4414,1
11143,10741,0.3883,2
11143,2050,0.1491,3
11143,2038,0.0212,4
11144,4660,0.8775,1
11144,3420,0.1225,2
11145,6953,0.8426,1
11145,16348,0.1484,2
11145,1694,0.009,3
11146,3311,0.5273,1
11146,15092,0.3157,2
11146,1641,0.1566,3
11146,16361,0.0004,4
11147,6009,0.3008,1
11147,11364,0.2189,2
11147,3753,0.1736,3
11147,4968,0.1426,4
11147,3717,0.1,5
11147,9409,0.0483,6
11147,7131,0.0157,7
11148,4910,0.8865,1
11148,10079,0.1086,2
11148,5281,0.0049,3
11149,13511,0.431,1
11149,14469,0.3132,2
11149,12521,0.1998,3
11149,5534,0.0561,4
11150,6631,0.5523,1
11150,10791,0.284,2
11150,6249,0.1638,3
11151,13172,0.6646,1
11151,13171,0.1667,2
11151,16786,0.082,3
11151,2497,0.0335,4
11151,11642,0.0292,5
11151,7463,0.024,6
11152,4008,0.2938,1
11152,10571,0.2899,2
11152,4629,0.1772,3
11152,6894,0.1235,4
11152,5317,0.0599,5
11152,2336,0.0557,6
11153,2444,0.4408,1
11153,11211,0.207,2
11153,8338,0.1698,3
11153,3783,0.1666,4
11153,9378,0.0158,5
11154,6274,0.5057,1
11154,8638,0.1844,2
11154,11219,0.1322,3
11154,6779,0.0797,4
11154,3003,0.0692,5
11154,7391,0.0287,6
11155,16831,0.3544,1
11155,7636,0.338,2
11155,7787,0.1673,3
11155,12687,0.115,4
11155,3465,0.0253,5
11156,16293,0.2445,1
11156,5615,0.2342,2
11156,16850,0.214,3
11156,3603,0.1846,4
11156,8342,0.0694,5
11156,8023,0.0514,6
11156,3156,0.0018,7
11157,4190,0.6441,1
11157,6762,0.181,2
11157,8508,0.0939,3
11157,7143,0.0779,4
11157,8268,0.003,5
11158,10282,0.4341,1
11158,15452,0.1991,2
11158,9354,0.1412,3
11158,16337,0.1279,4
11158,6893,0.0471,5
11158,10121,0.0445,6
11158,8129,0.0062,7
11159,6391,0.3614,1
11159,2562,0.3013,2
11159,9422,0.1722,3
11159,11124,0.1599,4
11159,9740,0.0051,5
11160,7723,0.7233,1
11160,10120,0.1976,2
11160,5032,0.0792,3
11161,9767,0.4014,1
11161,10070,0.2616,2
11161,2445,0.1907,3
11161,14502,0.1114,4
11161,11273,0.0349,5
11162,12614,0.3795,1
11162,15818,0.3236,2
11162,5108,0.1773,3
11162,17148,0.1196,4
11163,12278,0.549,1
11163,4852,0.2314,2
11163,8894,0.111,3
11163,3998,0.0771,4
11163,5533,0.023,5
11163,7698,0.0086,6
11164,2782,0.5362,1
11164,11651,0.4276,2
11164,15073,0.0362,3
11165,8881,0.5709,1
11165,6938,0.2497,2
11165,6011,0.1055,3
11165,5322,0.0335,4
11165,11936,0.0268,5
11165,16872,0.0104,6
11165,15504,0.0032,7
11166,8470,0.9786,1
11166,9354,0.0166,2
11166,11168,0.0048,3
11167,6566,0.5342,1
11167,12799,0.4137,2
11167,13129,0.0233,3
11167,4494,0.0131,4
11167,7330,0.0124,5
11167,4090,0.0029,6
11167,3165,0.0004,7
11168,4411,0.393,1
11168,4869,0.1877,2
11168,9241,0.1411,3
11168,3829,0.1278,4
11168,2085,0.0835,5
11168,10387,0.0518,6
11168,10921,0.0151,7
11169,17624,0.2633,1
11169,2699,0.2574,2
11169,3797,0.1999,3
11169,2611,0.1953,4
11169,11112,0.0531,5
11169,8290,0.0248,6
11169,6293,0.0061,7
11170,7962,0.7374,1
11170,9197,0.1548,2
11170,3901,0.1077,3
11171,4432,0.5146,1
11171,5505,0.3543,2
11171,5934,0.1311,3
11172,7715,0.3672,1
11172,5411,0.2272,2
11172,8213,0.1545,3
11172,10547,0.1333,4
11172,2985,0.0875,5
11172,2302,0.0303,6
11173,12948,0.3459,1
11173,6438,0.1837,2
11173,10503,0.1292,3
11173,5628,0.1232,4
11173,13070,0.1176,5
11173,8697,0.054,6
11173,15443,0.0464,7
11174,11258,0.6051,1
11174,2322,0.2419,2
11174,9910,0.0471,3
11174,4948,0.0384,4
11174,2342,0.0365,5
11174,4532,0.0311,6
11175,3508,0.6609,1
11175,9330,0.2051,2
11175,10853,0.1304,3
11175,4537,0.0037,4
11176,2691,0.3169,1
11176,6423,0.3059,2
11176,4087,0.2162,3
11176,6767,0.1611,4
11177,13700,0.4187,1
11177,15760,0.2739,2
11177,13159,0.1803,3
11177,9792,0.1063,4
11177,12881,0.0208,5
11178,3116,0.875,1
11178,2307,0.1152,2
11178,9703,0.0098,3
11179,4501,0.5227,1
11179,6984,0.303,2
11179,1666,0.1302,3
11179,11379,0.0254,4
11179,9120,0.0187,5
11180,5441,0.6811,1
11180,8426,0.3043,2
11180,1660,0.0146,3
11181,8320,0.3987,1
11181,6843,0.2285,2
11181,4305,0.1648,3
11181,7601,0.0795,4
11181,3635,0.0691,5
11181,8678,0.036,6
11181,8027,0.0234,7
11182,4508,0.685,1
11182,8232,0.1376,2
11182,16173,0.1293,3
11182,6932,0.0481,4
11183,9066,0.5519,1
11183,2575,0.3507,2
11183,5025,0.0974,3
11184,1862,0.5648,1
11184,9370,0.4268,2
11184,3526,0.0084,3
11185,13102,0.3567,1
11185,15105,0.326,2
11185,3543,0.2515,3
11185,12653,0.0411,4
11185,16423,0.0248,5
11186,2082,0.692,1
11186,3645,0.2693,2
11186,6202,0.0387,3
11187,3657,0.7351,1
11187,4483,0.1627,2
11187,3825,0.0648,3
11187,9045,0.0373,4
11188,6196,0.275,1
11188,7710,0.2691,2
11188,10369,0.2536,3
11188,2791,0.12,4
11188,3707,0.0823,5
11189,5447,0.7565,1
11189,5316,0.1304,2
11189,2390,0.0546,3
11189,6775,0.0467,4
11189,3231,0.0081,5
11189,14222,0.0038,6
11190,12327,0.5267,1
11190,15905,0.2403,2
11190,15937,0.0979,3
11190,7523,0.0761,4
11190,14019,0.0378,5
11190,1755,0.0212,6
11191,6315,0.5344,1
11191,4632,0.4076,2
11191,5317,0.0579,3
11192,12085,0.4341,1
11192,13368,0.3401,2
11192,4194,0.1435,3
11192,12149,0.0821,4
11192,9397,0.0002,5
11193,9002,0.3054,1
11193,4235,0.2996,2
11193,3970,0.2133,3
11193,6770,0.1597,4
11193,4188,0.022,5
11194,7739,0.5518,1
11194,3218,0.3342,2
11194,10339,0.1141,3
11195,5082,0.493,1
11195,9673,0.4348,2
11195,3532,0.0722,3
11196,6232,0.6808,1
11196,2803,0.1431,2
11196,3085,0.1117,3
11196,6850,0.0399,4
11196,11769,0.0185,5
11196,5193,0.0059,6
11197,4222,0.5143,1
11197,7564,0.4022,2
11197,9699,0.0835,3
11198,10198,0.4262,1
11198,5204,0.2387,2
11198,3639,0.1962,3
11198,15398,0.0559,4
11198,5352,0.0512,5
11198,12670,0.0318,6
11199,1927,1.0,1
11200,5578,0.2912,1
11200,16829,0.2039,2
11200,6255,0.1489,3
11200,16293,0.1123,4
11200,12100,0.107,5
11200,3780,0.1049,6
11200,7249,0.0319,7
11201,8592,0.4323,1
11201,2117,0.2843,2
11201,3104,0.2541,3
11201,10495,0.0292,4
11202,3304,0.8921,1
11202,6893,0.1079,2
11203,13610,0.2772,1
11203,5027,0.2397,2
11203,8513,0.2012,3
11203,14549,0.1866,4
11203,9792,0.0953,5
11204,12505,0.4158,1
11204,6617,0.2963,2
11204,8074,0.1881,3
11204,17303,0.0569,4
11204,15830,0.0428,5
11205,16915,0.4524,1
11205,9579,0.314,2
11205,1702,0.1995,3
11205,15841,0.0342,4
11206,3656,0.7867,1
11206,13346,0.1171,2
11206,15434,0.0838,3
11206,6099,0.0124,4
11207,4766,0.3511,1
11207,11406,0.2949,2
11207,1764,0.1953,3
11207,6465,0.126,4
11207,6873,0.0327,5
11208,7825,0.3776,1
11208,5808,0.2196,2
11208,6165,0.2002,3
11208,3376,0.1776,4
11208,3712,0.025,5
11209,1780,0.5791,1
11209,17283,0.2565,2
11209,3335,0.1645,3
11210,6714,0.7505,1
11210,16178,0.2069,2
11210,13619,0.0427,3
11211,13338,0.3348,1
11211,4702,0.3348,2
11211,7996,0.2501,3
11211,11408,0.0377,4
11211,5733,0.0318,5
11211,12810,0.0107,6
11212,15584,0.7727,1
11212,10163,0.2252,2
11212,14026,0.0021,3
11213,6098,0.3692,1
11213,6297,0.3222,2
11213,4513,0.1322,3
11213,7251,0.1058,4
11213,2547,0.0705,5
11214,6915,0.3568,1
11214,12904,0.207,2
11214,17263,0.1726,3
11214,6193,0.1298,4
11214,12604,0.0766,5
11214,12296,0.0572,6
11215,1981,1.0,1
11216,7059,1.0,1
11217,4735,0.373,1
11217,7084,0.2579,2
11217,3135,0.2015,3
11217,6465,0.1676,4
11218,6846,1.0,1
11219,8830,0.7638,1
11219,4539,0.0984,2
11219,8747,0.0754,3
11219,7824,0.0511,4
11219,5239,0.0094,5
11219,2192,0.002,6
11220,8166,0.4494,1
11220,9840,0.3294,2
11220,10148,0.1178,3
11220,3567,0.0734,4
11220,8647,0.03,5
11221,3882,0.3768,1
11221,8639,0.3651,2
11221,10328,0.1767,3
11221,7147,0.0463,4
11221,3284,0.0351,5
11222,2426,0.5782,1
11222,4160,0.3092,2
11222,1798,0.1127,3
11223,10837,0.4448,1
11223,8385,0.2767,2
11223,4306,0.2209,3
11223,7676,0.0576,4
11224,10558,0.5197,1
11224,2304,0.3308,2
11224,6916,0.0999,3
11224,7675,0.0488,4
11224,4149,0.0008,5
11225,4809,1.0,1
11226,3988,0.9046,1
11226,8164,0.0954,2
11227,6919,0.6537,1
11227,5109,0.1187,2
11227,4780,0.0734,3
11227,2148,0.0659,4
11227,1973,0.0569,5
11227,4914,0.0204,6
11227,6816,0.011,7
11228,7120,0.3475,1
11228,3964,0.2975,2
11228,1665,0.2758,3
11228,2070,0.0407,4
11228,3344,0.0384,5
11229,4191,0.3843,1
11229,10772,0.3311,2
11229,3043,0.2617,3
11229,2155,0.0228,4
11230,16509,0.5724,1
11230,9160,0.4276,2
11231,6111,0.5224,1
11231,4902,0.3044,2
11231,4594,0.1731,3
11232,6967,0.4318,1
11232,3119,0.4132,2
11232,2279,0.0533,3
11232,2146,0.0442,4
11232,1973,0.0313,5
11232,2087,0.0262,6
11233,2870,0.4218,1
11233,4446,0.2813,2
11233,8574,0.1555,3
11233,11012,0.0825,4
11233,3520,0.0468,5
11233,9993,0.0121,6
11234,8099,0.3173,1
11234,8316,0.2989,2
11234,7169,0.2111,3
11234,4272,0.0876,4
11234,4355,0.0692,5
11234,7285,0.016,6
11235,7114,0.4691,1
11235,6033,0.2189,2
11235,15301,0.1519,3
11235,15513,0.0974,4
11235,5975,0.0482,5
11235,12598,0.0145,6
11236,10405,0.6859,1
11236,14438,0.1927,2
11236,14538,0.0596,3
11236,2183,0.0481,4
11236,14581,0.0137,5
11237,6984,0.8132,1
11237,10079,0.1436,2
11237,8185,0.0433,3
11238,14178,0.5631,1
11238,15330,0.2061,2
11238,7407,0.101,3
11238,6273,0.0789,4
11238,10046,0.0509,5
11239,13271,0.7655,1
11239,8155,0.1984,2
11239,4924,0.0361,3
11240,3257,0.3499,1
11240,8292,0.3196,2
11240,9602,0.2396,3
11240,8953,0.0581,4
11240,5607,0.0196,5
11240,1805,0.0132,6
11241,6775,0.4755,1
11241,6290,0.3521,2
11241,17289,0.1724,3
11242,7112,0.3842,1
11242,16701,0.3396,2
11242,8497,0.2116,3
11242,15935,0.0647,4
11243,2753,0.2979,1
11243,1890,0.2106,2
11243,3951,0.1697,3
11243,9911,0.1556,4
11243,2205,0.1081,5
11243,10462,0.0582,6
11244,3818,0.2881,1
11244,4397,0.2661,2
11244,4507,0.1516,3
11244,3441,0.146,4
11244,2968,0.1123,5
11244,15088,0.0359,6
11245,3625,0.348,1
11245,2355,0.2303,2
11245,5671,0.219,3
11245,2146,0.1436,4
11245,10035,0.0455,5
11245,7531,0.0136,6
11246,2199,0.6378,1
11246,6048,0.1676,2
11246,5738,0.1397,3
11246,8183,0.0549,4
11247,9335,0.4605,1
11247,11310,0.4413,2
11247,10791,0.0576,3
11247,4218,0.0205,4
11247,8523,0.0101,5
11247,7978,0.01,6
11248,2629,0.4206,1
11248,3880,0.2198,2
11248,7341,0.1435,3
11248,10583,0.1332,4
11248,3750,0.0438,5
11248,4088,0.0204,6
11248,4828,0.0187,7
11249,5250,0.5991,1
11249,2154,0.272,2
11249,16259,0.1289,3
11250,5614,0.3028,1
11250,11930,0.2595,2
11250,11889,0.213,3
11250,16078,0.1664,4
11250,14463,0.0552,5
11250,7108,0.0031,6
11251,7027,0.5089,1
11251,7487,0.1737,2
11251,3235,0.1662,3
11251,9422,0.135,4
11251,7301,0.0161,5
11252,3728,0.4439,1
11252,1901,0.2969,2
11252,10615,0.2432,3
11252,3600,0.0104,4
11252,9570,0.0057,5
11253,2011,0.4181,1
11253,12888,0.2297,2
11253,7370,0.2247,3
11253,6753,0.0864,4
11253,10574,0.0412,5
11254,13951,0.7627,1
11254,4648,0.2372,2
11254,8502,0.0001,3
11255,8786,0.2805,1
11255,10953,0.2469,2
11255,2577,0.1857,3
11255,6664,0.1422,4
11255,7825,0.0963,5
11255,8845,0.0479,6
11255,4479,0.0004,7
11256,8484,0.4776,1
11256,10323,0.2223,2
11256,9085,0.1574,3
11256,7195,0.0769,4
11256,6859,0.0486,5
11256,2119,0.0099,6
11256,6723,0.0073,7
11257,17306,0.5596,1
11257,13716,0.3521,2
11257,14674,0.056,3
11257,7706,0.0322,4
11258,8864,0.3777,1
11258,5508,0.3009,2
11258,4776,0.1316,3
11258,9741,0.13,4
11258,4205,0.0593,5
11258,2923,0.0005,6
11259,8418,0.51,1
11259,7305,0.1777,2
11259,17408,0.1156,3
11259,3711,0.091,4
11259,5159,0.0779,5
11259,5626,0.0277,6
11260,7378,1.0,1
11261,1880,0.4145,1
11261,9741,0.4114,2
11261,7405,0.1382,3
11261,10034,0.0184,4
11261,5875,0.0146,5
11261,15102,0.0029,6
11262,9694,0.5515,1
11262,6251,0.4485,2
11263,7358,0.3567,1
11263,2792,0.2201,2
11263,4364,0.2179,3
11263,8984,0.1204,4
11263,11160,0.0849,5
11264,7755,0.6128,1
11264,9099,0.2378,2
11264,11201,0.1493,3
11265,6196,0.4374,1
11265,10009,0.3155,2
11265,4788,0.1295,3
11265,5997,0.0968,4
11265,2487,0.0185,5
11265,8581,0.0023,6
11266,6985,0.7,1
11266,2224,0.2791,2
11266,3893,0.0209,3
11267,5664,0.5472,1
11267,5877,0.2461,2
11267,10986,0.1221,3
11267,10345,0.0847,4
11268,13104,0.7096,1
11268,14306,0.1631,2
11268,3454,0.1273,3
11269,3585,0.7231,1
11269,3310,0.1803,2
11269,7727,0.0965,3
11270,6050,0.6478,1
11270,11734,0.2865,2
11270,5038,0.0657,3
11271,9583,0.6562,1
11271,5347,0.1346,2
11271,8306,0.1191,3
11271,1952,0.0376,4
11271,10175,0.0318,5
11271,8277,0.0207,6
11272,2267,0.5501,1
11272,12268,0.2378,2
11272,17174,0.2121,3
11273,17344,0.697,1
11273,2155,0.1236,2
11273,2182,0.0897,3
11273,10185,0.0681,4
11273,16735,0.0216,5
11274,4687,0.757,1
11274,4360,0.1238,2
11274,4548,0.1192,3
11275,9391,0.4973,1
11275,4675,0.1718,2
11275,5673,0.148,3
11275,10493,0.1353,4
11275,10998,0.039,5
11275,2243,0.0086,6
11276,6440,0.542,1
11276,7373,0.2385,2
11276,13990,0.2102,3
11276,6415,0.0092,4
11277,3352,0.5257,1
11277,9290,0.2859,2
11277,4014,0.1884,3
11278,8352,0.402,1
11278,3577,0.2834,2
11278,9145,0.1869,3
11278,6433,0.0631,4
11278,11545,0.0459,5
11278,15513,0.0188,6
11279,16375,0.4835,1
11279,8598,0.3645,2
11279,5348,0.152,3
11280,3179,0.5126,1
11280,5003,0.2748,2
11280,8505,0.2126,3
11281,16296,0.4963,1
11281,10572,0.4371,2
11281,11227,0.0658,3
11281,11821,0.0008,4
11282,2155,0.6395,1
11282,7942,0.3332,2
11282,4338,0.0273,3
11283,5951,0.3847,1
11283,4340,0.2325,2
11283,1882,0.2053,3
11283,7955,0.1117,4
11283,16636,0.0657,5
11284,10030,0.6019,1
11284,5537,0.2397,2
11284,2425,0.0907,3
11284,14705,0.0677,4
11285,10110,0.6815,1
11285,1908,0.1562,2
11285,2591,0.0859,3
11285,4782,0.0765,4
11286,4413,0.6945,1
11286,15659,0.2611,2
11286,4472,0.0444,3
11287,12215,0.6197,1
11287,13782,0.1983,2
11287,12863,0.1113,3
11287,6309,0.0708,4
11288,7601,0.4273,1
11288,8701,0.2668,2
11288,2325,0.1657,3
11288,15484,0.1401,4
11289,9769,0.8501,1
11289,7153,0.1416,2
11289,4049,0.0083,3
11290,8121,0.3299,1
11290,15789,0.2524,2
11290,5404,0.2461,3
11290,12014,0.1294,4
11290,4186,0.0421,5
11291,4063,0.7127,1
11291,2662,0.2094,2
11291,3907,0.0587,3
11291,7741,0.0191,4
11292,4637,0.2873,1
11292,8256,0.231,2
11292,9467,0.2095,3
11292,2143,0.1528,4
11292,4131,0.0767,5
11292,6767,0.0417,6
11292,9301,0.0009,7
11293,7537,0.5122,1
11293,12246,0.3379,2
11293,7368,0.0605,3
11293,10617,0.0308,4
11293,1949,0.0298,5
11293,7318,0.0288,6
11294,4267,0.4767,1
11294,5713,0.2273,2
11294,12152,0.196,3
11294,2125,0.0606,4
11294,6255,0.0339,5
11294,7538,0.0055,6
11295,7633,0.2657,1
11295,10498,0.205,2
11295,11244,0.1986,3
11295,9027,0.1352,4
11295,7649,0.1172,5
11295,5272,0.0755,6
11295,10036,0.0028,7
11296,10261,0.2519,1
11296,9849,0.18,2
11296,5441,0.1593,3
11296,8284,0.1481,4
11296,3175,0.1025,5
11296,9416,0.0912,6
11296,3226,0.0671,7
11297,5774,0.5819,1
11297,6297,0.2619,2
11297,5154,0.1125,3
11297,11298,0.0436,4
11298,6564,0.56,1
11298,6410,0.2565,2
11298,2333,0.1797,3
11298,5354,0.0038,4
11299,2865,0.4107,1
11299,2787,0.2371,2
11299,11093,0.2033,3
11299,7682,0.1489,4
11300,6181,0.8104,1
11300,8618,0.1839,2
11300,5023,0.0058,3
11301,10492,0.5989,1
11301,6349,0.1102,2
11301,12047,0.0979,3
11301,6777,0.0916,4
11301,11706,0.0588,5
11301,5337,0.0426,6
11302,5179,0.3578,1
11302,13485,0.2923,2
11302,6773,0.1785,3
11302,13897,0.0878,4
11302,12615,0.0836,5
11303,1710,0.7669,1
11303,8018,0.0973,2
11303,6027,0.0875,3
11303,11480,0.0285,4
11303,3855,0.0162,5
11303,7757,0.0037,6
11304,8385,0.2711,1
11304,6108,0.2182,2
11304,10259,0.2082,3
11304,2695,0.1675,4
11304,4220,0.1074,5
11304,11401,0.0233,6
11304,3371,0.0044,7
11305,8378,0.6522,1
11305,3172,0.2061,2
11305,3227,0.0987,3
11305,8022,0.043,4
11306,10976,0.4215,1
11306,13892,0.2069,2
11306,7367,0.1747,3
11306,5038,0.1236,4
11306,11415,0.0574,5
11306,4949,0.016,6
11307,3474,0.4376,1
11307,11806,0.2246,2
11307,15601,0.1349,3
11307,5271,0.0892,4
11307,12434,0.0511,5
11307,4871,0.0366,6
11307,13700,0.026,7
11308,8631,0.4117,1
11308,3975,0.1276,2
11308,11359,0.1179,3
11308,2368,0.1168,4
11308,10630,0.0956,5
11308,3055,0.0808,6
11308,3614,0.0496,7
11309,6766,0.5216,1
11309,8288,0.173,2
11309,5810,0.1568,3
11309,11678,0.1486,4
11310,8471,0.476,1
11310,2742,0.2594,2
11310,10012,0.2392,3
11310,6140,0.0255,4
11311,9909,0.5372,1
11311,13226,0.3731,2
11311,5915,0.0898,3
11312,6183,0.4885,1
11312,8443,0.2391,2
11312,10272,0.1218,3
11312,9709,0.1131,4
11312,9703,0.0375,5
11313,12124,0.8478,1
11313,8343,0.1402,2
11313,3524,0.0121,3
11314,9223,0.907,1
11314,2293,0.0781,2
11314,7389,0.0149,3
11315,11865,0.3929,1
11315,15858,0.2728,2
11315,7641,0.2548,3
11315,2666,0.0548,4
11315,17548,0.0246,5
11316,15399,0.2564,1
11316,5005,0.2002,2
11316,11765,0.181,3
11316,10665,0.1519,4
11316,6789,0.1293,5
11316,2603,0.0772,6
11316,4145,0.004,7
11317,8626,0.2925,1
11317,8050,0.2041,2
11317,3129,0.1573,3
11317,16598,0.13,4
11317,5027,0.1231,5
11317,1840,0.0724,6
11317,17479,0.0205,7
11318,9544,0.8287,1
11318,12091,0.1637,2
11318,17187,0.0076,3
11319,9155,0.3864,1
11319,8880,0.3222,2
11319,5694,0.1314,3
11319,10837,0.113,4
11319,5430,0.0378,5
11319,10145,0.0092,6
11320,2576,0.5937,1
11320,3993,0.2735,2
11320,8458,0.0848,3
11320,8703,0.048,4
11321,13892,0.5782,1
11321,10038,0.1731,2
11321,5883,0.0928,3
11321,7238,0.0796,4
11321,4023,0.0763,5
11322,2059,0.281,1
11322,1839,0.2291,2
11322,6292,0.184,3
11322,3686,0.1228,4
11322,4116,0.0926,5
11322,3057,0.0904,6
11323,17276,0.3687,1
11323,8345,0.1451,2
11323,6056,0.1403,3
11323,8064,0.1091,4
11323,2402,0.103,5
11323,10730,0.0934,6
11323,15149,0.0403,7
11324,4124,0.4837,1
11324,4647,0.4611,2
11324,14285,0.0552,3
11325,3851,0.2943,1
11325,2184,0.2806,2
11325,6772,0.1835,3
11325,4008,0.1453,4
11325,4377,0.0547,5
11325,3948,0.0417,6
11326,2458,0.2949,1
11326,16020,0.2658,2
11326,2425,0.1654,3
11326,12681,0.1571,4
11326,16952,0.0611,5
11326,14887,0.051,6
11326,9743,0.0045,7
11327,6980,0.5118,1
11327,3422,0.1578,2
11327,4748,0.1548,3
11327,12261,0.1412,4
11327,14784,0.0344,5
11328,9904,0.6676,1
11328,15624,0.2425,2
11328,6613,0.062,3
11328,13564,0.0279,4
11329,10761,0.4901,1
11329,10290,0.2234,2
11329,9460,0.1879,3
11329,9813,0.0889,4
11329,9016,0.0098,5
11330,6916,0.4572,1
11330,9370,0.2787,2
11330,7416,0.2642,3
11331,6785,0.4206,1
11331,11310,0.3216,2
11331,4769,0.1516,3
11331,10428,0.0662,4
11331,2105,0.04,5
11332,1642,0.5233,1
11332,9769,0.3329,2
11332,7030,0.1437,3
11333,2803,0.7884,1
11333,7202,0.1786,2
11333,6702,0.033,3
11334,15085,0.4315,1
11334,12303,0.1914,2
11334,5278,0.1496,3
11334,6384,0.1278,4
11334,5729,0.0493,5
11334,7847,0.0462,6
11334,3036,0.0043,7
11335,6536,0.6112,1
11335,6316,0.3888,2
11336,11376,0.6387,1
11336,5998,0.156,2
11336,11365,0.1404,3
11336,3329,0.0649,4
11337,11851,0.566,1
11337,14799,0.2607,2
11337,9528,0.1643,3
11337,11091,0.009,4
11338,10343,0.4498,1
11338,2239,0.1971,2
11338,9748,0.184,3
11338,3048,0.169,4
11339,4114,0.8253,1
11339,3510,0.0905,2
11339,1894,0.0616,3
11339,1973,0.0226,4
11340,5387,0.5693,1
11340,13492,0.2725,2
11340,8548,0.1581,3
11341,7112,0.5581,1
11341,1959,0.2648,2
11341,7723,0.1083,3
11341,5061,0.0657,4
11341,3921,0.0032,5
11342,4236,0.6687,1
11342,2349,0.25,2
11342,5827,0.0733,3
11342,6854,0.008,4
11343,7212,0.9216,1
11343,9835,0.0784,2
11344,1730,0.4397,1
11344,10786,0.3235,2
11344,11173,0.2299,3
11344,3788,0.0069,4
11345,8836,0.5059,1
11345,8630,0.2044,2
11345,10650,0.1477,3
11345,11074,0.0816,4
11345,10259,0.0496,5
11345,9668,0.0085,6
11345,11060,0.0023,7
11346,16751,0.5325,1
11346,5900,0.1663,2
11346,10488,0.1293,3
11346,4671,0.1267,4
11346,17121,0.0452,5
11347,5994,0.4453,1
11347,4894,0.291,2
11347,10348,0.2637,3
11348,2973,0.88,1
11348,1884,0.1038,2
11348,3406,0.0162,3
11349,6295,0.8036,1
11349,5760,0.1139,2
11349,14221,0.0825,3
11350,9657,0.2891,1
11350,15735,0.2654,2
11350,7156,0.1612,3
11350,13037,0.133,4
11350,10512,0.1027,5
11350,9549,0.0486,6
11351,8100,0.418,1
11351,10298,0.2853,2
11351,7756,0.1514,3
11351,4757,0.1048,4
11351,8756,0.0406,5
11352,14522,0.3022,1
11352,3463,0.2339,2
11352,12159,0.1835,3
11352,6530,0.1788,4
11352,3725,0.1016,5
11353,9978,0.567,1
11353,15910,0.1729,2
11353,4879,0.1441,3
11353,6339,0.095,4
11353,17147,0.021,5
11354,12873,0.3877,1
11354,7168,0.2922,2
11354,12296,0.2324,3
11354,3513,0.0455,4
11354,8585,0.0408,5
11354,9142,0.0015,6
11355,9533,0.3552,1
11355,5883,0.2407,2
11355,2376,0.2045,3
11355,3269,0.1996,4
11356,8002,0.6562,1
11356,3971,0.2892,2
11356,6881,0.04,3
11356,1993,0.0108,4
11356,10187,0.0038,5
11357,10342,0.3144,1
11357,7425,0.208,2
11357,2769,0.1948,3
11357,13160,0.166,4
11357,7560,0.1168,5
11358,7489,0.6987,1
11358,7054,0.2179,2
11358,14539,0.0834,3
11359,9561,0.4592,1
11359,6444,0.2868,2
11359,10207,0.1138,3
11359,17030,0.0746,4
11359,8707,0.0657,5
11360,2693,0.6273,1
11360,7355,0.1934,2
11360,5362,0.1794,3
11361,16174,0.4549,1
11361,6292,0.2452,2
11361,8842,0.1311,3
11361,1824,0.1211,4
11361,4652,0.0476,5
11362,11507,0.5344,1
11362,3081,0.2772,2
11362,16556,0.1216,3
11362,8698,0.0668,4
11363,6440,0.5038,1
11363,9296,0.4954,2
11363,2938,0.0008,3
11364,1955,0.2811,1
11364,11235,0.2456,2
11364,2098,0.1764,3
11364,3395,0.1646,4
11364,8685,0.0661,5
11364,6547,0.036,6
11364,9152,0.0302,7
11365,5799,1.0,1
11366,3989,0.4835,1
11366,3661,0.1931,2
11366,12761,0.1553,3
11366,5822,0.1148,4
11366,13981,0.0533,5
11367,4655,0.3003,1
11367,7902,0.278,2
11367,2194,0.2408,3
11367,6383,0.0868,4
11367,9765,0.0374,5
11367,8712,0.0335,6
11367,1836,0.0232,7
11368,4589,0.4552,1
11368,9016,0.2431,2
11368,7938,0.1596,3
11368,9453,0.1069,4
11368,8504,0.0353,5
11369,13670,0.371,1
11369,5670,0.2829,2
11369,7024,0.1412,3
11369,6575,0.0777,4
11369,13521,0.0669,5
11369,9349,0.0594,6
11369,7116,0.001,7
11370,2398,0.5724,1
11370,6827,0.3381,2
11370,9800,0.0655,3
11370,7124,0.024,4
11371,6653,0.4674,1
11371,2354,0.2391,2
11371,4982,0.154,3
11371,10938,0.0717,4
11371,10260,0.0509,5
11371,7495,0.0169,6
11372,5636,0.6606,1
11372,2525,0.2342,2
11372,3848,0.0545,3
11372,5345,0.0508,4
11373,2748,0.5095,1
11373,2539,0.4372,2
11373,6853,0.0446,3
11373,8784,0.0087,4
11374,7005,0.3999,1
11374,9530,0.191,2
11374,7747,0.1666,3
11374,5120,0.1636,4
11374,8637,0.0638,5
11374,4350,0.0145,6
11374,2627,0.0006,7
11375,7094,0.5753,1
11375,7035,0.3237,2
11375,2324,0.0918,3
11375,7611,0.0092,4
11376,4817,0.3477,1
11376,8389,0.2566,2
11376,10872,0.1996,3
11376,10871,0.1856,4
11376,8213,0.0106,5
11377,2920,0.5276,1
11377,10789,0.3068,2
11377,4749,0.0838,3
11377,6068,0.0415,4
11377,5280,0.0402,5
11378,3342,0.8857,1
11378,2791,0.1092,2
11378,6550,0.0051,3
11379,4959,0.3226,1
11379,5069,0.2281,2
11379,11097,0.1436,3
11379,5586,0.1388,4
11379,3105,0.0852,5
11379,10946,0.054,6
11379,7745,0.0277,7
11380,7063,0.6143,1
11380,7214,0.2767,2
11380,4084,0.0889,3
11380,4585,0.0169,4
11380,7123,0.0033,5
11381,5631,0.7079,1
11381,7638,0.1492,2
11381,8364,0.0825,3
11381,7465,0.0443,4
11381,4932,0.0137,5
11381,9318,0.0024,6
11382,3019,0.8211,1
11382,6848,0.1789,2
11383,2349,0.3728,1
11383,3032,0.267,2
11383,9602,0.2498,3
11383,9616,0.1104,4
11384,16283,0.6185,1
11384,14455,0.2815,2
11384,3243,0.1,3
11385,9300,0.3614,1
11385,15128,0.2597,2
11385,14221,0.1451,3
11385,5086,0.0729,4
11385,9832,0.0647,5
11385,13366,0.0556,6
11385,14963,0.0406,7
11386,4070,0.319,1
11386,5368,0.2203,2
11386,9199,0.1311,3
11386,9146,0.0918,4
11386,3510,0.0878,5
11386,3480,0.0852,6
11386,13010,0.0648,7
11387,9321,0.3434,1
11387,3309,0.3082,2
11387,3057,0.1755,3
11387,2192,0.094,4
11387,9632,0.0477,5
11387,8441,0.0312,6
11388,5602,0.6048,1
11388,16006,0.2293,2
11388,15959,0.1659,3
11389,5217,0.4054,1
11389,13454,0.2485,2
11389,13742,0.173,3
11389,8490,0.1096,4
11389,4180,0.0346,5
11389,12155,0.0288,6
11390,4200,0.4288,1
11390,16475,0.3656,2
11390,13899,0.1429,3
11390,14478,0.0322,4
11390,9013,0.0305,5
11391,4852,0.2854,1
11391,5945,0.2846,2
11391,9107,0.2387,3
11391,9278,0.1652,4
11391,2268,0.0133,5
11391,9243,0.0127,6
11392,16245,0.5226,1
11392,7464,0.3943,2
11392,15508,0.0627,3
11392,2218,0.019,4
11392,6959,0.0015,5
11393,10235,0.4273,1
11393,7656,0.277,2
11393,3704,0.2107,3
11393,15562,0.0703,4
11393,15206,0.0146,5
11394,7268,0.3738,1
11394,6518,0.3288,2
11394,9822,0.2284,3
11394,9422,0.0689,4
11395,6650,0.3323,1
11395,12580,0.2836,2
11395,10917,0.1664,3
11395,7365,0.1173,4
11395,11685,0.0557,5
11395,7307,0.0447,6
11396,5774,0.2846,1
11396,5789,0.2777,2
11396,6581,0.2733,3
11396,5563,0.0956,4
11396,6863,0.0529,5
11396,2731,0.0159,6
11397,12047,0.6832,1
11397,14413,0.2503,2
11397,11116,0.0665,3
11398,11307,0.5762,1
11398,2936,0.258,2
11398,10648,0.1312,3
11398,7555,0.0213,4
11398,5297,0.0133,5
11399,4453,0.6581,1
11399,7002,0.3188,2
11399,3271,0.0231,3
11400,2875,0.6353,1
11400,2177,0.36,2
11400,3041,0.0036,3
11400,8021,0.0011,4
11401,11945,0.3926,1
11401,15637,0.2025,2
11401,1742,0.1732,3
11401,8931,0.073,4
11401,1984,0.0708,5
11401,2234,0.0582,6
11401,2813,0.0297,7
11402,3529,0.3285,1
11402,4167,0.3192,2
11402,10900,0.2809,3
11402,4799,0.0385,4
11402,8988,0.0214,5
11402,13611,0.0115,6
11403,9131,0.2866,1
11403,6560,0.2462,2
11403,10472,0.1565,3
11403,10395,0.1303,4
11403,9694,0.1042,5
11403,3392,0.075,6
11403,7369,0.0012,7
11404,16221,0.4707,1
11404,3697,0.2663,2
11404,6685,0.242,3
11404,2095,0.021,4
11405,5514,0.9709,1
11405,15031,0.0291,2
11406,5267,1.0,1
11407,2907,0.4777,1
11407,10957,0.1683,2
11407,3646,0.1666,3
11407,2255,0.0772,4
11407,2581,0.0757,5
11407,11199,0.0345,6
11408,2697,0.5573,1
11408,1885,0.3705,2
11408,10801,0.0722,3
11409,13604,0.3711,1
11409,9283,0.2852,2
11409,9419,0.2377,3
11409,6418,0.106,4
11410,3589,0.7812,1
11410,15637,0.2169,2
11410,10008,0.0019,3
11411,2949,0.555,1
11411,5247,0.3766,2
11411,14714,0.0628,3
11411,5639,0.0056,4
11412,4982,0.5385,1
11412,4653,0.2887,2
11412,6254,0.062,3
11412,5121,0.0487,4
11412,10379,0.0356,5
11412,8151,0.0265,6
11413,17021,1.0,1
11414,7831,0.3344,1
11414,6472,0.2605,2
11414,4019,0.1835,3
11414,9339,0.1781,4
11414,17238,0.0226,5
11414,5719,0.0209,6
11415,7674,0.6693,1
11415,6274,0.1622,2
11415,8255,0.1582,3
11415,5991,0.0102,4
11416,10964,0.4706,1
11416,3425,0.4173,2
11416,9827,0.1121,3
11417,13478,0.659,1
11417,15846,0.2171,2
11417,5202,0.1074,3
11417,2661,0.0165,4
11418,9863,0.4457,1
11418,3765,0.2977,2
11418,11289,0.1611,3
11418,4933,0.0531,4
11418,10923,0.0355,5
11418,9471,0.005,6
11418,9202,0.0019,7
11419,4941,0.3603,1
11419,7198,0.2984,2
11419,9793,0.2259,3
11419,6273,0.1122,4
11419,4468,0.0032,5
11420,16049,0.4516,1
11420,3510,0.3632,2
11420,6226,0.0917,3
11420,15710,0.0641,4
11420,17364,0.0294,5
11421,17120,0.5591,1
11421,13280,0.3852,2
11421,7788,0.0558,3
11422,4278,0.4319,1
11422,10791,0.2912,2
11422,3503,0.2769,3
11423,10425,0.2316,1
11423,17193,0.1924,2
11423,4986,0.1886,3
11423,2518,0.1807,4
11423,3784,0.135,5
11423,8583,0.0452,6
11423,10393,0.0265,7
11424,9029,0.5536,1
11424,14008,0.4049,2
11424,3121,0.0415,3
11425,8605,0.6352,1
11425,9261,0.2307,2
11425,6965,0.1076,3
11425,7766,0.0258,4
11425,7723,0.0008,5
11426,1809,0.7423,1
11426,9597,0.2548,2
11426,6701,0.0029,3
11427,7408,0.2916,1
11427,17227,0.2544,2
11427,7250,0.2234,3
11427,6234,0.1652,4
11427,15937,0.0552,5
11427,7533,0.0097,6
11427,14414,0.0005,7
11428,8488,0.3944,1
11428,8691,0.1907,2
11428,6949,0.1647,3
11428,14224,0.1407,4
11428,8679,0.1066,5
11428,1942,0.0029,6
11429,14029,0.7573,1
11429,2708,0.137,2
11429,17460,0.0544,3
11429,9027,0.0365,4
11429,5626,0.0099,5
11429,4746,0.0048,6
11430,11829,0.2175,1
11430,8689,0.1938,2
11430,9199,0.1771,3
11430,6295,0.1279,4
11430,15863,0.1141,5
11430,8828,0.0954,6
11430,14216,0.074,7
11431,16607,0.5437,1
11431,2901,0.1898,2
11431,5463,0.1154,3
11431,8910,0.0939,4
11431,14083,0.0427,5
11431,13397,0.0092,6
11431,8418,0.0054,7
11432,9199,0.5175,1
11432,12990,0.1451,2
11432,5113,0.1386,3
11432,13099,0.0987,4
11432,8864,0.0877,5
11432,2393,0.0124,6
11433,10142,0.7337,1
11433,1643,0.2532,2
11433,2851,0.013,3
11434,7998,0.5641,1
11434,9128,0.1598,2
11434,2720,0.1317,3
11434,6479,0.0838,4
11434,8385,0.0447,5
11434,8781,0.0158,6
11435,5433,0.3504,1
11435,8296,0.2762,2
11435,3678,0.1499,3
11435,9191,0.1348,4
11435,8828,0.0779,5
11435,13036,0.0108,6
11436,1992,0.5485,1
11436,5467,0.1845,2
11436,14292,0.1638,3
11436,9240,0.0566,4
11436,14945,0.0365,5
11436,15680,0.0102,6
11437,10791,0.6072,1
11437,13330,0.2618,2
11437,2980,0.088,3
11437,10196,0.043,4
11438,15253,0.5162,1
11438,12541,0.2096,2
11438,14299,0.1795,3
11438,15361,0.0697,4
11438,11791,0.025,5
11439,1832,0.3974,1
11439,8684,0.2862,2
11439,9046,0.2101,3
11439,2398,0.0968,4
11439,8210,0.0094,5
11440,14221,0.4221,1
11440,9996,0.2926,2
11440,12663,0.2331,3
11440,15759,0.0522,4
11441,4345,0.7975,1
11441,10438,0.1121,2
11441,5864,0.0904,3
11442,11356,0.4366,1
11442,7129,0.4261,2
11442,2206,0.129,3
11442,1677,0.0083,4
11443,8027,0.7272,1
11443,9174,0.1765,2
11443,1878,0.0964,3
11444,4606,0.7345,1
11444,7952,0.1628,2
11444,11314,0.0936,3
11444,5169,0.0049,4
11444,5483,0.0042,5
11445,3621,0.5047,1
11445,7283,0.3732,2
11445,6146,0.0826,3
11445,3192,0.0202,4
11445,9397,0.0193,5
11446,3070,0.5194,1
11446,6037,0.4148,2
11446,5726,0.058,3
11446,4379,0.0078,4
11447,17195,0.6422,1
11447,7727,0.229,2
11447,9275,0.0668,3
11447,4527,0.062,4
11448,4631,0.3123,1
11448,2177,0.2782,2
11448,6543,0.2463,3
11448,1666,0.1148,4
11448,2722,0.0485,5
11449,14953,0.8295,1
11449,14019,0.1705,2
11450,2460,0.6048,1
11450,6155,0.3543,2
11450,11346,0.0408,3
11451,12349,0.7191,1
11451,8586,0.2232,2
11451,7121,0.0577,3
11452,2441,0.4307,1
11452,9102,0.4112,2
11452,10404,0.0894,3
11452,1742,0.037,4
11452,10478,0.0317,5
11453,1670,0.8001,1
11453,8504,0.1098,2
11453,5772,0.0879,3
11453,8326,0.0021,4
11454,6106,0.3817,1
11454,4232,0.3459,2
11454,3296,0.0791,3
11454,5169,0.0785,4
11454,6396,0.0543,5
11454,3039,0.0474,6
11454,5003,0.0131,7
11455,6100,0.3763,1
11455,14222,0.2688,2
11455,3829,0.2158,3
11455,5889,0.108,4
11455,14419,0.0249,5
11455,2065,0.0063,6
11456,4733,0.3441,1
11456,10272,0.2164,2
11456,5735,0.2018,3
11456,3320,0.0898,4
11456,5616,0.0635,5
11456,3708,0.0595,6
11456,8403,0.025,7
11457,13214,0.471,1
11457,12062,0.4651,2
11457,13500,0.0461,3
11457,4277,0.0177,4
11458,2114,0.5116,1
11458,9351,0.4118,2
11458,13928,0.0766,3
11459,9823,0.4803,1
11459,4549,0.3182,2
11459,1875,0.2014,3
11460,8893,0.853,1
11460,8143,0.0614,2
11460,8811,0.0595,3
11460,9307,0.0237,4
11460,3649,0.0024,5
11461,7815,0.6074,1
11461,8214,0.2099,2
11461,7046,0.0849,3
11461,5947,0.043,4
11461,6560,0.0389,5
11461,6278,0.0091,6
11461,4749,0.0068,7
11462,12047,0.4119,1
11462,3156,0.2901,2
11462,5941,0.2821,3
11462,16786,0.0159,4
11463,6436,0.6155,1
11463,6481,0.3473,2
11463,4390,0.0372,3
11464,6964,0.5118,1
11464,5121,0.3047,2
11464,2925,0.1201,3
11464,7195,0.0512,4
11464,7965,0.0123,5
11465,2489,1.0,1
11466,2734,0.5821,1
11466,11780,0.2847,2
11466,4488,0.0761,3
11466,2433,0.0571,4
11467,11083,0.7547,1
11467,11457,0.2112,2
11467,11832,0.034,3
11468,8673,0.4529,1
11468,3708,0.3124,2
11468,5024,0.1534,3
11468,2906,0.0813,4
11469,12702,0.5545,1
11469,14218,0.2264,2
11469,7750,0.1379,3
11469,10310,0.0655,4
11469,6319,0.0157,5
11470,7823,0.4343,1
11470,2500,0.3609,2
11470,4958,0.1762,3
11470,10491,0.0286,4
11471,4608,0.2853,1
11471,2052,0.2391,2
11471,8055,0.1325,3
11471,10778,0.13,4
11471,4269,0.1088,5
11471,3601,0.1043,6
11472,16324,0.6724,1
11472,12761,0.2801,2
11472,13683,0.0475,3
11473,9017,0.4141,1
11473,9007,0.3821,2
11473,2039,0.1379,3
11473,7873,0.0659,4
11474,9189,0.2537,1
11474,10783,0.2223,2
11474,10992,0.1331,3
11474,3104,0.1162,4
11474,10838,0.1072,5
11474,7300,0.1067,6
11474,3557,0.0607,7
11475,8734,0.6593,1
11475,5545,0.1274,2
11475,3132,0.0864,3
11475,8992,0.0662,4
11475,3688,0.0607,5
11476,6860,0.4672,1
11476,7877,0.126,2
11476,1998,0.1164,3
11476,4622,0.1125,4
11476,11350,0.0829,5
11476,8536,0.0557,6
11476,6603,0.0394,7
11477,2064,0.5204,1
11477,5030,0.394,2
11477,7741,0.0856,3
11478,2263,0.3766,1
11478,7003,0.211,2
11478,10771,0.2046,3
11478,8599,0.1021,4
11478,7621,0.0796,5
11478,2164,0.0262,6
11479,7117,0.5704,1
11479,3130,0.3176,2
11479,9777,0.112,3
11480,9193,0.5451,1
11480,4074,0.229,2
11480,12551,0.2259,3
11481,11276,0.4001,1
11481,10679,0.2086,2
11481,7895,0.1938,3
11481,5346,0.1113,4
11481,7988,0.0558,5
11481,9847,0.0228,6
11481,8736,0.0075,7
11482,3632,0.5373,1
11482,1650,0.2072,2
11482,2682,0.1383,3
11482,4058,0.0837,4
11482,7668,0.0291,5
11482,7140,0.0045,6
11483,7298,0.3073,1
11483,9676,0.287,2
11483,4102,0.273,3
11483,11342,0.1327,4
11484,6630,0.6087,1
11484,7726,0.3045,2
11484,4094,0.082,3
11484,7729,0.0048,4
11485,5274,0.3874,1
11485,16521,0.2658,2
11485,5486,0.2422,3
11485,3239,0.0725,4
11485,6051,0.0166,5
11485,7145,0.0155,6
11486,9692,0.9536,1
11486,3688,0.0446,2
11486,7861,0.0018,3
11487,16089,0.5741,1
11487,1922,0.3909,2
11487,13391,0.035,3
11488,3692,0.3323,1
11488,4841,0.1911,2
11488,8091,0.181,3
11488,9412,0.1796,4
11488,7335,0.0939,5
11488,3411,0.015,6
11488,4039,0.0071,7
11489,5925,0.4105,1
11489,7984,0.4094,2
11489,7106,0.1731,3
11489,10798,0.007,4
11490,7369,0.6002,1
11490,11303,0.1521,2
11490,8434,0.1378,3
11490,6404,0.0851,4
11490,3180,0.0249,5
11491,2061,0.4479,1
11491,16202,0.2471,2
11491,10979,0.2,3
11491,3143,0.105,4
11492,14829,0.4014,1
11492,14429,0.2167,2
11492,14276,0.1577,3
11492,9569,0.1542,4
11492,3533,0.0511,5
11492,13112,0.0189,6
11493,3635,0.7675,1
11493,5685,0.222,2
11493,4872,0.0105,3
11494,2179,0.4159,1
11494,3673,0.2737,2
11494,2203,0.1341,3
11494,9590,0.1008,4
11494,5359,0.0344,5
11494,9011,0.0327,6
11494,4050,0.0084,7
11495,1799,0.3172,1
11495,4537,0.2351,2
11495,9658,0.1989,3
11495,6484,0.1676,4
11495,3358,0.0433,5
11495,6530,0.038,6
11496,1692,0.6285,1
11496,3051,0.1345,2
11496,13893,0.094,3
11496,6212,0.0797,4
11496,2398,0.0562,5
11496,8586,0.007,6
11497,2726,0.593,1
11497,9852,0.2231,2
11497,8343,0.1273,3
11497,9035,0.0285,4
11497,7283,0.0282,5
11498,2284,0.5022,1
11498,6722,0.1471,2
11498,9373,0.1241,3
11498,3778,0.1029,4
11498,15158,0.0653,5
11498,4046,0.0448,6
11498,4040,0.0136,7
11499,8174,0.3333,1
11499,6453,0.3287,2
11499,4787,0.2113,3
11499,5746,0.1267,4
11500,13047,0.5037,1
11500,10541,0.3136,2
11500,2396,0.111,3
11500,10089,0.0307,4
11500,11739,0.0288,5
11500,5232,0.0122,6
