GeoLevel,GeoKey,Continent,CountryName,ISOCode,StateName,CityName,Latitude,Longitude,CustomerCount,ActiveCustomers,ChurnedCustomers,ChurnRate,ActiveRate,AvgChurnRiskScore,HighRiskCustomers,HighRiskRate,TotalLifetimeValue,AvgLifetimeValue,MedianLifetimeValue,MaxLifetimeValue,AvgSessionMinutes,AvgPaymentReliability,AvgMonthsAsCustomer,GoldCount,SilverCount,BronzeCount,GoldPct,MaleCount,FemaleCount,MalePct,PrimaryDevice,PrimaryRegSource,AvgCardsPerCustomer
City,Leicester | Leicestershire,Europe,United Kingdom,GB,Leicestershire,Leicester,52.3993,-1.2119,411,350,61,0.1484,0.8516,0.36,61,0.1484,576052.14,1401.59,1308.32,3882.9,76.65,0.85,97.62,34,221,156,0.0827,186,212,0.4526,mobile,web,1.33
City,Nottingham | Nottinghamshire,Europe,United Kingdom,GB,Nottinghamshire,Nottingham,52.4067,-1.2044,417,363,54,0.1295,0.8705,0.36,54,0.1295,565550.92,1356.24,1285.36,3790.84,73.49,0.84,95.64,31,211,175,0.0743,188,215,0.4508,smart_tv,web,1.32
City,Fortaleza | Ceará,South America,Brazil,BR,Ceará,Fortaleza,-14.2281,-51.9633,391,331,60,0.1535,0.8465,0.37,60,0.1535,551720.76,1411.05,1378.75,3626.72,74.64,0.84,99.53,18,227,146,0.046,185,191,0.4731,mobile,web,1.34
City,Sheffield | South Yorkshire,Europe,United Kingdom,GB,South Yorkshire,Sheffield,52.3666,-1.1078,397,327,70,0.1763,0.8237,0.38,70,0.1763,550303.11,1386.15,1335.04,3706.89,74.15,0.85,96.79,33,189,175,0.0831,207,169,0.5214,mobile,web,1.37
City,Manaus | Amazonas,South America,Brazil,BR,Amazonas,Manaus,-14.2908,-51.9227,357,311,46,0.1289,0.8711,0.35,46,0.1289,539163.05,1510.26,1438.8,3812.11,78.35,0.85,105.14,30,208,119,0.084,175,177,0.4902,mobile,web,1.31
City,Portsmouth | Hampshire,Europe,United Kingdom,GB,Hampshire,Portsmouth,52.3608,-1.2017,376,327,49,0.1303,0.8697,0.35,49,0.1303,533262.39,1418.25,1341.22,3679.52,72.43,0.85,95.72,30,200,146,0.0798,194,165,0.516,mobile,web,1.29
City,Goiânia | Goiás,South America,Brazil,BR,Goiás,Goiânia,-14.2112,-51.8473,370,319,51,0.1378,0.8622,0.35,51,0.1378,526290.99,1422.41,1473.74,3797.17,68.76,0.85,102.04,35,196,139,0.0946,166,192,0.4486,mobile,mobile_app,1.35
City,Belém | Pará,South America,Brazil,BR,Pará,Belém,-14.2283,-51.9857,372,307,65,0.1747,0.8253,0.38,65,0.1747,525703.77,1413.18,1437.41,3781.12,74.02,0.84,98.67,23,206,143,0.0618,176,190,0.4731,smart_tv,web,1.29
City,Recife | Pernambuco,South America,Brazil,BR,Pernambuco,Recife,-14.2418,-51.9116,343,296,47,0.137,0.863,0.36,47,0.137,509010.05,1483.99,1488.67,3771.55,74.6,0.85,100.71,33,188,122,0.0962,167,166,0.4869,smart_tv,web,1.35
City,Bristol | City of Bristol,Europe,United Kingdom,GB,City of Bristol,Bristol,52.3568,-1.1662,376,326,50,0.133,0.867,0.36,50,0.133,498078.44,1324.68,1216.36,3693.62,76.48,0.85,93.49,23,214,139,0.0612,189,179,0.5027,mobile,web,1.32
City,Halifax | Nova Scotia,North America,Canada,CA,Nova Scotia,Halifax,55.7462,-94.0821,295,252,43,0.1458,0.8542,0.37,43,0.1458,407796.61,1382.36,1252.07,3733.48,74.33,0.85,95.61,20,156,119,0.0678,143,143,0.4847,smart_tv,mobile_app,1.26
City,Regina | Saskatchewan,North America,Canada,CA,Saskatchewan,Regina,56.1785,-106.3545,272,228,44,0.1618,0.8382,0.38,44,0.1618,390151.06,1434.38,1427.99,3747.69,71.64,0.84,98.78,14,155,103,0.0515,122,139,0.4485,smart_tv,web,1.3
City,Charlottetown | Prince Edward Island,North America,Canada,CA,Prince Edward Island,Charlottetown,56.1052,-106.2932,265,218,47,0.1774,0.8226,0.38,47,0.1774,364242.79,1374.5,1334.37,3651.63,72.58,0.84,96.91,18,128,119,0.0679,129,134,0.4868,smart_tv,mobile_app,1.29
City,Saskatoon | Saskatchewan,North America,Canada,CA,Saskatchewan,Saskatoon,56.126,-106.3071,263,218,45,0.1711,0.8289,0.38,45,0.1711,319712.02,1215.64,1118.84,3641.41,74.74,0.86,87.12,20,130,113,0.076,130,125,0.4943,mobile,web,1.3
City,Darwin | Northern Territory,Oceania,Australia,AU,Northern Territory,Darwin,-25.2465,133.6731,203,179,24,0.1182,0.8818,0.34,24,0.1182,295907.69,1457.67,1378.48,3446.2,72.4,0.85,98.18,19,118,66,0.0936,81,112,0.399,mobile,mobile_app,1.38
City,Alice Springs | Northern Territory,Oceania,Australia,AU,Northern Territory,Alice Springs,-25.2616,133.7485,205,178,27,0.1317,0.8683,0.36,27,0.1317,292661.76,1427.62,1338.16,3834.7,72.82,0.85,98.23,14,108,83,0.0683,113,86,0.5512,mobile,mobile_app,1.31
City,Canberra | Australian Capital Territory,Oceania,Australia,AU,Australian Capital Territory,Canberra,-25.2623,133.8923,201,181,20,0.0995,0.9005,0.33,20,0.0995,286947.51,1427.6,1383.15,3517.56,75.77,0.84,101.42,17,110,74,0.0846,94,100,0.4677,smart_tv,mobile_app,1.29
City,Dijon | Bourgogne-Franche-Comté,Europe,France,FR,Bourgogne-Franche-Comté,Dijon,46.2347,2.198,174,145,29,0.1667,0.8333,0.37,29,0.1667,248535.53,1428.37,1385.87,3418.86,76.44,0.85,98.56,15,92,67,0.0862,81,82,0.4655,mobile,mobile_app,1.34
City,Montpellier | Occitanie,Europe,France,FR,Occitanie,Montpellier,46.2972,2.2002,176,151,25,0.142,0.858,0.37,25,0.142,237468.76,1349.25,1291.42,3672.92,75.06,0.87,93.81,17,92,67,0.0966,82,91,0.4659,mobile,web,1.33
City,Tours | Centre-Val de Loire,Europe,France,FR,Centre-Val de Loire,Tours,46.173,2.2205,160,138,22,0.1375,0.8625,0.36,22,0.1375,234842.78,1467.77,1438.22,3629.45,66.06,0.84,99.42,8,88,64,0.05,76,79,0.475,smart_tv,web,1.22
City,Reims | Grand Est,Europe,France,FR,Grand Est,Reims,46.2464,2.2275,160,137,23,0.1438,0.8562,0.36,23,0.1438,233832.88,1461.46,1477.72,3700.82,72.25,0.84,104.96,8,91,61,0.05,82,74,0.5125,smart_tv,mobile_app,1.38
City,Puebla | Puebla,North America,Mexico,MX,Puebla,Puebla,23.7357,-102.674,133,116,17,0.1278,0.8722,0.34,17,0.1278,213795.1,1607.48,1570.09,3689.17,76.81,0.85,107.21,14,69,50,0.1053,69,62,0.5188,mobile,web,1.35
City,Strasbourg | Grand Est,Europe,France,FR,Grand Est,Strasbourg,46.2094,2.1785,155,137,18,0.1161,0.8839,0.35,18,0.1161,205037.14,1322.82,1218.22,3637.68,75.82,0.86,93.46,14,86,55,0.0903,71,79,0.4581,smart_tv,web,1.25
City,Juárez | Chihuahua,North America,Mexico,MX,Chihuahua,Juárez,23.7591,-102.4663,113,95,18,0.1593,0.8407,0.35,18,0.1593,195356.66,1728.82,1721.09,3666.55,80.77,0.85,113.69,15,59,39,0.1327,58,53,0.5133,smart_tv,mobile_app,1.31
City,León | Guanajuato,North America,Mexico,MX,Guanajuato,León,23.7077,-102.425,137,112,25,0.1825,0.8175,0.39,25,0.1825,190153.03,1387.98,1305.8,3712.37,75.91,0.85,95.09,14,59,64,0.1022,66,67,0.4818,mobile,mobile_app,1.23
City,Querétaro | Querétaro,North America,Mexico,MX,Querétaro,Querétaro,23.5778,-102.6608,131,106,25,0.1908,0.8092,0.4,25,0.1908,184902.6,1411.47,1367.25,3617.89,73.69,0.84,94.87,10,63,58,0.0763,66,59,0.5038,mobile,mobile_app,1.31
City,Bremen | Bremen,Europe,Germany,DE,Bremen,Bremen,51.2438,10.3882,106,93,13,0.1226,0.8774,0.34,13,0.1226,171453.11,1617.48,1675.43,3639.53,77.4,0.85,108.95,13,62,31,0.1226,54,49,0.5094,mobile,web,1.3
City,Chihuahua | Chihuahua,North America,Mexico,MX,Chihuahua,Chihuahua,23.5125,-102.6006,118,98,20,0.1695,0.8305,0.37,20,0.1695,168689.98,1429.58,1301.6,3843.07,77.35,0.86,98.03,10,63,45,0.0847,45,70,0.3814,mobile,web,1.34
City,Tijuana | Baja California,North America,Mexico,MX,Baja California,Tijuana,23.5153,-102.6504,111,94,17,0.1532,0.8468,0.37,17,0.1532,153186.61,1380.06,1374.6,3471.07,69.89,0.86,101.37,4,71,36,0.036,53,56,0.4775,mobile,web,1.35
City,Mérida | Yucatán,North America,Mexico,MX,Yucatán,Mérida,23.6059,-102.4889,104,90,14,0.1346,0.8654,0.35,14,0.1346,151799.84,1459.61,1504.8,3611.25,71.29,0.84,101.2,9,60,35,0.0865,51,50,0.4904,smart_tv,mobile_app,1.35
City,Leipzig | Saxony,Europe,Germany,DE,Saxony,Leipzig,51.1703,10.3945,97,83,14,0.1443,0.8557,0.36,14,0.1443,132498.85,1365.97,1214.21,3588.78,67.76,0.85,94.25,8,54,35,0.0825,51,43,0.5258,mobile,mobile_app,1.32
City,Dresden | Saxony,Europe,Germany,DE,Saxony,Dresden,51.2678,10.492,106,85,21,0.1981,0.8019,0.41,21,0.1981,132307.95,1248.19,1215.2,3206.73,71.98,0.85,86.52,7,49,50,0.066,55,50,0.5189,mobile,web,1.24
City,Wiesbaden | Hesse,Europe,Germany,DE,Hesse,Wiesbaden,51.1099,10.4087,98,89,9,0.0918,0.9082,0.34,9,0.0918,131406.39,1340.88,1296.28,3363.77,76.71,0.84,88.82,5,58,35,0.051,52,45,0.5306,smart_tv,web,1.34
City,Winnipeg | Manitoba,North America,Canada,CA,Manitoba,Winnipeg,56.1328,-106.4904,76,62,14,0.1842,0.8158,0.39,14,0.1842,125329.63,1649.07,1771.2,3462.56,71.92,0.84,110.11,1,46,29,0.0132,42,33,0.5526,smart_tv,mobile_app,1.34
City,St. Petersburg | Florida,North America,United States,US,Florida,St. Petersburg,28.019,-81.6079,79,73,6,0.0759,0.9241,0.31,6,0.0759,124181.31,1571.92,1554.18,3660.72,72.03,0.86,106.01,9,47,23,0.1139,31,47,0.3924,mobile,web,1.34
City,Frankfurt | Hesse,Europe,Germany,DE,Hesse,Frankfurt,51.3062,10.4778,83,65,18,0.2169,0.7831,0.4,18,0.2169,118888.17,1432.39,1286.67,3584.47,72.11,0.85,97.3,6,35,42,0.0723,42,39,0.506,smart_tv,web,1.34
City,Devonport | Tasmania,Oceania,Australia,AU,Tasmania,Devonport,-25.3409,133.7521,88,74,14,0.1591,0.8409,0.39,14,0.1591,114978.31,1306.57,1335.91,3412.35,72.83,0.83,87.88,5,40,43,0.0568,45,41,0.5114,mobile,web,1.28
City,Brandon | Manitoba,North America,Canada,CA,Manitoba,Brandon,56.1553,-106.4125,77,63,14,0.1818,0.8182,0.38,14,0.1818,113357.08,1472.17,1400.02,3641.63,67.77,0.86,101.55,6,40,31,0.0779,33,41,0.4286,mobile,web,1.29
City,Franklin | Indiana,North America,United States,US,Indiana,Franklin,39.4792,-98.3375,81,68,13,0.1605,0.8395,0.38,13,0.1605,112321.89,1386.69,1273.02,3504.6,67.62,0.86,96.2,4,45,32,0.0494,36,42,0.4444,smart_tv,web,1.32
City,Franklin | Minnesota,North America,United States,US,Minnesota,Franklin,39.4902,-98.3642,64,56,8,0.125,0.875,0.33,8,0.125,111877.75,1748.09,1804.23,3512.92,73.33,0.85,120.73,11,34,19,0.1719,28,33,0.4375,mobile,web,1.34
City,San Diego | California,North America,United States,US,California,San Diego,36.7167,-119.567,67,50,17,0.2537,0.7463,0.41,17,0.2537,111765.37,1668.14,1651.68,3690.07,67.19,0.87,112.3,8,28,31,0.1194,31,36,0.4627,mobile,mobile_app,1.3
City,Sunshine Coast | Queensland,Oceania,Australia,AU,Queensland,Sunshine Coast,-27.5519,153.026,68,62,6,0.0882,0.9118,0.32,6,0.0882,111205.06,1635.37,1777.66,3301.82,71.97,0.83,114.79,5,41,22,0.0735,35,30,0.5147,smart_tv,web,1.31
City,Salem | Massachusetts,North America,United States,US,Massachusetts,Salem,39.3551,-98.2445,64,53,11,0.1719,0.8281,0.36,11,0.1719,109350.45,1708.6,1594.68,3715.73,72.91,0.85,118.7,4,43,17,0.0625,31,29,0.4844,smart_tv,web,1.33
City,Salem | Alabama,North America,United States,US,Alabama,Salem,39.2264,-98.4209,65,52,13,0.2,0.8,0.38,13,0.2,108662.33,1671.73,1599.55,3438.9,76.4,0.84,114.88,7,33,25,0.1077,35,27,0.5385,smart_tv,web,1.46
City,Georgetown | Maryland,North America,United States,US,Maryland,Georgetown,39.3938,-98.4952,69,61,8,0.1159,0.8841,0.34,8,0.1159,107564.5,1558.91,1623.42,3440.18,80.49,0.86,103.38,4,42,23,0.058,34,34,0.4928,smart_tv,mobile_app,1.3
City,Salem | Indiana,North America,United States,US,Indiana,Salem,39.2859,-98.3333,71,64,7,0.0986,0.9014,0.33,7,0.0986,107324.74,1511.62,1443.34,3540.65,81.59,0.86,104.24,7,45,19,0.0986,38,32,0.5352,mobile,web,1.37
City,Allentown | Pennsylvania,North America,United States,US,Pennsylvania,Allentown,39.5755,-98.4468,73,61,12,0.1644,0.8356,0.37,12,0.1644,106862.69,1463.87,1446.21,3375.9,74.68,0.85,96.22,6,35,32,0.0822,36,35,0.4932,smart_tv,mobile_app,1.29
City,Franklin | Michigan,North America,United States,US,Michigan,Franklin,39.4962,-98.4369,65,51,14,0.2154,0.7846,0.4,14,0.2154,106766.09,1642.56,1523.3,3851.83,69.63,0.86,110.94,5,34,26,0.0769,33,32,0.5077,smart_tv,mobile_app,1.32
City,Salem | New Jersey,North America,United States,US,New Jersey,Salem,39.6635,-98.2718,73,69,4,0.0548,0.9452,0.31,4,0.0548,106463.72,1458.41,1463.05,3424.18,77.3,0.86,97.75,5,50,18,0.0685,30,40,0.411,smart_tv,mobile_app,1.15
City,Geraldton | Western Australia,Oceania,Australia,AU,Western Australia,Geraldton,-25.304,133.8997,67,53,14,0.209,0.791,0.39,14,0.209,106110.77,1583.74,1615.48,3877.87,77.79,0.84,108.36,4,38,25,0.0597,39,28,0.5821,mobile,mobile_app,1.31
City,Sacramento | California,North America,United States,US,California,Sacramento,36.8558,-119.5492,71,62,9,0.1268,0.8732,0.34,9,0.1268,105642.14,1487.92,1484.13,3484.57,70.8,0.88,104.15,8,44,19,0.1127,36,32,0.507,mobile,mobile_app,1.27
City,Mandurah | Western Australia,Oceania,Australia,AU,Western Australia,Mandurah,-25.0417,133.6072,69,61,8,0.1159,0.8841,0.34,8,0.1159,104574.9,1515.58,1520.66,3874.75,74.08,0.85,101.17,6,39,24,0.087,41,27,0.5942,mobile,mobile_app,1.29
City,Madison | Tennessee,North America,United States,US,Tennessee,Madison,39.3866,-98.3252,68,60,8,0.1176,0.8824,0.35,8,0.1176,104006.09,1529.5,1695.26,3584.55,72.62,0.85,106.49,2,47,19,0.0294,38,28,0.5588,mobile,web,1.26
City,Clinton | Alabama,North America,United States,US,Alabama,Clinton,39.7988,-98.3518,74,65,9,0.1216,0.8784,0.35,9,0.1216,103112.38,1393.41,1257.84,3714.21,71.76,0.85,97.45,4,40,30,0.0541,28,45,0.3784,smart_tv,web,1.34
City,Caen | Normandie,Europe,France,FR,Normandie,Caen,46.1795,2.1863,60,46,14,0.2333,0.7667,0.41,14,0.2333,102644.3,1710.74,1789.52,3758.37,69.64,0.86,115.47,5,32,23,0.0833,23,33,0.3833,mobile,mobile_app,1.4
City,Austin | Texas,North America,United States,US,Texas,Austin,31.8702,-99.8994,69,60,9,0.1304,0.8696,0.35,9,0.1304,102139.27,1480.28,1458.78,3233.41,78.42,0.84,106.75,6,40,23,0.087,26,42,0.3768,smart_tv,mobile_app,1.41
City,Salem | Wisconsin,North America,United States,US,Wisconsin,Salem,39.5471,-98.1446,83,68,15,0.1807,0.8193,0.4,15,0.1807,101816.2,1226.7,1105.19,3730.19,69.18,0.86,87.42,4,44,35,0.0482,48,32,0.5783,smart_tv,mobile_app,1.3
City,Salem | Missouri,North America,United States,US,Missouri,Salem,39.5798,-98.422,68,57,11,0.1618,0.8382,0.36,11,0.1618,101369.76,1490.73,1470.17,3699.23,69.43,0.84,102.04,4,37,27,0.0588,34,32,0.5,smart_tv,web,1.26
City,Clinton | Minnesota,North America,United States,US,Minnesota,Clinton,39.5904,-98.2446,67,55,12,0.1791,0.8209,0.39,12,0.1791,100597.24,1501.45,1652.83,3728.88,71.49,0.85,101.64,2,37,28,0.0299,40,22,0.597,mobile,mobile_app,1.27
City,Franklin | Washington,North America,United States,US,Washington,Franklin,39.3776,-98.5305,65,50,15,0.2308,0.7692,0.39,15,0.2308,100517.45,1546.42,1675.66,3454.55,76.36,0.85,108.29,11,23,31,0.1692,30,32,0.4615,mobile,web,1.31
City,Le Mans | Pays de la Loire,Europe,France,FR,Pays de la Loire,Le Mans,46.2111,1.9367,64,54,10,0.1562,0.8438,0.35,10,0.1562,100508.43,1570.44,1688.98,3641.31,71.39,0.83,111.42,5,37,22,0.0781,33,28,0.5156,mobile,mobile_app,1.41
City,Georgetown | Alabama,North America,United States,US,Alabama,Georgetown,39.4815,-98.2236,70,56,14,0.2,0.8,0.4,14,0.2,100487.21,1435.53,1368.75,3555.47,73.61,0.85,99.59,4,38,28,0.0571,28,39,0.4,mobile,mobile_app,1.36
City,Savannah | Georgia,North America,United States,US,Georgia,Savannah,39.528,-98.1619,71,57,14,0.1972,0.8028,0.38,14,0.1972,100431.14,1414.52,1332.81,3342.26,70.39,0.86,100.32,6,40,25,0.0845,32,38,0.4507,smart_tv,mobile_app,1.32
City,Richmond | British Columbia,North America,Canada,CA,British Columbia,Richmond,49.3993,-123.1838,62,55,7,0.1129,0.8871,0.33,7,0.1129,100421.44,1619.7,1751.43,3832.69,72.86,0.84,110.65,8,37,17,0.129,23,37,0.371,mobile,web,1.4
City,Georgetown | Missouri,North America,United States,US,Missouri,Georgetown,39.4716,-98.2732,63,49,14,0.2222,0.7778,0.4,14,0.2222,100417.23,1593.92,1613.06,3902.19,72.73,0.85,105.0,6,30,27,0.0952,31,30,0.4921,smart_tv,web,1.25
City,Steinbach | Manitoba,North America,Canada,CA,Manitoba,Steinbach,56.2787,-106.3458,67,57,10,0.1493,0.8507,0.36,10,0.1493,99767.33,1489.06,1652.63,3455.94,75.86,0.84,111.57,5,42,20,0.0746,38,25,0.5672,mobile,web,1.34
City,Thompson | Manitoba,North America,Canada,CA,Manitoba,Thompson,56.0357,-106.374,73,60,13,0.1781,0.8219,0.38,13,0.1781,99370.84,1361.24,1179.4,3712.53,73.59,0.85,96.37,7,35,31,0.0959,39,32,0.5342,mobile,web,1.37
City,Launceston | Tasmania,Oceania,Australia,AU,Tasmania,Launceston,-25.2984,133.7785,75,63,12,0.16,0.84,0.38,12,0.16,99285.85,1323.81,1247.82,3131.18,67.58,0.84,95.35,4,39,32,0.0533,41,34,0.5467,mobile,web,1.37
City,Cairns | Queensland,Oceania,Australia,AU,Queensland,Cairns,-27.3444,152.9772,69,60,9,0.1304,0.8696,0.36,9,0.1304,97777.46,1417.06,1310.5,3514.26,73.28,0.86,98.8,5,43,21,0.0725,38,30,0.5507,mobile,web,1.32
City,Madison | Minnesota,North America,United States,US,Minnesota,Madison,39.6029,-98.3557,63,51,12,0.1905,0.8095,0.38,12,0.1905,97744.18,1551.49,1519.25,3756.83,75.48,0.86,103.38,6,32,25,0.0952,30,33,0.4762,mobile,mobile_app,1.32
City,Portobello | City of Edinburgh,Europe,United Kingdom,GB,City of Edinburgh,Portobello,52.5257,-1.0786,76,62,14,0.1842,0.8158,0.39,14,0.1842,97453.01,1282.28,1127.52,3678.36,73.0,0.84,89.54,4,39,33,0.0526,38,35,0.5,mobile,web,1.34
City,San Jose | California,North America,United States,US,California,San Jose,36.6406,-119.493,68,57,11,0.1618,0.8382,0.37,11,0.1618,97371.83,1431.94,1288.44,3701.35,69.54,0.87,98.57,8,34,26,0.1176,31,32,0.4559,mobile,web,1.29
City,Springfield | Colorado,North America,United States,US,Colorado,Springfield,39.5386,-98.3957,67,55,12,0.1791,0.8209,0.39,12,0.1791,96703.26,1443.33,1489.5,3608.52,73.97,0.84,99.07,9,26,32,0.1343,40,27,0.597,smart_tv,mobile_app,1.33
City,Houston | Texas,North America,United States,US,Texas,Houston,32.0573,-100.0774,56,49,7,0.125,0.875,0.35,7,0.125,96605.25,1725.09,1737.3,3567.02,73.94,0.84,112.57,7,27,22,0.125,26,30,0.4643,smart_tv,web,1.36
City,Salem | Minnesota,North America,United States,US,Minnesota,Salem,39.5118,-98.5009,70,65,5,0.0714,0.9286,0.32,5,0.0714,96163.88,1373.77,1285.83,3461.85,75.06,0.85,96.0,5,42,23,0.0714,36,32,0.5143,smart_tv,mobile_app,1.3
City,Salem | Arizona,North America,United States,US,Arizona,Salem,39.5112,-98.3953,73,64,9,0.1233,0.8767,0.36,9,0.1233,95899.29,1313.69,1218.29,3580.47,77.96,0.85,88.77,2,42,29,0.0274,34,34,0.4658,smart_tv,mobile_app,1.32
City,Toledo | Ohio,North America,United States,US,Ohio,Toledo,39.4112,-98.3137,64,55,9,0.1406,0.8594,0.34,9,0.1406,95860.17,1497.82,1488.3,3403.32,75.27,0.87,109.84,4,44,16,0.0625,38,25,0.5938,mobile,web,1.41
City,Fort Worth | Texas,North America,United States,US,Texas,Fort Worth,32.0288,-99.9008,59,48,11,0.1864,0.8136,0.38,11,0.1864,95591.57,1620.2,1612.56,3254.7,69.68,0.83,109.53,3,36,20,0.0508,25,34,0.4237,mobile,mobile_app,1.32
City,Springfield | North Carolina,North America,United States,US,North Carolina,Springfield,39.5111,-98.3294,61,47,14,0.2295,0.7705,0.42,14,0.2295,95433.92,1564.49,1538.71,3599.98,67.7,0.84,103.34,7,25,29,0.1148,27,30,0.4426,smart_tv,web,1.28
City,Springfield | Tennessee,North America,United States,US,Tennessee,Springfield,39.4589,-98.4743,61,53,8,0.1311,0.8689,0.36,8,0.1311,94807.89,1554.23,1640.75,3887.19,68.27,0.85,104.23,6,30,25,0.0984,29,30,0.4754,mobile,mobile_app,1.43
City,Salem | Colorado,North America,United States,US,Colorado,Salem,39.6047,-98.1797,68,60,8,0.1176,0.8824,0.34,8,0.1176,94765.19,1393.61,1301.86,3636.97,75.0,0.84,96.28,6,36,26,0.0882,36,32,0.5294,mobile,mobile_app,1.34
City,Edinburgh | City of Edinburgh,Europe,United Kingdom,GB,City of Edinburgh,Edinburgh,52.2037,-1.3815,64,51,13,0.2031,0.7969,0.39,13,0.2031,94673.88,1479.28,1444.56,3491.04,76.72,0.84,102.73,3,35,26,0.0469,24,40,0.375,smart_tv,web,1.36
City,San Antonio | Texas,North America,United States,US,Texas,San Antonio,32.0795,-99.8955,65,56,9,0.1385,0.8615,0.35,9,0.1385,94498.75,1453.83,1460.94,3602.02,73.36,0.85,100.42,4,39,22,0.0615,25,39,0.3846,smart_tv,web,1.4
City,Madison | New Jersey,North America,United States,US,New Jersey,Madison,39.4593,-98.3375,63,55,8,0.127,0.873,0.34,8,0.127,94138.77,1494.27,1580.95,3669.74,75.8,0.87,102.41,7,37,19,0.1111,37,26,0.5873,smart_tv,web,1.29
City,Springfield | Illinois,North America,United States,US,Illinois,Springfield,40.4068,-88.8733,72,62,10,0.1389,0.8611,0.36,10,0.1389,94104.15,1307.0,1181.84,3675.69,73.37,0.86,92.1,4,44,24,0.0556,38,33,0.5278,smart_tv,mobile_app,1.33
City,Parramatta | New South Wales,Oceania,Australia,AU,New South Wales,Parramatta,-33.8581,151.1052,67,58,9,0.1343,0.8657,0.36,9,0.1343,93926.34,1401.89,1413.08,3638.4,73.19,0.87,95.18,6,38,23,0.0896,29,37,0.4328,mobile,web,1.27
City,Niterói | Rio de Janeiro,South America,Brazil,BR,Rio de Janeiro,Niterói,-23.03,-43.297,68,60,8,0.1176,0.8824,0.35,8,0.1176,93810.98,1379.57,1379.48,3792.68,74.29,0.85,92.85,8,33,27,0.1176,36,29,0.5294,mobile,web,1.38
City,Madison | South Carolina,North America,United States,US,South Carolina,Madison,39.5475,-98.3384,70,59,11,0.1571,0.8429,0.37,11,0.1571,93700.7,1338.58,1336.82,3542.91,70.05,0.88,93.93,7,37,26,0.1,33,37,0.4714,mobile,mobile_app,1.19
City,Duque de Caxias | Rio de Janeiro,South America,Brazil,BR,Rio de Janeiro,Duque de Caxias,-23.0789,-43.0079,65,52,13,0.2,0.8,0.4,13,0.2,92628.68,1425.06,1461.25,3538.07,78.43,0.84,100.12,4,33,28,0.0615,32,31,0.4923,smart_tv,mobile_app,1.35
City,Georgetown | Indiana,North America,United States,US,Indiana,Georgetown,39.5165,-98.3409,57,48,9,0.1579,0.8421,0.36,9,0.1579,92540.43,1623.52,1521.6,3451.2,67.69,0.87,114.58,8,27,22,0.1404,29,25,0.5088,smart_tv,web,1.28
City,Springfield | New Jersey,North America,United States,US,New Jersey,Springfield,39.5539,-98.2671,54,44,10,0.1852,0.8148,0.37,10,0.1852,92053.15,1704.69,1625.81,3812.62,74.48,0.85,111.15,2,34,18,0.037,30,24,0.5556,mobile,web,1.31
City,Rockford | Illinois,North America,United States,US,Illinois,Rockford,40.5665,-89.0298,65,60,5,0.0769,0.9231,0.34,5,0.0769,91988.96,1415.21,1542.65,3776.96,76.59,0.88,88.97,6,37,22,0.0923,29,33,0.4462,smart_tv,mobile_app,1.28
City,Clinton | Washington,North America,United States,US,Washington,Clinton,39.4026,-98.378,66,60,6,0.0909,0.9091,0.34,6,0.0909,91846.71,1391.62,1461.42,3602.47,76.85,0.85,100.55,7,35,24,0.1061,36,28,0.5455,mobile,mobile_app,1.33
City,Franklin | Arizona,North America,United States,US,Arizona,Franklin,39.6168,-98.342,62,51,11,0.1774,0.8226,0.37,11,0.1774,91586.82,1477.21,1481.16,3251.7,77.67,0.87,100.06,5,36,21,0.0806,32,30,0.5161,mobile,web,1.44
City,Erie | Pennsylvania,North America,United States,US,Pennsylvania,Erie,39.4083,-98.3389,59,47,12,0.2034,0.7966,0.39,12,0.2034,91503.06,1550.9,1583.07,3689.27,65.05,0.85,102.07,3,32,24,0.0508,26,33,0.4407,mobile,web,1.34
City,Akron | Ohio,North America,United States,US,Ohio,Akron,39.6879,-98.388,66,58,8,0.1212,0.8788,0.35,8,0.1212,91323.31,1383.69,1454.84,3144.25,71.99,0.83,97.68,1,42,23,0.0152,36,30,0.5455,mobile,web,1.33
City,Bendigo | Victoria,Oceania,Australia,AU,Victoria,Bendigo,-37.8378,144.8606,63,53,10,0.1587,0.8413,0.37,10,0.1587,91277.47,1448.85,1183.96,3829.91,78.38,0.84,99.98,5,33,25,0.0794,32,26,0.5079,smart_tv,web,1.33
City,Vitória da Conquista | Bahia,South America,Brazil,BR,Bahia,Vitória da Conquista,-14.0751,-51.8994,64,55,9,0.1406,0.8594,0.37,9,0.1406,91104.38,1423.51,1473.92,3597.0,73.57,0.85,98.94,6,34,24,0.0938,28,32,0.4375,mobile,mobile_app,1.44
City,Springfield | Arizona,North America,United States,US,Arizona,Springfield,39.533,-98.4993,66,57,9,0.1364,0.8636,0.35,9,0.1364,91079.46,1379.99,1440.05,3738.36,72.91,0.85,96.35,4,40,22,0.0606,34,31,0.5152,smart_tv,mobile_app,1.29
City,Salem | North Carolina,North America,United States,US,North Carolina,Salem,39.3092,-98.3054,67,62,5,0.0746,0.9254,0.33,5,0.0746,90876.76,1356.37,1400.73,3387.69,74.36,0.84,93.36,5,33,29,0.0746,16,51,0.2388,mobile,mobile_app,1.36
City,Saint-Nazaire | Pays de la Loire,Europe,France,FR,Pays de la Loire,Saint-Nazaire,46.2975,2.0211,52,40,12,0.2308,0.7692,0.4,12,0.2308,90819.3,1746.52,1761.94,3612.22,74.58,0.86,119.73,10,21,21,0.1923,25,26,0.4808,smart_tv,web,1.33
City,Franklin | Virginia,North America,United States,US,Virginia,Franklin,39.5901,-98.3965,60,51,9,0.15,0.85,0.36,9,0.15,90729.97,1512.17,1523.88,3557.26,74.85,0.85,101.7,2,42,16,0.0333,27,33,0.45,smart_tv,web,1.33
City,Abbotsford | British Columbia,North America,Canada,CA,British Columbia,Abbotsford,49.4369,-123.2517,60,52,8,0.1333,0.8667,0.34,8,0.1333,90573.81,1509.56,1479.43,3673.99,66.44,0.86,103.65,5,36,19,0.0833,26,31,0.4333,smart_tv,web,1.23
City,Clinton | Indiana,North America,United States,US,Indiana,Clinton,39.5208,-98.5134,60,50,10,0.1667,0.8333,0.37,10,0.1667,90499.74,1508.33,1536.7,3597.97,73.17,0.85,98.77,5,35,20,0.0833,22,34,0.3667,smart_tv,mobile_app,1.23
City,Chicago | Illinois,North America,United States,US,Illinois,Chicago,40.5018,-88.9678,57,51,6,0.1053,0.8947,0.33,6,0.1053,90467.19,1587.14,1537.16,3703.67,78.0,0.85,111.67,8,33,16,0.1404,35,20,0.614,mobile,mobile_app,1.32
City,Springfield | Massachusetts,North America,United States,US,Massachusetts,Springfield,39.4557,-98.4021,69,66,3,0.0435,0.9565,0.31,3,0.0435,90324.19,1309.05,1080.25,3477.84,75.32,0.87,90.54,6,41,22,0.087,33,34,0.4783,mobile,web,1.35
City,New York City | New York,North America,United States,US,New York,New York City,42.1965,-75.0808,59,49,10,0.1695,0.8305,0.37,10,0.1695,90194.66,1528.72,1368.2,3523.68,69.18,0.88,100.49,6,32,21,0.1017,26,32,0.4407,mobile,mobile_app,1.34
City,Reading | Pennsylvania,North America,United States,US,Pennsylvania,Reading,39.5105,-98.4421,66,53,13,0.197,0.803,0.4,13,0.197,89935.02,1362.65,1271.97,3601.39,67.84,0.84,93.79,7,27,32,0.1061,30,35,0.4545,smart_tv,mobile_app,1.29
City,Juiz de Fora | Minas Gerais,South America,Brazil,BR,Minas Gerais,Juiz de Fora,-20.0122,-44.0173,61,47,14,0.2295,0.7705,0.39,14,0.2295,89419.47,1465.89,1526.77,3617.62,75.6,0.86,106.18,8,28,25,0.1311,26,33,0.4262,mobile,web,1.31
City,Clinton | Arizona,North America,United States,US,Arizona,Clinton,39.5773,-98.5027,67,58,9,0.1343,0.8657,0.36,9,0.1343,89253.94,1332.15,1237.06,3721.66,75.89,0.84,91.34,7,28,32,0.1045,34,30,0.5075,smart_tv,web,1.4
City,Dudley | West Midlands,Europe,United Kingdom,GB,West Midlands,Dudley,52.457,-1.9197,56,47,9,0.1607,0.8393,0.36,9,0.1607,89221.53,1593.24,1584.7,3737.48,66.51,0.86,108.59,5,31,20,0.0893,30,25,0.5357,mobile,mobile_app,1.21
City,Pittsburgh | Pennsylvania,North America,United States,US,Pennsylvania,Pittsburgh,39.5324,-98.3542,57,48,9,0.1579,0.8421,0.37,9,0.1579,89212.69,1565.13,1574.43,3810.39,70.13,0.85,102.3,5,33,19,0.0877,27,28,0.4737,mobile,web,1.23
City,Salem | Washington,North America,United States,US,Washington,Salem,39.4366,-98.2925,69,57,12,0.1739,0.8261,0.38,12,0.1739,89111.24,1291.47,1297.43,3214.48,78.15,0.86,90.86,7,38,24,0.1014,36,31,0.5217,mobile,web,1.33
City,Rennes | Bretagne,Europe,France,FR,Bretagne,Rennes,46.0732,2.3461,59,50,9,0.1525,0.8475,0.37,9,0.1525,88846.33,1505.87,1610.01,3469.74,77.03,0.83,99.41,6,29,24,0.1017,30,28,0.5085,smart_tv,mobile_app,1.31
City,Springfield | Missouri,North America,United States,US,Missouri,Springfield,39.4701,-98.1178,59,56,3,0.0508,0.9492,0.31,3,0.0508,88679.19,1503.04,1501.47,3831.9,72.71,0.85,97.8,3,36,20,0.0508,34,24,0.5763,mobile,web,1.27
City,Mount Gambier | South Australia,Oceania,Australia,AU,South Australia,Mount Gambier,-25.3325,133.7499,58,49,9,0.1552,0.8448,0.36,9,0.1552,88499.06,1525.85,1487.06,3759.34,71.15,0.87,100.55,3,36,19,0.0517,32,25,0.5517,mobile,web,1.28
City,Salem | Michigan,North America,United States,US,Michigan,Salem,39.5207,-98.221,62,52,10,0.1613,0.8387,0.38,10,0.1613,88404.97,1425.89,1340.32,3649.25,82.7,0.85,100.76,5,31,26,0.0806,31,28,0.5,mobile,web,1.34
City,Georgetown | Michigan,North America,United States,US,Michigan,Georgetown,39.3029,-98.3439,64,51,13,0.2031,0.7969,0.4,13,0.2031,88170.29,1377.66,1335.74,3499.13,75.59,0.85,94.31,5,30,29,0.0781,27,34,0.4219,mobile,web,1.25
City,Yonkers | New York,North America,United States,US,New York,Yonkers,41.9789,-74.9811,60,52,8,0.1333,0.8667,0.35,8,0.1333,88056.96,1467.62,1606.11,3429.85,74.01,0.86,107.62,9,32,19,0.15,28,29,0.4667,smart_tv,mobile_app,1.17
City,Georgetown | Washington,North America,United States,US,Washington,Georgetown,39.6131,-98.327,70,53,17,0.2429,0.7571,0.42,17,0.2429,87986.14,1256.94,1294.28,3547.43,71.54,0.84,88.09,2,38,30,0.0286,30,40,0.4286,smart_tv,mobile_app,1.24
City,Atlanta | Georgia,North America,United States,US,Georgia,Atlanta,39.6186,-98.4944,58,50,8,0.1379,0.8621,0.35,8,0.1379,87953.12,1516.43,1420.92,3606.46,70.03,0.85,104.34,4,35,19,0.069,26,29,0.4483,desktop,web,1.28
City,San Francisco | California,North America,United States,US,California,San Francisco,36.8392,-119.2818,58,51,7,0.1207,0.8793,0.35,7,0.1207,87887.26,1515.3,1603.58,3197.92,79.53,0.86,103.71,6,31,21,0.1034,29,28,0.5,smart_tv,mobile_app,1.38
City,Salem | Tennessee,North America,United States,US,Tennessee,Salem,39.4728,-98.2391,60,54,6,0.1,0.9,0.34,6,0.1,87849.85,1464.16,1448.72,3760.09,74.93,0.85,103.53,7,31,22,0.1167,30,28,0.5,mobile,web,1.23
City,Joliet | Illinois,North America,United States,US,Illinois,Joliet,40.3034,-89.1435,60,50,10,0.1667,0.8333,0.37,10,0.1667,87792.16,1463.2,1419.74,3618.03,72.06,0.85,102.87,5,31,24,0.0833,32,26,0.5333,mobile,mobile_app,1.28
City,Lorient | Bretagne,Europe,France,FR,Bretagne,Lorient,46.3904,2.273,56,46,10,0.1786,0.8214,0.37,10,0.1786,87570.65,1563.76,1685.71,3365.86,79.84,0.84,102.45,4,29,23,0.0714,31,25,0.5536,smart_tv,web,1.36
City,Londrina | Paraná,South America,Brazil,BR,Paraná,Londrina,-14.2956,-51.888,52,45,7,0.1346,0.8654,0.34,7,0.1346,87451.87,1681.77,1626.04,3645.83,71.72,0.85,116.73,6,30,16,0.1154,24,27,0.4615,smart_tv,mobile_app,1.31
City,Philadelphia | Pennsylvania,North America,United States,US,Pennsylvania,Philadelphia,39.4738,-98.2767,61,52,9,0.1475,0.8525,0.37,9,0.1475,87402.36,1432.83,1540.49,3328.43,76.15,0.84,99.3,4,35,22,0.0656,30,29,0.4918,mobile,web,1.3
City,Georgetown | Arizona,North America,United States,US,Arizona,Georgetown,39.5787,-98.3259,64,53,11,0.1719,0.8281,0.38,11,0.1719,87143.01,1361.61,1247.76,3735.82,66.98,0.85,98.12,1,34,29,0.0156,27,37,0.4219,mobile,web,1.28
City,Georgetown | New Jersey,North America,United States,US,New Jersey,Georgetown,39.38,-98.2314,61,52,9,0.1475,0.8525,0.37,9,0.1475,87003.97,1426.29,1408.99,3772.59,66.72,0.84,99.93,4,32,25,0.0656,30,28,0.4918,smart_tv,web,1.36
City,Georgetown | Virginia,North America,United States,US,Virginia,Georgetown,39.4989,-98.4017,62,58,4,0.0645,0.9355,0.31,4,0.0645,86966.49,1402.69,1372.62,3897.41,66.39,0.86,97.61,3,40,19,0.0484,29,31,0.4677,mobile,web,1.34
City,Franklin | Massachusetts,North America,United States,US,Massachusetts,Franklin,39.6148,-98.347,55,50,5,0.0909,0.9091,0.32,5,0.0909,86733.78,1576.98,1588.55,3498.01,69.03,0.84,108.42,4,33,18,0.0727,26,27,0.4727,smart_tv,mobile_app,1.38
City,Orlando | Florida,North America,United States,US,Florida,Orlando,27.9541,-81.7952,59,50,9,0.1525,0.8475,0.35,9,0.1525,86497.65,1466.06,1254.52,3805.37,72.53,0.85,96.66,8,24,27,0.1356,31,26,0.5254,smart_tv,mobile_app,1.32
City,Franklin | Wisconsin,North America,United States,US,Wisconsin,Franklin,39.2606,-98.232,55,50,5,0.0909,0.9091,0.32,5,0.0909,86397.37,1570.86,1631.63,3693.03,71.83,0.85,109.36,3,36,16,0.0545,33,22,0.6,smart_tv,mobile_app,1.33
City,Gatineau | Quebec,North America,Canada,CA,Quebec,Gatineau,45.4169,-73.5798,51,40,11,0.2157,0.7843,0.39,11,0.2157,86235.61,1690.89,1662.31,3775.08,67.3,0.86,112.8,3,26,22,0.0588,21,28,0.4118,smart_tv,mobile_app,1.2
City,Murray Bridge | South Australia,Oceania,Australia,AU,South Australia,Murray Bridge,-25.1714,133.7876,68,57,11,0.1618,0.8382,0.38,11,0.1618,85887.4,1263.05,1215.2,3293.41,73.09,0.83,91.71,3,36,29,0.0441,37,28,0.5441,smart_tv,mobile_app,1.32
City,Bradford | West Yorkshire,Europe,United Kingdom,GB,West Yorkshire,Bradford,52.4217,-1.2831,53,47,6,0.1132,0.8868,0.33,6,0.1132,85848.71,1619.79,1653.14,3065.57,75.78,0.86,110.51,5,32,16,0.0943,30,21,0.566,smart_tv,mobile_app,1.32
City,Springfield | Maryland,North America,United States,US,Maryland,Springfield,39.4857,-98.4134,63,53,10,0.1587,0.8413,0.36,10,0.1587,85526.24,1357.56,1303.25,3249.52,77.99,0.85,93.57,6,31,26,0.0952,33,28,0.5238,smart_tv,web,1.22
City,Adelaide | South Australia,Oceania,Australia,AU,South Australia,Adelaide,-25.3742,133.8435,54,41,13,0.2407,0.7593,0.41,13,0.2407,85478.77,1582.94,1631.32,3753.05,73.68,0.84,111.57,3,29,22,0.0556,25,28,0.463,mobile,web,1.26
City,Clinton | Massachusetts,North America,United States,US,Massachusetts,Clinton,39.5109,-98.3836,64,59,5,0.0781,0.9219,0.32,5,0.0781,85118.86,1329.98,1220.39,3368.71,78.32,0.84,98.23,4,37,23,0.0625,29,31,0.4531,mobile,mobile_app,1.16
City,Madison | Maryland,North America,United States,US,Maryland,Madison,39.6253,-98.3229,70,51,19,0.2714,0.7286,0.44,19,0.2714,85098.59,1215.69,1247.63,2986.95,75.96,0.86,85.33,4,33,33,0.0571,32,37,0.4571,mobile,web,1.33
City,Georgetown | Colorado,North America,United States,US,Colorado,Georgetown,39.4886,-98.3637,64,47,17,0.2656,0.7344,0.44,17,0.2656,84865.29,1326.02,1208.38,3649.99,75.85,0.85,89.81,2,28,34,0.0312,30,32,0.4688,mobile,web,1.28
City,Franklin | Tennessee,North America,United States,US,Tennessee,Franklin,39.5411,-98.4325,66,58,8,0.1212,0.8788,0.36,8,0.1212,84599.08,1281.8,1157.26,3365.22,77.51,0.83,91.36,2,39,25,0.0303,35,29,0.5303,smart_tv,web,1.24
City,Brest | Bretagne,Europe,France,FR,Bretagne,Brest,46.1834,2.1089,49,43,6,0.1224,0.8776,0.35,6,0.1224,84469.25,1723.86,1752.12,3553.98,76.62,0.82,115.76,5,28,16,0.102,25,23,0.5102,mobile,web,1.35
City,Franklin | Missouri,North America,United States,US,Missouri,Franklin,39.31,-98.327,63,52,11,0.1746,0.8254,0.39,11,0.1746,84252.9,1337.35,1445.77,3672.85,72.45,0.84,95.62,0,39,24,0.0,29,31,0.4603,mobile,web,1.32
City,Springfield | Wisconsin,North America,United States,US,Wisconsin,Springfield,39.3793,-98.4749,58,49,9,0.1552,0.8448,0.37,9,0.1552,84230.21,1452.24,1391.02,3434.07,73.66,0.83,95.17,3,28,27,0.0517,23,32,0.3966,smart_tv,web,1.4
City,Franklin | Maryland,North America,United States,US,Maryland,Franklin,39.3757,-98.5598,63,50,13,0.2063,0.7937,0.4,13,0.2063,84042.97,1334.02,1266.28,3232.67,81.13,0.85,94.19,9,26,28,0.1429,32,31,0.5079,smart_tv,web,1.43
City,Clinton | Maryland,North America,United States,US,Maryland,Clinton,39.6377,-98.3406,64,50,14,0.2188,0.7812,0.41,14,0.2188,83864.09,1310.38,1243.03,3582.1,73.2,0.84,92.91,5,31,28,0.0781,32,31,0.5,mobile,mobile_app,1.23
City,Aix-en-Provence | Provence-Alpes-Côte d'Azur,Europe,France,FR,Provence-Alpes-Côte d'Azur,Aix-en-Provence,46.2545,2.2812,59,47,12,0.2034,0.7966,0.39,12,0.2034,83580.84,1416.62,1351.36,3231.21,77.22,0.84,103.71,3,32,24,0.0508,30,26,0.5085,smart_tv,mobile_app,1.39
City,El Paso | Texas,North America,United States,US,Texas,El Paso,31.8698,-99.8068,62,52,10,0.1613,0.8387,0.38,10,0.1613,83414.37,1345.39,1177.24,3739.86,76.08,0.85,89.08,6,28,28,0.0968,36,25,0.5806,mobile,web,1.27
City,Springfield | Alabama,North America,United States,US,Alabama,Springfield,39.4386,-98.2887,63,53,10,0.1587,0.8413,0.38,10,0.1587,83401.3,1323.83,1374.44,3506.99,77.43,0.84,93.03,4,32,27,0.0635,30,30,0.4762,smart_tv,mobile_app,1.38
City,Versailles | Île-de-France,Europe,France,FR,Île-de-France,Versailles,48.541,2.4824,45,37,8,0.1778,0.8222,0.36,8,0.1778,83334.17,1851.87,1758.96,3623.46,74.51,0.85,127.67,5,28,12,0.1111,22,22,0.4889,smart_tv,mobile_app,1.31
City,Columbus | Georgia,North America,United States,US,Georgia,Columbus,39.496,-98.3603,58,52,6,0.1034,0.8966,0.33,6,0.1034,82995.12,1430.95,1273.18,3415.07,70.62,0.87,98.59,8,27,23,0.1379,34,23,0.5862,smart_tv,mobile_app,1.43
City,Clinton | North Carolina,North America,United States,US,North Carolina,Clinton,39.621,-98.3705,55,48,7,0.1273,0.8727,0.36,7,0.1273,82773.98,1504.98,1482.22,3588.67,75.94,0.84,96.58,3,32,20,0.0545,30,23,0.5455,smart_tv,mobile_app,1.27
City,Hialeah | Florida,North America,United States,US,Florida,Hialeah,28.0899,-81.758,58,50,8,0.1379,0.8621,0.36,8,0.1379,82534.54,1423.01,1317.27,3431.94,73.26,0.84,98.21,6,29,23,0.1034,31,25,0.5345,smart_tv,web,1.31
City,Los Angeles | California,North America,United States,US,California,Los Angeles,36.7277,-119.2253,64,57,7,0.1094,0.8906,0.35,7,0.1094,82012.88,1281.45,1297.99,3185.25,74.54,0.84,92.88,2,39,23,0.0312,22,40,0.3438,smart_tv,mobile_app,1.33
City,Georgetown | Wisconsin,North America,United States,US,Wisconsin,Georgetown,39.6817,-98.3587,55,49,6,0.1091,0.8909,0.34,6,0.1091,81947.79,1489.96,1648.28,3271.23,77.64,0.84,105.05,6,31,18,0.1091,23,30,0.4182,mobile,mobile_app,1.36
City,Dayton | Ohio,North America,United States,US,Ohio,Dayton,39.5073,-98.3735,68,65,3,0.0441,0.9559,0.32,3,0.0441,81846.99,1203.63,1097.78,3246.59,67.82,0.84,84.01,4,38,26,0.0588,45,22,0.6618,mobile,mobile_app,1.19
City,Franklin | Colorado,North America,United States,US,Colorado,Franklin,39.6102,-98.3804,61,50,11,0.1803,0.8197,0.38,11,0.1803,81592.62,1337.58,1410.45,3506.11,70.2,0.85,92.52,2,34,25,0.0328,36,21,0.5902,mobile,mobile_app,1.46
City,Madison | Arizona,North America,United States,US,Arizona,Madison,39.4437,-98.2632,60,49,11,0.1833,0.8167,0.39,11,0.1833,81212.24,1353.54,1281.93,3748.54,84.64,0.85,89.83,4,28,28,0.0667,30,29,0.5,smart_tv,mobile_app,1.22
City,Surrey | British Columbia,North America,Canada,CA,British Columbia,Surrey,49.1645,-123.0336,49,44,5,0.102,0.898,0.33,5,0.102,81094.32,1654.99,1549.45,3799.37,76.74,0.83,114.8,6,25,18,0.1224,24,23,0.4898,smart_tv,mobile_app,1.2
City,Townsville | Queensland,Oceania,Australia,AU,Queensland,Townsville,-27.4815,153.0475,56,45,11,0.1964,0.8036,0.38,11,0.1964,80971.95,1445.93,1516.3,3370.18,72.1,0.85,101.34,5,30,21,0.0893,33,20,0.5893,mobile,web,1.34
City,Calgary | Alberta,North America,Canada,CA,Alberta,Calgary,56.104,-106.2152,64,57,7,0.1094,0.8906,0.36,7,0.1094,80792.6,1262.38,1138.8,3520.33,77.3,0.85,88.77,6,28,30,0.0938,34,28,0.5312,mobile,web,1.27
City,Madison | Colorado,North America,United States,US,Colorado,Madison,39.4908,-98.4945,51,44,7,0.1373,0.8627,0.35,7,0.1373,80543.98,1579.29,1574.39,3041.02,76.12,0.84,110.63,3,35,13,0.0588,25,24,0.4902,mobile,mobile_app,1.31
City,Springfield | South Carolina,North America,United States,US,South Carolina,Springfield,39.3685,-98.3569,64,57,7,0.1094,0.8906,0.36,7,0.1094,79968.64,1249.51,1180.03,3060.72,73.69,0.87,91.16,6,37,21,0.0938,37,24,0.5781,mobile,mobile_app,1.39
City,Jacksonville | Florida,North America,United States,US,Florida,Jacksonville,28.001,-81.611,61,54,7,0.1148,0.8852,0.34,7,0.1148,79967.98,1310.95,1319.96,3427.97,73.76,0.85,96.18,6,35,20,0.0984,37,21,0.6066,mobile,mobile_app,1.31
City,Clinton | New Jersey,North America,United States,US,New Jersey,Clinton,39.5372,-98.3237,53,44,9,0.1698,0.8302,0.37,9,0.1698,79668.65,1503.18,1676.9,3572.86,67.22,0.86,107.06,5,28,20,0.0943,25,26,0.4717,mobile,web,1.4
City,Feira de Santana | Bahia,South America,Brazil,BR,Bahia,Feira de Santana,-14.0402,-51.9528,58,51,7,0.1207,0.8793,0.35,7,0.1207,79667.78,1373.58,1296.38,3431.65,81.16,0.86,103.07,5,35,18,0.0862,33,24,0.569,mobile,web,1.22
City,Clinton | Virginia,North America,United States,US,Virginia,Clinton,39.4223,-98.3525,57,49,8,0.1404,0.8596,0.36,8,0.1404,79655.24,1397.46,1292.16,3689.73,70.39,0.84,97.77,5,30,22,0.0877,28,29,0.4912,mobile,web,1.3
City,Gold Coast | Queensland,Oceania,Australia,AU,Queensland,Gold Coast,-27.4142,153.2387,55,49,6,0.1091,0.8909,0.34,6,0.1091,79565.38,1446.64,1341.09,3365.51,78.34,0.87,99.55,7,31,17,0.1273,27,27,0.4909,mobile,mobile_app,1.31
City,Geelong | Victoria,Oceania,Australia,AU,Victoria,Geelong,-37.8294,144.9608,57,51,6,0.1053,0.8947,0.34,6,0.1053,79435.66,1393.61,1202.85,3639.47,73.45,0.87,99.82,8,27,22,0.1404,30,22,0.5263,smart_tv,mobile_app,1.35
City,Clinton | Michigan,North America,United States,US,Michigan,Clinton,39.6121,-98.3699,59,52,7,0.1186,0.8814,0.35,7,0.1186,79260.56,1343.4,1134.78,3535.27,76.97,0.84,93.42,4,30,25,0.0678,25,32,0.4237,mobile,web,1.32
City,Fremantle | Western Australia,Oceania,Australia,AU,Western Australia,Fremantle,-25.1004,134.0325,54,44,10,0.1852,0.8148,0.37,10,0.1852,79187.56,1466.44,1539.01,3275.09,78.03,0.86,99.54,7,30,17,0.1296,26,27,0.4815,desktop,web,1.46
City,Clinton | South Carolina,North America,United States,US,South Carolina,Clinton,39.2978,-98.1912,58,47,11,0.1897,0.8103,0.39,11,0.1897,79185.12,1365.26,1323.12,3425.19,77.02,0.87,98.48,5,29,24,0.0862,29,26,0.5,mobile,web,1.28
City,Clinton | Missouri,North America,United States,US,Missouri,Clinton,39.3687,-98.4757,57,47,10,0.1754,0.8246,0.37,10,0.1754,79136.29,1388.36,1368.98,3478.67,69.64,0.85,95.79,5,29,23,0.0877,22,32,0.386,smart_tv,web,1.3
City,Madison | Indiana,North America,United States,US,Indiana,Madison,39.6293,-98.6199,55,51,4,0.0727,0.9273,0.32,4,0.0727,78881.89,1434.22,1433.03,3361.21,75.66,0.83,98.96,1,34,20,0.0182,29,24,0.5273,mobile,web,1.29
City,Georgetown | South Carolina,North America,United States,US,South Carolina,Georgetown,39.601,-98.4307,59,49,10,0.1695,0.8305,0.38,10,0.1695,78880.78,1336.96,1435.27,3345.79,74.55,0.84,91.63,3,31,25,0.0508,31,26,0.5254,smart_tv,web,1.29
City,Rochester | New York,North America,United States,US,New York,Rochester,42.111,-74.9344,66,55,11,0.1667,0.8333,0.39,11,0.1667,78744.75,1193.1,1056.04,3303.31,72.09,0.84,84.03,3,34,29,0.0455,36,29,0.5455,mobile,mobile_app,1.27
City,Buffalo | New York,North America,United States,US,New York,Buffalo,42.0552,-74.8788,53,41,12,0.2264,0.7736,0.4,12,0.2264,77798.44,1467.9,1409.0,3856.52,74.4,0.84,102.79,4,27,22,0.0755,34,18,0.6415,smart_tv,mobile_app,1.3
City,Franklin | Alabama,North America,United States,US,Alabama,Franklin,39.3416,-98.4708,60,49,11,0.1833,0.8167,0.39,11,0.1833,77787.68,1296.46,1012.08,3735.0,72.82,0.85,90.05,4,31,25,0.0667,29,29,0.4833,mobile,web,1.37
City,São José | Santa Catarina,South America,Brazil,BR,Santa Catarina,São José,-14.2996,-51.8747,50,41,9,0.18,0.82,0.38,9,0.18,77379.91,1547.6,1471.38,3666.35,77.19,0.84,111.3,4,26,20,0.08,24,24,0.48,mobile,web,1.44
City,Clinton | Colorado,North America,United States,US,Colorado,Clinton,39.4353,-98.3883,53,45,8,0.1509,0.8491,0.37,8,0.1509,77029.76,1453.39,1581.33,3202.9,73.59,0.85,103.55,6,30,17,0.1132,25,25,0.4717,mobile,mobile_app,1.11
City,Madison | Michigan,North America,United States,US,Michigan,Madison,39.4519,-98.5375,53,44,9,0.1698,0.8302,0.37,9,0.1698,76860.87,1450.21,1536.07,3757.33,72.4,0.85,102.02,4,27,22,0.0755,30,18,0.566,mobile,mobile_app,1.4
City,St. Albert | Alberta,North America,Canada,CA,Alberta,St. Albert,56.0642,-106.2122,60,51,9,0.15,0.85,0.38,9,0.15,76722.13,1278.7,1163.8,3699.41,69.06,0.85,90.55,4,29,27,0.0667,34,25,0.5667,smart_tv,mobile_app,1.37
City,Georgetown | North Carolina,North America,United States,US,North Carolina,Georgetown,39.5344,-98.1372,55,47,8,0.1455,0.8545,0.36,8,0.1455,76679.72,1394.18,1308.46,3299.24,75.24,0.86,96.11,6,28,21,0.1091,30,22,0.5455,mobile,web,1.36
City,Burnie | Tasmania,Oceania,Australia,AU,Tasmania,Burnie,-25.2277,133.7359,59,51,8,0.1356,0.8644,0.37,8,0.1356,76679.06,1299.65,1363.11,3228.74,69.59,0.85,97.03,3,30,26,0.0508,34,22,0.5763,smart_tv,mobile_app,1.2
City,Sydney | New South Wales,Oceania,Australia,AU,New South Wales,Sydney,-33.8554,151.1723,57,51,6,0.1053,0.8947,0.34,6,0.1053,76189.45,1336.66,1447.87,2878.73,73.76,0.85,95.32,2,37,18,0.0351,34,23,0.5965,mobile,mobile_app,1.39
City,Nantes | Pays de la Loire,Europe,France,FR,Pays de la Loire,Nantes,46.0454,2.2733,57,49,8,0.1404,0.8596,0.34,8,0.1404,76060.37,1334.39,1157.02,3556.74,78.13,0.84,94.77,5,31,21,0.0877,26,30,0.4561,smart_tv,mobile_app,1.33
City,Syracuse | New York,North America,United States,US,New York,Syracuse,42.3149,-74.9138,60,54,6,0.1,0.9,0.34,6,0.1,76004.31,1266.74,1050.7,3322.33,73.66,0.85,90.68,7,28,25,0.1167,25,33,0.4167,smart_tv,mobile_app,1.28
City,Springfield | Virginia,North America,United States,US,Virginia,Springfield,39.5296,-98.2712,52,47,5,0.0962,0.9038,0.34,5,0.0962,75902.89,1459.67,1265.84,3609.14,72.06,0.83,98.25,4,24,24,0.0769,30,22,0.5769,smart_tv,web,1.23
City,Maringá | Paraná,South America,Brazil,BR,Paraná,Maringá,-14.2428,-51.9478,54,51,3,0.0556,0.9444,0.32,3,0.0556,75868.13,1404.97,1283.22,3529.34,71.96,0.85,95.63,4,36,14,0.0741,21,33,0.3889,smart_tv,web,1.39
City,London | Ontario,North America,Canada,CA,Ontario,London,43.7987,-79.3945,53,41,12,0.2264,0.7736,0.41,12,0.2264,75819.26,1430.55,1295.96,3719.16,73.11,0.86,103.98,2,25,26,0.0377,27,22,0.5094,mobile,mobile_app,1.28
City,Lethbridge | Alberta,North America,Canada,CA,Alberta,Lethbridge,56.2546,-106.363,54,45,9,0.1667,0.8333,0.38,9,0.1667,75808.03,1403.85,1318.8,3255.89,71.17,0.84,104.09,4,28,22,0.0741,32,21,0.5926,smart_tv,mobile_app,1.33
City,Georgetown | Massachusetts,North America,United States,US,Massachusetts,Georgetown,39.4759,-98.2159,57,46,11,0.193,0.807,0.39,11,0.193,75705.17,1328.16,1213.79,3479.28,78.97,0.86,98.49,5,30,22,0.0877,29,23,0.5088,smart_tv,mobile_app,1.32
City,Madison | Alabama,North America,United States,US,Alabama,Madison,39.5004,-98.3324,62,53,9,0.1452,0.8548,0.38,9,0.1452,75702.81,1221.01,1117.65,3339.98,78.17,0.85,87.6,5,30,27,0.0806,35,24,0.5645,mobile,mobile_app,1.27
City,Madison | Washington,North America,United States,US,Washington,Madison,39.3635,-98.2102,63,54,9,0.1429,0.8571,0.37,9,0.1429,75436.67,1197.41,1053.48,3797.12,70.13,0.86,84.97,6,30,27,0.0952,30,31,0.4762,smart_tv,mobile_app,1.3
City,Madison | North Carolina,North America,United States,US,North Carolina,Madison,39.4628,-98.3218,60,56,4,0.0667,0.9333,0.32,4,0.0667,75299.77,1255.0,1132.03,3484.82,78.69,0.84,87.1,4,34,22,0.0667,26,33,0.4333,smart_tv,mobile_app,1.17
City,Avignon | Provence-Alpes-Côte d'Azur,Europe,France,FR,Provence-Alpes-Côte d'Azur,Avignon,46.2045,2.2207,50,44,6,0.12,0.88,0.33,6,0.12,75273.78,1505.48,1549.22,3605.45,77.93,0.85,103.84,3,31,16,0.06,32,18,0.64,smart_tv,mobile_app,1.24
City,Nice | Provence-Alpes-Côte d'Azur,Europe,France,FR,Provence-Alpes-Côte d'Azur,Nice,46.3036,2.2132,44,34,10,0.2273,0.7727,0.39,10,0.2273,75159.0,1708.16,1846.59,3540.75,82.93,0.87,109.68,4,25,15,0.0909,22,22,0.5,smart_tv,web,1.25
City,São Paulo | São Paulo,South America,Brazil,BR,São Paulo,São Paulo,-23.4645,-46.6175,50,34,16,0.32,0.68,0.48,16,0.32,75012.31,1500.25,1505.3,3626.97,71.19,0.86,98.68,2,24,24,0.04,29,21,0.58,smart_tv,mobile_app,1.2
City,Franklin | New Jersey,North America,United States,US,New Jersey,Franklin,39.4712,-98.5954,62,47,15,0.2419,0.7581,0.43,15,0.2419,74975.03,1209.27,1033.35,3267.45,65.94,0.84,82.37,1,31,30,0.0161,25,36,0.4032,desktop,web,1.19
City,Franklin | North Carolina,North America,United States,US,North Carolina,Franklin,39.57,-98.5501,46,39,7,0.1522,0.8478,0.36,7,0.1522,74709.44,1624.12,1747.72,3493.94,72.24,0.85,114.89,5,26,15,0.1087,19,26,0.413,mobile,web,1.28
City,Madison | Missouri,North America,United States,US,Missouri,Madison,39.4276,-98.1548,62,48,14,0.2258,0.7742,0.41,14,0.2258,74678.75,1204.5,1133.34,2954.56,76.5,0.88,87.06,4,30,28,0.0645,29,33,0.4677,mobile,mobile_app,1.31
City,Brisbane | Queensland,Oceania,Australia,AU,Queensland,Brisbane,-27.3223,152.9673,44,39,5,0.1136,0.8864,0.33,5,0.1136,74636.75,1696.29,1730.38,3370.2,77.18,0.85,113.57,1,30,13,0.0227,24,19,0.5455,smart_tv,mobile_app,1.27
City,Caxias do Sul | Rio Grande do Sul,South America,Brazil,BR,Rio Grande do Sul,Caxias do Sul,-14.2771,-51.8916,52,46,6,0.1154,0.8846,0.35,6,0.1154,74630.35,1435.2,1431.0,3674.96,72.29,0.85,98.77,4,29,19,0.0769,27,23,0.5192,smart_tv,web,1.4
City,Leith | City of Edinburgh,Europe,United Kingdom,GB,City of Edinburgh,Leith,52.4207,-1.1949,57,45,12,0.2105,0.7895,0.42,12,0.2105,74557.32,1308.02,1184.24,3467.32,74.9,0.84,86.86,3,25,29,0.0526,29,26,0.5088,mobile,mobile_app,1.33
City,Salem | Maryland,North America,United States,US,Maryland,Salem,39.4923,-98.2872,53,48,5,0.0943,0.9057,0.33,5,0.0943,74525.24,1406.14,1400.16,3209.94,78.33,0.84,98.72,6,29,18,0.1132,27,25,0.5094,mobile,mobile_app,1.34
City,Pelotas | Rio Grande do Sul,South America,Brazil,BR,Rio Grande do Sul,Pelotas,-14.0586,-51.9964,48,44,4,0.0833,0.9167,0.33,4,0.0833,74471.39,1551.49,1413.68,3610.74,70.65,0.85,104.38,5,28,15,0.1042,26,20,0.5417,mobile,web,1.29
City,Augusta | Georgia,North America,United States,US,Georgia,Augusta,39.5053,-98.2314,59,53,6,0.1017,0.8983,0.35,6,0.1017,74356.99,1260.29,1137.85,3067.68,80.34,0.83,91.97,6,30,23,0.1017,34,21,0.5763,smart_tv,mobile_app,1.25
City,Ballarat | Victoria,Oceania,Australia,AU,Victoria,Ballarat,-37.7505,144.8175,50,39,11,0.22,0.78,0.39,11,0.22,74226.41,1484.53,1492.02,3540.71,83.82,0.84,106.48,3,29,18,0.06,18,31,0.36,smart_tv,mobile_app,1.24
City,Camaçari | Bahia,South America,Brazil,BR,Bahia,Camaçari,-14.1221,-51.8545,49,42,7,0.1429,0.8571,0.35,7,0.1429,74155.78,1513.38,1606.89,3414.6,68.48,0.84,111.24,5,26,18,0.102,21,27,0.4286,mobile,web,1.31
City,Dallas | Texas,North America,United States,US,Texas,Dallas,32.0984,-99.9156,55,51,4,0.0727,0.9273,0.33,4,0.0727,74095.11,1347.18,1160.27,3376.56,65.15,0.84,95.45,3,31,21,0.0545,27,25,0.4909,smart_tv,web,1.29
City,Cincinnati | Ohio,North America,United States,US,Ohio,Cincinnati,39.5753,-98.3224,64,56,8,0.125,0.875,0.36,8,0.125,73904.03,1154.75,1016.96,2851.07,76.47,0.85,83.42,6,28,30,0.0938,34,28,0.5312,smart_tv,mobile_app,1.47
City,Toulon | Provence-Alpes-Côte d'Azur,Europe,France,FR,Provence-Alpes-Côte d'Azur,Toulon,46.3059,2.1839,54,48,6,0.1111,0.8889,0.35,6,0.1111,73531.87,1361.7,1223.88,3746.36,62.73,0.87,86.54,4,29,21,0.0741,21,33,0.3889,smart_tv,web,1.28
City,Coventry | West Midlands,Europe,United Kingdom,GB,West Midlands,Coventry,52.4438,-1.9215,48,41,7,0.1458,0.8542,0.36,7,0.1458,73479.45,1530.82,1515.06,3739.7,72.04,0.85,101.0,5,24,19,0.1042,17,28,0.3542,smart_tv,mobile_app,1.35
City,Springfield | Washington,North America,United States,US,Washington,Springfield,39.4071,-98.2551,56,51,5,0.0893,0.9107,0.33,5,0.0893,73395.82,1310.64,1198.16,3511.73,73.47,0.85,92.62,5,29,22,0.0893,26,28,0.4643,smart_tv,web,1.16
City,Betim | Minas Gerais,South America,Brazil,BR,Minas Gerais,Betim,-20.0663,-44.031,50,42,8,0.16,0.84,0.38,8,0.16,73356.32,1467.13,1218.56,3762.82,74.77,0.85,96.88,2,29,19,0.04,30,19,0.6,smart_tv,web,1.28
City,Santo André | São Paulo,South America,Brazil,BR,São Paulo,Santo André,-23.5548,-46.6651,45,33,12,0.2667,0.7333,0.42,12,0.2667,73312.66,1629.17,1590.35,3557.66,74.37,0.84,115.82,4,21,20,0.0889,26,18,0.5778,mobile,web,1.27
City,Curitiba | Paraná,South America,Brazil,BR,Paraná,Curitiba,-14.3788,-51.9607,53,43,10,0.1887,0.8113,0.39,10,0.1887,73034.52,1378.01,1500.41,3263.59,68.5,0.85,89.98,1,29,23,0.0189,23,30,0.434,smart_tv,web,1.36
City,Miami | Florida,North America,United States,US,Florida,Miami,27.983,-81.6686,54,45,9,0.1667,0.8333,0.38,9,0.1667,72764.48,1347.49,1261.28,3517.66,69.0,0.85,94.8,3,25,26,0.0556,32,22,0.5926,mobile,mobile_app,1.35
City,São Gonçalo | Rio de Janeiro,South America,Brazil,BR,Rio de Janeiro,São Gonçalo,-22.8711,-43.2953,46,39,7,0.1522,0.8478,0.37,7,0.1522,72645.72,1579.25,1453.23,3689.72,71.27,0.84,107.63,3,26,17,0.0652,28,18,0.6087,mobile,mobile_app,1.28
City,Georgetown | Tennessee,North America,United States,US,Tennessee,Georgetown,39.3964,-98.2458,48,43,5,0.1042,0.8958,0.35,5,0.1042,72541.57,1511.28,1658.21,3054.41,72.86,0.84,108.52,3,28,17,0.0625,24,21,0.5,mobile,web,1.25
City,Central Coast | New South Wales,Oceania,Australia,AU,New South Wales,Central Coast,-33.735,151.3773,50,41,9,0.18,0.82,0.39,9,0.18,72541.05,1450.82,1330.78,3159.7,67.93,0.83,101.04,4,23,23,0.08,21,29,0.42,smart_tv,mobile_app,1.38
City,Scranton | Pennsylvania,North America,United States,US,Pennsylvania,Scranton,39.523,-98.3924,51,44,7,0.1373,0.8627,0.36,7,0.1373,72472.53,1421.03,1446.41,3538.3,77.62,0.84,100.84,5,28,18,0.098,30,20,0.5882,mobile,mobile_app,1.29
City,Cascavel | Paraná,South America,Brazil,BR,Paraná,Cascavel,-14.3032,-51.9172,55,43,12,0.2182,0.7818,0.41,12,0.2182,71839.51,1306.17,1324.7,3835.72,73.55,0.85,96.07,2,24,29,0.0364,28,27,0.5091,smart_tv,web,1.31
City,Naperville | Illinois,North America,United States,US,Illinois,Naperville,40.3169,-88.7305,55,50,5,0.0909,0.9091,0.35,5,0.0909,71544.75,1300.81,1245.4,3374.47,71.43,0.84,89.71,2,33,20,0.0364,26,28,0.4727,mobile,web,1.36
City,Quimper | Bretagne,Europe,France,FR,Bretagne,Quimper,46.0903,2.2991,50,45,5,0.1,0.9,0.33,5,0.1,71352.65,1427.05,1471.62,3804.18,78.26,0.83,100.9,4,29,17,0.08,27,22,0.54,smart_tv,web,1.46
City,Athens | Georgia,North America,United States,US,Georgia,Athens,39.636,-98.2343,57,50,7,0.1228,0.8772,0.37,7,0.1228,71174.42,1248.67,1197.86,3483.65,68.59,0.84,82.33,4,20,33,0.0702,34,22,0.5965,smart_tv,web,1.49
City,Edmonton | Alberta,North America,Canada,CA,Alberta,Edmonton,56.0929,-106.2377,45,38,7,0.1556,0.8444,0.36,7,0.1556,71040.15,1578.67,1594.1,3681.29,71.41,0.86,108.71,3,26,16,0.0667,14,30,0.3111,smart_tv,mobile_app,1.47
City,Laval | Quebec,North America,Canada,CA,Quebec,Laval,45.5184,-73.5634,48,35,13,0.2708,0.7292,0.43,13,0.2708,70853.52,1476.12,1467.22,3545.7,68.58,0.86,100.65,3,24,21,0.0625,20,28,0.4167,smart_tv,mobile_app,1.4
City,Shepparton | Victoria,Oceania,Australia,AU,Victoria,Shepparton,-37.8314,144.7802,44,39,5,0.1136,0.8864,0.34,5,0.1136,70593.12,1604.39,1463.73,3777.78,78.65,0.84,107.7,5,24,15,0.1136,24,18,0.5455,mobile,web,1.32
City,Newcastle | New South Wales,Oceania,Australia,AU,New South Wales,Newcastle,-33.8668,151.14,52,38,14,0.2692,0.7308,0.45,14,0.2692,70294.97,1351.83,1147.7,3400.03,69.08,0.84,95.96,4,18,30,0.0769,25,26,0.4808,smart_tv,mobile_app,1.42
City,Burnaby | British Columbia,North America,Canada,CA,British Columbia,Burnaby,49.2835,-123.2591,47,39,8,0.1702,0.8298,0.38,8,0.1702,70220.31,1494.05,1476.7,3626.88,79.29,0.83,98.7,2,27,18,0.0426,29,17,0.617,smart_tv,web,1.3
City,Kelowna | British Columbia,North America,Canada,CA,British Columbia,Kelowna,49.2416,-123.1037,46,38,8,0.1739,0.8261,0.37,8,0.1739,69925.75,1520.12,1596.92,3127.78,72.75,0.85,108.26,5,27,14,0.1087,24,22,0.5217,mobile,web,1.24
City,Salem | South Carolina,North America,United States,US,South Carolina,Salem,39.5976,-98.3615,56,51,5,0.0893,0.9107,0.33,5,0.0893,69532.19,1241.65,1269.73,3196.21,78.43,0.84,91.89,4,31,21,0.0714,29,27,0.5179,smart_tv,web,1.21
City,Madison | Massachusetts,North America,United States,US,Massachusetts,Madison,39.4269,-98.3486,43,41,2,0.0465,0.9535,0.29,2,0.0465,69385.16,1613.61,1770.57,3273.21,67.26,0.86,109.51,4,29,10,0.093,21,21,0.4884,mobile,mobile_app,1.26
City,Wollongong | New South Wales,Oceania,Australia,AU,New South Wales,Wollongong,-33.792,151.2802,58,49,9,0.1552,0.8448,0.39,9,0.1552,69333.73,1195.41,1246.2,3317.15,67.78,0.85,83.93,2,22,34,0.0345,30,24,0.5172,mobile,web,1.26
City,Birmingham | West Midlands,Europe,United Kingdom,GB,West Midlands,Birmingham,52.2266,-1.9938,52,43,9,0.1731,0.8269,0.39,9,0.1731,69139.78,1329.61,1140.5,3765.95,71.0,0.85,90.81,0,29,23,0.0,23,27,0.4423,smart_tv,mobile_app,1.35
City,Croydon | Greater London,Europe,United Kingdom,GB,Greater London,Croydon,51.3805,-0.0669,45,40,5,0.1111,0.8889,0.32,5,0.1111,69018.43,1533.74,1529.85,3029.49,77.12,0.86,111.0,6,26,13,0.1333,24,21,0.5333,smart_tv,mobile_app,1.36
City,Bunbury | Western Australia,Oceania,Australia,AU,Western Australia,Bunbury,-25.1938,133.784,55,47,8,0.1455,0.8545,0.36,8,0.1455,68942.9,1253.51,977.37,3497.86,73.64,0.86,90.53,8,25,22,0.1455,27,27,0.4909,mobile,mobile_app,1.2
City,Boulogne-Billancourt | Île-de-France,Europe,France,FR,Île-de-France,Boulogne-Billancourt,48.8874,2.3059,48,43,5,0.1042,0.8958,0.33,5,0.1042,68923.35,1435.9,1556.32,3311.66,74.72,0.84,100.23,7,23,18,0.1458,28,18,0.5833,smart_tv,mobile_app,1.31
City,Cleveland | Ohio,North America,United States,US,Ohio,Cleveland,39.5159,-98.3132,53,43,10,0.1887,0.8113,0.4,10,0.1887,68862.67,1299.3,1227.1,3495.49,70.71,0.84,87.3,0,29,24,0.0,29,23,0.5472,smart_tv,mobile_app,1.28
City,Bordeaux | Nouvelle-Aquitaine,Europe,France,FR,Nouvelle-Aquitaine,Bordeaux,46.2162,2.1594,44,39,5,0.1136,0.8864,0.33,5,0.1136,68807.4,1563.8,1414.14,3792.87,72.75,0.87,105.27,4,28,12,0.0909,16,27,0.3636,smart_tv,mobile_app,1.25
City,Springfield | Michigan,North America,United States,US,Michigan,Springfield,39.4935,-98.3055,48,41,7,0.1458,0.8542,0.38,7,0.1458,68213.67,1421.12,1134.04,3609.82,70.42,0.87,93.81,3,24,21,0.0625,23,24,0.4792,mobile,mobile_app,1.4
City,Madison | Virginia,North America,United States,US,Virginia,Madison,39.5,-98.2296,60,47,13,0.2167,0.7833,0.41,13,0.2167,68112.1,1135.2,892.08,3493.87,80.21,0.85,77.68,4,28,28,0.0667,34,24,0.5667,mobile,web,1.33
City,Contagem | Minas Gerais,South America,Brazil,BR,Minas Gerais,Contagem,-20.1232,-43.7947,42,36,6,0.1429,0.8571,0.34,6,0.1429,67722.03,1612.43,1505.79,3338.9,76.6,0.86,106.14,3,24,15,0.0714,22,18,0.5238,mobile,mobile_app,1.29
City,Clinton | Wisconsin,North America,United States,US,Wisconsin,Clinton,39.6518,-98.2577,57,51,6,0.1053,0.8947,0.34,6,0.1053,67264.04,1180.07,1044.55,3286.66,75.62,0.85,85.65,4,29,24,0.0702,26,30,0.4561,mobile,mobile_app,1.25
City,Melbourne | Victoria,Oceania,Australia,AU,Victoria,Melbourne,-37.9444,144.9907,50,40,10,0.2,0.8,0.39,10,0.2,67158.8,1343.18,1313.8,3140.25,65.74,0.86,96.0,4,25,21,0.08,22,26,0.44,mobile,mobile_app,1.32
City,Whyalla | South Australia,Oceania,Australia,AU,South Australia,Whyalla,-25.3052,133.6272,52,45,7,0.1346,0.8654,0.36,7,0.1346,67090.91,1290.21,1208.89,3529.85,71.08,0.85,92.63,1,34,17,0.0192,25,23,0.4808,smart_tv,mobile_app,1.21
City,Aurora | Illinois,North America,United States,US,Illinois,Aurora,40.1998,-88.9493,48,41,7,0.1458,0.8542,0.37,7,0.1458,66972.95,1395.27,1419.47,3710.77,71.37,0.86,97.27,2,32,14,0.0417,23,25,0.4792,smart_tv,mobile_app,1.19
City,Albany | New York,North America,United States,US,New York,Albany,42.1372,-74.8361,56,51,5,0.0893,0.9107,0.34,5,0.0893,66962.33,1195.76,1026.51,3407.17,69.49,0.85,84.8,2,32,22,0.0357,28,28,0.5,mobile,mobile_app,1.29
City,Tampa | Florida,North America,United States,US,Florida,Tampa,27.9946,-82.0865,52,44,8,0.1538,0.8462,0.37,8,0.1538,66761.5,1283.88,1126.74,3290.27,80.13,0.85,87.0,2,29,21,0.0385,22,27,0.4231,mobile,mobile_app,1.42
City,Ealing | Greater London,Europe,United Kingdom,GB,Greater London,Ealing,51.2307,-0.2236,44,41,3,0.0682,0.9318,0.31,3,0.0682,66625.48,1514.22,1614.36,3555.72,71.62,0.83,102.39,2,27,15,0.0455,19,20,0.4318,mobile,web,1.32
City,Santa Maria | Rio Grande do Sul,South America,Brazil,BR,Rio Grande do Sul,Santa Maria,-14.2448,-51.9531,47,40,7,0.1489,0.8511,0.36,7,0.1489,66375.37,1412.24,1593.0,3670.11,65.74,0.86,101.74,5,23,19,0.1064,24,21,0.5106,smart_tv,mobile_app,1.36
City,Paris | Île-de-France,Europe,France,FR,Île-de-France,Paris,48.6933,2.2493,42,32,10,0.2381,0.7619,0.41,10,0.2381,66318.81,1579.02,1441.03,3519.75,77.1,0.85,110.17,2,24,16,0.0476,22,20,0.5238,smart_tv,web,1.31
City,Quebec City | Quebec,North America,Canada,CA,Quebec,Quebec City,45.3894,-73.5787,50,44,6,0.12,0.88,0.36,6,0.12,66187.39,1323.75,1053.12,3897.33,73.12,0.87,91.88,5,27,18,0.1,19,31,0.38,smart_tv,web,1.26
City,Chapecó | Santa Catarina,South America,Brazil,BR,Santa Catarina,Chapecó,-14.2987,-51.9337,45,39,6,0.1333,0.8667,0.36,6,0.1333,65984.77,1466.33,1348.27,3458.01,75.26,0.83,98.62,2,28,15,0.0444,19,25,0.4222,smart_tv,web,1.18
City,Saint-Étienne | Auvergne-Rhône-Alpes,Europe,France,FR,Auvergne-Rhône-Alpes,Saint-Étienne,45.7004,4.7069,41,35,6,0.1463,0.8537,0.36,6,0.1463,65647.36,1601.16,1687.76,3309.41,80.68,0.87,105.07,7,19,15,0.1707,20,18,0.4878,smart_tv,mobile_app,1.22
City,Franklin | South Carolina,North America,United States,US,South Carolina,Franklin,39.6593,-98.4138,52,45,7,0.1346,0.8654,0.36,7,0.1346,65210.39,1254.05,1202.57,2878.93,79.24,0.83,88.04,3,26,23,0.0577,19,32,0.3654,mobile,web,1.38
City,Fresno | California,North America,United States,US,California,Fresno,36.9103,-119.3121,54,51,3,0.0556,0.9444,0.32,3,0.0556,64912.59,1202.08,1044.27,3406.31,68.82,0.86,89.24,4,32,18,0.0741,21,30,0.3889,smart_tv,mobile_app,1.31
City,Perth | Western Australia,Oceania,Australia,AU,Western Australia,Perth,-24.9481,133.753,49,39,10,0.2041,0.7959,0.38,10,0.2041,64499.95,1316.33,1300.8,3140.28,79.45,0.87,97.78,2,30,17,0.0408,23,24,0.4694,mobile,web,1.35
City,Springfield | Minnesota,North America,United States,US,Minnesota,Springfield,39.4417,-98.1451,50,43,7,0.14,0.86,0.36,7,0.14,64468.69,1289.37,1282.64,3244.67,73.38,0.85,92.64,3,28,19,0.06,23,27,0.46,mobile,web,1.24
City,Salvador | Bahia,South America,Brazil,BR,Bahia,Salvador,-14.322,-51.8062,44,40,4,0.0909,0.9091,0.34,4,0.0909,64280.39,1460.92,1491.26,3463.45,64.53,0.86,97.52,3,25,16,0.0682,23,19,0.5227,smart_tv,web,1.23
City,La Rochelle | Nouvelle-Aquitaine,Europe,France,FR,Nouvelle-Aquitaine,La Rochelle,46.1662,2.265,42,36,6,0.1429,0.8571,0.37,6,0.1429,64106.4,1526.34,1588.7,2869.29,71.92,0.83,108.57,4,23,15,0.0952,17,23,0.4048,smart_tv,mobile_app,1.36
City,Columbus | Ohio,North America,United States,US,Ohio,Columbus,39.6419,-98.4937,47,37,10,0.2128,0.7872,0.4,10,0.2128,64043.96,1362.64,1202.47,3666.6,79.44,0.85,94.21,3,23,21,0.0638,20,26,0.4255,smart_tv,web,1.23
City,Oldenburg | Lower Saxony,Europe,Germany,DE,Lower Saxony,Oldenburg,51.0339,10.3788,40,36,4,0.1,0.9,0.33,4,0.1,63870.54,1596.76,1555.53,3642.59,82.05,0.84,110.85,4,25,11,0.1,20,18,0.5,mobile,mobile_app,1.3
City,Manchester | Greater Manchester,Europe,United Kingdom,GB,Greater Manchester,Manchester,53.5666,-2.211,42,38,4,0.0952,0.9048,0.34,4,0.0952,63862.44,1520.53,1469.28,3476.55,84.02,0.86,96.26,5,25,12,0.119,21,20,0.5,desktop,mobile_app,1.29
City,Uberlândia | Minas Gerais,South America,Brazil,BR,Minas Gerais,Uberlândia,-20.0904,-43.9167,48,42,6,0.125,0.875,0.36,6,0.125,63857.23,1330.36,1140.85,3586.47,81.9,0.85,89.44,2,28,18,0.0417,19,29,0.3958,smart_tv,mobile_app,1.38
City,Salem | Virginia,North America,United States,US,Virginia,Salem,39.5034,-98.3987,57,50,7,0.1228,0.8772,0.36,7,0.1228,63728.51,1118.04,951.91,3277.98,75.5,0.88,79.51,5,30,22,0.0877,31,26,0.5439,mobile,mobile_app,1.28
City,Le Havre | Normandie,Europe,France,FR,Normandie,Le Havre,46.1007,2.0006,46,42,4,0.087,0.913,0.33,4,0.087,63477.93,1379.96,1505.62,3526.45,64.67,0.87,97.65,10,18,18,0.2174,22,24,0.4783,mobile,mobile_app,1.26
City,Grenoble | Auvergne-Rhône-Alpes,Europe,France,FR,Auvergne-Rhône-Alpes,Grenoble,45.6204,4.8633,44,40,4,0.0909,0.9091,0.33,4,0.0909,63429.76,1441.59,1553.0,3093.53,68.21,0.85,100.36,4,26,14,0.0909,20,22,0.4545,smart_tv,web,1.36
City,Wakefield | West Yorkshire,Europe,United Kingdom,GB,West Yorkshire,Wakefield,52.4128,-1.135,45,39,6,0.1333,0.8667,0.35,6,0.1333,63351.28,1407.81,1187.44,3706.66,78.31,0.84,97.02,2,25,18,0.0444,26,19,0.5778,mobile,web,1.38
City,Huddersfield | West Yorkshire,Europe,United Kingdom,GB,West Yorkshire,Huddersfield,52.3593,-1.2185,43,40,3,0.0698,0.9302,0.32,3,0.0698,63006.2,1465.26,1444.07,3003.25,70.69,0.85,102.02,2,28,13,0.0465,25,18,0.5814,smart_tv,web,1.19
City,Poitiers | Nouvelle-Aquitaine,Europe,France,FR,Nouvelle-Aquitaine,Poitiers,46.2354,2.3686,53,45,8,0.1509,0.8491,0.37,8,0.1509,63004.71,1188.77,1039.98,3839.37,79.91,0.87,87.11,7,25,21,0.1321,29,23,0.5472,desktop,web,1.3
City,Montreal | Quebec,North America,Canada,CA,Quebec,Montreal,45.3987,-73.5428,46,35,11,0.2391,0.7609,0.42,11,0.2391,62977.86,1369.08,1337.62,3567.48,81.77,0.86,100.46,4,24,18,0.087,27,18,0.587,smart_tv,web,1.22
City,Macon | Georgia,North America,United States,US,Georgia,Macon,39.5251,-98.234,42,33,9,0.2143,0.7857,0.39,9,0.2143,62869.41,1496.89,1452.14,3133.92,76.81,0.84,117.05,5,24,13,0.119,21,20,0.5,smart_tv,mobile_app,1.48
City,Toronto | Ontario,North America,Canada,CA,Ontario,Toronto,43.8896,-79.3906,42,36,6,0.1429,0.8571,0.37,6,0.1429,62850.08,1496.43,1430.94,3641.27,69.5,0.85,97.64,4,22,16,0.0952,17,25,0.4048,smart_tv,web,1.26
City,Hobart | Tasmania,Oceania,Australia,AU,Tasmania,Hobart,-25.1281,133.741,53,48,5,0.0943,0.9057,0.35,5,0.0943,62693.9,1182.9,946.53,3723.4,72.77,0.85,79.4,3,24,26,0.0566,29,23,0.5472,smart_tv,mobile_app,1.34
City,Georgetown | Minnesota,North America,United States,US,Minnesota,Georgetown,39.3949,-98.2777,49,39,10,0.2041,0.7959,0.41,10,0.2041,62463.97,1274.77,1045.09,3218.79,67.57,0.85,91.67,3,23,23,0.0612,23,25,0.4694,smart_tv,mobile_app,1.39
City,Hamilton | Ontario,North America,Canada,CA,Ontario,Hamilton,43.8552,-79.3191,42,37,5,0.119,0.881,0.35,5,0.119,62424.59,1486.3,1554.11,3797.4,72.45,0.85,101.0,5,24,13,0.119,18,22,0.4286,mobile,web,1.38
City,Osasco | São Paulo,South America,Brazil,BR,São Paulo,Osasco,-23.4747,-46.6824,38,32,6,0.1579,0.8421,0.36,6,0.1579,62418.63,1642.6,1944.82,3484.69,83.92,0.88,107.26,6,19,13,0.1579,17,21,0.4474,smart_tv,web,1.42
City,Joinville | Santa Catarina,South America,Brazil,BR,Santa Catarina,Joinville,-14.2024,-51.6396,42,34,8,0.1905,0.8095,0.39,8,0.1905,62133.43,1479.37,1194.32,3592.08,78.43,0.85,96.71,2,22,18,0.0476,22,20,0.5238,smart_tv,mobile_app,1.36
City,Stockport | Greater Manchester,Europe,United Kingdom,GB,Greater Manchester,Stockport,53.7197,-2.2375,41,32,9,0.2195,0.7805,0.4,9,0.2195,62091.17,1514.42,1544.75,3486.91,68.61,0.85,107.44,1,25,15,0.0244,19,22,0.4634,smart_tv,web,1.22
City,Nova Iguaçu | Rio de Janeiro,South America,Brazil,BR,Rio de Janeiro,Nova Iguaçu,-22.9164,-43.2683,46,39,7,0.1522,0.8478,0.37,7,0.1522,61855.16,1344.68,1178.51,2975.3,66.82,0.84,98.11,2,24,20,0.0435,21,23,0.4565,smart_tv,mobile_app,1.33
City,Springfield | Indiana,North America,United States,US,Indiana,Springfield,39.6313,-98.2521,49,43,6,0.1224,0.8776,0.37,6,0.1224,61834.93,1261.94,1078.37,3585.94,68.42,0.87,87.31,6,22,21,0.1224,23,25,0.4694,mobile,web,1.31
City,Clinton | Tennessee,North America,United States,US,Tennessee,Clinton,39.3971,-98.4109,53,42,11,0.2075,0.7925,0.41,11,0.2075,61414.97,1158.77,1160.95,3552.81,78.21,0.84,89.0,2,27,24,0.0377,31,22,0.5849,smart_tv,mobile_app,1.21
City,Canoas | Rio Grande do Sul,South America,Brazil,BR,Rio Grande do Sul,Canoas,-14.0611,-51.9802,42,33,9,0.2143,0.7857,0.39,9,0.2143,61345.13,1460.6,1504.88,3638.96,72.34,0.85,108.71,2,25,15,0.0476,30,12,0.7143,smart_tv,web,1.36
City,Tourcoing | Hauts-de-France,Europe,France,FR,Hauts-de-France,Tourcoing,50.761,2.9921,48,43,5,0.1042,0.8958,0.34,5,0.1042,61023.9,1271.33,1177.49,2697.02,73.42,0.85,91.08,4,26,18,0.0833,28,19,0.5833,mobile,web,1.27
City,Bromley | Greater London,Europe,United Kingdom,GB,Greater London,Bromley,51.7612,-0.1434,44,37,7,0.1591,0.8409,0.38,7,0.1591,60880.02,1383.64,1266.18,3353.19,79.5,0.83,94.02,1,23,20,0.0227,18,25,0.4091,smart_tv,web,1.34
City,Mississauga | Ontario,North America,Canada,CA,Ontario,Mississauga,43.6119,-79.5176,44,40,4,0.0909,0.9091,0.32,4,0.0909,60318.05,1370.86,1194.41,3630.84,64.48,0.85,93.73,3,26,15,0.0682,19,24,0.4318,desktop,mobile_app,1.34
City,London | Greater London,Europe,United Kingdom,GB,Greater London,London,51.6505,-0.156,39,33,6,0.1538,0.8462,0.35,6,0.1538,60148.05,1542.26,1710.58,3148.93,68.29,0.85,109.77,4,23,12,0.1026,21,18,0.5385,smart_tv,web,1.18
City,Halifax | Nova Scotia,Europe,United Kingdom,GB,Nova Scotia,Halifax,55.7462,-94.0821,39,36,3,0.0769,0.9231,0.31,3,0.0769,59975.44,1537.83,1656.19,3743.79,68.15,0.85,117.41,3,27,9,0.0769,20,18,0.5128,smart_tv,mobile_app,1.38
City,Leeds | West Yorkshire,Europe,United Kingdom,GB,West Yorkshire,Leeds,52.4307,-1.1733,48,43,5,0.1042,0.8958,0.34,5,0.1042,59871.45,1247.32,1258.8,3490.89,70.14,0.86,90.29,3,27,18,0.0625,25,23,0.5208,mobile,mobile_app,1.38
City,Argenteuil | Île-de-France,Europe,France,FR,Île-de-France,Argenteuil,48.688,2.2699,44,38,6,0.1364,0.8636,0.36,6,0.1364,58912.24,1338.91,1426.8,3210.8,64.43,0.85,94.41,4,23,17,0.0909,22,20,0.5,mobile,mobile_app,1.25
City,Madison | Wisconsin,North America,United States,US,Wisconsin,Madison,39.5416,-98.3482,41,33,8,0.1951,0.8049,0.41,8,0.1951,58669.08,1430.95,1411.84,3786.57,70.16,0.81,94.8,1,20,20,0.0244,17,24,0.4146,mobile,mobile_app,1.34
City,Angers | Pays de la Loire,Europe,France,FR,Pays de la Loire,Angers,46.318,2.3305,47,41,6,0.1277,0.8723,0.35,6,0.1277,58201.81,1238.34,1293.99,2938.95,67.11,0.85,87.62,3,27,17,0.0638,23,22,0.4894,mobile,web,1.3
City,Red Deer | Alberta,North America,Canada,CA,Alberta,Red Deer,56.0732,-106.1769,43,37,6,0.1395,0.8605,0.36,6,0.1395,57943.22,1347.52,1211.35,3474.6,78.18,0.85,92.79,3,19,21,0.0698,20,21,0.4651,mobile,web,1.23
City,Florianópolis | Santa Catarina,South America,Brazil,BR,Santa Catarina,Florianópolis,-14.3117,-51.9622,46,40,6,0.1304,0.8696,0.36,6,0.1304,57802.95,1256.59,1169.22,3272.37,74.14,0.87,85.3,3,27,16,0.0652,19,25,0.413,smart_tv,web,1.28
City,Lyon | Auvergne-Rhône-Alpes,Europe,France,FR,Auvergne-Rhône-Alpes,Lyon,45.7373,5.0199,49,41,8,0.1633,0.8367,0.4,8,0.1633,57133.01,1165.98,763.13,3709.84,70.26,0.84,76.63,0,23,26,0.0,24,24,0.4898,smart_tv,mobile_app,1.35
City,Roubaix | Hauts-de-France,Europe,France,FR,Hauts-de-France,Roubaix,50.9102,2.9197,43,38,5,0.1163,0.8837,0.34,5,0.1163,57013.89,1325.9,1338.65,3444.91,76.6,0.85,94.44,5,21,17,0.1163,22,21,0.5116,smart_tv,web,1.35
City,Cherbourg | Normandie,Europe,France,FR,Normandie,Cherbourg,46.0694,1.9206,47,44,3,0.0638,0.9362,0.33,3,0.0638,56669.52,1205.73,996.74,3222.88,66.79,0.84,82.94,5,19,23,0.1064,27,19,0.5745,smart_tv,mobile_app,1.34
City,Porto Alegre | Rio Grande do Sul,South America,Brazil,BR,Rio Grande do Sul,Porto Alegre,-14.4222,-52.0446,47,42,5,0.1064,0.8936,0.35,5,0.1064,56489.5,1201.9,1011.42,3692.41,82.66,0.86,82.89,2,28,17,0.0426,23,23,0.4894,smart_tv,web,1.21
City,Ponta Grossa | Paraná,South America,Brazil,BR,Paraná,Ponta Grossa,-14.1919,-52.0477,44,38,6,0.1364,0.8636,0.38,6,0.1364,55616.44,1264.01,995.44,3482.93,69.97,0.85,88.89,3,20,21,0.0682,21,21,0.4773,mobile,web,1.3
City,Longueuil | Quebec,North America,Canada,CA,Quebec,Longueuil,45.544,-73.5434,42,36,6,0.1429,0.8571,0.37,6,0.1429,55601.13,1323.84,1266.12,3576.27,71.35,0.84,93.95,4,23,15,0.0952,18,24,0.4286,mobile,web,1.33
City,Rio de Janeiro | Rio de Janeiro,South America,Brazil,BR,Rio de Janeiro,Rio de Janeiro,-23.0732,-43.0178,40,33,7,0.175,0.825,0.38,7,0.175,55007.89,1375.2,1184.34,3178.2,74.78,0.85,101.42,3,21,16,0.075,22,17,0.55,mobile,web,1.48
City,Oldham | Greater Manchester,Europe,United Kingdom,GB,Greater Manchester,Oldham,53.3022,-2.2831,40,32,8,0.2,0.8,0.41,8,0.2,54928.07,1373.2,1323.61,3572.5,68.41,0.85,98.5,1,20,19,0.025,18,20,0.45,smart_tv,web,1.3
City,Rouen | Normandie,Europe,France,FR,Normandie,Rouen,46.3139,2.1382,40,34,6,0.15,0.85,0.35,6,0.15,54141.36,1353.53,1185.14,3470.12,69.57,0.86,91.38,5,15,20,0.125,23,16,0.575,smart_tv,web,1.25
City,Osnabrück | Lower Saxony,Europe,Germany,DE,Lower Saxony,Osnabrück,51.1582,10.529,38,35,3,0.0789,0.9211,0.32,3,0.0789,53917.82,1418.89,1282.42,2965.7,80.17,0.88,95.53,1,27,10,0.0263,19,19,0.5,mobile,mobile_app,1.29
City,Altona | Hamburg,Europe,Germany,DE,Hamburg,Altona,53.5899,10.197,42,36,6,0.1429,0.8571,0.36,6,0.1429,53659.61,1277.61,1116.88,2903.2,72.64,0.86,90.17,6,19,17,0.1429,23,19,0.5476,smart_tv,mobile_app,1.38
City,Bolton | Greater Manchester,Europe,United Kingdom,GB,Greater Manchester,Bolton,53.4361,-2.3662,38,36,2,0.0526,0.9474,0.3,2,0.0526,53159.88,1398.94,1323.67,3503.26,74.23,0.86,103.37,3,24,11,0.0789,21,17,0.5526,mobile,web,1.39
City,Guarulhos | São Paulo,South America,Brazil,BR,São Paulo,Guarulhos,-23.4351,-46.9485,32,26,6,0.1875,0.8125,0.38,6,0.1875,53126.94,1660.22,1587.35,3221.2,65.15,0.85,118.72,2,19,11,0.0625,16,15,0.5,desktop,web,1.28
City,Saint-Denis | Île-de-France,Europe,France,FR,Île-de-France,Saint-Denis,48.6772,2.2826,37,32,5,0.1351,0.8649,0.37,5,0.1351,52458.3,1417.79,1289.57,2904.45,82.03,0.83,93.24,0,23,14,0.0,20,17,0.5405,smart_tv,web,1.38
City,Blumenau | Santa Catarina,South America,Brazil,BR,Santa Catarina,Blumenau,-14.3467,-52.0742,42,35,7,0.1667,0.8333,0.37,7,0.1667,51771.66,1232.66,1264.76,3680.17,77.98,0.84,84.29,5,19,18,0.119,23,19,0.5476,smart_tv,mobile_app,1.33
City,Vancouver | British Columbia,North America,Canada,CA,British Columbia,Vancouver,49.2373,-123.0913,40,30,10,0.25,0.75,0.42,10,0.25,51755.33,1293.88,1101.64,3580.65,70.16,0.83,91.8,3,13,24,0.075,17,21,0.425,mobile,mobile_app,1.38
City,Ottawa | Ontario,North America,Canada,CA,Ontario,Ottawa,43.5126,-79.4436,40,35,5,0.125,0.875,0.35,5,0.125,51331.28,1283.28,1266.83,3245.71,70.49,0.83,100.08,3,20,17,0.075,18,21,0.45,mobile,mobile_app,1.3
City,Wolverhampton | West Midlands,Europe,United Kingdom,GB,West Midlands,Wolverhampton,52.438,-1.9978,36,32,4,0.1111,0.8889,0.35,4,0.1111,50176.77,1393.8,1418.02,3379.87,76.15,0.85,100.36,1,24,11,0.0278,15,21,0.4167,smart_tv,web,1.28
City,Villeurbanne | Auvergne-Rhône-Alpes,Europe,France,FR,Auvergne-Rhône-Alpes,Villeurbanne,45.6326,5.1042,27,24,3,0.1111,0.8889,0.33,3,0.1111,49022.83,1815.66,1929.34,3353.16,68.23,0.85,114.0,2,17,8,0.0741,15,12,0.5556,mobile,web,1.37
City,Dunkerque | Hauts-de-France,Europe,France,FR,Hauts-de-France,Dunkerque,50.4298,2.9333,32,29,3,0.0938,0.9062,0.33,3,0.0938,48909.54,1528.42,1693.08,3477.56,76.57,0.84,97.31,4,14,14,0.125,14,18,0.4375,mobile,mobile_app,1.28
City,Stuttgart | Baden-Württemberg,Europe,Germany,DE,Baden-Württemberg,Stuttgart,48.6719,9.4111,34,31,3,0.0882,0.9118,0.32,3,0.0882,48884.93,1437.79,1272.38,3496.86,73.78,0.85,98.53,3,20,11,0.0882,18,15,0.5294,mobile,mobile_app,1.32
City,Pau | Nouvelle-Aquitaine,Europe,France,FR,Nouvelle-Aquitaine,Pau,46.1394,2.103,35,28,7,0.2,0.8,0.4,7,0.2,48480.1,1385.15,1278.77,3532.93,79.77,0.82,92.03,3,17,15,0.0857,21,13,0.6,smart_tv,mobile_app,1.4
City,Barnet | Greater London,Europe,United Kingdom,GB,Greater London,Barnet,51.4672,-0.0484,38,31,7,0.1842,0.8158,0.4,7,0.1842,48366.07,1272.79,1205.94,3470.04,69.82,0.84,93.13,2,20,16,0.0526,23,14,0.6053,mobile,smart_tv,1.42
City,Sherbrooke | Quebec,North America,Canada,CA,Quebec,Sherbrooke,45.3703,-73.3652,42,39,3,0.0714,0.9286,0.34,3,0.0714,48058.92,1144.26,775.8,3656.37,71.17,0.86,81.88,3,24,15,0.0714,20,22,0.4762,mobile,web,1.33
City,Campinas | São Paulo,South America,Brazil,BR,São Paulo,Campinas,-23.4624,-46.4081,38,37,1,0.0263,0.9737,0.3,1,0.0263,47035.56,1237.78,1280.06,3325.5,77.63,0.86,86.66,1,25,12,0.0263,17,20,0.4474,smart_tv,web,1.39
City,Marseille | Provence-Alpes-Côte d'Azur,Europe,France,FR,Provence-Alpes-Côte d'Azur,Marseille,46.293,2.1909,41,34,7,0.1707,0.8293,0.38,7,0.1707,46916.28,1144.3,1068.87,3529.9,70.95,0.88,79.1,4,18,19,0.0976,15,23,0.3659,mobile,web,1.22
City,Hanover | Lower Saxony,Europe,Germany,DE,Lower Saxony,Hanover,51.0689,10.4715,33,26,7,0.2121,0.7879,0.39,7,0.2121,46456.01,1407.76,1429.04,2949.46,72.92,0.85,98.67,0,22,11,0.0,20,12,0.6061,mobile,mobile_app,1.36
City,Hamburg | Hamburg,Europe,Germany,DE,Hamburg,Hamburg,53.7544,9.8658,29,23,6,0.2069,0.7931,0.38,6,0.2069,46190.39,1592.77,1412.15,3476.35,72.03,0.83,107.83,2,16,11,0.069,15,13,0.5172,smart_tv,web,1.45
City,Bergedorf | Hamburg,Europe,Germany,DE,Hamburg,Bergedorf,53.6896,10.1911,28,20,8,0.2857,0.7143,0.44,8,0.2857,45073.63,1609.77,1516.69,3677.15,72.3,0.84,115.43,3,14,11,0.1071,20,7,0.7143,smart_tv,mobile_app,1.29
City,Brampton | Ontario,North America,Canada,CA,Ontario,Brampton,43.4262,-79.3978,42,36,6,0.1429,0.8571,0.38,6,0.1429,42664.0,1015.81,871.28,3151.38,69.59,0.86,76.24,3,16,23,0.0714,18,23,0.4286,mobile,mobile_app,1.38
City,Lille | Hauts-de-France,Europe,France,FR,Hauts-de-France,Lille,50.4729,2.7913,34,30,4,0.1176,0.8824,0.35,4,0.1176,42521.69,1250.64,1024.55,3570.93,74.06,0.84,84.56,3,15,16,0.0882,18,16,0.5294,mobile,mobile_app,1.26
City,Salford | Greater Manchester,Europe,United Kingdom,GB,Greater Manchester,Salford,53.4925,-2.2717,35,30,5,0.1429,0.8571,0.36,5,0.1429,42511.07,1214.6,1180.92,3184.33,65.99,0.87,87.14,4,13,18,0.1143,17,18,0.4857,mobile,mobile_app,1.37
City,Karlsruhe | Baden-Württemberg,Europe,Germany,DE,Baden-Württemberg,Karlsruhe,48.6117,9.1438,25,18,7,0.28,0.72,0.43,7,0.28,42087.64,1683.51,1729.82,3282.07,73.23,0.84,110.6,1,13,11,0.04,13,11,0.52,smart_tv,web,1.44
City,Munich | Bavaria,Europe,Germany,DE,Bavaria,Munich,48.9303,11.4385,29,25,4,0.1379,0.8621,0.37,4,0.1379,41369.81,1426.55,1266.09,3128.62,78.92,0.83,91.0,1,16,12,0.0345,11,17,0.3793,smart_tv,web,1.45
City,Schöneberg | Berlin,Europe,Germany,DE,Berlin,Schöneberg,52.3597,13.4534,27,25,2,0.0741,0.9259,0.31,2,0.0741,40331.66,1493.77,1558.59,3378.79,70.84,0.87,112.11,4,15,8,0.1481,12,15,0.4444,smart_tv,mobile_app,1.26
City,Mannheim | Baden-Württemberg,Europe,Germany,DE,Baden-Württemberg,Mannheim,48.7263,9.2875,24,23,1,0.0417,0.9583,0.29,1,0.0417,39812.76,1658.86,1528.28,3486.91,74.91,0.86,113.29,4,14,6,0.1667,14,10,0.5833,smart_tv,mobile_app,1.42
City,Tonalá | Jalisco,North America,Mexico,MX,Jalisco,Tonalá,20.4381,-103.431,24,21,3,0.125,0.875,0.35,3,0.125,39809.24,1658.72,1603.57,2991.83,63.25,0.85,108.92,3,11,10,0.125,10,14,0.4167,smart_tv,web,1.25
City,Clermont-Ferrand | Auvergne-Rhône-Alpes,Europe,France,FR,Auvergne-Rhône-Alpes,Clermont-Ferrand,45.9108,4.9688,30,27,3,0.1,0.9,0.35,3,0.1,39405.16,1313.51,1190.73,3328.39,64.78,0.87,92.37,2,15,13,0.0667,11,18,0.3667,smart_tv,web,1.33
City,Coyoacán | Ciudad de México,North America,Mexico,MX,Ciudad de México,Coyoacán,19.5548,-99.3015,26,24,2,0.0769,0.9231,0.31,2,0.0769,38860.91,1494.65,1556.81,3191.56,70.92,0.84,106.54,5,11,10,0.1923,10,16,0.3846,mobile,mobile_app,1.23
City,Belo Horizonte | Minas Gerais,South America,Brazil,BR,Minas Gerais,Belo Horizonte,-19.9262,-43.8832,35,24,11,0.3143,0.6857,0.48,11,0.3143,38719.83,1106.28,902.54,3372.69,67.55,0.85,78.37,0,15,20,0.0,15,18,0.4286,smart_tv,web,1.2
City,Braunschweig | Lower Saxony,Europe,Germany,DE,Lower Saxony,Braunschweig,51.1466,10.1282,30,27,3,0.1,0.9,0.36,3,0.1,38550.04,1285.0,1251.85,3486.73,53.93,0.85,95.33,1,16,13,0.0333,13,16,0.4333,smart_tv,mobile_app,1.27
City,Charlottenburg | Berlin,Europe,Germany,DE,Berlin,Charlottenburg,52.7055,13.4342,22,17,5,0.2273,0.7727,0.38,5,0.2273,38168.44,1734.93,1754.18,2967.76,77.08,0.84,132.09,1,15,6,0.0455,12,10,0.5455,mobile,mobile_app,1.32
City,San Nicolás | Nuevo León,North America,Mexico,MX,Nuevo León,San Nicolás,25.6236,-100.2653,25,23,2,0.08,0.92,0.33,2,0.08,37931.97,1517.28,1645.61,3406.59,76.43,0.84,96.32,1,16,8,0.04,13,10,0.52,smart_tv,web,1.32
City,Monterrey | Nuevo León,North America,Mexico,MX,Nuevo León,Monterrey,25.66,-100.03,26,22,4,0.1538,0.8462,0.37,4,0.1538,37761.65,1452.37,1434.22,2761.68,71.23,0.85,107.38,1,16,9,0.0385,10,16,0.3846,desktop,web,1.35
City,Ribeirão Preto | São Paulo,South America,Brazil,BR,São Paulo,Ribeirão Preto,-23.4948,-46.7226,29,27,2,0.069,0.931,0.32,2,0.069,37136.81,1280.58,1265.58,3007.32,73.77,0.85,94.07,3,18,8,0.1034,9,17,0.3103,smart_tv,web,1.38
City,Ciudad de México | Ciudad de México,North America,Mexico,MX,Ciudad de México,Ciudad de México,19.4568,-98.9884,23,18,5,0.2174,0.7826,0.42,5,0.2174,36568.47,1589.93,1697.61,3642.66,67.58,0.84,104.39,1,13,9,0.0435,15,6,0.6522,mobile,mobile_app,1.39
City,Nezahualcóyotl | Estado de México,North America,Mexico,MX,Estado de México,Nezahualcóyotl,23.4943,-102.8592,21,18,3,0.1429,0.8571,0.35,3,0.1429,36397.19,1733.2,1557.38,3269.95,74.05,0.88,116.1,1,16,4,0.0476,7,13,0.3333,mobile,mobile_app,1.33
City,Würzburg | Bavaria,Europe,Germany,DE,Bavaria,Würzburg,48.9399,11.3267,24,20,4,0.1667,0.8333,0.37,4,0.1667,35445.91,1476.91,1609.87,2895.93,66.92,0.83,104.54,2,14,8,0.0833,14,9,0.5833,mobile,web,1.21
City,Naucalpan | Estado de México,North America,Mexico,MX,Estado de México,Naucalpan,23.4516,-102.7319,20,17,3,0.15,0.85,0.35,3,0.15,35363.31,1768.17,1566.61,3240.04,63.94,0.84,115.6,0,13,7,0.0,11,7,0.55,desktop,mobile_app,1.3
City,Limoges | Nouvelle-Aquitaine,Europe,France,FR,Nouvelle-Aquitaine,Limoges,46.4355,2.2074,33,29,4,0.1212,0.8788,0.36,4,0.1212,34493.35,1045.25,773.27,3025.15,69.8,0.85,68.58,1,18,14,0.0303,19,13,0.5758,smart_tv,web,1.15
City,Nuremberg | Bavaria,Europe,Germany,DE,Bavaria,Nuremberg,48.9742,11.5399,23,21,2,0.087,0.913,0.32,2,0.087,34451.32,1497.88,1725.41,3709.65,74.14,0.88,104.48,3,13,7,0.1304,11,11,0.4783,mobile,mobile_app,1.22
City,Harburg | Hamburg,Europe,Germany,DE,Hamburg,Harburg,53.8923,9.822,27,23,4,0.1481,0.8519,0.36,4,0.1481,33801.62,1251.91,1226.67,3077.4,65.0,0.85,87.93,2,14,11,0.0741,12,15,0.4444,smart_tv,mobile_app,1.44
City,Iztapalapa | Ciudad de México,North America,Mexico,MX,Ciudad de México,Iztapalapa,19.3384,-99.3104,21,17,4,0.1905,0.8095,0.37,4,0.1905,33291.16,1585.29,1525.96,3554.98,77.9,0.86,105.05,1,13,7,0.0476,10,11,0.4762,smart_tv,web,1.38
City,Freiburg | Baden-Württemberg,Europe,Germany,DE,Baden-Württemberg,Freiburg,48.9573,9.264,31,23,8,0.2581,0.7419,0.44,8,0.2581,32494.75,1048.22,1106.63,2307.19,75.09,0.81,76.45,0,12,19,0.0,12,18,0.3871,mobile,mobile_app,1.23
City,Ecatepec | Estado de México,North America,Mexico,MX,Estado de México,Ecatepec,23.5873,-102.4605,21,19,2,0.0952,0.9048,0.33,2,0.0952,31773.86,1513.04,1167.01,3421.03,77.5,0.87,98.1,0,13,8,0.0,13,8,0.619,mobile,web,1.29
City,Amiens | Hauts-de-France,Europe,France,FR,Hauts-de-France,Amiens,50.7697,3.0673,29,22,7,0.2414,0.7586,0.42,7,0.2414,31545.42,1087.77,833.63,3669.72,74.18,0.85,76.55,2,10,17,0.069,15,14,0.5172,mobile,web,1.21
City,Düsseldorf | North Rhine-Westphalia,Europe,Germany,DE,North Rhine-Westphalia,Düsseldorf,51.4061,7.453,26,20,6,0.2308,0.7692,0.43,6,0.2308,31493.46,1211.29,987.92,2978.68,68.52,0.81,90.38,1,8,17,0.0385,12,12,0.4615,mobile,web,1.31
City,Toluca | Estado de México,North America,Mexico,MX,Estado de México,Toluca,23.7571,-102.827,24,19,5,0.2083,0.7917,0.38,5,0.2083,31446.66,1310.28,1349.94,3497.29,75.99,0.86,96.38,2,13,9,0.0833,13,9,0.5417,mobile,web,1.33
City,Kreuzberg | Berlin,Europe,Germany,DE,Berlin,Kreuzberg,52.923,13.4977,21,18,3,0.1429,0.8571,0.36,3,0.1429,30863.91,1469.71,1314.82,3223.05,76.37,0.85,105.14,3,11,7,0.1429,10,11,0.4762,smart_tv,web,1.14
City,Berlin | Berlin,Europe,Germany,DE,Berlin,Berlin,52.5384,13.3782,27,23,4,0.1481,0.8519,0.36,4,0.1481,30437.87,1127.33,903.24,3659.31,80.96,0.87,78.11,3,15,9,0.1111,14,13,0.5185,mobile,web,1.44
City,San Pedro | Nuevo León,North America,Mexico,MX,Nuevo León,San Pedro,25.721,-100.1444,22,19,3,0.1364,0.8636,0.38,3,0.1364,30185.05,1372.05,1288.49,2666.82,69.09,0.87,93.18,1,13,8,0.0455,14,6,0.6364,smart_tv,mobile_app,1.5
City,Neukölln | Berlin,Europe,Germany,DE,Berlin,Neukölln,52.536,13.6147,26,23,3,0.1154,0.8846,0.35,3,0.1154,28631.36,1101.21,1002.69,2344.15,69.34,0.82,85.62,0,15,11,0.0,11,14,0.4231,mobile,mobile_app,1.35
City,Dortmund | North Rhine-Westphalia,Europe,Germany,DE,North Rhine-Westphalia,Dortmund,51.0772,7.546,20,16,4,0.2,0.8,0.39,4,0.2,28617.65,1430.88,1446.31,3326.31,77.24,0.83,96.45,0,12,8,0.0,13,7,0.65,mobile,web,1.45
City,Regensburg | Bavaria,Europe,Germany,DE,Bavaria,Regensburg,48.85,11.4633,21,17,4,0.1905,0.8095,0.4,4,0.1905,27870.53,1327.17,1359.44,3264.41,70.25,0.85,93.9,2,9,10,0.0952,12,9,0.5714,smart_tv,mobile_app,1.24
City,Zapopan | Jalisco,North America,Mexico,MX,Jalisco,Zapopan,20.3677,-103.3814,14,11,3,0.2143,0.7857,0.39,3,0.2143,26953.77,1925.27,2107.02,3328.9,63.36,0.88,137.5,2,8,4,0.1429,8,5,0.5714,mobile,mobile_app,1.29
City,Apodaca | Nuevo León,North America,Mexico,MX,Nuevo León,Apodaca,25.6624,-100.5692,19,16,3,0.1579,0.8421,0.4,3,0.1579,26228.1,1380.43,1300.44,2836.63,77.47,0.85,88.68,0,11,8,0.0,9,9,0.4737,mobile,mobile_app,1.11
City,Duisburg | North Rhine-Westphalia,Europe,Germany,DE,North Rhine-Westphalia,Duisburg,51.3265,8.1577,20,20,0,0.0,1.0,0.28,0,0.0,25875.33,1293.77,1389.52,3513.21,87.44,0.85,98.95,2,14,4,0.1,10,10,0.5,mobile,smart_tv,1.2
City,Xochimilco | Ciudad de México,North America,Mexico,MX,Ciudad de México,Xochimilco,19.3791,-99.431,20,16,4,0.2,0.8,0.4,4,0.2,25383.81,1269.19,1347.94,2687.22,63.69,0.85,88.5,0,11,9,0.0,13,7,0.65,smart_tv,mobile_app,1.35
City,Puerto Vallarta | Jalisco,North America,Mexico,MX,Jalisco,Puerto Vallarta,20.3618,-103.3355,15,13,2,0.1333,0.8667,0.36,2,0.1333,25303.19,1686.88,1891.48,3714.17,63.26,0.87,103.87,3,6,6,0.2,9,6,0.6,mobile,mobile_app,1.47
City,Bochum | North Rhine-Westphalia,Europe,Germany,DE,North Rhine-Westphalia,Bochum,51.6359,7.5054,19,16,3,0.1579,0.8421,0.4,3,0.1579,24865.88,1308.73,1378.95,2732.04,78.07,0.83,88.53,1,10,8,0.0526,9,9,0.4737,mobile,mobile_app,1.16
City,Guadalupe | Nuevo León,North America,Mexico,MX,Nuevo León,Guadalupe,25.5315,-100.2453,20,18,2,0.1,0.9,0.35,2,0.1,24028.16,1201.41,1102.68,3206.27,68.36,0.86,78.85,2,9,9,0.1,7,13,0.35,smart_tv,web,1.4
City,Augsburg | Bavaria,Europe,Germany,DE,Bavaria,Augsburg,48.7023,11.5171,22,22,0,0.0,1.0,0.31,0,0.0,23505.93,1068.45,757.53,3004.83,71.78,0.82,73.73,1,10,11,0.0455,13,9,0.5909,mobile,mobile_app,1.23
City,Cologne | North Rhine-Westphalia,Europe,Germany,DE,North Rhine-Westphalia,Cologne,51.1714,7.5965,19,15,4,0.2105,0.7895,0.41,4,0.2105,23094.04,1215.48,1015.63,3185.84,85.91,0.83,81.58,0,10,9,0.0,7,12,0.3684,mobile,web,1.16
City,Tlaquepaque | Jalisco,North America,Mexico,MX,Jalisco,Tlaquepaque,20.673,-103.0851,16,15,1,0.0625,0.9375,0.32,1,0.0625,22672.33,1417.02,1248.72,3445.27,53.58,0.86,94.31,2,7,7,0.125,8,7,0.5,mobile,mobile_app,1.31
City,Essen | North Rhine-Westphalia,Europe,Germany,DE,North Rhine-Westphalia,Essen,51.8332,7.6983,18,14,4,0.2222,0.7778,0.42,4,0.2222,21770.78,1209.49,1028.76,3263.23,71.93,0.85,84.06,1,8,9,0.0556,11,7,0.6111,smart_tv,mobile_app,1.22
City,Guadalajara | Jalisco,North America,Mexico,MX,Jalisco,Guadalajara,20.6415,-103.2318,15,12,3,0.2,0.8,0.39,3,0.2,18566.29,1237.75,1264.97,3120.03,75.09,0.86,88.33,0,11,4,0.0,6,9,0.4,mobile,smart_tv,1.47
City,Tlalpan | Ciudad de México,North America,Mexico,MX,Ciudad de México,Tlalpan,19.4457,-99.5519,18,15,3,0.1667,0.8333,0.4,3,0.1667,18382.32,1021.24,1159.18,3700.5,64.29,0.85,74.06,0,9,9,0.0,13,5,0.7222,mobile,smart_tv,1.44
City,Heidelberg | Baden-Württemberg,Europe,Germany,DE,Baden-Württemberg,Heidelberg,48.4052,9.3686,15,12,3,0.2,0.8,0.41,3,0.2,17608.73,1173.92,997.68,3123.49,74.59,0.82,81.07,0,5,10,0.0,5,10,0.3333,mobile,smart_tv,1.53
City,Tlalnepantla | Estado de México,North America,Mexico,MX,Estado de México,Tlalnepantla,23.3864,-102.2417,13,11,2,0.1538,0.8462,0.39,2,0.1538,15347.02,1180.54,888.84,2891.68,68.36,0.86,80.0,0,7,6,0.0,6,7,0.4615,mobile,web,1.46
Continent,North America,North America,,,,,39.9976,-98.7089,12500,10620,1880,0.1504,0.8496,0.37,1880,0.1504,17640255.34,1411.22,1360.96,3902.19,73.4,0.85,97.87,956,6687,4857,0.0765,6108,6040,0.4886,mobile,mobile_app,1.31
Continent,Europe,Europe,,,,,50.0624,2.2919,6750,5766,984,0.1458,0.8542,0.36,984,0.1458,9494781.47,1406.63,1350.92,3882.9,73.77,0.85,97.48,524,3594,2632,0.0776,3337,3221,0.4944,mobile,web,1.32
Continent,South America,South America,,,,,-15.9055,-50.3771,3500,2969,531,0.1517,0.8483,0.37,531,0.1517,5030358.1,1437.25,1417.69,3835.72,73.92,0.85,100.24,261,1926,1313,0.0746,1693,1715,0.4837,smart_tv,web,1.33
Continent,Oceania,Oceania,,,,,-28.0833,139.7793,2250,1924,326,0.1449,0.8551,0.36,326,0.1449,3188559.9,1417.14,1382.78,3877.87,73.48,0.85,98.63,168,1217,865,0.0747,1134,1043,0.504,smart_tv,web,1.32
Country,United States,North America,United States,US,,,38.7324,-97.3127,8750,7467,1283,0.1466,0.8534,0.36,1283,0.1466,12298770.92,1405.57,1357.94,3902.19,73.61,0.85,97.48,673,4708,3369,0.0769,4300,4203,0.4914,mobile,mobile_app,1.31
Country,Brazil,South America,Brazil,BR,,,-15.9055,-50.3771,3500,2969,531,0.1517,0.8483,0.37,531,0.1517,5030358.1,1437.25,1417.69,3835.72,73.92,0.85,100.24,261,1926,1313,0.0746,1693,1715,0.4837,smart_tv,web,1.33
Country,United Kingdom,Europe,United Kingdom,GB,,,52.3947,-1.2315,3000,2569,431,0.1437,0.8563,0.36,431,0.1437,4185592.5,1395.2,1334.7,3882.9,74.06,0.85,97.17,216,1607,1177,0.072,1467,1436,0.489,mobile,web,1.32
Country,France,Europe,France,FR,,,46.7305,2.4684,2500,2137,363,0.1452,0.8548,0.36,363,0.1452,3573432.15,1429.37,1384.54,3839.37,73.47,0.85,98.45,217,1317,966,0.0868,1230,1201,0.492,smart_tv,web,1.31
Country,Canada,North America,Canada,CA,,,52.8074,-101.8831,2500,2098,402,0.1608,0.8392,0.37,402,0.1608,3491346.14,1396.54,1329.08,3897.33,72.65,0.85,97.74,182,1308,1010,0.0728,1195,1236,0.478,smart_tv,web,1.3
Country,Australia,Oceania,Australia,AU,,,-28.0833,139.7793,2250,1924,326,0.1449,0.8551,0.36,326,0.1449,3188559.9,1417.14,1382.78,3877.87,73.48,0.85,98.63,168,1217,865,0.0747,1134,1043,0.504,smart_tv,web,1.32
Country,Mexico,North America,Mexico,MX,,,23.2343,-102.1335,1250,1055,195,0.156,0.844,0.37,195,0.156,1850138.28,1480.11,1427.66,3843.07,73.44,0.85,100.79,101,671,478,0.0808,613,601,0.4904,mobile,web,1.33
Country,Germany,Europe,Germany,DE,,,51.1285,10.3951,1250,1060,190,0.152,0.848,0.37,190,0.152,1735756.82,1388.61,1333.57,3709.65,73.69,0.85,96.31,91,670,489,0.0728,640,584,0.512,mobile,mobile_app,1.31
State,Saskatchewan,North America,Canada,CA,Saskatchewan,,56.1527,-106.3312,535,446,89,0.1664,0.8336,0.38,89,0.1664,709863.08,1326.85,1261.88,3747.69,73.16,0.85,93.05,34,285,216,0.0636,252,264,0.471,mobile,web,1.3
State,Northern Territory,Oceania,Australia,AU,Northern Territory,,-25.2541,133.711,408,357,51,0.125,0.875,0.35,51,0.125,588569.45,1442.57,1366.76,3834.7,72.61,0.85,98.21,33,226,149,0.0809,194,198,0.4755,mobile,mobile_app,1.35
State,Leicestershire,Europe,United Kingdom,GB,Leicestershire,,52.3993,-1.2119,411,350,61,0.1484,0.8516,0.36,61,0.1484,576052.14,1401.59,1308.32,3882.9,76.65,0.85,97.62,34,221,156,0.0827,186,212,0.4526,mobile,web,1.33
State,Nottinghamshire,Europe,United Kingdom,GB,Nottinghamshire,,52.4067,-1.2044,417,363,54,0.1295,0.8705,0.36,54,0.1295,565550.92,1356.24,1285.36,3790.84,73.49,0.84,95.64,31,211,175,0.0743,188,215,0.4508,smart_tv,web,1.32
State,Ceará,South America,Brazil,BR,Ceará,,-14.2281,-51.9633,391,331,60,0.1535,0.8465,0.37,60,0.1535,551720.76,1411.05,1378.75,3626.72,74.64,0.84,99.53,18,227,146,0.046,185,191,0.4731,mobile,web,1.34
State,South Yorkshire,Europe,United Kingdom,GB,South Yorkshire,,52.3666,-1.1078,397,327,70,0.1763,0.8237,0.38,70,0.1763,550303.11,1386.15,1335.04,3706.89,74.15,0.85,96.79,33,189,175,0.0831,207,169,0.5214,mobile,web,1.37
State,California,North America,United States,US,California,,36.7768,-119.4139,382,328,54,0.1414,0.8586,0.36,54,0.1414,549592.07,1438.72,1430.65,3701.35,71.61,0.86,100.52,36,208,138,0.0942,170,198,0.445,mobile,mobile_app,1.31
State,Alabama,North America,United States,US,Alabama,,39.4738,-98.3454,394,328,66,0.1675,0.8325,0.38,66,0.1675,549153.71,1393.79,1354.52,3735.0,74.93,0.85,97.32,28,204,162,0.0711,185,194,0.4695,mobile,mobile_app,1.36
State,Texas,North America,United States,US,Texas,,31.9958,-99.9129,366,316,50,0.1366,0.8634,0.36,50,0.1366,546344.32,1492.74,1473.45,3739.86,73.04,0.84,102.27,29,201,136,0.0792,165,195,0.4508,mobile,web,1.34
State,Indiana,North America,United States,US,Indiana,,39.4969,-98.3959,373,324,49,0.1314,0.8686,0.35,49,0.1314,543403.62,1456.85,1412.92,3597.97,72.47,0.86,100.19,31,208,134,0.0831,177,182,0.4745,mobile,web,1.3
State,Amazonas,South America,Brazil,BR,Amazonas,,-14.2908,-51.9227,357,311,46,0.1289,0.8711,0.35,46,0.1289,539163.05,1510.26,1438.8,3812.11,78.35,0.85,105.14,30,208,119,0.084,175,177,0.4902,mobile,web,1.31
State,Pennsylvania,North America,United States,US,Pennsylvania,,39.506,-98.3784,367,305,62,0.1689,0.8311,0.38,62,0.1689,537388.35,1464.27,1474.0,3810.39,71.85,0.85,98.82,30,190,147,0.0817,179,180,0.4877,smart_tv,web,1.29
State,Arizona,North America,United States,US,Arizona,,39.5435,-98.3912,392,332,60,0.1531,0.8469,0.37,60,0.1531,536174.76,1367.79,1318.24,3748.54,75.94,0.85,93.96,23,208,161,0.0587,191,191,0.4872,smart_tv,web,1.32
State,New Jersey,North America,United States,US,New Jersey,,39.5141,-98.338,366,311,55,0.1503,0.8497,0.36,55,0.1503,534303.29,1459.85,1447.34,3812.62,71.48,0.85,99.64,24,212,130,0.0656,177,180,0.4836,smart_tv,web,1.28
State,Minnesota,North America,United States,US,Minnesota,,39.5129,-98.3252,363,309,54,0.1488,0.8512,0.36,54,0.1488,533315.71,1469.19,1409.86,3756.83,72.93,0.85,101.64,30,196,137,0.0826,180,172,0.4959,mobile,mobile_app,1.31
State,Hampshire,Europe,United Kingdom,GB,Hampshire,,52.3608,-1.2017,376,327,49,0.1303,0.8697,0.35,49,0.1303,533262.39,1418.25,1341.22,3679.52,72.43,0.85,95.72,30,200,146,0.0798,194,165,0.516,mobile,web,1.29
State,Missouri,North America,United States,US,Missouri,,39.4407,-98.2962,372,309,63,0.1694,0.8306,0.37,63,0.1694,528534.12,1420.79,1395.96,3902.19,72.23,0.85,97.33,22,201,149,0.0591,179,182,0.4812,smart_tv,mobile_app,1.28
State,Goiás,South America,Brazil,BR,Goiás,,-14.2112,-51.8473,370,319,51,0.1378,0.8622,0.35,51,0.1378,526290.99,1422.41,1473.74,3797.17,68.76,0.85,102.04,35,196,139,0.0946,166,192,0.4486,mobile,mobile_app,1.35
State,Pará,South America,Brazil,BR,Pará,,-14.2283,-51.9857,372,307,65,0.1747,0.8253,0.38,65,0.1747,525703.77,1413.18,1437.41,3781.12,74.02,0.84,98.67,23,206,143,0.0618,176,190,0.4731,smart_tv,web,1.29
State,Maryland,North America,United States,US,Maryland,,39.5029,-98.406,382,313,69,0.1806,0.8194,0.38,69,0.1806,520621.63,1362.88,1318.29,3582.1,77.83,0.85,94.54,34,192,156,0.089,190,186,0.4974,smart_tv,web,1.31
State,Washington,North America,United States,US,Washington,,39.4366,-98.3343,389,325,64,0.1645,0.8355,0.37,64,0.1645,518294.03,1332.38,1253.39,3797.12,74.47,0.85,94.22,38,193,158,0.0977,188,190,0.4833,smart_tv,mobile_app,1.28
State,Massachusetts,North America,United States,US,Massachusetts,,39.4721,-98.3248,352,315,37,0.1051,0.8949,0.34,37,0.1051,516617.61,1467.66,1403.26,3715.73,74.05,0.85,103.46,27,213,112,0.0767,169,165,0.4801,mobile,mobile_app,1.3
State,Colorado,North America,United States,US,Colorado,,39.5324,-98.3599,364,301,63,0.1731,0.8269,0.38,63,0.1731,515500.1,1416.21,1404.31,3649.99,74.11,0.84,98.1,28,189,147,0.0769,192,161,0.5275,mobile,mobile_app,1.31
State,Florida,North America,United States,US,Florida,,28.0079,-81.7404,363,316,47,0.1295,0.8705,0.35,47,0.1295,512707.46,1412.42,1340.59,3805.37,73.31,0.85,97.2,34,189,140,0.0937,184,168,0.5069,mobile,mobile_app,1.34
State,Pernambuco,South America,Brazil,BR,Pernambuco,,-14.2418,-51.9116,343,296,47,0.137,0.863,0.36,47,0.137,509010.05,1483.99,1488.67,3771.55,74.6,0.85,100.71,33,188,122,0.0962,167,166,0.4869,smart_tv,web,1.35
State,Michigan,North America,United States,US,Michigan,,39.4777,-98.3678,351,291,60,0.1709,0.8291,0.38,60,0.1709,507676.45,1446.37,1368.49,3851.83,74.78,0.85,99.48,26,176,149,0.0741,169,168,0.4815,mobile,mobile_app,1.33
State,Tennessee,North America,United States,US,Tennessee,,39.445,-98.3582,356,310,46,0.1292,0.8708,0.36,46,0.1292,505219.45,1419.16,1414.62,3887.19,74.03,0.84,100.47,22,202,132,0.0618,187,158,0.5253,mobile,web,1.27
State,Illinois,North America,United States,US,Illinois,,40.392,-88.9505,357,314,43,0.1204,0.8796,0.35,43,0.1204,502870.16,1408.6,1384.21,3776.96,73.91,0.86,96.79,27,210,120,0.0756,183,165,0.5126,mobile,mobile_app,1.3
State,City of Bristol,Europe,United Kingdom,GB,City of Bristol,,52.3568,-1.1662,376,326,50,0.133,0.867,0.36,50,0.133,498078.44,1324.68,1216.36,3693.62,76.48,0.85,93.49,23,214,139,0.0612,189,179,0.5027,mobile,web,1.32
State,North Carolina,North America,United States,US,North Carolina,,39.4925,-98.3288,344,299,45,0.1308,0.8692,0.36,45,0.1308,495773.59,1441.2,1435.78,3599.98,74.04,0.84,97.87,30,178,136,0.0872,148,185,0.4302,smart_tv,mobile_app,1.29
State,Wisconsin,North America,United States,US,Wisconsin,,39.5117,-98.2894,349,300,49,0.1404,0.8596,0.36,49,0.1404,480324.69,1376.29,1359.06,3786.57,72.84,0.84,95.52,21,188,140,0.0602,170,170,0.4871,smart_tv,mobile_app,1.33
State,Georgia,North America,United States,US,Georgia,,39.5515,-98.2838,345,295,50,0.1449,0.8551,0.36,50,0.1449,479780.2,1390.67,1308.92,3606.46,72.55,0.85,98.34,33,176,136,0.0957,181,153,0.5246,smart_tv,mobile_app,1.37
State,New York,North America,United States,US,New York,,42.1332,-74.9393,354,302,52,0.1469,0.8531,0.36,52,0.1469,477761.45,1349.61,1284.29,3856.52,72.13,0.86,94.83,31,185,138,0.0876,177,169,0.5,mobile,mobile_app,1.27
State,Ohio,North America,United States,US,Ohio,,39.554,-98.3633,362,314,48,0.1326,0.8674,0.36,48,0.1326,475841.13,1314.48,1289.32,3666.6,73.36,0.85,92.77,18,204,140,0.0497,202,154,0.558,mobile,web,1.32
State,South Carolina,North America,United States,US,South Carolina,,39.5081,-98.3476,359,308,51,0.1421,0.8579,0.37,51,0.1421,466477.82,1299.38,1275.22,3542.91,75.2,0.86,92.62,28,191,140,0.078,178,172,0.4958,mobile,web,1.29
State,Virginia,North America,United States,US,Virginia,,39.5076,-98.3431,348,302,46,0.1322,0.8678,0.36,46,0.1322,465095.2,1336.48,1303.14,3897.41,73.23,0.85,92.04,23,194,131,0.0661,179,165,0.5144,mobile,web,1.3
State,British Columbia,North America,Canada,CA,British Columbia,,49.3058,-123.1603,304,258,46,0.1513,0.8487,0.36,46,0.1513,463990.96,1526.29,1529.2,3832.69,72.84,0.84,105.25,29,165,110,0.0954,143,151,0.4704,smart_tv,web,1.29
State,Queensland,Oceania,Australia,AU,Queensland,,-27.4288,153.0498,292,255,37,0.1267,0.8733,0.35,37,0.1267,444156.6,1521.08,1534.86,3514.26,74.29,0.85,105.38,23,175,94,0.0788,157,126,0.5377,smart_tv,web,1.31
State,Grand Est,Europe,France,FR,Grand Est,,46.2282,2.2034,315,274,41,0.1302,0.8698,0.36,41,0.1302,438870.02,1393.24,1357.28,3700.82,74.01,0.85,99.3,22,177,116,0.0698,153,153,0.4857,smart_tv,web,1.31
State,Manitoba,North America,Canada,CA,Manitoba,,56.1479,-106.4079,293,242,51,0.1741,0.8259,0.38,51,0.1741,437824.88,1494.28,1553.53,3712.53,72.15,0.85,104.77,19,163,111,0.0648,152,131,0.5188,mobile,web,1.33
State,Western Australia,Oceania,Australia,AU,Western Australia,,-25.1251,133.8093,294,244,50,0.1701,0.8299,0.37,50,0.1701,423316.08,1439.85,1397.6,3877.87,76.46,0.85,99.95,27,162,105,0.0918,156,133,0.5306,mobile,web,1.32
State,Nova Scotia,North America,Canada,CA,Nova Scotia,,55.7462,-94.0821,295,252,43,0.1458,0.8542,0.37,43,0.1458,407796.61,1382.36,1252.07,3733.48,74.33,0.85,95.61,20,156,119,0.0678,143,143,0.4847,smart_tv,mobile_app,1.26
State,Quebec,North America,Canada,CA,Quebec,,45.4386,-73.5329,279,229,50,0.1792,0.8208,0.38,50,0.1792,389914.43,1397.54,1268.7,3897.33,72.14,0.86,97.43,22,148,109,0.0789,125,151,0.448,smart_tv,web,1.29
State,Victoria,Oceania,Australia,AU,Victoria,,-37.8386,144.8853,264,222,42,0.1591,0.8409,0.37,42,0.1591,382691.46,1449.59,1322.36,3829.91,76.0,0.85,101.71,25,138,101,0.0947,126,123,0.4773,smart_tv,mobile_app,1.31
State,New South Wales,Oceania,Australia,AU,New South Wales,,-33.824,151.2087,284,237,47,0.1655,0.8345,0.38,47,0.1655,382285.54,1346.08,1336.0,3638.4,70.52,0.85,94.08,18,138,128,0.0634,139,139,0.4894,mobile,mobile_app,1.34
State,Rio de Janeiro,South America,Brazil,BR,Rio de Janeiro,,-23.0012,-43.1787,265,223,42,0.1585,0.8415,0.37,42,0.1585,375948.43,1418.67,1379.88,3792.68,73.56,0.84,99.41,20,137,108,0.0755,139,118,0.5245,mobile,mobile_app,1.36
State,Prince Edward Island,North America,Canada,CA,Prince Edward Island,,56.1052,-106.2932,265,218,47,0.1774,0.8226,0.38,47,0.1774,364242.79,1374.5,1334.37,3651.63,72.58,0.84,96.91,18,128,119,0.0679,129,134,0.4868,smart_tv,mobile_app,1.29
State,Chihuahua,North America,Mexico,MX,Chihuahua,,23.6331,-102.5349,231,193,38,0.1645,0.8355,0.36,38,0.1645,364046.64,1575.96,1598.52,3843.07,79.03,0.86,105.69,25,122,84,0.1082,103,123,0.4459,mobile,web,1.32
State,Paraná,South America,Brazil,BR,Paraná,,-14.2856,-51.9489,258,220,38,0.1473,0.8527,0.37,38,0.1473,363810.47,1410.12,1384.04,3835.72,71.2,0.85,97.67,16,139,103,0.062,117,138,0.4535,smart_tv,web,1.33
State,Alberta,North America,Canada,CA,Alberta,,56.1187,-106.2421,266,228,38,0.1429,0.8571,0.37,38,0.1429,362306.13,1362.05,1244.66,3699.41,73.34,0.85,96.3,20,130,116,0.0752,134,125,0.5038,smart_tv,web,1.33
State,Ontario,North America,Canada,CA,Ontario,,43.688,-79.4104,263,225,38,0.1445,0.8555,0.36,38,0.1445,355407.26,1351.36,1229.06,3797.4,70.02,0.85,95.75,20,133,110,0.076,117,137,0.4449,mobile,mobile_app,1.32
State,Provence-Alpes-Côte d'Azur,Europe,France,FR,Provence-Alpes-Côte d'Azur,,46.2707,2.2208,248,207,41,0.1653,0.8347,0.37,41,0.1653,354461.77,1429.28,1285.98,3746.36,74.18,0.86,96.99,18,135,95,0.0726,120,122,0.4839,smart_tv,mobile_app,1.28
State,Tasmania,Oceania,Australia,AU,Tasmania,,-25.264,133.7537,275,236,39,0.1418,0.8582,0.38,39,0.1418,353637.12,1285.95,1254.58,3723.4,70.69,0.84,90.24,15,133,127,0.0545,149,120,0.5418,smart_tv,web,1.3
State,São Paulo,South America,Brazil,BR,São Paulo,,-23.4831,-46.6618,232,189,43,0.1853,0.8147,0.39,43,0.1853,348042.91,1500.18,1534.0,3626.97,74.44,0.86,103.63,18,126,88,0.0776,114,112,0.4914,smart_tv,web,1.31
State,Rio Grande do Sul,South America,Brazil,BR,Rio Grande do Sul,,-14.2167,-51.9714,236,205,31,0.1314,0.8686,0.36,31,0.1314,333311.74,1412.34,1406.88,3692.41,72.72,0.85,99.11,18,133,85,0.0763,130,99,0.5508,smart_tv,web,1.33
State,Minas Gerais,South America,Brazil,BR,Minas Gerais,,-20.0466,-43.9403,236,191,45,0.1907,0.8093,0.38,45,0.1907,333074.88,1411.33,1295.24,3762.82,75.69,0.85,96.67,15,124,97,0.0636,112,117,0.4746,smart_tv,mobile_app,1.3
State,Bretagne,Europe,France,FR,Bretagne,,46.1854,2.2617,214,184,30,0.1402,0.8598,0.36,30,0.1402,332238.88,1552.52,1641.1,3804.18,77.96,0.83,104.29,19,115,80,0.0888,113,98,0.528,smart_tv,web,1.36
State,Île-de-France,Europe,France,FR,Île-de-France,,48.7009,2.3203,216,182,34,0.1574,0.8426,0.36,34,0.1574,329946.87,1527.53,1519.27,3623.46,74.29,0.84,105.5,18,121,77,0.0833,114,97,0.5278,smart_tv,mobile_app,1.31
State,South Australia,Oceania,Australia,AU,South Australia,,-25.2889,133.7553,232,192,40,0.1724,0.8276,0.38,40,0.1724,326956.14,1409.29,1378.7,3759.34,72.29,0.85,98.75,10,135,87,0.0431,119,104,0.5129,smart_tv,web,1.27
State,Pays de la Loire,Europe,France,FR,Pays de la Loire,,46.2114,2.128,220,184,36,0.1636,0.8364,0.36,36,0.1636,325589.91,1479.95,1424.7,3641.31,72.98,0.84,103.99,23,116,81,0.1045,107,106,0.4864,smart_tv,web,1.35
State,Santa Catarina,South America,Brazil,BR,Santa Catarina,,-14.2926,-51.8978,225,189,36,0.16,0.84,0.37,36,0.16,315072.72,1400.32,1297.85,3680.17,76.56,0.84,95.68,16,122,87,0.0711,107,113,0.4756,smart_tv,mobile_app,1.32
State,Bahia,South America,Brazil,BR,Bahia,,-14.1269,-51.8845,215,188,27,0.1256,0.8744,0.35,27,0.1256,309208.33,1438.18,1450.61,3597.0,72.61,0.85,102.57,19,120,76,0.0884,105,102,0.4884,mobile,web,1.31
State,Greater London,Europe,United Kingdom,GB,Greater London,,51.4947,-0.129,210,182,28,0.1333,0.8667,0.35,28,0.1333,305038.05,1452.56,1517.64,3555.72,73.5,0.84,102.18,15,119,76,0.0714,105,98,0.5,mobile,web,1.32
State,Australian Capital Territory,Oceania,Australia,AU,Australian Capital Territory,,-25.2623,133.8923,201,181,20,0.0995,0.9005,0.33,20,0.0995,286947.51,1427.6,1383.15,3517.56,75.77,0.84,101.42,17,110,74,0.0846,94,100,0.4677,smart_tv,mobile_app,1.29
State,West Midlands,Europe,United Kingdom,GB,West Midlands,,52.3878,-1.9549,192,163,29,0.151,0.849,0.37,29,0.151,282017.53,1468.84,1423.9,3765.95,70.92,0.85,100.33,11,108,73,0.0573,85,101,0.4427,mobile,mobile_app,1.3
State,Nouvelle-Aquitaine,Europe,France,FR,Nouvelle-Aquitaine,,46.2329,2.2325,207,177,30,0.1449,0.8551,0.36,30,0.1449,278891.96,1347.3,1262.33,3839.37,75.13,0.85,93.2,19,111,77,0.0918,102,99,0.4928,smart_tv,web,1.29
State,Normandie,Europe,France,FR,Normandie,,46.1618,2.0673,193,166,27,0.1399,0.8601,0.36,27,0.1399,276933.11,1434.89,1434.49,3758.37,67.75,0.86,98.31,25,84,84,0.1295,95,92,0.4922,mobile,mobile_app,1.32
State,Greater Manchester,Europe,United Kingdom,GB,Greater Manchester,,53.5062,-2.2722,196,168,28,0.1429,0.8571,0.36,28,0.1429,276552.63,1410.98,1367.61,3572.5,72.49,0.86,98.81,14,107,75,0.0714,96,97,0.4898,mobile,web,1.31
State,Auvergne-Rhône-Alpes,Europe,France,FR,Auvergne-Rhône-Alpes,,45.7149,4.9205,191,167,24,0.1257,0.8743,0.36,24,0.1257,274638.12,1437.9,1469.39,3709.84,70.88,0.85,95.96,15,100,76,0.0785,90,94,0.4712,smart_tv,web,1.32
State,West Yorkshire,Europe,United Kingdom,GB,West Yorkshire,,52.4077,-1.2052,189,169,20,0.1058,0.8942,0.34,20,0.1058,272077.64,1439.56,1363.86,3706.66,73.79,0.85,100.23,12,112,65,0.0635,106,81,0.5608,mobile,web,1.32
State,City of Edinburgh,Europe,United Kingdom,GB,City of Edinburgh,,52.3907,-1.2106,197,158,39,0.198,0.802,0.4,39,0.198,266684.21,1353.73,1260.58,3678.36,74.76,0.84,93.05,10,99,88,0.0508,91,101,0.4619,mobile,web,1.35
State,Saxony,Europe,Germany,DE,Saxony,,51.2212,10.4454,203,168,35,0.1724,0.8276,0.39,35,0.1724,264806.8,1304.47,1214.21,3588.78,69.97,0.85,90.21,15,103,85,0.0739,106,93,0.5222,mobile,mobile_app,1.28
State,Hesse,Europe,Germany,DE,Hesse,,51.1999,10.4404,181,154,27,0.1492,0.8508,0.37,27,0.1492,250294.56,1382.84,1286.67,3584.47,74.6,0.85,92.71,11,93,77,0.0608,94,84,0.5193,smart_tv,web,1.34
State,Bourgogne-Franche-Comté,Europe,France,FR,Bourgogne-Franche-Comté,,46.2347,2.198,174,145,29,0.1667,0.8333,0.37,29,0.1667,248535.53,1428.37,1385.87,3418.86,76.44,0.85,98.56,15,92,67,0.0862,81,82,0.4655,mobile,mobile_app,1.34
State,Hauts-de-France,Europe,France,FR,Hauts-de-France,,50.6872,2.9402,186,162,24,0.129,0.871,0.35,24,0.129,241014.44,1295.78,1154.77,3669.72,74.93,0.85,89.47,18,86,82,0.0968,97,88,0.5215,mobile,web,1.28
State,Occitanie,Europe,France,FR,Occitanie,,46.2972,2.2002,176,151,25,0.142,0.858,0.37,25,0.142,237468.76,1349.25,1291.42,3672.92,75.06,0.87,93.81,17,92,67,0.0966,82,91,0.4659,mobile,web,1.33
State,Centre-Val de Loire,Europe,France,FR,Centre-Val de Loire,,46.173,2.2205,160,138,22,0.1375,0.8625,0.36,22,0.1375,234842.78,1467.77,1438.22,3629.45,66.06,0.84,99.42,8,88,64,0.05,76,79,0.475,smart_tv,web,1.22
State,Puebla,North America,Mexico,MX,Puebla,,23.7357,-102.674,133,116,17,0.1278,0.8722,0.34,17,0.1278,213795.1,1607.48,1570.09,3689.17,76.81,0.85,107.21,14,69,50,0.1053,69,62,0.5188,mobile,web,1.35
State,Lower Saxony,Europe,Germany,DE,Lower Saxony,,51.0996,10.3877,141,124,17,0.1206,0.8794,0.35,17,0.1206,202794.41,1438.26,1363.07,3642.59,73.42,0.86,100.57,6,90,45,0.0426,72,65,0.5106,mobile,mobile_app,1.3
State,Guanajuato,North America,Mexico,MX,Guanajuato,,23.7077,-102.425,137,112,25,0.1825,0.8175,0.39,25,0.1825,190153.03,1387.98,1305.8,3712.37,75.91,0.85,95.09,14,59,64,0.1022,66,67,0.4818,mobile,mobile_app,1.23
State,Querétaro,North America,Mexico,MX,Querétaro,,23.5778,-102.6608,131,106,25,0.1908,0.8092,0.4,25,0.1908,184902.6,1411.47,1367.25,3617.89,73.69,0.84,94.87,10,63,58,0.0763,66,59,0.5038,mobile,mobile_app,1.31
State,Baden-Württemberg,Europe,Germany,DE,Baden-Württemberg,,48.7079,9.296,129,107,22,0.1705,0.8295,0.37,22,0.1705,180888.81,1402.24,1305.39,3496.86,74.29,0.84,96.28,8,64,57,0.062,62,64,0.4806,mobile,mobile_app,1.36
State,Hamburg,Europe,Germany,DE,Hamburg,,53.7147,10.0391,126,102,24,0.1905,0.8095,0.38,24,0.1905,178725.25,1418.45,1391.05,3677.15,70.79,0.85,99.37,13,63,50,0.1032,70,54,0.5556,smart_tv,mobile_app,1.39
State,Bremen,Europe,Germany,DE,Bremen,,51.2438,10.3882,106,93,13,0.1226,0.8774,0.34,13,0.1226,171453.11,1617.48,1675.43,3639.53,77.4,0.85,108.95,13,62,31,0.1226,54,49,0.5094,mobile,web,1.3
State,Berlin,Europe,Germany,DE,Berlin,,52.5942,13.4751,123,106,17,0.1382,0.8618,0.35,17,0.1382,168433.24,1369.38,1275.32,3659.31,74.81,0.85,101.43,11,71,41,0.0894,59,63,0.4797,mobile,mobile_app,1.31
State,Bavaria,Europe,Germany,DE,Bavaria,,48.8844,11.4545,119,105,14,0.1176,0.8824,0.35,14,0.1176,162643.5,1366.75,1359.44,3709.65,72.73,0.84,93.66,9,62,48,0.0756,61,55,0.5126,mobile,mobile_app,1.28
State,Nuevo León,North America,Mexico,MX,Nuevo León,,25.6413,-100.2349,112,98,14,0.125,0.875,0.36,14,0.125,156134.93,1394.06,1317.78,3406.59,72.52,0.85,93.86,5,65,42,0.0446,53,54,0.4732,smart_tv,web,1.34
State,North Rhine-Westphalia,Europe,Germany,DE,North Rhine-Westphalia,,51.4014,7.6505,122,101,21,0.1721,0.8279,0.39,21,0.1721,155717.14,1276.37,1263.63,3513.21,77.75,0.83,90.19,5,62,55,0.041,62,57,0.5082,mobile,mobile_app,1.25
State,Baja California,North America,Mexico,MX,Baja California,,23.5153,-102.6504,111,94,17,0.1532,0.8468,0.37,17,0.1532,153186.61,1380.06,1374.6,3471.07,69.89,0.86,101.37,4,71,36,0.036,53,56,0.4775,mobile,web,1.35
State,Ciudad de México,North America,Mexico,MX,Ciudad de México,,19.4411,-99.3022,108,90,18,0.1667,0.8333,0.38,18,0.1667,152486.67,1411.91,1395.12,3700.5,69.12,0.85,97.04,7,57,44,0.0648,61,45,0.5648,mobile,mobile_app,1.35
State,Yucatán,North America,Mexico,MX,Yucatán,,23.6059,-102.4889,104,90,14,0.1346,0.8654,0.35,14,0.1346,151799.84,1459.61,1504.8,3611.25,71.29,0.84,101.2,9,60,35,0.0865,51,50,0.4904,smart_tv,mobile_app,1.35
State,Estado de México,North America,Mexico,MX,Estado de México,,23.555,-102.66,99,84,15,0.1515,0.8485,0.36,15,0.1515,150328.04,1518.47,1458.81,3497.29,72.46,0.86,102.66,3,62,34,0.0303,50,44,0.5051,mobile,web,1.33
State,Jalisco,North America,Mexico,MX,Jalisco,,20.4938,-103.3042,84,72,12,0.1429,0.8571,0.36,12,0.1429,133304.82,1586.96,1435.7,3714.17,63.54,0.86,106.32,10,43,31,0.119,41,41,0.4881,mobile,web,1.35
State,Nova Scotia,Europe,United Kingdom,GB,Nova Scotia,,55.7462,-94.0821,39,36,3,0.0769,0.9231,0.31,3,0.0769,59975.44,1537.83,1656.19,3743.79,68.15,0.85,117.41,3,27,9,0.0769,20,18,0.5128,smart_tv,mobile_app,1.38
