DateKey,Date,DayNumber,DayName,WeekNumber,MonthNumber,MonthName,Quarter,YearNumber,IsWeekend
20100101,2010-01-01,1,Friday,1,1,January,1,2010,False
20100102,2010-01-02,2,Saturday,1,1,January,1,2010,True
20100103,2010-01-03,3,Sunday,2,1,January,1,2010,True
20100104,2010-01-04,4,Monday,2,1,January,1,2010,False
20100105,2010-01-05,5,Tuesday,2,1,January,1,2010,False
20100106,2010-01-06,6,Wednesday,2,1,January,1,2010,False
20100107,2010-01-07,7,Thursday,2,1,January,1,2010,False
20100108,2010-01-08,8,Friday,2,1,January,1,2010,False
20100109,2010-01-09,9,Saturday,2,1,January,1,2010,True
20100110,2010-01-10,10,Sunday,3,1,January,1,2010,True
20100111,2010-01-11,11,Monday,3,1,January,1,2010,False
20100112,2010-01-12,12,Tuesday,3,1,January,1,2010,False
20100113,2010-01-13,13,Wednesday,3,1,January,1,2010,False
20100114,2010-01-14,14,Thursday,3,1,January,1,2010,False
20100115,2010-01-15,15,Friday,3,1,January,1,2010,False
20100116,2010-01-16,16,Saturday,3,1,January,1,2010,True
20100117,2010-01-17,17,Sunday,4,1,January,1,2010,True
20100118,2010-01-18,18,Monday,4,1,January,1,2010,False
20100119,2010-01-19,19,Tuesday,4,1,January,1,2010,False
20100120,2010-01-20,20,Wednesday,4,1,January,1,2010,False
20100121,2010-01-21,21,Thursday,4,1,January,1,2010,False
20100122,2010-01-22,22,Friday,4,1,January,1,2010,False
20100123,2010-01-23,23,Saturday,4,1,January,1,2010,True
20100124,2010-01-24,24,Sunday,5,1,January,1,2010,True
20100125,2010-01-25,25,Monday,5,1,January,1,2010,False
20100126,2010-01-26,26,Tuesday,5,1,January,1,2010,False
20100127,2010-01-27,27,Wednesday,5,1,January,1,2010,False
20100128,2010-01-28,28,Thursday,5,1,January,1,2010,False
20100129,2010-01-29,29,Friday,5,1,January,1,2010,False
20100130,2010-01-30,30,Saturday,5,1,January,1,2010,True
20100131,2010-01-31,31,Sunday,6,1,January,1,2010,True
20100201,2010-02-01,1,Monday,6,2,February,1,2010,False
20100202,2010-02-02,2,Tuesday,6,2,February,1,2010,False
20100203,2010-02-03,3,Wednesday,6,2,February,1,2010,False
20100204,2010-02-04,4,Thursday,6,2,February,1,2010,False
20100205,2010-02-05,5,Friday,6,2,February,1,2010,False
20100206,2010-02-06,6,Saturday,6,2,February,1,2010,True
20100207,2010-02-07,7,Sunday,7,2,February,1,2010,True
20100208,2010-02-08,8,Monday,7,2,February,1,2010,False
20100209,2010-02-09,9,Tuesday,7,2,February,1,2010,False
20100210,2010-02-10,10,Wednesday,7,2,February,1,2010,False
20100211,2010-02-11,11,Thursday,7,2,February,1,2010,False
20100212,2010-02-12,12,Friday,7,2,February,1,2010,False
20100213,2010-02-13,13,Saturday,7,2,February,1,2010,True
20100214,2010-02-14,14,Sunday,8,2,February,1,2010,True
20100215,2010-02-15,15,Monday,8,2,February,1,2010,False
20100216,2010-02-16,16,Tuesday,8,2,February,1,2010,False
20100217,2010-02-17,17,Wednesday,8,2,February,1,2010,False
20100218,2010-02-18,18,Thursday,8,2,February,1,2010,False
20100219,2010-02-19,19,Friday,8,2,February,1,2010,False
20100220,2010-02-20,20,Saturday,8,2,February,1,2010,True
20100221,2010-02-21,21,Sunday,9,2,February,1,2010,True
20100222,2010-02-22,22,Monday,9,2,February,1,2010,False
20100223,2010-02-23,23,Tuesday,9,2,February,1,2010,False
20100224,2010-02-24,24,Wednesday,9,2,February,1,2010,False
20100225,2010-02-25,25,Thursday,9,2,February,1,2010,False
20100226,2010-02-26,26,Friday,9,2,February,1,2010,False
20100227,2010-02-27,27,Saturday,9,2,February,1,2010,True
20100228,2010-02-28,28,Sunday,10,2,February,1,2010,True
20100301,2010-03-01,1,Monday,10,3,March,1,2010,False
20100302,2010-03-02,2,Tuesday,10,3,March,1,2010,False
20100303,2010-03-03,3,Wednesday,10,3,March,1,2010,False
20100304,2010-03-04,4,Thursday,10,3,March,1,2010,False
20100305,2010-03-05,5,Friday,10,3,March,1,2010,False
20100306,2010-03-06,6,Saturday,10,3,March,1,2010,True
20100307,2010-03-07,7,Sunday,11,3,March,1,2010,True
20100308,2010-03-08,8,Monday,11,3,March,1,2010,False
20100309,2010-03-09,9,Tuesday,11,3,March,1,2010,False
20100310,2010-03-10,10,Wednesday,11,3,March,1,2010,False
20100311,2010-03-11,11,Thursday,11,3,March,1,2010,False
20100312,2010-03-12,12,Friday,11,3,March,1,2010,False
20100313,2010-03-13,13,Saturday,11,3,March,1,2010,True
20100314,2010-03-14,14,Sunday,12,3,March,1,2010,True
20100315,2010-03-15,15,Monday,12,3,March,1,2010,False
20100316,2010-03-16,16,Tuesday,12,3,March,1,2010,False
20100317,2010-03-17,17,Wednesday,12,3,March,1,2010,False
20100318,2010-03-18,18,Thursday,12,3,March,1,2010,False
20100319,2010-03-19,19,Friday,12,3,March,1,2010,False
20100320,2010-03-20,20,Saturday,12,3,March,1,2010,True
20100321,2010-03-21,21,Sunday,13,3,March,1,2010,True
20100322,2010-03-22,22,Monday,13,3,March,1,2010,False
20100323,2010-03-23,23,Tuesday,13,3,March,1,2010,False
20100324,2010-03-24,24,Wednesday,13,3,March,1,2010,False
20100325,2010-03-25,25,Thursday,13,3,March,1,2010,False
20100326,2010-03-26,26,Friday,13,3,March,1,2010,False
20100327,2010-03-27,27,Saturday,13,3,March,1,2010,True
20100328,2010-03-28,28,Sunday,14,3,March,1,2010,True
20100329,2010-03-29,29,Monday,14,3,March,1,2010,False
20100330,2010-03-30,30,Tuesday,14,3,March,1,2010,False
20100331,2010-03-31,31,Wednesday,14,3,March,1,2010,False
20100401,2010-04-01,1,Thursday,14,4,April,2,2010,False
20100402,2010-04-02,2,Friday,14,4,April,2,2010,False
20100403,2010-04-03,3,Saturday,14,4,April,2,2010,True
20100404,2010-04-04,4,Sunday,15,4,April,2,2010,True
20100405,2010-04-05,5,Monday,15,4,April,2,2010,False
20100406,2010-04-06,6,Tuesday,15,4,April,2,2010,False
20100407,2010-04-07,7,Wednesday,15,4,April,2,2010,False
20100408,2010-04-08,8,Thursday,15,4,April,2,2010,False
20100409,2010-04-09,9,Friday,15,4,April,2,2010,False
20100410,2010-04-10,10,Saturday,15,4,April,2,2010,True
20100411,2010-04-11,11,Sunday,16,4,April,2,2010,True
20100412,2010-04-12,12,Monday,16,4,April,2,2010,False
20100413,2010-04-13,13,Tuesday,16,4,April,2,2010,False
20100414,2010-04-14,14,Wednesday,16,4,April,2,2010,False
20100415,2010-04-15,15,Thursday,16,4,April,2,2010,False
20100416,2010-04-16,16,Friday,16,4,April,2,2010,False
20100417,2010-04-17,17,Saturday,16,4,April,2,2010,True
20100418,2010-04-18,18,Sunday,17,4,April,2,2010,True
20100419,2010-04-19,19,Monday,17,4,April,2,2010,False
20100420,2010-04-20,20,Tuesday,17,4,April,2,2010,False
20100421,2010-04-21,21,Wednesday,17,4,April,2,2010,False
20100422,2010-04-22,22,Thursday,17,4,April,2,2010,False
20100423,2010-04-23,23,Friday,17,4,April,2,2010,False
20100424,2010-04-24,24,Saturday,17,4,April,2,2010,True
20100425,2010-04-25,25,Sunday,18,4,April,2,2010,True
20100426,2010-04-26,26,Monday,18,4,April,2,2010,False
20100427,2010-04-27,27,Tuesday,18,4,April,2,2010,False
20100428,2010-04-28,28,Wednesday,18,4,April,2,2010,False
20100429,2010-04-29,29,Thursday,18,4,April,2,2010,False
20100430,2010-04-30,30,Friday,18,4,April,2,2010,False
20100501,2010-05-01,1,Saturday,18,5,May,2,2010,True
20100502,2010-05-02,2,Sunday,19,5,May,2,2010,True
20100503,2010-05-03,3,Monday,19,5,May,2,2010,False
20100504,2010-05-04,4,Tuesday,19,5,May,2,2010,False
20100505,2010-05-05,5,Wednesday,19,5,May,2,2010,False
20100506,2010-05-06,6,Thursday,19,5,May,2,2010,False
20100507,2010-05-07,7,Friday,19,5,May,2,2010,False
20100508,2010-05-08,8,Saturday,19,5,May,2,2010,True
20100509,2010-05-09,9,Sunday,20,5,May,2,2010,True
20100510,2010-05-10,10,Monday,20,5,May,2,2010,False
20100511,2010-05-11,11,Tuesday,20,5,May,2,2010,False
20100512,2010-05-12,12,Wednesday,20,5,May,2,2010,False
20100513,2010-05-13,13,Thursday,20,5,May,2,2010,False
20100514,2010-05-14,14,Friday,20,5,May,2,2010,False
20100515,2010-05-15,15,Saturday,20,5,May,2,2010,True
20100516,2010-05-16,16,Sunday,21,5,May,2,2010,True
20100517,2010-05-17,17,Monday,21,5,May,2,2010,False
20100518,2010-05-18,18,Tuesday,21,5,May,2,2010,False
20100519,2010-05-19,19,Wednesday,21,5,May,2,2010,False
20100520,2010-05-20,20,Thursday,21,5,May,2,2010,False
20100521,2010-05-21,21,Friday,21,5,May,2,2010,False
20100522,2010-05-22,22,Saturday,21,5,May,2,2010,True
20100523,2010-05-23,23,Sunday,22,5,May,2,2010,True
20100524,2010-05-24,24,Monday,22,5,May,2,2010,False
20100525,2010-05-25,25,Tuesday,22,5,May,2,2010,False
20100526,2010-05-26,26,Wednesday,22,5,May,2,2010,False
20100527,2010-05-27,27,Thursday,22,5,May,2,2010,False
20100528,2010-05-28,28,Friday,22,5,May,2,2010,False
20100529,2010-05-29,29,Saturday,22,5,May,2,2010,True
20100530,2010-05-30,30,Sunday,23,5,May,2,2010,True
20100531,2010-05-31,31,Monday,23,5,May,2,2010,False
20100601,2010-06-01,1,Tuesday,23,6,June,2,2010,False
20100602,2010-06-02,2,Wednesday,23,6,June,2,2010,False
20100603,2010-06-03,3,Thursday,23,6,June,2,2010,False
20100604,2010-06-04,4,Friday,23,6,June,2,2010,False
20100605,2010-06-05,5,Saturday,23,6,June,2,2010,True
20100606,2010-06-06,6,Sunday,24,6,June,2,2010,True
20100607,2010-06-07,7,Monday,24,6,June,2,2010,False
20100608,2010-06-08,8,Tuesday,24,6,June,2,2010,False
20100609,2010-06-09,9,Wednesday,24,6,June,2,2010,False
20100610,2010-06-10,10,Thursday,24,6,June,2,2010,False
20100611,2010-06-11,11,Friday,24,6,June,2,2010,False
20100612,2010-06-12,12,Saturday,24,6,June,2,2010,True
20100613,2010-06-13,13,Sunday,25,6,June,2,2010,True
20100614,2010-06-14,14,Monday,25,6,June,2,2010,False
20100615,2010-06-15,15,Tuesday,25,6,June,2,2010,False
20100616,2010-06-16,16,Wednesday,25,6,June,2,2010,False
20100617,2010-06-17,17,Thursday,25,6,June,2,2010,False
20100618,2010-06-18,18,Friday,25,6,June,2,2010,False
20100619,2010-06-19,19,Saturday,25,6,June,2,2010,True
20100620,2010-06-20,20,Sunday,26,6,June,2,2010,True
20100621,2010-06-21,21,Monday,26,6,June,2,2010,False
20100622,2010-06-22,22,Tuesday,26,6,June,2,2010,False
20100623,2010-06-23,23,Wednesday,26,6,June,2,2010,False
20100624,2010-06-24,24,Thursday,26,6,June,2,2010,False
20100625,2010-06-25,25,Friday,26,6,June,2,2010,False
20100626,2010-06-26,26,Saturday,26,6,June,2,2010,True
20100627,2010-06-27,27,Sunday,27,6,June,2,2010,True
20100628,2010-06-28,28,Monday,27,6,June,2,2010,False
20100629,2010-06-29,29,Tuesday,27,6,June,2,2010,False
20100630,2010-06-30,30,Wednesday,27,6,June,2,2010,False
20100701,2010-07-01,1,Thursday,27,7,July,3,2010,False
20100702,2010-07-02,2,Friday,27,7,July,3,2010,False
20100703,2010-07-03,3,Saturday,27,7,July,3,2010,True
20100704,2010-07-04,4,Sunday,28,7,July,3,2010,True
20100705,2010-07-05,5,Monday,28,7,July,3,2010,False
20100706,2010-07-06,6,Tuesday,28,7,July,3,2010,False
20100707,2010-07-07,7,Wednesday,28,7,July,3,2010,False
20100708,2010-07-08,8,Thursday,28,7,July,3,2010,False
20100709,2010-07-09,9,Friday,28,7,July,3,2010,False
20100710,2010-07-10,10,Saturday,28,7,July,3,2010,True
20100711,2010-07-11,11,Sunday,29,7,July,3,2010,True
20100712,2010-07-12,12,Monday,29,7,July,3,2010,False
20100713,2010-07-13,13,Tuesday,29,7,July,3,2010,False
20100714,2010-07-14,14,Wednesday,29,7,July,3,2010,False
20100715,2010-07-15,15,Thursday,29,7,July,3,2010,False
20100716,2010-07-16,16,Friday,29,7,July,3,2010,False
20100717,2010-07-17,17,Saturday,29,7,July,3,2010,True
20100718,2010-07-18,18,Sunday,30,7,July,3,2010,True
20100719,2010-07-19,19,Monday,30,7,July,3,2010,False
20100720,2010-07-20,20,Tuesday,30,7,July,3,2010,False
20100721,2010-07-21,21,Wednesday,30,7,July,3,2010,False
20100722,2010-07-22,22,Thursday,30,7,July,3,2010,False
20100723,2010-07-23,23,Friday,30,7,July,3,2010,False
20100724,2010-07-24,24,Saturday,30,7,July,3,2010,True
20100725,2010-07-25,25,Sunday,31,7,July,3,2010,True
20100726,2010-07-26,26,Monday,31,7,July,3,2010,False
20100727,2010-07-27,27,Tuesday,31,7,July,3,2010,False
20100728,2010-07-28,28,Wednesday,31,7,July,3,2010,False
20100729,2010-07-29,29,Thursday,31,7,July,3,2010,False
20100730,2010-07-30,30,Friday,31,7,July,3,2010,False
20100731,2010-07-31,31,Saturday,31,7,July,3,2010,True
20100801,2010-08-01,1,Sunday,32,8,August,3,2010,True
20100802,2010-08-02,2,Monday,32,8,August,3,2010,False
20100803,2010-08-03,3,Tuesday,32,8,August,3,2010,False
20100804,2010-08-04,4,Wednesday,32,8,August,3,2010,False
20100805,2010-08-05,5,Thursday,32,8,August,3,2010,False
20100806,2010-08-06,6,Friday,32,8,August,3,2010,False
20100807,2010-08-07,7,Saturday,32,8,August,3,2010,True
20100808,2010-08-08,8,Sunday,33,8,August,3,2010,True
20100809,2010-08-09,9,Monday,33,8,August,3,2010,False
20100810,2010-08-10,10,Tuesday,33,8,August,3,2010,False
20100811,2010-08-11,11,Wednesday,33,8,August,3,2010,False
20100812,2010-08-12,12,Thursday,33,8,August,3,2010,False
20100813,2010-08-13,13,Friday,33,8,August,3,2010,False
20100814,2010-08-14,14,Saturday,33,8,August,3,2010,True
20100815,2010-08-15,15,Sunday,34,8,August,3,2010,True
20100816,2010-08-16,16,Monday,34,8,August,3,2010,False
20100817,2010-08-17,17,Tuesday,34,8,August,3,2010,False
20100818,2010-08-18,18,Wednesday,34,8,August,3,2010,False
20100819,2010-08-19,19,Thursday,34,8,August,3,2010,False
20100820,2010-08-20,20,Friday,34,8,August,3,2010,False
20100821,2010-08-21,21,Saturday,34,8,August,3,2010,True
20100822,2010-08-22,22,Sunday,35,8,August,3,2010,True
20100823,2010-08-23,23,Monday,35,8,August,3,2010,False
20100824,2010-08-24,24,Tuesday,35,8,August,3,2010,False
20100825,2010-08-25,25,Wednesday,35,8,August,3,2010,False
20100826,2010-08-26,26,Thursday,35,8,August,3,2010,False
20100827,2010-08-27,27,Friday,35,8,August,3,2010,False
20100828,2010-08-28,28,Saturday,35,8,August,3,2010,True
20100829,2010-08-29,29,Sunday,36,8,August,3,2010,True
20100830,2010-08-30,30,Monday,36,8,August,3,2010,False
20100831,2010-08-31,31,Tuesday,36,8,August,3,2010,False
20100901,2010-09-01,1,Wednesday,36,9,September,3,2010,False
20100902,2010-09-02,2,Thursday,36,9,September,3,2010,False
20100903,2010-09-03,3,Friday,36,9,September,3,2010,False
20100904,2010-09-04,4,Saturday,36,9,September,3,2010,True
20100905,2010-09-05,5,Sunday,37,9,September,3,2010,True
20100906,2010-09-06,6,Monday,37,9,September,3,2010,False
20100907,2010-09-07,7,Tuesday,37,9,September,3,2010,False
20100908,2010-09-08,8,Wednesday,37,9,September,3,2010,False
20100909,2010-09-09,9,Thursday,37,9,September,3,2010,False
20100910,2010-09-10,10,Friday,37,9,September,3,2010,False
20100911,2010-09-11,11,Saturday,37,9,September,3,2010,True
20100912,2010-09-12,12,Sunday,38,9,September,3,2010,True
20100913,2010-09-13,13,Monday,38,9,September,3,2010,False
20100914,2010-09-14,14,Tuesday,38,9,September,3,2010,False
20100915,2010-09-15,15,Wednesday,38,9,September,3,2010,False
20100916,2010-09-16,16,Thursday,38,9,September,3,2010,False
20100917,2010-09-17,17,Friday,38,9,September,3,2010,False
20100918,2010-09-18,18,Saturday,38,9,September,3,2010,True
20100919,2010-09-19,19,Sunday,39,9,September,3,2010,True
20100920,2010-09-20,20,Monday,39,9,September,3,2010,False
20100921,2010-09-21,21,Tuesday,39,9,September,3,2010,False
20100922,2010-09-22,22,Wednesday,39,9,September,3,2010,False
20100923,2010-09-23,23,Thursday,39,9,September,3,2010,False
20100924,2010-09-24,24,Friday,39,9,September,3,2010,False
20100925,2010-09-25,25,Saturday,39,9,September,3,2010,True
20100926,2010-09-26,26,Sunday,40,9,September,3,2010,True
20100927,2010-09-27,27,Monday,40,9,September,3,2010,False
20100928,2010-09-28,28,Tuesday,40,9,September,3,2010,False
20100929,2010-09-29,29,Wednesday,40,9,September,3,2010,False
20100930,2010-09-30,30,Thursday,40,9,September,3,2010,False
20101001,2010-10-01,1,Friday,40,10,October,4,2010,False
20101002,2010-10-02,2,Saturday,40,10,October,4,2010,True
20101003,2010-10-03,3,Sunday,41,10,October,4,2010,True
20101004,2010-10-04,4,Monday,41,10,October,4,2010,False
20101005,2010-10-05,5,Tuesday,41,10,October,4,2010,False
20101006,2010-10-06,6,Wednesday,41,10,October,4,2010,False
20101007,2010-10-07,7,Thursday,41,10,October,4,2010,False
20101008,2010-10-08,8,Friday,41,10,October,4,2010,False
20101009,2010-10-09,9,Saturday,41,10,October,4,2010,True
20101010,2010-10-10,10,Sunday,42,10,October,4,2010,True
20101011,2010-10-11,11,Monday,42,10,October,4,2010,False
20101012,2010-10-12,12,Tuesday,42,10,October,4,2010,False
20101013,2010-10-13,13,Wednesday,42,10,October,4,2010,False
20101014,2010-10-14,14,Thursday,42,10,October,4,2010,False
20101015,2010-10-15,15,Friday,42,10,October,4,2010,False
20101016,2010-10-16,16,Saturday,42,10,October,4,2010,True
20101017,2010-10-17,17,Sunday,43,10,October,4,2010,True
20101018,2010-10-18,18,Monday,43,10,October,4,2010,False
20101019,2010-10-19,19,Tuesday,43,10,October,4,2010,False
20101020,2010-10-20,20,Wednesday,43,10,October,4,2010,False
20101021,2010-10-21,21,Thursday,43,10,October,4,2010,False
20101022,2010-10-22,22,Friday,43,10,October,4,2010,False
20101023,2010-10-23,23,Saturday,43,10,October,4,2010,True
20101024,2010-10-24,24,Sunday,44,10,October,4,2010,True
20101025,2010-10-25,25,Monday,44,10,October,4,2010,False
20101026,2010-10-26,26,Tuesday,44,10,October,4,2010,False
20101027,2010-10-27,27,Wednesday,44,10,October,4,2010,False
20101028,2010-10-28,28,Thursday,44,10,October,4,2010,False
20101029,2010-10-29,29,Friday,44,10,October,4,2010,False
20101030,2010-10-30,30,Saturday,44,10,October,4,2010,True
20101031,2010-10-31,31,Sunday,45,10,October,4,2010,True
20101101,2010-11-01,1,Monday,45,11,November,4,2010,False
20101102,2010-11-02,2,Tuesday,45,11,November,4,2010,False
20101103,2010-11-03,3,Wednesday,45,11,November,4,2010,False
20101104,2010-11-04,4,Thursday,45,11,November,4,2010,False
20101105,2010-11-05,5,Friday,45,11,November,4,2010,False
20101106,2010-11-06,6,Saturday,45,11,November,4,2010,True
20101107,2010-11-07,7,Sunday,46,11,November,4,2010,True
20101108,2010-11-08,8,Monday,46,11,November,4,2010,False
20101109,2010-11-09,9,Tuesday,46,11,November,4,2010,False
20101110,2010-11-10,10,Wednesday,46,11,November,4,2010,False
20101111,2010-11-11,11,Thursday,46,11,November,4,2010,False
20101112,2010-11-12,12,Friday,46,11,November,4,2010,False
20101113,2010-11-13,13,Saturday,46,11,November,4,2010,True
20101114,2010-11-14,14,Sunday,47,11,November,4,2010,True
20101115,2010-11-15,15,Monday,47,11,November,4,2010,False
20101116,2010-11-16,16,Tuesday,47,11,November,4,2010,False
20101117,2010-11-17,17,Wednesday,47,11,November,4,2010,False
20101118,2010-11-18,18,Thursday,47,11,November,4,2010,False
20101119,2010-11-19,19,Friday,47,11,November,4,2010,False
20101120,2010-11-20,20,Saturday,47,11,November,4,2010,True
20101121,2010-11-21,21,Sunday,48,11,November,4,2010,True
20101122,2010-11-22,22,Monday,48,11,November,4,2010,False
20101123,2010-11-23,23,Tuesday,48,11,November,4,2010,False
20101124,2010-11-24,24,Wednesday,48,11,November,4,2010,False
20101125,2010-11-25,25,Thursday,48,11,November,4,2010,False
20101126,2010-11-26,26,Friday,48,11,November,4,2010,False
20101127,2010-11-27,27,Saturday,48,11,November,4,2010,True
20101128,2010-11-28,28,Sunday,49,11,November,4,2010,True
20101129,2010-11-29,29,Monday,49,11,November,4,2010,False
20101130,2010-11-30,30,Tuesday,49,11,November,4,2010,False
20101201,2010-12-01,1,Wednesday,49,12,December,4,2010,False
20101202,2010-12-02,2,Thursday,49,12,December,4,2010,False
20101203,2010-12-03,3,Friday,49,12,December,4,2010,False
20101204,2010-12-04,4,Saturday,49,12,December,4,2010,True
20101205,2010-12-05,5,Sunday,50,12,December,4,2010,True
20101206,2010-12-06,6,Monday,50,12,December,4,2010,False
20101207,2010-12-07,7,Tuesday,50,12,December,4,2010,False
20101208,2010-12-08,8,Wednesday,50,12,December,4,2010,False
20101209,2010-12-09,9,Thursday,50,12,December,4,2010,False
20101210,2010-12-10,10,Friday,50,12,December,4,2010,False
20101211,2010-12-11,11,Saturday,50,12,December,4,2010,True
20101212,2010-12-12,12,Sunday,51,12,December,4,2010,True
20101213,2010-12-13,13,Monday,51,12,December,4,2010,False
20101214,2010-12-14,14,Tuesday,51,12,December,4,2010,False
20101215,2010-12-15,15,Wednesday,51,12,December,4,2010,False
20101216,2010-12-16,16,Thursday,51,12,December,4,2010,False
20101217,2010-12-17,17,Friday,51,12,December,4,2010,False
20101218,2010-12-18,18,Saturday,51,12,December,4,2010,True
20101219,2010-12-19,19,Sunday,52,12,December,4,2010,True
20101220,2010-12-20,20,Monday,52,12,December,4,2010,False
20101221,2010-12-21,21,Tuesday,52,12,December,4,2010,False
20101222,2010-12-22,22,Wednesday,52,12,December,4,2010,False
20101223,2010-12-23,23,Thursday,52,12,December,4,2010,False
20101224,2010-12-24,24,Friday,52,12,December,4,2010,False
20101225,2010-12-25,25,Saturday,52,12,December,4,2010,True
20101226,2010-12-26,26,Sunday,53,12,December,4,2010,True
20101227,2010-12-27,27,Monday,53,12,December,4,2010,False
20101228,2010-12-28,28,Tuesday,53,12,December,4,2010,False
20101229,2010-12-29,29,Wednesday,53,12,December,4,2010,False
20101230,2010-12-30,30,Thursday,53,12,December,4,2010,False
20101231,2010-12-31,31,Friday,53,12,December,4,2010,False
20110101,2011-01-01,1,Saturday,1,1,January,1,2011,True
20110102,2011-01-02,2,Sunday,2,1,January,1,2011,True
20110103,2011-01-03,3,Monday,2,1,January,1,2011,False
20110104,2011-01-04,4,Tuesday,2,1,January,1,2011,False
20110105,2011-01-05,5,Wednesday,2,1,January,1,2011,False
20110106,2011-01-06,6,Thursday,2,1,January,1,2011,False
20110107,2011-01-07,7,Friday,2,1,January,1,2011,False
20110108,2011-01-08,8,Saturday,2,1,January,1,2011,True
20110109,2011-01-09,9,Sunday,3,1,January,1,2011,True
20110110,2011-01-10,10,Monday,3,1,January,1,2011,False
20110111,2011-01-11,11,Tuesday,3,1,January,1,2011,False
20110112,2011-01-12,12,Wednesday,3,1,January,1,2011,False
20110113,2011-01-13,13,Thursday,3,1,January,1,2011,False
20110114,2011-01-14,14,Friday,3,1,January,1,2011,False
20110115,2011-01-15,15,Saturday,3,1,January,1,2011,True
20110116,2011-01-16,16,Sunday,4,1,January,1,2011,True
20110117,2011-01-17,17,Monday,4,1,January,1,2011,False
20110118,2011-01-18,18,Tuesday,4,1,January,1,2011,False
20110119,2011-01-19,19,Wednesday,4,1,January,1,2011,False
20110120,2011-01-20,20,Thursday,4,1,January,1,2011,False
20110121,2011-01-21,21,Friday,4,1,January,1,2011,False
20110122,2011-01-22,22,Saturday,4,1,January,1,2011,True
20110123,2011-01-23,23,Sunday,5,1,January,1,2011,True
20110124,2011-01-24,24,Monday,5,1,January,1,2011,False
20110125,2011-01-25,25,Tuesday,5,1,January,1,2011,False
20110126,2011-01-26,26,Wednesday,5,1,January,1,2011,False
20110127,2011-01-27,27,Thursday,5,1,January,1,2011,False
20110128,2011-01-28,28,Friday,5,1,January,1,2011,False
20110129,2011-01-29,29,Saturday,5,1,January,1,2011,True
20110130,2011-01-30,30,Sunday,6,1,January,1,2011,True
20110131,2011-01-31,31,Monday,6,1,January,1,2011,False
20110201,2011-02-01,1,Tuesday,6,2,February,1,2011,False
20110202,2011-02-02,2,Wednesday,6,2,February,1,2011,False
20110203,2011-02-03,3,Thursday,6,2,February,1,2011,False
20110204,2011-02-04,4,Friday,6,2,February,1,2011,False
20110205,2011-02-05,5,Saturday,6,2,February,1,2011,True
20110206,2011-02-06,6,Sunday,7,2,February,1,2011,True
20110207,2011-02-07,7,Monday,7,2,February,1,2011,False
20110208,2011-02-08,8,Tuesday,7,2,February,1,2011,False
20110209,2011-02-09,9,Wednesday,7,2,February,1,2011,False
20110210,2011-02-10,10,Thursday,7,2,February,1,2011,False
20110211,2011-02-11,11,Friday,7,2,February,1,2011,False
20110212,2011-02-12,12,Saturday,7,2,February,1,2011,True
20110213,2011-02-13,13,Sunday,8,2,February,1,2011,True
20110214,2011-02-14,14,Monday,8,2,February,1,2011,False
20110215,2011-02-15,15,Tuesday,8,2,February,1,2011,False
20110216,2011-02-16,16,Wednesday,8,2,February,1,2011,False
20110217,2011-02-17,17,Thursday,8,2,February,1,2011,False
20110218,2011-02-18,18,Friday,8,2,February,1,2011,False
20110219,2011-02-19,19,Saturday,8,2,February,1,2011,True
20110220,2011-02-20,20,Sunday,9,2,February,1,2011,True
20110221,2011-02-21,21,Monday,9,2,February,1,2011,False
20110222,2011-02-22,22,Tuesday,9,2,February,1,2011,False
20110223,2011-02-23,23,Wednesday,9,2,February,1,2011,False
20110224,2011-02-24,24,Thursday,9,2,February,1,2011,False
20110225,2011-02-25,25,Friday,9,2,February,1,2011,False
20110226,2011-02-26,26,Saturday,9,2,February,1,2011,True
20110227,2011-02-27,27,Sunday,10,2,February,1,2011,True
20110228,2011-02-28,28,Monday,10,2,February,1,2011,False
20110301,2011-03-01,1,Tuesday,10,3,March,1,2011,False
20110302,2011-03-02,2,Wednesday,10,3,March,1,2011,False
20110303,2011-03-03,3,Thursday,10,3,March,1,2011,False
20110304,2011-03-04,4,Friday,10,3,March,1,2011,False
20110305,2011-03-05,5,Saturday,10,3,March,1,2011,True
20110306,2011-03-06,6,Sunday,11,3,March,1,2011,True
20110307,2011-03-07,7,Monday,11,3,March,1,2011,False
20110308,2011-03-08,8,Tuesday,11,3,March,1,2011,False
20110309,2011-03-09,9,Wednesday,11,3,March,1,2011,False
20110310,2011-03-10,10,Thursday,11,3,March,1,2011,False
20110311,2011-03-11,11,Friday,11,3,March,1,2011,False
20110312,2011-03-12,12,Saturday,11,3,March,1,2011,True
20110313,2011-03-13,13,Sunday,12,3,March,1,2011,True
20110314,2011-03-14,14,Monday,12,3,March,1,2011,False
20110315,2011-03-15,15,Tuesday,12,3,March,1,2011,False
20110316,2011-03-16,16,Wednesday,12,3,March,1,2011,False
20110317,2011-03-17,17,Thursday,12,3,March,1,2011,False
20110318,2011-03-18,18,Friday,12,3,March,1,2011,False
20110319,2011-03-19,19,Saturday,12,3,March,1,2011,True
20110320,2011-03-20,20,Sunday,13,3,March,1,2011,True
20110321,2011-03-21,21,Monday,13,3,March,1,2011,False
20110322,2011-03-22,22,Tuesday,13,3,March,1,2011,False
20110323,2011-03-23,23,Wednesday,13,3,March,1,2011,False
20110324,2011-03-24,24,Thursday,13,3,March,1,2011,False
20110325,2011-03-25,25,Friday,13,3,March,1,2011,False
20110326,2011-03-26,26,Saturday,13,3,March,1,2011,True
20110327,2011-03-27,27,Sunday,14,3,March,1,2011,True
20110328,2011-03-28,28,Monday,14,3,March,1,2011,False
20110329,2011-03-29,29,Tuesday,14,3,March,1,2011,False
20110330,2011-03-30,30,Wednesday,14,3,March,1,2011,False
20110331,2011-03-31,31,Thursday,14,3,March,1,2011,False
20110401,2011-04-01,1,Friday,14,4,April,2,2011,False
20110402,2011-04-02,2,Saturday,14,4,April,2,2011,True
20110403,2011-04-03,3,Sunday,15,4,April,2,2011,True
20110404,2011-04-04,4,Monday,15,4,April,2,2011,False
20110405,2011-04-05,5,Tuesday,15,4,April,2,2011,False
20110406,2011-04-06,6,Wednesday,15,4,April,2,2011,False
20110407,2011-04-07,7,Thursday,15,4,April,2,2011,False
20110408,2011-04-08,8,Friday,15,4,April,2,2011,False
20110409,2011-04-09,9,Saturday,15,4,April,2,2011,True
20110410,2011-04-10,10,Sunday,16,4,April,2,2011,True
20110411,2011-04-11,11,Monday,16,4,April,2,2011,False
20110412,2011-04-12,12,Tuesday,16,4,April,2,2011,False
20110413,2011-04-13,13,Wednesday,16,4,April,2,2011,False
20110414,2011-04-14,14,Thursday,16,4,April,2,2011,False
20110415,2011-04-15,15,Friday,16,4,April,2,2011,False
20110416,2011-04-16,16,Saturday,16,4,April,2,2011,True
20110417,2011-04-17,17,Sunday,17,4,April,2,2011,True
20110418,2011-04-18,18,Monday,17,4,April,2,2011,False
20110419,2011-04-19,19,Tuesday,17,4,April,2,2011,False
20110420,2011-04-20,20,Wednesday,17,4,April,2,2011,False
20110421,2011-04-21,21,Thursday,17,4,April,2,2011,False
20110422,2011-04-22,22,Friday,17,4,April,2,2011,False
20110423,2011-04-23,23,Saturday,17,4,April,2,2011,True
20110424,2011-04-24,24,Sunday,18,4,April,2,2011,True
20110425,2011-04-25,25,Monday,18,4,April,2,2011,False
20110426,2011-04-26,26,Tuesday,18,4,April,2,2011,False
20110427,2011-04-27,27,Wednesday,18,4,April,2,2011,False
20110428,2011-04-28,28,Thursday,18,4,April,2,2011,False
20110429,2011-04-29,29,Friday,18,4,April,2,2011,False
20110430,2011-04-30,30,Saturday,18,4,April,2,2011,True
20110501,2011-05-01,1,Sunday,19,5,May,2,2011,True
20110502,2011-05-02,2,Monday,19,5,May,2,2011,False
20110503,2011-05-03,3,Tuesday,19,5,May,2,2011,False
20110504,2011-05-04,4,Wednesday,19,5,May,2,2011,False
20110505,2011-05-05,5,Thursday,19,5,May,2,2011,False
20110506,2011-05-06,6,Friday,19,5,May,2,2011,False
20110507,2011-05-07,7,Saturday,19,5,May,2,2011,True
20110508,2011-05-08,8,Sunday,20,5,May,2,2011,True
20110509,2011-05-09,9,Monday,20,5,May,2,2011,False
20110510,2011-05-10,10,Tuesday,20,5,May,2,2011,False
20110511,2011-05-11,11,Wednesday,20,5,May,2,2011,False
20110512,2011-05-12,12,Thursday,20,5,May,2,2011,False
20110513,2011-05-13,13,Friday,20,5,May,2,2011,False
20110514,2011-05-14,14,Saturday,20,5,May,2,2011,True
20110515,2011-05-15,15,Sunday,21,5,May,2,2011,True
20110516,2011-05-16,16,Monday,21,5,May,2,2011,False
20110517,2011-05-17,17,Tuesday,21,5,May,2,2011,False
20110518,2011-05-18,18,Wednesday,21,5,May,2,2011,False
20110519,2011-05-19,19,Thursday,21,5,May,2,2011,False
20110520,2011-05-20,20,Friday,21,5,May,2,2011,False
20110521,2011-05-21,21,Saturday,21,5,May,2,2011,True
20110522,2011-05-22,22,Sunday,22,5,May,2,2011,True
20110523,2011-05-23,23,Monday,22,5,May,2,2011,False
20110524,2011-05-24,24,Tuesday,22,5,May,2,2011,False
20110525,2011-05-25,25,Wednesday,22,5,May,2,2011,False
20110526,2011-05-26,26,Thursday,22,5,May,2,2011,False
20110527,2011-05-27,27,Friday,22,5,May,2,2011,False
20110528,2011-05-28,28,Saturday,22,5,May,2,2011,True
20110529,2011-05-29,29,Sunday,23,5,May,2,2011,True
20110530,2011-05-30,30,Monday,23,5,May,2,2011,False
20110531,2011-05-31,31,Tuesday,23,5,May,2,2011,False
20110601,2011-06-01,1,Wednesday,23,6,June,2,2011,False
20110602,2011-06-02,2,Thursday,23,6,June,2,2011,False
20110603,2011-06-03,3,Friday,23,6,June,2,2011,False
20110604,2011-06-04,4,Saturday,23,6,June,2,2011,True
20110605,2011-06-05,5,Sunday,24,6,June,2,2011,True
20110606,2011-06-06,6,Monday,24,6,June,2,2011,False
20110607,2011-06-07,7,Tuesday,24,6,June,2,2011,False
20110608,2011-06-08,8,Wednesday,24,6,June,2,2011,False
20110609,2011-06-09,9,Thursday,24,6,June,2,2011,False
20110610,2011-06-10,10,Friday,24,6,June,2,2011,False
20110611,2011-06-11,11,Saturday,24,6,June,2,2011,True
20110612,2011-06-12,12,Sunday,25,6,June,2,2011,True
20110613,2011-06-13,13,Monday,25,6,June,2,2011,False
20110614,2011-06-14,14,Tuesday,25,6,June,2,2011,False
20110615,2011-06-15,15,Wednesday,25,6,June,2,2011,False
20110616,2011-06-16,16,Thursday,25,6,June,2,2011,False
20110617,2011-06-17,17,Friday,25,6,June,2,2011,False
20110618,2011-06-18,18,Saturday,25,6,June,2,2011,True
20110619,2011-06-19,19,Sunday,26,6,June,2,2011,True
20110620,2011-06-20,20,Monday,26,6,June,2,2011,False
20110621,2011-06-21,21,Tuesday,26,6,June,2,2011,False
20110622,2011-06-22,22,Wednesday,26,6,June,2,2011,False
20110623,2011-06-23,23,Thursday,26,6,June,2,2011,False
20110624,2011-06-24,24,Friday,26,6,June,2,2011,False
20110625,2011-06-25,25,Saturday,26,6,June,2,2011,True
20110626,2011-06-26,26,Sunday,27,6,June,2,2011,True
20110627,2011-06-27,27,Monday,27,6,June,2,2011,False
20110628,2011-06-28,28,Tuesday,27,6,June,2,2011,False
20110629,2011-06-29,29,Wednesday,27,6,June,2,2011,False
20110630,2011-06-30,30,Thursday,27,6,June,2,2011,False
20110701,2011-07-01,1,Friday,27,7,July,3,2011,False
20110702,2011-07-02,2,Saturday,27,7,July,3,2011,True
20110703,2011-07-03,3,Sunday,28,7,July,3,2011,True
20110704,2011-07-04,4,Monday,28,7,July,3,2011,False
20110705,2011-07-05,5,Tuesday,28,7,July,3,2011,False
20110706,2011-07-06,6,Wednesday,28,7,July,3,2011,False
20110707,2011-07-07,7,Thursday,28,7,July,3,2011,False
20110708,2011-07-08,8,Friday,28,7,July,3,2011,False
20110709,2011-07-09,9,Saturday,28,7,July,3,2011,True
20110710,2011-07-10,10,Sunday,29,7,July,3,2011,True
20110711,2011-07-11,11,Monday,29,7,July,3,2011,False
20110712,2011-07-12,12,Tuesday,29,7,July,3,2011,False
20110713,2011-07-13,13,Wednesday,29,7,July,3,2011,False
20110714,2011-07-14,14,Thursday,29,7,July,3,2011,False
20110715,2011-07-15,15,Friday,29,7,July,3,2011,False
20110716,2011-07-16,16,Saturday,29,7,July,3,2011,True
20110717,2011-07-17,17,Sunday,30,7,July,3,2011,True
20110718,2011-07-18,18,Monday,30,7,July,3,2011,False
20110719,2011-07-19,19,Tuesday,30,7,July,3,2011,False
20110720,2011-07-20,20,Wednesday,30,7,July,3,2011,False
20110721,2011-07-21,21,Thursday,30,7,July,3,2011,False
20110722,2011-07-22,22,Friday,30,7,July,3,2011,False
20110723,2011-07-23,23,Saturday,30,7,July,3,2011,True
20110724,2011-07-24,24,Sunday,31,7,July,3,2011,True
20110725,2011-07-25,25,Monday,31,7,July,3,2011,False
20110726,2011-07-26,26,Tuesday,31,7,July,3,2011,False
20110727,2011-07-27,27,Wednesday,31,7,July,3,2011,False
20110728,2011-07-28,28,Thursday,31,7,July,3,2011,False
20110729,2011-07-29,29,Friday,31,7,July,3,2011,False
20110730,2011-07-30,30,Saturday,31,7,July,3,2011,True
20110731,2011-07-31,31,Sunday,32,7,July,3,2011,True
20110801,2011-08-01,1,Monday,32,8,August,3,2011,False
20110802,2011-08-02,2,Tuesday,32,8,August,3,2011,False
20110803,2011-08-03,3,Wednesday,32,8,August,3,2011,False
20110804,2011-08-04,4,Thursday,32,8,August,3,2011,False
20110805,2011-08-05,5,Friday,32,8,August,3,2011,False
20110806,2011-08-06,6,Saturday,32,8,August,3,2011,True
20110807,2011-08-07,7,Sunday,33,8,August,3,2011,True
20110808,2011-08-08,8,Monday,33,8,August,3,2011,False
20110809,2011-08-09,9,Tuesday,33,8,August,3,2011,False
20110810,2011-08-10,10,Wednesday,33,8,August,3,2011,False
20110811,2011-08-11,11,Thursday,33,8,August,3,2011,False
20110812,2011-08-12,12,Friday,33,8,August,3,2011,False
20110813,2011-08-13,13,Saturday,33,8,August,3,2011,True
20110814,2011-08-14,14,Sunday,34,8,August,3,2011,True
20110815,2011-08-15,15,Monday,34,8,August,3,2011,False
20110816,2011-08-16,16,Tuesday,34,8,August,3,2011,False
20110817,2011-08-17,17,Wednesday,34,8,August,3,2011,False
20110818,2011-08-18,18,Thursday,34,8,August,3,2011,False
20110819,2011-08-19,19,Friday,34,8,August,3,2011,False
20110820,2011-08-20,20,Saturday,34,8,August,3,2011,True
20110821,2011-08-21,21,Sunday,35,8,August,3,2011,True
20110822,2011-08-22,22,Monday,35,8,August,3,2011,False
20110823,2011-08-23,23,Tuesday,35,8,August,3,2011,False
20110824,2011-08-24,24,Wednesday,35,8,August,3,2011,False
20110825,2011-08-25,25,Thursday,35,8,August,3,2011,False
20110826,2011-08-26,26,Friday,35,8,August,3,2011,False
20110827,2011-08-27,27,Saturday,35,8,August,3,2011,True
20110828,2011-08-28,28,Sunday,36,8,August,3,2011,True
20110829,2011-08-29,29,Monday,36,8,August,3,2011,False
20110830,2011-08-30,30,Tuesday,36,8,August,3,2011,False
20110831,2011-08-31,31,Wednesday,36,8,August,3,2011,False
20110901,2011-09-01,1,Thursday,36,9,September,3,2011,False
20110902,2011-09-02,2,Friday,36,9,September,3,2011,False
20110903,2011-09-03,3,Saturday,36,9,September,3,2011,True
20110904,2011-09-04,4,Sunday,37,9,September,3,2011,True
20110905,2011-09-05,5,Monday,37,9,September,3,2011,False
20110906,2011-09-06,6,Tuesday,37,9,September,3,2011,False
20110907,2011-09-07,7,Wednesday,37,9,September,3,2011,False
20110908,2011-09-08,8,Thursday,37,9,September,3,2011,False
20110909,2011-09-09,9,Friday,37,9,September,3,2011,False
20110910,2011-09-10,10,Saturday,37,9,September,3,2011,True
20110911,2011-09-11,11,Sunday,38,9,September,3,2011,True
20110912,2011-09-12,12,Monday,38,9,September,3,2011,False
20110913,2011-09-13,13,Tuesday,38,9,September,3,2011,False
20110914,2011-09-14,14,Wednesday,38,9,September,3,2011,False
20110915,2011-09-15,15,Thursday,38,9,September,3,2011,False
20110916,2011-09-16,16,Friday,38,9,September,3,2011,False
20110917,2011-09-17,17,Saturday,38,9,September,3,2011,True
20110918,2011-09-18,18,Sunday,39,9,September,3,2011,True
20110919,2011-09-19,19,Monday,39,9,September,3,2011,False
20110920,2011-09-20,20,Tuesday,39,9,September,3,2011,False
20110921,2011-09-21,21,Wednesday,39,9,September,3,2011,False
20110922,2011-09-22,22,Thursday,39,9,September,3,2011,False
20110923,2011-09-23,23,Friday,39,9,September,3,2011,False
20110924,2011-09-24,24,Saturday,39,9,September,3,2011,True
20110925,2011-09-25,25,Sunday,40,9,September,3,2011,True
20110926,2011-09-26,26,Monday,40,9,September,3,2011,False
20110927,2011-09-27,27,Tuesday,40,9,September,3,2011,False
20110928,2011-09-28,28,Wednesday,40,9,September,3,2011,False
20110929,2011-09-29,29,Thursday,40,9,September,3,2011,False
20110930,2011-09-30,30,Friday,40,9,September,3,2011,False
20111001,2011-10-01,1,Saturday,40,10,October,4,2011,True
20111002,2011-10-02,2,Sunday,41,10,October,4,2011,True
20111003,2011-10-03,3,Monday,41,10,October,4,2011,False
20111004,2011-10-04,4,Tuesday,41,10,October,4,2011,False
20111005,2011-10-05,5,Wednesday,41,10,October,4,2011,False
20111006,2011-10-06,6,Thursday,41,10,October,4,2011,False
20111007,2011-10-07,7,Friday,41,10,October,4,2011,False
20111008,2011-10-08,8,Saturday,41,10,October,4,2011,True
20111009,2011-10-09,9,Sunday,42,10,October,4,2011,True
20111010,2011-10-10,10,Monday,42,10,October,4,2011,False
20111011,2011-10-11,11,Tuesday,42,10,October,4,2011,False
20111012,2011-10-12,12,Wednesday,42,10,October,4,2011,False
20111013,2011-10-13,13,Thursday,42,10,October,4,2011,False
20111014,2011-10-14,14,Friday,42,10,October,4,2011,False
20111015,2011-10-15,15,Saturday,42,10,October,4,2011,True
20111016,2011-10-16,16,Sunday,43,10,October,4,2011,True
20111017,2011-10-17,17,Monday,43,10,October,4,2011,False
20111018,2011-10-18,18,Tuesday,43,10,October,4,2011,False
20111019,2011-10-19,19,Wednesday,43,10,October,4,2011,False
20111020,2011-10-20,20,Thursday,43,10,October,4,2011,False
20111021,2011-10-21,21,Friday,43,10,October,4,2011,False
20111022,2011-10-22,22,Saturday,43,10,October,4,2011,True
20111023,2011-10-23,23,Sunday,44,10,October,4,2011,True
20111024,2011-10-24,24,Monday,44,10,October,4,2011,False
20111025,2011-10-25,25,Tuesday,44,10,October,4,2011,False
20111026,2011-10-26,26,Wednesday,44,10,October,4,2011,False
20111027,2011-10-27,27,Thursday,44,10,October,4,2011,False
20111028,2011-10-28,28,Friday,44,10,October,4,2011,False
20111029,2011-10-29,29,Saturday,44,10,October,4,2011,True
20111030,2011-10-30,30,Sunday,45,10,October,4,2011,True
20111031,2011-10-31,31,Monday,45,10,October,4,2011,False
20111101,2011-11-01,1,Tuesday,45,11,November,4,2011,False
20111102,2011-11-02,2,Wednesday,45,11,November,4,2011,False
20111103,2011-11-03,3,Thursday,45,11,November,4,2011,False
20111104,2011-11-04,4,Friday,45,11,November,4,2011,False
20111105,2011-11-05,5,Saturday,45,11,November,4,2011,True
20111106,2011-11-06,6,Sunday,46,11,November,4,2011,True
20111107,2011-11-07,7,Monday,46,11,November,4,2011,False
20111108,2011-11-08,8,Tuesday,46,11,November,4,2011,False
20111109,2011-11-09,9,Wednesday,46,11,November,4,2011,False
20111110,2011-11-10,10,Thursday,46,11,November,4,2011,False
20111111,2011-11-11,11,Friday,46,11,November,4,2011,False
20111112,2011-11-12,12,Saturday,46,11,November,4,2011,True
20111113,2011-11-13,13,Sunday,47,11,November,4,2011,True
20111114,2011-11-14,14,Monday,47,11,November,4,2011,False
20111115,2011-11-15,15,Tuesday,47,11,November,4,2011,False
20111116,2011-11-16,16,Wednesday,47,11,November,4,2011,False
20111117,2011-11-17,17,Thursday,47,11,November,4,2011,False
20111118,2011-11-18,18,Friday,47,11,November,4,2011,False
20111119,2011-11-19,19,Saturday,47,11,November,4,2011,True
20111120,2011-11-20,20,Sunday,48,11,November,4,2011,True
20111121,2011-11-21,21,Monday,48,11,November,4,2011,False
20111122,2011-11-22,22,Tuesday,48,11,November,4,2011,False
20111123,2011-11-23,23,Wednesday,48,11,November,4,2011,False
20111124,2011-11-24,24,Thursday,48,11,November,4,2011,False
20111125,2011-11-25,25,Friday,48,11,November,4,2011,False
20111126,2011-11-26,26,Saturday,48,11,November,4,2011,True
20111127,2011-11-27,27,Sunday,49,11,November,4,2011,True
20111128,2011-11-28,28,Monday,49,11,November,4,2011,False
20111129,2011-11-29,29,Tuesday,49,11,November,4,2011,False
20111130,2011-11-30,30,Wednesday,49,11,November,4,2011,False
20111201,2011-12-01,1,Thursday,49,12,December,4,2011,False
20111202,2011-12-02,2,Friday,49,12,December,4,2011,False
20111203,2011-12-03,3,Saturday,49,12,December,4,2011,True
20111204,2011-12-04,4,Sunday,50,12,December,4,2011,True
20111205,2011-12-05,5,Monday,50,12,December,4,2011,False
20111206,2011-12-06,6,Tuesday,50,12,December,4,2011,False
20111207,2011-12-07,7,Wednesday,50,12,December,4,2011,False
20111208,2011-12-08,8,Thursday,50,12,December,4,2011,False
20111209,2011-12-09,9,Friday,50,12,December,4,2011,False
20111210,2011-12-10,10,Saturday,50,12,December,4,2011,True
20111211,2011-12-11,11,Sunday,51,12,December,4,2011,True
20111212,2011-12-12,12,Monday,51,12,December,4,2011,False
20111213,2011-12-13,13,Tuesday,51,12,December,4,2011,False
20111214,2011-12-14,14,Wednesday,51,12,December,4,2011,False
20111215,2011-12-15,15,Thursday,51,12,December,4,2011,False
20111216,2011-12-16,16,Friday,51,12,December,4,2011,False
20111217,2011-12-17,17,Saturday,51,12,December,4,2011,True
20111218,2011-12-18,18,Sunday,52,12,December,4,2011,True
20111219,2011-12-19,19,Monday,52,12,December,4,2011,False
20111220,2011-12-20,20,Tuesday,52,12,December,4,2011,False
20111221,2011-12-21,21,Wednesday,52,12,December,4,2011,False
20111222,2011-12-22,22,Thursday,52,12,December,4,2011,False
20111223,2011-12-23,23,Friday,52,12,December,4,2011,False
20111224,2011-12-24,24,Saturday,52,12,December,4,2011,True
20111225,2011-12-25,25,Sunday,53,12,December,4,2011,True
20111226,2011-12-26,26,Monday,53,12,December,4,2011,False
20111227,2011-12-27,27,Tuesday,53,12,December,4,2011,False
20111228,2011-12-28,28,Wednesday,53,12,December,4,2011,False
20111229,2011-12-29,29,Thursday,53,12,December,4,2011,False
20111230,2011-12-30,30,Friday,53,12,December,4,2011,False
20111231,2011-12-31,31,Saturday,53,12,December,4,2011,True
20120101,2012-01-01,1,Sunday,1,1,January,1,2012,True
20120102,2012-01-02,2,Monday,1,1,January,1,2012,False
20120103,2012-01-03,3,Tuesday,1,1,January,1,2012,False
20120104,2012-01-04,4,Wednesday,1,1,January,1,2012,False
20120105,2012-01-05,5,Thursday,1,1,January,1,2012,False
20120106,2012-01-06,6,Friday,1,1,January,1,2012,False
20120107,2012-01-07,7,Saturday,1,1,January,1,2012,True
20120108,2012-01-08,8,Sunday,2,1,January,1,2012,True
20120109,2012-01-09,9,Monday,2,1,January,1,2012,False
20120110,2012-01-10,10,Tuesday,2,1,January,1,2012,False
20120111,2012-01-11,11,Wednesday,2,1,January,1,2012,False
20120112,2012-01-12,12,Thursday,2,1,January,1,2012,False
20120113,2012-01-13,13,Friday,2,1,January,1,2012,False
20120114,2012-01-14,14,Saturday,2,1,January,1,2012,True
20120115,2012-01-15,15,Sunday,3,1,January,1,2012,True
20120116,2012-01-16,16,Monday,3,1,January,1,2012,False
20120117,2012-01-17,17,Tuesday,3,1,January,1,2012,False
20120118,2012-01-18,18,Wednesday,3,1,January,1,2012,False
20120119,2012-01-19,19,Thursday,3,1,January,1,2012,False
20120120,2012-01-20,20,Friday,3,1,January,1,2012,False
20120121,2012-01-21,21,Saturday,3,1,January,1,2012,True
20120122,2012-01-22,22,Sunday,4,1,January,1,2012,True
20120123,2012-01-23,23,Monday,4,1,January,1,2012,False
20120124,2012-01-24,24,Tuesday,4,1,January,1,2012,False
20120125,2012-01-25,25,Wednesday,4,1,January,1,2012,False
20120126,2012-01-26,26,Thursday,4,1,January,1,2012,False
20120127,2012-01-27,27,Friday,4,1,January,1,2012,False
20120128,2012-01-28,28,Saturday,4,1,January,1,2012,True
20120129,2012-01-29,29,Sunday,5,1,January,1,2012,True
20120130,2012-01-30,30,Monday,5,1,January,1,2012,False
20120131,2012-01-31,31,Tuesday,5,1,January,1,2012,False
20120201,2012-02-01,1,Wednesday,5,2,February,1,2012,False
20120202,2012-02-02,2,Thursday,5,2,February,1,2012,False
20120203,2012-02-03,3,Friday,5,2,February,1,2012,False
20120204,2012-02-04,4,Saturday,5,2,February,1,2012,True
20120205,2012-02-05,5,Sunday,6,2,February,1,2012,True
20120206,2012-02-06,6,Monday,6,2,February,1,2012,False
20120207,2012-02-07,7,Tuesday,6,2,February,1,2012,False
20120208,2012-02-08,8,Wednesday,6,2,February,1,2012,False
20120209,2012-02-09,9,Thursday,6,2,February,1,2012,False
20120210,2012-02-10,10,Friday,6,2,February,1,2012,False
20120211,2012-02-11,11,Saturday,6,2,February,1,2012,True
20120212,2012-02-12,12,Sunday,7,2,February,1,2012,True
20120213,2012-02-13,13,Monday,7,2,February,1,2012,False
20120214,2012-02-14,14,Tuesday,7,2,February,1,2012,False
20120215,2012-02-15,15,Wednesday,7,2,February,1,2012,False
20120216,2012-02-16,16,Thursday,7,2,February,1,2012,False
20120217,2012-02-17,17,Friday,7,2,February,1,2012,False
20120218,2012-02-18,18,Saturday,7,2,February,1,2012,True
20120219,2012-02-19,19,Sunday,8,2,February,1,2012,True
20120220,2012-02-20,20,Monday,8,2,February,1,2012,False
20120221,2012-02-21,21,Tuesday,8,2,February,1,2012,False
20120222,2012-02-22,22,Wednesday,8,2,February,1,2012,False
20120223,2012-02-23,23,Thursday,8,2,February,1,2012,False
20120224,2012-02-24,24,Friday,8,2,February,1,2012,False
20120225,2012-02-25,25,Saturday,8,2,February,1,2012,True
20120226,2012-02-26,26,Sunday,9,2,February,1,2012,True
20120227,2012-02-27,27,Monday,9,2,February,1,2012,False
20120228,2012-02-28,28,Tuesday,9,2,February,1,2012,False
20120229,2012-02-29,29,Wednesday,9,2,February,1,2012,False
20120301,2012-03-01,1,Thursday,9,3,March,1,2012,False
20120302,2012-03-02,2,Friday,9,3,March,1,2012,False
20120303,2012-03-03,3,Saturday,9,3,March,1,2012,True
20120304,2012-03-04,4,Sunday,10,3,March,1,2012,True
20120305,2012-03-05,5,Monday,10,3,March,1,2012,False
20120306,2012-03-06,6,Tuesday,10,3,March,1,2012,False
20120307,2012-03-07,7,Wednesday,10,3,March,1,2012,False
20120308,2012-03-08,8,Thursday,10,3,March,1,2012,False
20120309,2012-03-09,9,Friday,10,3,March,1,2012,False
20120310,2012-03-10,10,Saturday,10,3,March,1,2012,True
20120311,2012-03-11,11,Sunday,11,3,March,1,2012,True
20120312,2012-03-12,12,Monday,11,3,March,1,2012,False
20120313,2012-03-13,13,Tuesday,11,3,March,1,2012,False
20120314,2012-03-14,14,Wednesday,11,3,March,1,2012,False
20120315,2012-03-15,15,Thursday,11,3,March,1,2012,False
20120316,2012-03-16,16,Friday,11,3,March,1,2012,False
20120317,2012-03-17,17,Saturday,11,3,March,1,2012,True
20120318,2012-03-18,18,Sunday,12,3,March,1,2012,True
20120319,2012-03-19,19,Monday,12,3,March,1,2012,False
20120320,2012-03-20,20,Tuesday,12,3,March,1,2012,False
20120321,2012-03-21,21,Wednesday,12,3,March,1,2012,False
20120322,2012-03-22,22,Thursday,12,3,March,1,2012,False
20120323,2012-03-23,23,Friday,12,3,March,1,2012,False
20120324,2012-03-24,24,Saturday,12,3,March,1,2012,True
20120325,2012-03-25,25,Sunday,13,3,March,1,2012,True
20120326,2012-03-26,26,Monday,13,3,March,1,2012,False
20120327,2012-03-27,27,Tuesday,13,3,March,1,2012,False
20120328,2012-03-28,28,Wednesday,13,3,March,1,2012,False
20120329,2012-03-29,29,Thursday,13,3,March,1,2012,False
20120330,2012-03-30,30,Friday,13,3,March,1,2012,False
20120331,2012-03-31,31,Saturday,13,3,March,1,2012,True
20120401,2012-04-01,1,Sunday,14,4,April,2,2012,True
20120402,2012-04-02,2,Monday,14,4,April,2,2012,False
20120403,2012-04-03,3,Tuesday,14,4,April,2,2012,False
20120404,2012-04-04,4,Wednesday,14,4,April,2,2012,False
20120405,2012-04-05,5,Thursday,14,4,April,2,2012,False
20120406,2012-04-06,6,Friday,14,4,April,2,2012,False
20120407,2012-04-07,7,Saturday,14,4,April,2,2012,True
20120408,2012-04-08,8,Sunday,15,4,April,2,2012,True
20120409,2012-04-09,9,Monday,15,4,April,2,2012,False
20120410,2012-04-10,10,Tuesday,15,4,April,2,2012,False
20120411,2012-04-11,11,Wednesday,15,4,April,2,2012,False
20120412,2012-04-12,12,Thursday,15,4,April,2,2012,False
20120413,2012-04-13,13,Friday,15,4,April,2,2012,False
20120414,2012-04-14,14,Saturday,15,4,April,2,2012,True
20120415,2012-04-15,15,Sunday,16,4,April,2,2012,True
20120416,2012-04-16,16,Monday,16,4,April,2,2012,False
20120417,2012-04-17,17,Tuesday,16,4,April,2,2012,False
20120418,2012-04-18,18,Wednesday,16,4,April,2,2012,False
20120419,2012-04-19,19,Thursday,16,4,April,2,2012,False
20120420,2012-04-20,20,Friday,16,4,April,2,2012,False
20120421,2012-04-21,21,Saturday,16,4,April,2,2012,True
20120422,2012-04-22,22,Sunday,17,4,April,2,2012,True
20120423,2012-04-23,23,Monday,17,4,April,2,2012,False
20120424,2012-04-24,24,Tuesday,17,4,April,2,2012,False
20120425,2012-04-25,25,Wednesday,17,4,April,2,2012,False
20120426,2012-04-26,26,Thursday,17,4,April,2,2012,False
20120427,2012-04-27,27,Friday,17,4,April,2,2012,False
20120428,2012-04-28,28,Saturday,17,4,April,2,2012,True
20120429,2012-04-29,29,Sunday,18,4,April,2,2012,True
20120430,2012-04-30,30,Monday,18,4,April,2,2012,False
20120501,2012-05-01,1,Tuesday,18,5,May,2,2012,False
20120502,2012-05-02,2,Wednesday,18,5,May,2,2012,False
20120503,2012-05-03,3,Thursday,18,5,May,2,2012,False
20120504,2012-05-04,4,Friday,18,5,May,2,2012,False
20120505,2012-05-05,5,Saturday,18,5,May,2,2012,True
20120506,2012-05-06,6,Sunday,19,5,May,2,2012,True
20120507,2012-05-07,7,Monday,19,5,May,2,2012,False
20120508,2012-05-08,8,Tuesday,19,5,May,2,2012,False
20120509,2012-05-09,9,Wednesday,19,5,May,2,2012,False
20120510,2012-05-10,10,Thursday,19,5,May,2,2012,False
20120511,2012-05-11,11,Friday,19,5,May,2,2012,False
20120512,2012-05-12,12,Saturday,19,5,May,2,2012,True
20120513,2012-05-13,13,Sunday,20,5,May,2,2012,True
20120514,2012-05-14,14,Monday,20,5,May,2,2012,False
20120515,2012-05-15,15,Tuesday,20,5,May,2,2012,False
20120516,2012-05-16,16,Wednesday,20,5,May,2,2012,False
20120517,2012-05-17,17,Thursday,20,5,May,2,2012,False
20120518,2012-05-18,18,Friday,20,5,May,2,2012,False
20120519,2012-05-19,19,Saturday,20,5,May,2,2012,True
20120520,2012-05-20,20,Sunday,21,5,May,2,2012,True
20120521,2012-05-21,21,Monday,21,5,May,2,2012,False
20120522,2012-05-22,22,Tuesday,21,5,May,2,2012,False
20120523,2012-05-23,23,Wednesday,21,5,May,2,2012,False
20120524,2012-05-24,24,Thursday,21,5,May,2,2012,False
20120525,2012-05-25,25,Friday,21,5,May,2,2012,False
20120526,2012-05-26,26,Saturday,21,5,May,2,2012,True
20120527,2012-05-27,27,Sunday,22,5,May,2,2012,True
20120528,2012-05-28,28,Monday,22,5,May,2,2012,False
20120529,2012-05-29,29,Tuesday,22,5,May,2,2012,False
20120530,2012-05-30,30,Wednesday,22,5,May,2,2012,False
20120531,2012-05-31,31,Thursday,22,5,May,2,2012,False
20120601,2012-06-01,1,Friday,22,6,June,2,2012,False
20120602,2012-06-02,2,Saturday,22,6,June,2,2012,True
20120603,2012-06-03,3,Sunday,23,6,June,2,2012,True
20120604,2012-06-04,4,Monday,23,6,June,2,2012,False
20120605,2012-06-05,5,Tuesday,23,6,June,2,2012,False
20120606,2012-06-06,6,Wednesday,23,6,June,2,2012,False
20120607,2012-06-07,7,Thursday,23,6,June,2,2012,False
20120608,2012-06-08,8,Friday,23,6,June,2,2012,False
20120609,2012-06-09,9,Saturday,23,6,June,2,2012,True
20120610,2012-06-10,10,Sunday,24,6,June,2,2012,True
20120611,2012-06-11,11,Monday,24,6,June,2,2012,False
20120612,2012-06-12,12,Tuesday,24,6,June,2,2012,False
20120613,2012-06-13,13,Wednesday,24,6,June,2,2012,False
20120614,2012-06-14,14,Thursday,24,6,June,2,2012,False
20120615,2012-06-15,15,Friday,24,6,June,2,2012,False
20120616,2012-06-16,16,Saturday,24,6,June,2,2012,True
20120617,2012-06-17,17,Sunday,25,6,June,2,2012,True
20120618,2012-06-18,18,Monday,25,6,June,2,2012,False
20120619,2012-06-19,19,Tuesday,25,6,June,2,2012,False
20120620,2012-06-20,20,Wednesday,25,6,June,2,2012,False
20120621,2012-06-21,21,Thursday,25,6,June,2,2012,False
20120622,2012-06-22,22,Friday,25,6,June,2,2012,False
20120623,2012-06-23,23,Saturday,25,6,June,2,2012,True
20120624,2012-06-24,24,Sunday,26,6,June,2,2012,True
20120625,2012-06-25,25,Monday,26,6,June,2,2012,False
20120626,2012-06-26,26,Tuesday,26,6,June,2,2012,False
20120627,2012-06-27,27,Wednesday,26,6,June,2,2012,False
20120628,2012-06-28,28,Thursday,26,6,June,2,2012,False
20120629,2012-06-29,29,Friday,26,6,June,2,2012,False
20120630,2012-06-30,30,Saturday,26,6,June,2,2012,True
20120701,2012-07-01,1,Sunday,27,7,July,3,2012,True
20120702,2012-07-02,2,Monday,27,7,July,3,2012,False
20120703,2012-07-03,3,Tuesday,27,7,July,3,2012,False
20120704,2012-07-04,4,Wednesday,27,7,July,3,2012,False
20120705,2012-07-05,5,Thursday,27,7,July,3,2012,False
20120706,2012-07-06,6,Friday,27,7,July,3,2012,False
20120707,2012-07-07,7,Saturday,27,7,July,3,2012,True
20120708,2012-07-08,8,Sunday,28,7,July,3,2012,True
20120709,2012-07-09,9,Monday,28,7,July,3,2012,False
20120710,2012-07-10,10,Tuesday,28,7,July,3,2012,False
20120711,2012-07-11,11,Wednesday,28,7,July,3,2012,False
20120712,2012-07-12,12,Thursday,28,7,July,3,2012,False
20120713,2012-07-13,13,Friday,28,7,July,3,2012,False
20120714,2012-07-14,14,Saturday,28,7,July,3,2012,True
20120715,2012-07-15,15,Sunday,29,7,July,3,2012,True
20120716,2012-07-16,16,Monday,29,7,July,3,2012,False
20120717,2012-07-17,17,Tuesday,29,7,July,3,2012,False
20120718,2012-07-18,18,Wednesday,29,7,July,3,2012,False
20120719,2012-07-19,19,Thursday,29,7,July,3,2012,False
20120720,2012-07-20,20,Friday,29,7,July,3,2012,False
20120721,2012-07-21,21,Saturday,29,7,July,3,2012,True
20120722,2012-07-22,22,Sunday,30,7,July,3,2012,True
20120723,2012-07-23,23,Monday,30,7,July,3,2012,False
20120724,2012-07-24,24,Tuesday,30,7,July,3,2012,False
20120725,2012-07-25,25,Wednesday,30,7,July,3,2012,False
20120726,2012-07-26,26,Thursday,30,7,July,3,2012,False
20120727,2012-07-27,27,Friday,30,7,July,3,2012,False
20120728,2012-07-28,28,Saturday,30,7,July,3,2012,True
20120729,2012-07-29,29,Sunday,31,7,July,3,2012,True
20120730,2012-07-30,30,Monday,31,7,July,3,2012,False
20120731,2012-07-31,31,Tuesday,31,7,July,3,2012,False
20120801,2012-08-01,1,Wednesday,31,8,August,3,2012,False
20120802,2012-08-02,2,Thursday,31,8,August,3,2012,False
20120803,2012-08-03,3,Friday,31,8,August,3,2012,False
20120804,2012-08-04,4,Saturday,31,8,August,3,2012,True
20120805,2012-08-05,5,Sunday,32,8,August,3,2012,True
20120806,2012-08-06,6,Monday,32,8,August,3,2012,False
20120807,2012-08-07,7,Tuesday,32,8,August,3,2012,False
20120808,2012-08-08,8,Wednesday,32,8,August,3,2012,False
20120809,2012-08-09,9,Thursday,32,8,August,3,2012,False
20120810,2012-08-10,10,Friday,32,8,August,3,2012,False
20120811,2012-08-11,11,Saturday,32,8,August,3,2012,True
20120812,2012-08-12,12,Sunday,33,8,August,3,2012,True
20120813,2012-08-13,13,Monday,33,8,August,3,2012,False
20120814,2012-08-14,14,Tuesday,33,8,August,3,2012,False
20120815,2012-08-15,15,Wednesday,33,8,August,3,2012,False
20120816,2012-08-16,16,Thursday,33,8,August,3,2012,False
20120817,2012-08-17,17,Friday,33,8,August,3,2012,False
20120818,2012-08-18,18,Saturday,33,8,August,3,2012,True
20120819,2012-08-19,19,Sunday,34,8,August,3,2012,True
20120820,2012-08-20,20,Monday,34,8,August,3,2012,False
20120821,2012-08-21,21,Tuesday,34,8,August,3,2012,False
20120822,2012-08-22,22,Wednesday,34,8,August,3,2012,False
20120823,2012-08-23,23,Thursday,34,8,August,3,2012,False
20120824,2012-08-24,24,Friday,34,8,August,3,2012,False
20120825,2012-08-25,25,Saturday,34,8,August,3,2012,True
20120826,2012-08-26,26,Sunday,35,8,August,3,2012,True
20120827,2012-08-27,27,Monday,35,8,August,3,2012,False
20120828,2012-08-28,28,Tuesday,35,8,August,3,2012,False
20120829,2012-08-29,29,Wednesday,35,8,August,3,2012,False
20120830,2012-08-30,30,Thursday,35,8,August,3,2012,False
20120831,2012-08-31,31,Friday,35,8,August,3,2012,False
20120901,2012-09-01,1,Saturday,35,9,September,3,2012,True
20120902,2012-09-02,2,Sunday,36,9,September,3,2012,True
20120903,2012-09-03,3,Monday,36,9,September,3,2012,False
20120904,2012-09-04,4,Tuesday,36,9,September,3,2012,False
20120905,2012-09-05,5,Wednesday,36,9,September,3,2012,False
20120906,2012-09-06,6,Thursday,36,9,September,3,2012,False
20120907,2012-09-07,7,Friday,36,9,September,3,2012,False
20120908,2012-09-08,8,Saturday,36,9,September,3,2012,True
20120909,2012-09-09,9,Sunday,37,9,September,3,2012,True
20120910,2012-09-10,10,Monday,37,9,September,3,2012,False
20120911,2012-09-11,11,Tuesday,37,9,September,3,2012,False
20120912,2012-09-12,12,Wednesday,37,9,September,3,2012,False
20120913,2012-09-13,13,Thursday,37,9,September,3,2012,False
20120914,2012-09-14,14,Friday,37,9,September,3,2012,False
20120915,2012-09-15,15,Saturday,37,9,September,3,2012,True
20120916,2012-09-16,16,Sunday,38,9,September,3,2012,True
20120917,2012-09-17,17,Monday,38,9,September,3,2012,False
20120918,2012-09-18,18,Tuesday,38,9,September,3,2012,False
20120919,2012-09-19,19,Wednesday,38,9,September,3,2012,False
20120920,2012-09-20,20,Thursday,38,9,September,3,2012,False
20120921,2012-09-21,21,Friday,38,9,September,3,2012,False
20120922,2012-09-22,22,Saturday,38,9,September,3,2012,True
20120923,2012-09-23,23,Sunday,39,9,September,3,2012,True
20120924,2012-09-24,24,Monday,39,9,September,3,2012,False
20120925,2012-09-25,25,Tuesday,39,9,September,3,2012,False
20120926,2012-09-26,26,Wednesday,39,9,September,3,2012,False
20120927,2012-09-27,27,Thursday,39,9,September,3,2012,False
20120928,2012-09-28,28,Friday,39,9,September,3,2012,False
20120929,2012-09-29,29,Saturday,39,9,September,3,2012,True
20120930,2012-09-30,30,Sunday,40,9,September,3,2012,True
20121001,2012-10-01,1,Monday,40,10,October,4,2012,False
20121002,2012-10-02,2,Tuesday,40,10,October,4,2012,False
20121003,2012-10-03,3,Wednesday,40,10,October,4,2012,False
20121004,2012-10-04,4,Thursday,40,10,October,4,2012,False
20121005,2012-10-05,5,Friday,40,10,October,4,2012,False
20121006,2012-10-06,6,Saturday,40,10,October,4,2012,True
20121007,2012-10-07,7,Sunday,41,10,October,4,2012,True
20121008,2012-10-08,8,Monday,41,10,October,4,2012,False
20121009,2012-10-09,9,Tuesday,41,10,October,4,2012,False
20121010,2012-10-10,10,Wednesday,41,10,October,4,2012,False
20121011,2012-10-11,11,Thursday,41,10,October,4,2012,False
20121012,2012-10-12,12,Friday,41,10,October,4,2012,False
20121013,2012-10-13,13,Saturday,41,10,October,4,2012,True
20121014,2012-10-14,14,Sunday,42,10,October,4,2012,True
20121015,2012-10-15,15,Monday,42,10,October,4,2012,False
20121016,2012-10-16,16,Tuesday,42,10,October,4,2012,False
20121017,2012-10-17,17,Wednesday,42,10,October,4,2012,False
20121018,2012-10-18,18,Thursday,42,10,October,4,2012,False
20121019,2012-10-19,19,Friday,42,10,October,4,2012,False
20121020,2012-10-20,20,Saturday,42,10,October,4,2012,True
20121021,2012-10-21,21,Sunday,43,10,October,4,2012,True
20121022,2012-10-22,22,Monday,43,10,October,4,2012,False
20121023,2012-10-23,23,Tuesday,43,10,October,4,2012,False
20121024,2012-10-24,24,Wednesday,43,10,October,4,2012,False
20121025,2012-10-25,25,Thursday,43,10,October,4,2012,False
20121026,2012-10-26,26,Friday,43,10,October,4,2012,False
20121027,2012-10-27,27,Saturday,43,10,October,4,2012,True
20121028,2012-10-28,28,Sunday,44,10,October,4,2012,True
20121029,2012-10-29,29,Monday,44,10,October,4,2012,False
20121030,2012-10-30,30,Tuesday,44,10,October,4,2012,False
20121031,2012-10-31,31,Wednesday,44,10,October,4,2012,False
20121101,2012-11-01,1,Thursday,44,11,November,4,2012,False
20121102,2012-11-02,2,Friday,44,11,November,4,2012,False
20121103,2012-11-03,3,Saturday,44,11,November,4,2012,True
20121104,2012-11-04,4,Sunday,45,11,November,4,2012,True
20121105,2012-11-05,5,Monday,45,11,November,4,2012,False
20121106,2012-11-06,6,Tuesday,45,11,November,4,2012,False
20121107,2012-11-07,7,Wednesday,45,11,November,4,2012,False
20121108,2012-11-08,8,Thursday,45,11,November,4,2012,False
20121109,2012-11-09,9,Friday,45,11,November,4,2012,False
20121110,2012-11-10,10,Saturday,45,11,November,4,2012,True
20121111,2012-11-11,11,Sunday,46,11,November,4,2012,True
20121112,2012-11-12,12,Monday,46,11,November,4,2012,False
20121113,2012-11-13,13,Tuesday,46,11,November,4,2012,False
20121114,2012-11-14,14,Wednesday,46,11,November,4,2012,False
20121115,2012-11-15,15,Thursday,46,11,November,4,2012,False
20121116,2012-11-16,16,Friday,46,11,November,4,2012,False
20121117,2012-11-17,17,Saturday,46,11,November,4,2012,True
20121118,2012-11-18,18,Sunday,47,11,November,4,2012,True
20121119,2012-11-19,19,Monday,47,11,November,4,2012,False
20121120,2012-11-20,20,Tuesday,47,11,November,4,2012,False
20121121,2012-11-21,21,Wednesday,47,11,November,4,2012,False
20121122,2012-11-22,22,Thursday,47,11,November,4,2012,False
20121123,2012-11-23,23,Friday,47,11,November,4,2012,False
20121124,2012-11-24,24,Saturday,47,11,November,4,2012,True
20121125,2012-11-25,25,Sunday,48,11,November,4,2012,True
20121126,2012-11-26,26,Monday,48,11,November,4,2012,False
20121127,2012-11-27,27,Tuesday,48,11,November,4,2012,False
20121128,2012-11-28,28,Wednesday,48,11,November,4,2012,False
20121129,2012-11-29,29,Thursday,48,11,November,4,2012,False
20121130,2012-11-30,30,Friday,48,11,November,4,2012,False
20121201,2012-12-01,1,Saturday,48,12,December,4,2012,True
20121202,2012-12-02,2,Sunday,49,12,December,4,2012,True
20121203,2012-12-03,3,Monday,49,12,December,4,2012,False
20121204,2012-12-04,4,Tuesday,49,12,December,4,2012,False
20121205,2012-12-05,5,Wednesday,49,12,December,4,2012,False
20121206,2012-12-06,6,Thursday,49,12,December,4,2012,False
20121207,2012-12-07,7,Friday,49,12,December,4,2012,False
20121208,2012-12-08,8,Saturday,49,12,December,4,2012,True
20121209,2012-12-09,9,Sunday,50,12,December,4,2012,True
20121210,2012-12-10,10,Monday,50,12,December,4,2012,False
20121211,2012-12-11,11,Tuesday,50,12,December,4,2012,False
20121212,2012-12-12,12,Wednesday,50,12,December,4,2012,False
20121213,2012-12-13,13,Thursday,50,12,December,4,2012,False
20121214,2012-12-14,14,Friday,50,12,December,4,2012,False
20121215,2012-12-15,15,Saturday,50,12,December,4,2012,True
20121216,2012-12-16,16,Sunday,51,12,December,4,2012,True
20121217,2012-12-17,17,Monday,51,12,December,4,2012,False
20121218,2012-12-18,18,Tuesday,51,12,December,4,2012,False
20121219,2012-12-19,19,Wednesday,51,12,December,4,2012,False
20121220,2012-12-20,20,Thursday,51,12,December,4,2012,False
20121221,2012-12-21,21,Friday,51,12,December,4,2012,False
20121222,2012-12-22,22,Saturday,51,12,December,4,2012,True
20121223,2012-12-23,23,Sunday,52,12,December,4,2012,True
20121224,2012-12-24,24,Monday,52,12,December,4,2012,False
20121225,2012-12-25,25,Tuesday,52,12,December,4,2012,False
20121226,2012-12-26,26,Wednesday,52,12,December,4,2012,False
20121227,2012-12-27,27,Thursday,52,12,December,4,2012,False
20121228,2012-12-28,28,Friday,52,12,December,4,2012,False
20121229,2012-12-29,29,Saturday,52,12,December,4,2012,True
20121230,2012-12-30,30,Sunday,53,12,December,4,2012,True
20121231,2012-12-31,31,Monday,53,12,December,4,2012,False
20130101,2013-01-01,1,Tuesday,1,1,January,1,2013,False
20130102,2013-01-02,2,Wednesday,1,1,January,1,2013,False
20130103,2013-01-03,3,Thursday,1,1,January,1,2013,False
20130104,2013-01-04,4,Friday,1,1,January,1,2013,False
20130105,2013-01-05,5,Saturday,1,1,January,1,2013,True
20130106,2013-01-06,6,Sunday,2,1,January,1,2013,True
20130107,2013-01-07,7,Monday,2,1,January,1,2013,False
20130108,2013-01-08,8,Tuesday,2,1,January,1,2013,False
20130109,2013-01-09,9,Wednesday,2,1,January,1,2013,False
20130110,2013-01-10,10,Thursday,2,1,January,1,2013,False
20130111,2013-01-11,11,Friday,2,1,January,1,2013,False
20130112,2013-01-12,12,Saturday,2,1,January,1,2013,True
20130113,2013-01-13,13,Sunday,3,1,January,1,2013,True
20130114,2013-01-14,14,Monday,3,1,January,1,2013,False
20130115,2013-01-15,15,Tuesday,3,1,January,1,2013,False
20130116,2013-01-16,16,Wednesday,3,1,January,1,2013,False
20130117,2013-01-17,17,Thursday,3,1,January,1,2013,False
20130118,2013-01-18,18,Friday,3,1,January,1,2013,False
20130119,2013-01-19,19,Saturday,3,1,January,1,2013,True
20130120,2013-01-20,20,Sunday,4,1,January,1,2013,True
20130121,2013-01-21,21,Monday,4,1,January,1,2013,False
20130122,2013-01-22,22,Tuesday,4,1,January,1,2013,False
20130123,2013-01-23,23,Wednesday,4,1,January,1,2013,False
20130124,2013-01-24,24,Thursday,4,1,January,1,2013,False
20130125,2013-01-25,25,Friday,4,1,January,1,2013,False
20130126,2013-01-26,26,Saturday,4,1,January,1,2013,True
20130127,2013-01-27,27,Sunday,5,1,January,1,2013,True
20130128,2013-01-28,28,Monday,5,1,January,1,2013,False
20130129,2013-01-29,29,Tuesday,5,1,January,1,2013,False
20130130,2013-01-30,30,Wednesday,5,1,January,1,2013,False
20130131,2013-01-31,31,Thursday,5,1,January,1,2013,False
20130201,2013-02-01,1,Friday,5,2,February,1,2013,False
20130202,2013-02-02,2,Saturday,5,2,February,1,2013,True
20130203,2013-02-03,3,Sunday,6,2,February,1,2013,True
20130204,2013-02-04,4,Monday,6,2,February,1,2013,False
20130205,2013-02-05,5,Tuesday,6,2,February,1,2013,False
20130206,2013-02-06,6,Wednesday,6,2,February,1,2013,False
20130207,2013-02-07,7,Thursday,6,2,February,1,2013,False
20130208,2013-02-08,8,Friday,6,2,February,1,2013,False
20130209,2013-02-09,9,Saturday,6,2,February,1,2013,True
20130210,2013-02-10,10,Sunday,7,2,February,1,2013,True
20130211,2013-02-11,11,Monday,7,2,February,1,2013,False
20130212,2013-02-12,12,Tuesday,7,2,February,1,2013,False
20130213,2013-02-13,13,Wednesday,7,2,February,1,2013,False
20130214,2013-02-14,14,Thursday,7,2,February,1,2013,False
20130215,2013-02-15,15,Friday,7,2,February,1,2013,False
20130216,2013-02-16,16,Saturday,7,2,February,1,2013,True
20130217,2013-02-17,17,Sunday,8,2,February,1,2013,True
20130218,2013-02-18,18,Monday,8,2,February,1,2013,False
20130219,2013-02-19,19,Tuesday,8,2,February,1,2013,False
20130220,2013-02-20,20,Wednesday,8,2,February,1,2013,False
20130221,2013-02-21,21,Thursday,8,2,February,1,2013,False
20130222,2013-02-22,22,Friday,8,2,February,1,2013,False
20130223,2013-02-23,23,Saturday,8,2,February,1,2013,True
20130224,2013-02-24,24,Sunday,9,2,February,1,2013,True
20130225,2013-02-25,25,Monday,9,2,February,1,2013,False
20130226,2013-02-26,26,Tuesday,9,2,February,1,2013,False
20130227,2013-02-27,27,Wednesday,9,2,February,1,2013,False
20130228,2013-02-28,28,Thursday,9,2,February,1,2013,False
20130301,2013-03-01,1,Friday,9,3,March,1,2013,False
20130302,2013-03-02,2,Saturday,9,3,March,1,2013,True
20130303,2013-03-03,3,Sunday,10,3,March,1,2013,True
20130304,2013-03-04,4,Monday,10,3,March,1,2013,False
20130305,2013-03-05,5,Tuesday,10,3,March,1,2013,False
20130306,2013-03-06,6,Wednesday,10,3,March,1,2013,False
20130307,2013-03-07,7,Thursday,10,3,March,1,2013,False
20130308,2013-03-08,8,Friday,10,3,March,1,2013,False
20130309,2013-03-09,9,Saturday,10,3,March,1,2013,True
20130310,2013-03-10,10,Sunday,11,3,March,1,2013,True
20130311,2013-03-11,11,Monday,11,3,March,1,2013,False
20130312,2013-03-12,12,Tuesday,11,3,March,1,2013,False
20130313,2013-03-13,13,Wednesday,11,3,March,1,2013,False
20130314,2013-03-14,14,Thursday,11,3,March,1,2013,False
20130315,2013-03-15,15,Friday,11,3,March,1,2013,False
20130316,2013-03-16,16,Saturday,11,3,March,1,2013,True
20130317,2013-03-17,17,Sunday,12,3,March,1,2013,True
20130318,2013-03-18,18,Monday,12,3,March,1,2013,False
20130319,2013-03-19,19,Tuesday,12,3,March,1,2013,False
20130320,2013-03-20,20,Wednesday,12,3,March,1,2013,False
20130321,2013-03-21,21,Thursday,12,3,March,1,2013,False
20130322,2013-03-22,22,Friday,12,3,March,1,2013,False
20130323,2013-03-23,23,Saturday,12,3,March,1,2013,True
20130324,2013-03-24,24,Sunday,13,3,March,1,2013,True
20130325,2013-03-25,25,Monday,13,3,March,1,2013,False
20130326,2013-03-26,26,Tuesday,13,3,March,1,2013,False
20130327,2013-03-27,27,Wednesday,13,3,March,1,2013,False
20130328,2013-03-28,28,Thursday,13,3,March,1,2013,False
20130329,2013-03-29,29,Friday,13,3,March,1,2013,False
20130330,2013-03-30,30,Saturday,13,3,March,1,2013,True
20130331,2013-03-31,31,Sunday,14,3,March,1,2013,True
20130401,2013-04-01,1,Monday,14,4,April,2,2013,False
20130402,2013-04-02,2,Tuesday,14,4,April,2,2013,False
20130403,2013-04-03,3,Wednesday,14,4,April,2,2013,False
20130404,2013-04-04,4,Thursday,14,4,April,2,2013,False
20130405,2013-04-05,5,Friday,14,4,April,2,2013,False
20130406,2013-04-06,6,Saturday,14,4,April,2,2013,True
20130407,2013-04-07,7,Sunday,15,4,April,2,2013,True
20130408,2013-04-08,8,Monday,15,4,April,2,2013,False
20130409,2013-04-09,9,Tuesday,15,4,April,2,2013,False
20130410,2013-04-10,10,Wednesday,15,4,April,2,2013,False
20130411,2013-04-11,11,Thursday,15,4,April,2,2013,False
20130412,2013-04-12,12,Friday,15,4,April,2,2013,False
20130413,2013-04-13,13,Saturday,15,4,April,2,2013,True
20130414,2013-04-14,14,Sunday,16,4,April,2,2013,True
20130415,2013-04-15,15,Monday,16,4,April,2,2013,False
20130416,2013-04-16,16,Tuesday,16,4,April,2,2013,False
20130417,2013-04-17,17,Wednesday,16,4,April,2,2013,False
20130418,2013-04-18,18,Thursday,16,4,April,2,2013,False
20130419,2013-04-19,19,Friday,16,4,April,2,2013,False
20130420,2013-04-20,20,Saturday,16,4,April,2,2013,True
20130421,2013-04-21,21,Sunday,17,4,April,2,2013,True
20130422,2013-04-22,22,Monday,17,4,April,2,2013,False
20130423,2013-04-23,23,Tuesday,17,4,April,2,2013,False
20130424,2013-04-24,24,Wednesday,17,4,April,2,2013,False
20130425,2013-04-25,25,Thursday,17,4,April,2,2013,False
20130426,2013-04-26,26,Friday,17,4,April,2,2013,False
20130427,2013-04-27,27,Saturday,17,4,April,2,2013,True
20130428,2013-04-28,28,Sunday,18,4,April,2,2013,True
20130429,2013-04-29,29,Monday,18,4,April,2,2013,False
20130430,2013-04-30,30,Tuesday,18,4,April,2,2013,False
20130501,2013-05-01,1,Wednesday,18,5,May,2,2013,False
20130502,2013-05-02,2,Thursday,18,5,May,2,2013,False
20130503,2013-05-03,3,Friday,18,5,May,2,2013,False
20130504,2013-05-04,4,Saturday,18,5,May,2,2013,True
20130505,2013-05-05,5,Sunday,19,5,May,2,2013,True
20130506,2013-05-06,6,Monday,19,5,May,2,2013,False
20130507,2013-05-07,7,Tuesday,19,5,May,2,2013,False
20130508,2013-05-08,8,Wednesday,19,5,May,2,2013,False
20130509,2013-05-09,9,Thursday,19,5,May,2,2013,False
20130510,2013-05-10,10,Friday,19,5,May,2,2013,False
20130511,2013-05-11,11,Saturday,19,5,May,2,2013,True
20130512,2013-05-12,12,Sunday,20,5,May,2,2013,True
20130513,2013-05-13,13,Monday,20,5,May,2,2013,False
20130514,2013-05-14,14,Tuesday,20,5,May,2,2013,False
20130515,2013-05-15,15,Wednesday,20,5,May,2,2013,False
20130516,2013-05-16,16,Thursday,20,5,May,2,2013,False
20130517,2013-05-17,17,Friday,20,5,May,2,2013,False
20130518,2013-05-18,18,Saturday,20,5,May,2,2013,True
20130519,2013-05-19,19,Sunday,21,5,May,2,2013,True
20130520,2013-05-20,20,Monday,21,5,May,2,2013,False
20130521,2013-05-21,21,Tuesday,21,5,May,2,2013,False
20130522,2013-05-22,22,Wednesday,21,5,May,2,2013,False
20130523,2013-05-23,23,Thursday,21,5,May,2,2013,False
20130524,2013-05-24,24,Friday,21,5,May,2,2013,False
20130525,2013-05-25,25,Saturday,21,5,May,2,2013,True
20130526,2013-05-26,26,Sunday,22,5,May,2,2013,True
20130527,2013-05-27,27,Monday,22,5,May,2,2013,False
20130528,2013-05-28,28,Tuesday,22,5,May,2,2013,False
20130529,2013-05-29,29,Wednesday,22,5,May,2,2013,False
20130530,2013-05-30,30,Thursday,22,5,May,2,2013,False
20130531,2013-05-31,31,Friday,22,5,May,2,2013,False
20130601,2013-06-01,1,Saturday,22,6,June,2,2013,True
20130602,2013-06-02,2,Sunday,23,6,June,2,2013,True
20130603,2013-06-03,3,Monday,23,6,June,2,2013,False
20130604,2013-06-04,4,Tuesday,23,6,June,2,2013,False
20130605,2013-06-05,5,Wednesday,23,6,June,2,2013,False
20130606,2013-06-06,6,Thursday,23,6,June,2,2013,False
20130607,2013-06-07,7,Friday,23,6,June,2,2013,False
20130608,2013-06-08,8,Saturday,23,6,June,2,2013,True
20130609,2013-06-09,9,Sunday,24,6,June,2,2013,True
20130610,2013-06-10,10,Monday,24,6,June,2,2013,False
20130611,2013-06-11,11,Tuesday,24,6,June,2,2013,False
20130612,2013-06-12,12,Wednesday,24,6,June,2,2013,False
20130613,2013-06-13,13,Thursday,24,6,June,2,2013,False
20130614,2013-06-14,14,Friday,24,6,June,2,2013,False
20130615,2013-06-15,15,Saturday,24,6,June,2,2013,True
20130616,2013-06-16,16,Sunday,25,6,June,2,2013,True
20130617,2013-06-17,17,Monday,25,6,June,2,2013,False
20130618,2013-06-18,18,Tuesday,25,6,June,2,2013,False
20130619,2013-06-19,19,Wednesday,25,6,June,2,2013,False
20130620,2013-06-20,20,Thursday,25,6,June,2,2013,False
20130621,2013-06-21,21,Friday,25,6,June,2,2013,False
20130622,2013-06-22,22,Saturday,25,6,June,2,2013,True
20130623,2013-06-23,23,Sunday,26,6,June,2,2013,True
20130624,2013-06-24,24,Monday,26,6,June,2,2013,False
20130625,2013-06-25,25,Tuesday,26,6,June,2,2013,False
20130626,2013-06-26,26,Wednesday,26,6,June,2,2013,False
20130627,2013-06-27,27,Thursday,26,6,June,2,2013,False
20130628,2013-06-28,28,Friday,26,6,June,2,2013,False
20130629,2013-06-29,29,Saturday,26,6,June,2,2013,True
20130630,2013-06-30,30,Sunday,27,6,June,2,2013,True
20130701,2013-07-01,1,Monday,27,7,July,3,2013,False
20130702,2013-07-02,2,Tuesday,27,7,July,3,2013,False
20130703,2013-07-03,3,Wednesday,27,7,July,3,2013,False
20130704,2013-07-04,4,Thursday,27,7,July,3,2013,False
20130705,2013-07-05,5,Friday,27,7,July,3,2013,False
20130706,2013-07-06,6,Saturday,27,7,July,3,2013,True
20130707,2013-07-07,7,Sunday,28,7,July,3,2013,True
20130708,2013-07-08,8,Monday,28,7,July,3,2013,False
20130709,2013-07-09,9,Tuesday,28,7,July,3,2013,False
20130710,2013-07-10,10,Wednesday,28,7,July,3,2013,False
20130711,2013-07-11,11,Thursday,28,7,July,3,2013,False
20130712,2013-07-12,12,Friday,28,7,July,3,2013,False
20130713,2013-07-13,13,Saturday,28,7,July,3,2013,True
20130714,2013-07-14,14,Sunday,29,7,July,3,2013,True
20130715,2013-07-15,15,Monday,29,7,July,3,2013,False
20130716,2013-07-16,16,Tuesday,29,7,July,3,2013,False
20130717,2013-07-17,17,Wednesday,29,7,July,3,2013,False
20130718,2013-07-18,18,Thursday,29,7,July,3,2013,False
20130719,2013-07-19,19,Friday,29,7,July,3,2013,False
20130720,2013-07-20,20,Saturday,29,7,July,3,2013,True
20130721,2013-07-21,21,Sunday,30,7,July,3,2013,True
20130722,2013-07-22,22,Monday,30,7,July,3,2013,False
20130723,2013-07-23,23,Tuesday,30,7,July,3,2013,False
20130724,2013-07-24,24,Wednesday,30,7,July,3,2013,False
20130725,2013-07-25,25,Thursday,30,7,July,3,2013,False
20130726,2013-07-26,26,Friday,30,7,July,3,2013,False
20130727,2013-07-27,27,Saturday,30,7,July,3,2013,True
20130728,2013-07-28,28,Sunday,31,7,July,3,2013,True
20130729,2013-07-29,29,Monday,31,7,July,3,2013,False
20130730,2013-07-30,30,Tuesday,31,7,July,3,2013,False
20130731,2013-07-31,31,Wednesday,31,7,July,3,2013,False
20130801,2013-08-01,1,Thursday,31,8,August,3,2013,False
20130802,2013-08-02,2,Friday,31,8,August,3,2013,False
20130803,2013-08-03,3,Saturday,31,8,August,3,2013,True
20130804,2013-08-04,4,Sunday,32,8,August,3,2013,True
20130805,2013-08-05,5,Monday,32,8,August,3,2013,False
20130806,2013-08-06,6,Tuesday,32,8,August,3,2013,False
20130807,2013-08-07,7,Wednesday,32,8,August,3,2013,False
20130808,2013-08-08,8,Thursday,32,8,August,3,2013,False
20130809,2013-08-09,9,Friday,32,8,August,3,2013,False
20130810,2013-08-10,10,Saturday,32,8,August,3,2013,True
20130811,2013-08-11,11,Sunday,33,8,August,3,2013,True
20130812,2013-08-12,12,Monday,33,8,August,3,2013,False
20130813,2013-08-13,13,Tuesday,33,8,August,3,2013,False
20130814,2013-08-14,14,Wednesday,33,8,August,3,2013,False
20130815,2013-08-15,15,Thursday,33,8,August,3,2013,False
20130816,2013-08-16,16,Friday,33,8,August,3,2013,False
20130817,2013-08-17,17,Saturday,33,8,August,3,2013,True
20130818,2013-08-18,18,Sunday,34,8,August,3,2013,True
20130819,2013-08-19,19,Monday,34,8,August,3,2013,False
20130820,2013-08-20,20,Tuesday,34,8,August,3,2013,False
20130821,2013-08-21,21,Wednesday,34,8,August,3,2013,False
20130822,2013-08-22,22,Thursday,34,8,August,3,2013,False
20130823,2013-08-23,23,Friday,34,8,August,3,2013,False
20130824,2013-08-24,24,Saturday,34,8,August,3,2013,True
20130825,2013-08-25,25,Sunday,35,8,August,3,2013,True
20130826,2013-08-26,26,Monday,35,8,August,3,2013,False
20130827,2013-08-27,27,Tuesday,35,8,August,3,2013,False
20130828,2013-08-28,28,Wednesday,35,8,August,3,2013,False
20130829,2013-08-29,29,Thursday,35,8,August,3,2013,False
20130830,2013-08-30,30,Friday,35,8,August,3,2013,False
20130831,2013-08-31,31,Saturday,35,8,August,3,2013,True
20130901,2013-09-01,1,Sunday,36,9,September,3,2013,True
20130902,2013-09-02,2,Monday,36,9,September,3,2013,False
20130903,2013-09-03,3,Tuesday,36,9,September,3,2013,False
20130904,2013-09-04,4,Wednesday,36,9,September,3,2013,False
20130905,2013-09-05,5,Thursday,36,9,September,3,2013,False
20130906,2013-09-06,6,Friday,36,9,September,3,2013,False
20130907,2013-09-07,7,Saturday,36,9,September,3,2013,True
20130908,2013-09-08,8,Sunday,37,9,September,3,2013,True
20130909,2013-09-09,9,Monday,37,9,September,3,2013,False
20130910,2013-09-10,10,Tuesday,37,9,September,3,2013,False
20130911,2013-09-11,11,Wednesday,37,9,September,3,2013,False
20130912,2013-09-12,12,Thursday,37,9,September,3,2013,False
20130913,2013-09-13,13,Friday,37,9,September,3,2013,False
20130914,2013-09-14,14,Saturday,37,9,September,3,2013,True
20130915,2013-09-15,15,Sunday,38,9,September,3,2013,True
20130916,2013-09-16,16,Monday,38,9,September,3,2013,False
20130917,2013-09-17,17,Tuesday,38,9,September,3,2013,False
20130918,2013-09-18,18,Wednesday,38,9,September,3,2013,False
20130919,2013-09-19,19,Thursday,38,9,September,3,2013,False
20130920,2013-09-20,20,Friday,38,9,September,3,2013,False
20130921,2013-09-21,21,Saturday,38,9,September,3,2013,True
20130922,2013-09-22,22,Sunday,39,9,September,3,2013,True
20130923,2013-09-23,23,Monday,39,9,September,3,2013,False
20130924,2013-09-24,24,Tuesday,39,9,September,3,2013,False
20130925,2013-09-25,25,Wednesday,39,9,September,3,2013,False
20130926,2013-09-26,26,Thursday,39,9,September,3,2013,False
20130927,2013-09-27,27,Friday,39,9,September,3,2013,False
20130928,2013-09-28,28,Saturday,39,9,September,3,2013,True
20130929,2013-09-29,29,Sunday,40,9,September,3,2013,True
20130930,2013-09-30,30,Monday,40,9,September,3,2013,False
20131001,2013-10-01,1,Tuesday,40,10,October,4,2013,False
20131002,2013-10-02,2,Wednesday,40,10,October,4,2013,False
20131003,2013-10-03,3,Thursday,40,10,October,4,2013,False
20131004,2013-10-04,4,Friday,40,10,October,4,2013,False
20131005,2013-10-05,5,Saturday,40,10,October,4,2013,True
20131006,2013-10-06,6,Sunday,41,10,October,4,2013,True
20131007,2013-10-07,7,Monday,41,10,October,4,2013,False
20131008,2013-10-08,8,Tuesday,41,10,October,4,2013,False
20131009,2013-10-09,9,Wednesday,41,10,October,4,2013,False
20131010,2013-10-10,10,Thursday,41,10,October,4,2013,False
20131011,2013-10-11,11,Friday,41,10,October,4,2013,False
20131012,2013-10-12,12,Saturday,41,10,October,4,2013,True
20131013,2013-10-13,13,Sunday,42,10,October,4,2013,True
20131014,2013-10-14,14,Monday,42,10,October,4,2013,False
20131015,2013-10-15,15,Tuesday,42,10,October,4,2013,False
20131016,2013-10-16,16,Wednesday,42,10,October,4,2013,False
20131017,2013-10-17,17,Thursday,42,10,October,4,2013,False
20131018,2013-10-18,18,Friday,42,10,October,4,2013,False
20131019,2013-10-19,19,Saturday,42,10,October,4,2013,True
20131020,2013-10-20,20,Sunday,43,10,October,4,2013,True
20131021,2013-10-21,21,Monday,43,10,October,4,2013,False
20131022,2013-10-22,22,Tuesday,43,10,October,4,2013,False
20131023,2013-10-23,23,Wednesday,43,10,October,4,2013,False
20131024,2013-10-24,24,Thursday,43,10,October,4,2013,False
20131025,2013-10-25,25,Friday,43,10,October,4,2013,False
20131026,2013-10-26,26,Saturday,43,10,October,4,2013,True
20131027,2013-10-27,27,Sunday,44,10,October,4,2013,True
20131028,2013-10-28,28,Monday,44,10,October,4,2013,False
20131029,2013-10-29,29,Tuesday,44,10,October,4,2013,False
20131030,2013-10-30,30,Wednesday,44,10,October,4,2013,False
20131031,2013-10-31,31,Thursday,44,10,October,4,2013,False
20131101,2013-11-01,1,Friday,44,11,November,4,2013,False
20131102,2013-11-02,2,Saturday,44,11,November,4,2013,True
20131103,2013-11-03,3,Sunday,45,11,November,4,2013,True
20131104,2013-11-04,4,Monday,45,11,November,4,2013,False
20131105,2013-11-05,5,Tuesday,45,11,November,4,2013,False
20131106,2013-11-06,6,Wednesday,45,11,November,4,2013,False
20131107,2013-11-07,7,Thursday,45,11,November,4,2013,False
20131108,2013-11-08,8,Friday,45,11,November,4,2013,False
20131109,2013-11-09,9,Saturday,45,11,November,4,2013,True
20131110,2013-11-10,10,Sunday,46,11,November,4,2013,True
20131111,2013-11-11,11,Monday,46,11,November,4,2013,False
20131112,2013-11-12,12,Tuesday,46,11,November,4,2013,False
20131113,2013-11-13,13,Wednesday,46,11,November,4,2013,False
20131114,2013-11-14,14,Thursday,46,11,November,4,2013,False
20131115,2013-11-15,15,Friday,46,11,November,4,2013,False
20131116,2013-11-16,16,Saturday,46,11,November,4,2013,True
20131117,2013-11-17,17,Sunday,47,11,November,4,2013,True
20131118,2013-11-18,18,Monday,47,11,November,4,2013,False
20131119,2013-11-19,19,Tuesday,47,11,November,4,2013,False
20131120,2013-11-20,20,Wednesday,47,11,November,4,2013,False
20131121,2013-11-21,21,Thursday,47,11,November,4,2013,False
20131122,2013-11-22,22,Friday,47,11,November,4,2013,False
20131123,2013-11-23,23,Saturday,47,11,November,4,2013,True
20131124,2013-11-24,24,Sunday,48,11,November,4,2013,True
20131125,2013-11-25,25,Monday,48,11,November,4,2013,False
20131126,2013-11-26,26,Tuesday,48,11,November,4,2013,False
20131127,2013-11-27,27,Wednesday,48,11,November,4,2013,False
20131128,2013-11-28,28,Thursday,48,11,November,4,2013,False
20131129,2013-11-29,29,Friday,48,11,November,4,2013,False
20131130,2013-11-30,30,Saturday,48,11,November,4,2013,True
20131201,2013-12-01,1,Sunday,49,12,December,4,2013,True
20131202,2013-12-02,2,Monday,49,12,December,4,2013,False
20131203,2013-12-03,3,Tuesday,49,12,December,4,2013,False
20131204,2013-12-04,4,Wednesday,49,12,December,4,2013,False
20131205,2013-12-05,5,Thursday,49,12,December,4,2013,False
20131206,2013-12-06,6,Friday,49,12,December,4,2013,False
20131207,2013-12-07,7,Saturday,49,12,December,4,2013,True
20131208,2013-12-08,8,Sunday,50,12,December,4,2013,True
20131209,2013-12-09,9,Monday,50,12,December,4,2013,False
20131210,2013-12-10,10,Tuesday,50,12,December,4,2013,False
20131211,2013-12-11,11,Wednesday,50,12,December,4,2013,False
20131212,2013-12-12,12,Thursday,50,12,December,4,2013,False
20131213,2013-12-13,13,Friday,50,12,December,4,2013,False
20131214,2013-12-14,14,Saturday,50,12,December,4,2013,True
20131215,2013-12-15,15,Sunday,51,12,December,4,2013,True
20131216,2013-12-16,16,Monday,51,12,December,4,2013,False
20131217,2013-12-17,17,Tuesday,51,12,December,4,2013,False
20131218,2013-12-18,18,Wednesday,51,12,December,4,2013,False
20131219,2013-12-19,19,Thursday,51,12,December,4,2013,False
20131220,2013-12-20,20,Friday,51,12,December,4,2013,False
20131221,2013-12-21,21,Saturday,51,12,December,4,2013,True
20131222,2013-12-22,22,Sunday,52,12,December,4,2013,True
20131223,2013-12-23,23,Monday,52,12,December,4,2013,False
20131224,2013-12-24,24,Tuesday,52,12,December,4,2013,False
20131225,2013-12-25,25,Wednesday,52,12,December,4,2013,False
20131226,2013-12-26,26,Thursday,52,12,December,4,2013,False
20131227,2013-12-27,27,Friday,52,12,December,4,2013,False
20131228,2013-12-28,28,Saturday,52,12,December,4,2013,True
20131229,2013-12-29,29,Sunday,53,12,December,4,2013,True
20131230,2013-12-30,30,Monday,53,12,December,4,2013,False
20131231,2013-12-31,31,Tuesday,53,12,December,4,2013,False
20140101,2014-01-01,1,Wednesday,1,1,January,1,2014,False
20140102,2014-01-02,2,Thursday,1,1,January,1,2014,False
20140103,2014-01-03,3,Friday,1,1,January,1,2014,False
20140104,2014-01-04,4,Saturday,1,1,January,1,2014,True
20140105,2014-01-05,5,Sunday,2,1,January,1,2014,True
20140106,2014-01-06,6,Monday,2,1,January,1,2014,False
20140107,2014-01-07,7,Tuesday,2,1,January,1,2014,False
20140108,2014-01-08,8,Wednesday,2,1,January,1,2014,False
20140109,2014-01-09,9,Thursday,2,1,January,1,2014,False
20140110,2014-01-10,10,Friday,2,1,January,1,2014,False
20140111,2014-01-11,11,Saturday,2,1,January,1,2014,True
20140112,2014-01-12,12,Sunday,3,1,January,1,2014,True
20140113,2014-01-13,13,Monday,3,1,January,1,2014,False
20140114,2014-01-14,14,Tuesday,3,1,January,1,2014,False
20140115,2014-01-15,15,Wednesday,3,1,January,1,2014,False
20140116,2014-01-16,16,Thursday,3,1,January,1,2014,False
20140117,2014-01-17,17,Friday,3,1,January,1,2014,False
20140118,2014-01-18,18,Saturday,3,1,January,1,2014,True
20140119,2014-01-19,19,Sunday,4,1,January,1,2014,True
20140120,2014-01-20,20,Monday,4,1,January,1,2014,False
20140121,2014-01-21,21,Tuesday,4,1,January,1,2014,False
20140122,2014-01-22,22,Wednesday,4,1,January,1,2014,False
20140123,2014-01-23,23,Thursday,4,1,January,1,2014,False
20140124,2014-01-24,24,Friday,4,1,January,1,2014,False
20140125,2014-01-25,25,Saturday,4,1,January,1,2014,True
20140126,2014-01-26,26,Sunday,5,1,January,1,2014,True
20140127,2014-01-27,27,Monday,5,1,January,1,2014,False
20140128,2014-01-28,28,Tuesday,5,1,January,1,2014,False
20140129,2014-01-29,29,Wednesday,5,1,January,1,2014,False
20140130,2014-01-30,30,Thursday,5,1,January,1,2014,False
20140131,2014-01-31,31,Friday,5,1,January,1,2014,False
20140201,2014-02-01,1,Saturday,5,2,February,1,2014,True
20140202,2014-02-02,2,Sunday,6,2,February,1,2014,True
20140203,2014-02-03,3,Monday,6,2,February,1,2014,False
20140204,2014-02-04,4,Tuesday,6,2,February,1,2014,False
20140205,2014-02-05,5,Wednesday,6,2,February,1,2014,False
20140206,2014-02-06,6,Thursday,6,2,February,1,2014,False
20140207,2014-02-07,7,Friday,6,2,February,1,2014,False
20140208,2014-02-08,8,Saturday,6,2,February,1,2014,True
20140209,2014-02-09,9,Sunday,7,2,February,1,2014,True
20140210,2014-02-10,10,Monday,7,2,February,1,2014,False
20140211,2014-02-11,11,Tuesday,7,2,February,1,2014,False
20140212,2014-02-12,12,Wednesday,7,2,February,1,2014,False
20140213,2014-02-13,13,Thursday,7,2,February,1,2014,False
20140214,2014-02-14,14,Friday,7,2,February,1,2014,False
20140215,2014-02-15,15,Saturday,7,2,February,1,2014,True
20140216,2014-02-16,16,Sunday,8,2,February,1,2014,True
20140217,2014-02-17,17,Monday,8,2,February,1,2014,False
20140218,2014-02-18,18,Tuesday,8,2,February,1,2014,False
20140219,2014-02-19,19,Wednesday,8,2,February,1,2014,False
20140220,2014-02-20,20,Thursday,8,2,February,1,2014,False
20140221,2014-02-21,21,Friday,8,2,February,1,2014,False
20140222,2014-02-22,22,Saturday,8,2,February,1,2014,True
20140223,2014-02-23,23,Sunday,9,2,February,1,2014,True
20140224,2014-02-24,24,Monday,9,2,February,1,2014,False
20140225,2014-02-25,25,Tuesday,9,2,February,1,2014,False
20140226,2014-02-26,26,Wednesday,9,2,February,1,2014,False
20140227,2014-02-27,27,Thursday,9,2,February,1,2014,False
20140228,2014-02-28,28,Friday,9,2,February,1,2014,False
20140301,2014-03-01,1,Saturday,9,3,March,1,2014,True
20140302,2014-03-02,2,Sunday,10,3,March,1,2014,True
20140303,2014-03-03,3,Monday,10,3,March,1,2014,False
20140304,2014-03-04,4,Tuesday,10,3,March,1,2014,False
20140305,2014-03-05,5,Wednesday,10,3,March,1,2014,False
20140306,2014-03-06,6,Thursday,10,3,March,1,2014,False
20140307,2014-03-07,7,Friday,10,3,March,1,2014,False
20140308,2014-03-08,8,Saturday,10,3,March,1,2014,True
20140309,2014-03-09,9,Sunday,11,3,March,1,2014,True
20140310,2014-03-10,10,Monday,11,3,March,1,2014,False
20140311,2014-03-11,11,Tuesday,11,3,March,1,2014,False
20140312,2014-03-12,12,Wednesday,11,3,March,1,2014,False
20140313,2014-03-13,13,Thursday,11,3,March,1,2014,False
20140314,2014-03-14,14,Friday,11,3,March,1,2014,False
20140315,2014-03-15,15,Saturday,11,3,March,1,2014,True
20140316,2014-03-16,16,Sunday,12,3,March,1,2014,True
20140317,2014-03-17,17,Monday,12,3,March,1,2014,False
20140318,2014-03-18,18,Tuesday,12,3,March,1,2014,False
20140319,2014-03-19,19,Wednesday,12,3,March,1,2014,False
20140320,2014-03-20,20,Thursday,12,3,March,1,2014,False
20140321,2014-03-21,21,Friday,12,3,March,1,2014,False
20140322,2014-03-22,22,Saturday,12,3,March,1,2014,True
20140323,2014-03-23,23,Sunday,13,3,March,1,2014,True
20140324,2014-03-24,24,Monday,13,3,March,1,2014,False
20140325,2014-03-25,25,Tuesday,13,3,March,1,2014,False
20140326,2014-03-26,26,Wednesday,13,3,March,1,2014,False
20140327,2014-03-27,27,Thursday,13,3,March,1,2014,False
20140328,2014-03-28,28,Friday,13,3,March,1,2014,False
20140329,2014-03-29,29,Saturday,13,3,March,1,2014,True
20140330,2014-03-30,30,Sunday,14,3,March,1,2014,True
20140331,2014-03-31,31,Monday,14,3,March,1,2014,False
20140401,2014-04-01,1,Tuesday,14,4,April,2,2014,False
20140402,2014-04-02,2,Wednesday,14,4,April,2,2014,False
20140403,2014-04-03,3,Thursday,14,4,April,2,2014,False
20140404,2014-04-04,4,Friday,14,4,April,2,2014,False
20140405,2014-04-05,5,Saturday,14,4,April,2,2014,True
20140406,2014-04-06,6,Sunday,15,4,April,2,2014,True
20140407,2014-04-07,7,Monday,15,4,April,2,2014,False
20140408,2014-04-08,8,Tuesday,15,4,April,2,2014,False
20140409,2014-04-09,9,Wednesday,15,4,April,2,2014,False
20140410,2014-04-10,10,Thursday,15,4,April,2,2014,False
20140411,2014-04-11,11,Friday,15,4,April,2,2014,False
20140412,2014-04-12,12,Saturday,15,4,April,2,2014,True
20140413,2014-04-13,13,Sunday,16,4,April,2,2014,True
20140414,2014-04-14,14,Monday,16,4,April,2,2014,False
20140415,2014-04-15,15,Tuesday,16,4,April,2,2014,False
20140416,2014-04-16,16,Wednesday,16,4,April,2,2014,False
20140417,2014-04-17,17,Thursday,16,4,April,2,2014,False
20140418,2014-04-18,18,Friday,16,4,April,2,2014,False
20140419,2014-04-19,19,Saturday,16,4,April,2,2014,True
20140420,2014-04-20,20,Sunday,17,4,April,2,2014,True
20140421,2014-04-21,21,Monday,17,4,April,2,2014,False
20140422,2014-04-22,22,Tuesday,17,4,April,2,2014,False
20140423,2014-04-23,23,Wednesday,17,4,April,2,2014,False
20140424,2014-04-24,24,Thursday,17,4,April,2,2014,False
20140425,2014-04-25,25,Friday,17,4,April,2,2014,False
20140426,2014-04-26,26,Saturday,17,4,April,2,2014,True
20140427,2014-04-27,27,Sunday,18,4,April,2,2014,True
20140428,2014-04-28,28,Monday,18,4,April,2,2014,False
20140429,2014-04-29,29,Tuesday,18,4,April,2,2014,False
20140430,2014-04-30,30,Wednesday,18,4,April,2,2014,False
20140501,2014-05-01,1,Thursday,18,5,May,2,2014,False
20140502,2014-05-02,2,Friday,18,5,May,2,2014,False
20140503,2014-05-03,3,Saturday,18,5,May,2,2014,True
20140504,2014-05-04,4,Sunday,19,5,May,2,2014,True
20140505,2014-05-05,5,Monday,19,5,May,2,2014,False
20140506,2014-05-06,6,Tuesday,19,5,May,2,2014,False
20140507,2014-05-07,7,Wednesday,19,5,May,2,2014,False
20140508,2014-05-08,8,Thursday,19,5,May,2,2014,False
20140509,2014-05-09,9,Friday,19,5,May,2,2014,False
20140510,2014-05-10,10,Saturday,19,5,May,2,2014,True
20140511,2014-05-11,11,Sunday,20,5,May,2,2014,True
20140512,2014-05-12,12,Monday,20,5,May,2,2014,False
20140513,2014-05-13,13,Tuesday,20,5,May,2,2014,False
20140514,2014-05-14,14,Wednesday,20,5,May,2,2014,False
20140515,2014-05-15,15,Thursday,20,5,May,2,2014,False
20140516,2014-05-16,16,Friday,20,5,May,2,2014,False
20140517,2014-05-17,17,Saturday,20,5,May,2,2014,True
20140518,2014-05-18,18,Sunday,21,5,May,2,2014,True
20140519,2014-05-19,19,Monday,21,5,May,2,2014,False
20140520,2014-05-20,20,Tuesday,21,5,May,2,2014,False
20140521,2014-05-21,21,Wednesday,21,5,May,2,2014,False
20140522,2014-05-22,22,Thursday,21,5,May,2,2014,False
20140523,2014-05-23,23,Friday,21,5,May,2,2014,False
20140524,2014-05-24,24,Saturday,21,5,May,2,2014,True
20140525,2014-05-25,25,Sunday,22,5,May,2,2014,True
20140526,2014-05-26,26,Monday,22,5,May,2,2014,False
20140527,2014-05-27,27,Tuesday,22,5,May,2,2014,False
20140528,2014-05-28,28,Wednesday,22,5,May,2,2014,False
20140529,2014-05-29,29,Thursday,22,5,May,2,2014,False
20140530,2014-05-30,30,Friday,22,5,May,2,2014,False
20140531,2014-05-31,31,Saturday,22,5,May,2,2014,True
20140601,2014-06-01,1,Sunday,23,6,June,2,2014,True
20140602,2014-06-02,2,Monday,23,6,June,2,2014,False
20140603,2014-06-03,3,Tuesday,23,6,June,2,2014,False
20140604,2014-06-04,4,Wednesday,23,6,June,2,2014,False
20140605,2014-06-05,5,Thursday,23,6,June,2,2014,False
20140606,2014-06-06,6,Friday,23,6,June,2,2014,False
20140607,2014-06-07,7,Saturday,23,6,June,2,2014,True
20140608,2014-06-08,8,Sunday,24,6,June,2,2014,True
20140609,2014-06-09,9,Monday,24,6,June,2,2014,False
20140610,2014-06-10,10,Tuesday,24,6,June,2,2014,False
20140611,2014-06-11,11,Wednesday,24,6,June,2,2014,False
20140612,2014-06-12,12,Thursday,24,6,June,2,2014,False
20140613,2014-06-13,13,Friday,24,6,June,2,2014,False
20140614,2014-06-14,14,Saturday,24,6,June,2,2014,True
20140615,2014-06-15,15,Sunday,25,6,June,2,2014,True
20140616,2014-06-16,16,Monday,25,6,June,2,2014,False
20140617,2014-06-17,17,Tuesday,25,6,June,2,2014,False
20140618,2014-06-18,18,Wednesday,25,6,June,2,2014,False
20140619,2014-06-19,19,Thursday,25,6,June,2,2014,False
20140620,2014-06-20,20,Friday,25,6,June,2,2014,False
20140621,2014-06-21,21,Saturday,25,6,June,2,2014,True
20140622,2014-06-22,22,Sunday,26,6,June,2,2014,True
20140623,2014-06-23,23,Monday,26,6,June,2,2014,False
20140624,2014-06-24,24,Tuesday,26,6,June,2,2014,False
20140625,2014-06-25,25,Wednesday,26,6,June,2,2014,False
20140626,2014-06-26,26,Thursday,26,6,June,2,2014,False
20140627,2014-06-27,27,Friday,26,6,June,2,2014,False
20140628,2014-06-28,28,Saturday,26,6,June,2,2014,True
20140629,2014-06-29,29,Sunday,27,6,June,2,2014,True
20140630,2014-06-30,30,Monday,27,6,June,2,2014,False
20140701,2014-07-01,1,Tuesday,27,7,July,3,2014,False
20140702,2014-07-02,2,Wednesday,27,7,July,3,2014,False
20140703,2014-07-03,3,Thursday,27,7,July,3,2014,False
20140704,2014-07-04,4,Friday,27,7,July,3,2014,False
20140705,2014-07-05,5,Saturday,27,7,July,3,2014,True
20140706,2014-07-06,6,Sunday,28,7,July,3,2014,True
20140707,2014-07-07,7,Monday,28,7,July,3,2014,False
20140708,2014-07-08,8,Tuesday,28,7,July,3,2014,False
20140709,2014-07-09,9,Wednesday,28,7,July,3,2014,False
20140710,2014-07-10,10,Thursday,28,7,July,3,2014,False
20140711,2014-07-11,11,Friday,28,7,July,3,2014,False
20140712,2014-07-12,12,Saturday,28,7,July,3,2014,True
20140713,2014-07-13,13,Sunday,29,7,July,3,2014,True
20140714,2014-07-14,14,Monday,29,7,July,3,2014,False
20140715,2014-07-15,15,Tuesday,29,7,July,3,2014,False
20140716,2014-07-16,16,Wednesday,29,7,July,3,2014,False
20140717,2014-07-17,17,Thursday,29,7,July,3,2014,False
20140718,2014-07-18,18,Friday,29,7,July,3,2014,False
20140719,2014-07-19,19,Saturday,29,7,July,3,2014,True
20140720,2014-07-20,20,Sunday,30,7,July,3,2014,True
20140721,2014-07-21,21,Monday,30,7,July,3,2014,False
20140722,2014-07-22,22,Tuesday,30,7,July,3,2014,False
20140723,2014-07-23,23,Wednesday,30,7,July,3,2014,False
20140724,2014-07-24,24,Thursday,30,7,July,3,2014,False
20140725,2014-07-25,25,Friday,30,7,July,3,2014,False
20140726,2014-07-26,26,Saturday,30,7,July,3,2014,True
20140727,2014-07-27,27,Sunday,31,7,July,3,2014,True
20140728,2014-07-28,28,Monday,31,7,July,3,2014,False
20140729,2014-07-29,29,Tuesday,31,7,July,3,2014,False
20140730,2014-07-30,30,Wednesday,31,7,July,3,2014,False
20140731,2014-07-31,31,Thursday,31,7,July,3,2014,False
20140801,2014-08-01,1,Friday,31,8,August,3,2014,False
20140802,2014-08-02,2,Saturday,31,8,August,3,2014,True
20140803,2014-08-03,3,Sunday,32,8,August,3,2014,True
20140804,2014-08-04,4,Monday,32,8,August,3,2014,False
20140805,2014-08-05,5,Tuesday,32,8,August,3,2014,False
20140806,2014-08-06,6,Wednesday,32,8,August,3,2014,False
20140807,2014-08-07,7,Thursday,32,8,August,3,2014,False
20140808,2014-08-08,8,Friday,32,8,August,3,2014,False
20140809,2014-08-09,9,Saturday,32,8,August,3,2014,True
20140810,2014-08-10,10,Sunday,33,8,August,3,2014,True
20140811,2014-08-11,11,Monday,33,8,August,3,2014,False
20140812,2014-08-12,12,Tuesday,33,8,August,3,2014,False
20140813,2014-08-13,13,Wednesday,33,8,August,3,2014,False
20140814,2014-08-14,14,Thursday,33,8,August,3,2014,False
20140815,2014-08-15,15,Friday,33,8,August,3,2014,False
20140816,2014-08-16,16,Saturday,33,8,August,3,2014,True
20140817,2014-08-17,17,Sunday,34,8,August,3,2014,True
20140818,2014-08-18,18,Monday,34,8,August,3,2014,False
20140819,2014-08-19,19,Tuesday,34,8,August,3,2014,False
20140820,2014-08-20,20,Wednesday,34,8,August,3,2014,False
20140821,2014-08-21,21,Thursday,34,8,August,3,2014,False
20140822,2014-08-22,22,Friday,34,8,August,3,2014,False
20140823,2014-08-23,23,Saturday,34,8,August,3,2014,True
20140824,2014-08-24,24,Sunday,35,8,August,3,2014,True
20140825,2014-08-25,25,Monday,35,8,August,3,2014,False
20140826,2014-08-26,26,Tuesday,35,8,August,3,2014,False
20140827,2014-08-27,27,Wednesday,35,8,August,3,2014,False
20140828,2014-08-28,28,Thursday,35,8,August,3,2014,False
20140829,2014-08-29,29,Friday,35,8,August,3,2014,False
20140830,2014-08-30,30,Saturday,35,8,August,3,2014,True
20140831,2014-08-31,31,Sunday,36,8,August,3,2014,True
20140901,2014-09-01,1,Monday,36,9,September,3,2014,False
20140902,2014-09-02,2,Tuesday,36,9,September,3,2014,False
20140903,2014-09-03,3,Wednesday,36,9,September,3,2014,False
20140904,2014-09-04,4,Thursday,36,9,September,3,2014,False
20140905,2014-09-05,5,Friday,36,9,September,3,2014,False
20140906,2014-09-06,6,Saturday,36,9,September,3,2014,True
20140907,2014-09-07,7,Sunday,37,9,September,3,2014,True
20140908,2014-09-08,8,Monday,37,9,September,3,2014,False
20140909,2014-09-09,9,Tuesday,37,9,September,3,2014,False
20140910,2014-09-10,10,Wednesday,37,9,September,3,2014,False
20140911,2014-09-11,11,Thursday,37,9,September,3,2014,False
20140912,2014-09-12,12,Friday,37,9,September,3,2014,False
20140913,2014-09-13,13,Saturday,37,9,September,3,2014,True
20140914,2014-09-14,14,Sunday,38,9,September,3,2014,True
20140915,2014-09-15,15,Monday,38,9,September,3,2014,False
20140916,2014-09-16,16,Tuesday,38,9,September,3,2014,False
20140917,2014-09-17,17,Wednesday,38,9,September,3,2014,False
20140918,2014-09-18,18,Thursday,38,9,September,3,2014,False
20140919,2014-09-19,19,Friday,38,9,September,3,2014,False
20140920,2014-09-20,20,Saturday,38,9,September,3,2014,True
20140921,2014-09-21,21,Sunday,39,9,September,3,2014,True
20140922,2014-09-22,22,Monday,39,9,September,3,2014,False
20140923,2014-09-23,23,Tuesday,39,9,September,3,2014,False
20140924,2014-09-24,24,Wednesday,39,9,September,3,2014,False
20140925,2014-09-25,25,Thursday,39,9,September,3,2014,False
20140926,2014-09-26,26,Friday,39,9,September,3,2014,False
20140927,2014-09-27,27,Saturday,39,9,September,3,2014,True
20140928,2014-09-28,28,Sunday,40,9,September,3,2014,True
20140929,2014-09-29,29,Monday,40,9,September,3,2014,False
20140930,2014-09-30,30,Tuesday,40,9,September,3,2014,False
20141001,2014-10-01,1,Wednesday,40,10,October,4,2014,False
20141002,2014-10-02,2,Thursday,40,10,October,4,2014,False
20141003,2014-10-03,3,Friday,40,10,October,4,2014,False
20141004,2014-10-04,4,Saturday,40,10,October,4,2014,True
20141005,2014-10-05,5,Sunday,41,10,October,4,2014,True
20141006,2014-10-06,6,Monday,41,10,October,4,2014,False
20141007,2014-10-07,7,Tuesday,41,10,October,4,2014,False
20141008,2014-10-08,8,Wednesday,41,10,October,4,2014,False
20141009,2014-10-09,9,Thursday,41,10,October,4,2014,False
20141010,2014-10-10,10,Friday,41,10,October,4,2014,False
20141011,2014-10-11,11,Saturday,41,10,October,4,2014,True
20141012,2014-10-12,12,Sunday,42,10,October,4,2014,True
20141013,2014-10-13,13,Monday,42,10,October,4,2014,False
20141014,2014-10-14,14,Tuesday,42,10,October,4,2014,False
20141015,2014-10-15,15,Wednesday,42,10,October,4,2014,False
20141016,2014-10-16,16,Thursday,42,10,October,4,2014,False
20141017,2014-10-17,17,Friday,42,10,October,4,2014,False
20141018,2014-10-18,18,Saturday,42,10,October,4,2014,True
20141019,2014-10-19,19,Sunday,43,10,October,4,2014,True
20141020,2014-10-20,20,Monday,43,10,October,4,2014,False
20141021,2014-10-21,21,Tuesday,43,10,October,4,2014,False
20141022,2014-10-22,22,Wednesday,43,10,October,4,2014,False
20141023,2014-10-23,23,Thursday,43,10,October,4,2014,False
20141024,2014-10-24,24,Friday,43,10,October,4,2014,False
20141025,2014-10-25,25,Saturday,43,10,October,4,2014,True
20141026,2014-10-26,26,Sunday,44,10,October,4,2014,True
20141027,2014-10-27,27,Monday,44,10,October,4,2014,False
20141028,2014-10-28,28,Tuesday,44,10,October,4,2014,False
20141029,2014-10-29,29,Wednesday,44,10,October,4,2014,False
20141030,2014-10-30,30,Thursday,44,10,October,4,2014,False
20141031,2014-10-31,31,Friday,44,10,October,4,2014,False
20141101,2014-11-01,1,Saturday,44,11,November,4,2014,True
20141102,2014-11-02,2,Sunday,45,11,November,4,2014,True
20141103,2014-11-03,3,Monday,45,11,November,4,2014,False
20141104,2014-11-04,4,Tuesday,45,11,November,4,2014,False
20141105,2014-11-05,5,Wednesday,45,11,November,4,2014,False
20141106,2014-11-06,6,Thursday,45,11,November,4,2014,False
20141107,2014-11-07,7,Friday,45,11,November,4,2014,False
20141108,2014-11-08,8,Saturday,45,11,November,4,2014,True
20141109,2014-11-09,9,Sunday,46,11,November,4,2014,True
20141110,2014-11-10,10,Monday,46,11,November,4,2014,False
20141111,2014-11-11,11,Tuesday,46,11,November,4,2014,False
20141112,2014-11-12,12,Wednesday,46,11,November,4,2014,False
20141113,2014-11-13,13,Thursday,46,11,November,4,2014,False
20141114,2014-11-14,14,Friday,46,11,November,4,2014,False
20141115,2014-11-15,15,Saturday,46,11,November,4,2014,True
20141116,2014-11-16,16,Sunday,47,11,November,4,2014,True
20141117,2014-11-17,17,Monday,47,11,November,4,2014,False
20141118,2014-11-18,18,Tuesday,47,11,November,4,2014,False
20141119,2014-11-19,19,Wednesday,47,11,November,4,2014,False
20141120,2014-11-20,20,Thursday,47,11,November,4,2014,False
20141121,2014-11-21,21,Friday,47,11,November,4,2014,False
20141122,2014-11-22,22,Saturday,47,11,November,4,2014,True
20141123,2014-11-23,23,Sunday,48,11,November,4,2014,True
20141124,2014-11-24,24,Monday,48,11,November,4,2014,False
20141125,2014-11-25,25,Tuesday,48,11,November,4,2014,False
20141126,2014-11-26,26,Wednesday,48,11,November,4,2014,False
20141127,2014-11-27,27,Thursday,48,11,November,4,2014,False
20141128,2014-11-28,28,Friday,48,11,November,4,2014,False
20141129,2014-11-29,29,Saturday,48,11,November,4,2014,True
20141130,2014-11-30,30,Sunday,49,11,November,4,2014,True
20141201,2014-12-01,1,Monday,49,12,December,4,2014,False
20141202,2014-12-02,2,Tuesday,49,12,December,4,2014,False
20141203,2014-12-03,3,Wednesday,49,12,December,4,2014,False
20141204,2014-12-04,4,Thursday,49,12,December,4,2014,False
20141205,2014-12-05,5,Friday,49,12,December,4,2014,False
20141206,2014-12-06,6,Saturday,49,12,December,4,2014,True
20141207,2014-12-07,7,Sunday,50,12,December,4,2014,True
20141208,2014-12-08,8,Monday,50,12,December,4,2014,False
20141209,2014-12-09,9,Tuesday,50,12,December,4,2014,False
20141210,2014-12-10,10,Wednesday,50,12,December,4,2014,False
20141211,2014-12-11,11,Thursday,50,12,December,4,2014,False
20141212,2014-12-12,12,Friday,50,12,December,4,2014,False
20141213,2014-12-13,13,Saturday,50,12,December,4,2014,True
20141214,2014-12-14,14,Sunday,51,12,December,4,2014,True
20141215,2014-12-15,15,Monday,51,12,December,4,2014,False
20141216,2014-12-16,16,Tuesday,51,12,December,4,2014,False
20141217,2014-12-17,17,Wednesday,51,12,December,4,2014,False
20141218,2014-12-18,18,Thursday,51,12,December,4,2014,False
20141219,2014-12-19,19,Friday,51,12,December,4,2014,False
20141220,2014-12-20,20,Saturday,51,12,December,4,2014,True
20141221,2014-12-21,21,Sunday,52,12,December,4,2014,True
20141222,2014-12-22,22,Monday,52,12,December,4,2014,False
20141223,2014-12-23,23,Tuesday,52,12,December,4,2014,False
20141224,2014-12-24,24,Wednesday,52,12,December,4,2014,False
20141225,2014-12-25,25,Thursday,52,12,December,4,2014,False
20141226,2014-12-26,26,Friday,52,12,December,4,2014,False
20141227,2014-12-27,27,Saturday,52,12,December,4,2014,True
20141228,2014-12-28,28,Sunday,53,12,December,4,2014,True
20141229,2014-12-29,29,Monday,53,12,December,4,2014,False
20141230,2014-12-30,30,Tuesday,53,12,December,4,2014,False
20141231,2014-12-31,31,Wednesday,53,12,December,4,2014,False
20150101,2015-01-01,1,Thursday,1,1,January,1,2015,False
20150102,2015-01-02,2,Friday,1,1,January,1,2015,False
20150103,2015-01-03,3,Saturday,1,1,January,1,2015,True
20150104,2015-01-04,4,Sunday,2,1,January,1,2015,True
20150105,2015-01-05,5,Monday,2,1,January,1,2015,False
20150106,2015-01-06,6,Tuesday,2,1,January,1,2015,False
20150107,2015-01-07,7,Wednesday,2,1,January,1,2015,False
20150108,2015-01-08,8,Thursday,2,1,January,1,2015,False
20150109,2015-01-09,9,Friday,2,1,January,1,2015,False
20150110,2015-01-10,10,Saturday,2,1,January,1,2015,True
20150111,2015-01-11,11,Sunday,3,1,January,1,2015,True
20150112,2015-01-12,12,Monday,3,1,January,1,2015,False
20150113,2015-01-13,13,Tuesday,3,1,January,1,2015,False
20150114,2015-01-14,14,Wednesday,3,1,January,1,2015,False
20150115,2015-01-15,15,Thursday,3,1,January,1,2015,False
20150116,2015-01-16,16,Friday,3,1,January,1,2015,False
20150117,2015-01-17,17,Saturday,3,1,January,1,2015,True
20150118,2015-01-18,18,Sunday,4,1,January,1,2015,True
20150119,2015-01-19,19,Monday,4,1,January,1,2015,False
20150120,2015-01-20,20,Tuesday,4,1,January,1,2015,False
20150121,2015-01-21,21,Wednesday,4,1,January,1,2015,False
20150122,2015-01-22,22,Thursday,4,1,January,1,2015,False
20150123,2015-01-23,23,Friday,4,1,January,1,2015,False
20150124,2015-01-24,24,Saturday,4,1,January,1,2015,True
20150125,2015-01-25,25,Sunday,5,1,January,1,2015,True
20150126,2015-01-26,26,Monday,5,1,January,1,2015,False
20150127,2015-01-27,27,Tuesday,5,1,January,1,2015,False
20150128,2015-01-28,28,Wednesday,5,1,January,1,2015,False
20150129,2015-01-29,29,Thursday,5,1,January,1,2015,False
20150130,2015-01-30,30,Friday,5,1,January,1,2015,False
20150131,2015-01-31,31,Saturday,5,1,January,1,2015,True
20150201,2015-02-01,1,Sunday,6,2,February,1,2015,True
20150202,2015-02-02,2,Monday,6,2,February,1,2015,False
20150203,2015-02-03,3,Tuesday,6,2,February,1,2015,False
20150204,2015-02-04,4,Wednesday,6,2,February,1,2015,False
20150205,2015-02-05,5,Thursday,6,2,February,1,2015,False
20150206,2015-02-06,6,Friday,6,2,February,1,2015,False
20150207,2015-02-07,7,Saturday,6,2,February,1,2015,True
20150208,2015-02-08,8,Sunday,7,2,February,1,2015,True
20150209,2015-02-09,9,Monday,7,2,February,1,2015,False
20150210,2015-02-10,10,Tuesday,7,2,February,1,2015,False
20150211,2015-02-11,11,Wednesday,7,2,February,1,2015,False
20150212,2015-02-12,12,Thursday,7,2,February,1,2015,False
20150213,2015-02-13,13,Friday,7,2,February,1,2015,False
20150214,2015-02-14,14,Saturday,7,2,February,1,2015,True
20150215,2015-02-15,15,Sunday,8,2,February,1,2015,True
20150216,2015-02-16,16,Monday,8,2,February,1,2015,False
20150217,2015-02-17,17,Tuesday,8,2,February,1,2015,False
20150218,2015-02-18,18,Wednesday,8,2,February,1,2015,False
20150219,2015-02-19,19,Thursday,8,2,February,1,2015,False
20150220,2015-02-20,20,Friday,8,2,February,1,2015,False
20150221,2015-02-21,21,Saturday,8,2,February,1,2015,True
20150222,2015-02-22,22,Sunday,9,2,February,1,2015,True
20150223,2015-02-23,23,Monday,9,2,February,1,2015,False
20150224,2015-02-24,24,Tuesday,9,2,February,1,2015,False
20150225,2015-02-25,25,Wednesday,9,2,February,1,2015,False
20150226,2015-02-26,26,Thursday,9,2,February,1,2015,False
20150227,2015-02-27,27,Friday,9,2,February,1,2015,False
20150228,2015-02-28,28,Saturday,9,2,February,1,2015,True
20150301,2015-03-01,1,Sunday,10,3,March,1,2015,True
20150302,2015-03-02,2,Monday,10,3,March,1,2015,False
20150303,2015-03-03,3,Tuesday,10,3,March,1,2015,False
20150304,2015-03-04,4,Wednesday,10,3,March,1,2015,False
20150305,2015-03-05,5,Thursday,10,3,March,1,2015,False
20150306,2015-03-06,6,Friday,10,3,March,1,2015,False
20150307,2015-03-07,7,Saturday,10,3,March,1,2015,True
20150308,2015-03-08,8,Sunday,11,3,March,1,2015,True
20150309,2015-03-09,9,Monday,11,3,March,1,2015,False
20150310,2015-03-10,10,Tuesday,11,3,March,1,2015,False
20150311,2015-03-11,11,Wednesday,11,3,March,1,2015,False
20150312,2015-03-12,12,Thursday,11,3,March,1,2015,False
20150313,2015-03-13,13,Friday,11,3,March,1,2015,False
20150314,2015-03-14,14,Saturday,11,3,March,1,2015,True
20150315,2015-03-15,15,Sunday,12,3,March,1,2015,True
20150316,2015-03-16,16,Monday,12,3,March,1,2015,False
20150317,2015-03-17,17,Tuesday,12,3,March,1,2015,False
20150318,2015-03-18,18,Wednesday,12,3,March,1,2015,False
20150319,2015-03-19,19,Thursday,12,3,March,1,2015,False
20150320,2015-03-20,20,Friday,12,3,March,1,2015,False
20150321,2015-03-21,21,Saturday,12,3,March,1,2015,True
20150322,2015-03-22,22,Sunday,13,3,March,1,2015,True
20150323,2015-03-23,23,Monday,13,3,March,1,2015,False
20150324,2015-03-24,24,Tuesday,13,3,March,1,2015,False
20150325,2015-03-25,25,Wednesday,13,3,March,1,2015,False
20150326,2015-03-26,26,Thursday,13,3,March,1,2015,False
20150327,2015-03-27,27,Friday,13,3,March,1,2015,False
20150328,2015-03-28,28,Saturday,13,3,March,1,2015,True
20150329,2015-03-29,29,Sunday,14,3,March,1,2015,True
20150330,2015-03-30,30,Monday,14,3,March,1,2015,False
20150331,2015-03-31,31,Tuesday,14,3,March,1,2015,False
20150401,2015-04-01,1,Wednesday,14,4,April,2,2015,False
20150402,2015-04-02,2,Thursday,14,4,April,2,2015,False
20150403,2015-04-03,3,Friday,14,4,April,2,2015,False
20150404,2015-04-04,4,Saturday,14,4,April,2,2015,True
20150405,2015-04-05,5,Sunday,15,4,April,2,2015,True
20150406,2015-04-06,6,Monday,15,4,April,2,2015,False
20150407,2015-04-07,7,Tuesday,15,4,April,2,2015,False
20150408,2015-04-08,8,Wednesday,15,4,April,2,2015,False
20150409,2015-04-09,9,Thursday,15,4,April,2,2015,False
20150410,2015-04-10,10,Friday,15,4,April,2,2015,False
20150411,2015-04-11,11,Saturday,15,4,April,2,2015,True
20150412,2015-04-12,12,Sunday,16,4,April,2,2015,True
20150413,2015-04-13,13,Monday,16,4,April,2,2015,False
20150414,2015-04-14,14,Tuesday,16,4,April,2,2015,False
20150415,2015-04-15,15,Wednesday,16,4,April,2,2015,False
20150416,2015-04-16,16,Thursday,16,4,April,2,2015,False
20150417,2015-04-17,17,Friday,16,4,April,2,2015,False
20150418,2015-04-18,18,Saturday,16,4,April,2,2015,True
20150419,2015-04-19,19,Sunday,17,4,April,2,2015,True
20150420,2015-04-20,20,Monday,17,4,April,2,2015,False
20150421,2015-04-21,21,Tuesday,17,4,April,2,2015,False
20150422,2015-04-22,22,Wednesday,17,4,April,2,2015,False
20150423,2015-04-23,23,Thursday,17,4,April,2,2015,False
20150424,2015-04-24,24,Friday,17,4,April,2,2015,False
20150425,2015-04-25,25,Saturday,17,4,April,2,2015,True
20150426,2015-04-26,26,Sunday,18,4,April,2,2015,True
20150427,2015-04-27,27,Monday,18,4,April,2,2015,False
20150428,2015-04-28,28,Tuesday,18,4,April,2,2015,False
20150429,2015-04-29,29,Wednesday,18,4,April,2,2015,False
20150430,2015-04-30,30,Thursday,18,4,April,2,2015,False
20150501,2015-05-01,1,Friday,18,5,May,2,2015,False
20150502,2015-05-02,2,Saturday,18,5,May,2,2015,True
20150503,2015-05-03,3,Sunday,19,5,May,2,2015,True
20150504,2015-05-04,4,Monday,19,5,May,2,2015,False
20150505,2015-05-05,5,Tuesday,19,5,May,2,2015,False
20150506,2015-05-06,6,Wednesday,19,5,May,2,2015,False
20150507,2015-05-07,7,Thursday,19,5,May,2,2015,False
20150508,2015-05-08,8,Friday,19,5,May,2,2015,False
20150509,2015-05-09,9,Saturday,19,5,May,2,2015,True
20150510,2015-05-10,10,Sunday,20,5,May,2,2015,True
20150511,2015-05-11,11,Monday,20,5,May,2,2015,False
20150512,2015-05-12,12,Tuesday,20,5,May,2,2015,False
20150513,2015-05-13,13,Wednesday,20,5,May,2,2015,False
20150514,2015-05-14,14,Thursday,20,5,May,2,2015,False
20150515,2015-05-15,15,Friday,20,5,May,2,2015,False
20150516,2015-05-16,16,Saturday,20,5,May,2,2015,True
20150517,2015-05-17,17,Sunday,21,5,May,2,2015,True
20150518,2015-05-18,18,Monday,21,5,May,2,2015,False
20150519,2015-05-19,19,Tuesday,21,5,May,2,2015,False
20150520,2015-05-20,20,Wednesday,21,5,May,2,2015,False
20150521,2015-05-21,21,Thursday,21,5,May,2,2015,False
20150522,2015-05-22,22,Friday,21,5,May,2,2015,False
20150523,2015-05-23,23,Saturday,21,5,May,2,2015,True
20150524,2015-05-24,24,Sunday,22,5,May,2,2015,True
20150525,2015-05-25,25,Monday,22,5,May,2,2015,False
20150526,2015-05-26,26,Tuesday,22,5,May,2,2015,False
20150527,2015-05-27,27,Wednesday,22,5,May,2,2015,False
20150528,2015-05-28,28,Thursday,22,5,May,2,2015,False
20150529,2015-05-29,29,Friday,22,5,May,2,2015,False
20150530,2015-05-30,30,Saturday,22,5,May,2,2015,True
20150531,2015-05-31,31,Sunday,23,5,May,2,2015,True
20150601,2015-06-01,1,Monday,23,6,June,2,2015,False
20150602,2015-06-02,2,Tuesday,23,6,June,2,2015,False
20150603,2015-06-03,3,Wednesday,23,6,June,2,2015,False
20150604,2015-06-04,4,Thursday,23,6,June,2,2015,False
20150605,2015-06-05,5,Friday,23,6,June,2,2015,False
20150606,2015-06-06,6,Saturday,23,6,June,2,2015,True
20150607,2015-06-07,7,Sunday,24,6,June,2,2015,True
20150608,2015-06-08,8,Monday,24,6,June,2,2015,False
20150609,2015-06-09,9,Tuesday,24,6,June,2,2015,False
20150610,2015-06-10,10,Wednesday,24,6,June,2,2015,False
20150611,2015-06-11,11,Thursday,24,6,June,2,2015,False
20150612,2015-06-12,12,Friday,24,6,June,2,2015,False
20150613,2015-06-13,13,Saturday,24,6,June,2,2015,True
20150614,2015-06-14,14,Sunday,25,6,June,2,2015,True
20150615,2015-06-15,15,Monday,25,6,June,2,2015,False
20150616,2015-06-16,16,Tuesday,25,6,June,2,2015,False
20150617,2015-06-17,17,Wednesday,25,6,June,2,2015,False
20150618,2015-06-18,18,Thursday,25,6,June,2,2015,False
20150619,2015-06-19,19,Friday,25,6,June,2,2015,False
20150620,2015-06-20,20,Saturday,25,6,June,2,2015,True
20150621,2015-06-21,21,Sunday,26,6,June,2,2015,True
20150622,2015-06-22,22,Monday,26,6,June,2,2015,False
20150623,2015-06-23,23,Tuesday,26,6,June,2,2015,False
20150624,2015-06-24,24,Wednesday,26,6,June,2,2015,False
20150625,2015-06-25,25,Thursday,26,6,June,2,2015,False
20150626,2015-06-26,26,Friday,26,6,June,2,2015,False
20150627,2015-06-27,27,Saturday,26,6,June,2,2015,True
20150628,2015-06-28,28,Sunday,27,6,June,2,2015,True
20150629,2015-06-29,29,Monday,27,6,June,2,2015,False
20150630,2015-06-30,30,Tuesday,27,6,June,2,2015,False
20150701,2015-07-01,1,Wednesday,27,7,July,3,2015,False
20150702,2015-07-02,2,Thursday,27,7,July,3,2015,False
20150703,2015-07-03,3,Friday,27,7,July,3,2015,False
20150704,2015-07-04,4,Saturday,27,7,July,3,2015,True
20150705,2015-07-05,5,Sunday,28,7,July,3,2015,True
20150706,2015-07-06,6,Monday,28,7,July,3,2015,False
20150707,2015-07-07,7,Tuesday,28,7,July,3,2015,False
20150708,2015-07-08,8,Wednesday,28,7,July,3,2015,False
20150709,2015-07-09,9,Thursday,28,7,July,3,2015,False
20150710,2015-07-10,10,Friday,28,7,July,3,2015,False
20150711,2015-07-11,11,Saturday,28,7,July,3,2015,True
20150712,2015-07-12,12,Sunday,29,7,July,3,2015,True
20150713,2015-07-13,13,Monday,29,7,July,3,2015,False
20150714,2015-07-14,14,Tuesday,29,7,July,3,2015,False
20150715,2015-07-15,15,Wednesday,29,7,July,3,2015,False
20150716,2015-07-16,16,Thursday,29,7,July,3,2015,False
20150717,2015-07-17,17,Friday,29,7,July,3,2015,False
20150718,2015-07-18,18,Saturday,29,7,July,3,2015,True
20150719,2015-07-19,19,Sunday,30,7,July,3,2015,True
20150720,2015-07-20,20,Monday,30,7,July,3,2015,False
20150721,2015-07-21,21,Tuesday,30,7,July,3,2015,False
20150722,2015-07-22,22,Wednesday,30,7,July,3,2015,False
20150723,2015-07-23,23,Thursday,30,7,July,3,2015,False
20150724,2015-07-24,24,Friday,30,7,July,3,2015,False
20150725,2015-07-25,25,Saturday,30,7,July,3,2015,True
20150726,2015-07-26,26,Sunday,31,7,July,3,2015,True
20150727,2015-07-27,27,Monday,31,7,July,3,2015,False
20150728,2015-07-28,28,Tuesday,31,7,July,3,2015,False
20150729,2015-07-29,29,Wednesday,31,7,July,3,2015,False
20150730,2015-07-30,30,Thursday,31,7,July,3,2015,False
20150731,2015-07-31,31,Friday,31,7,July,3,2015,False
20150801,2015-08-01,1,Saturday,31,8,August,3,2015,True
20150802,2015-08-02,2,Sunday,32,8,August,3,2015,True
20150803,2015-08-03,3,Monday,32,8,August,3,2015,False
20150804,2015-08-04,4,Tuesday,32,8,August,3,2015,False
20150805,2015-08-05,5,Wednesday,32,8,August,3,2015,False
20150806,2015-08-06,6,Thursday,32,8,August,3,2015,False
20150807,2015-08-07,7,Friday,32,8,August,3,2015,False
20150808,2015-08-08,8,Saturday,32,8,August,3,2015,True
20150809,2015-08-09,9,Sunday,33,8,August,3,2015,True
20150810,2015-08-10,10,Monday,33,8,August,3,2015,False
20150811,2015-08-11,11,Tuesday,33,8,August,3,2015,False
20150812,2015-08-12,12,Wednesday,33,8,August,3,2015,False
20150813,2015-08-13,13,Thursday,33,8,August,3,2015,False
20150814,2015-08-14,14,Friday,33,8,August,3,2015,False
20150815,2015-08-15,15,Saturday,33,8,August,3,2015,True
20150816,2015-08-16,16,Sunday,34,8,August,3,2015,True
20150817,2015-08-17,17,Monday,34,8,August,3,2015,False
20150818,2015-08-18,18,Tuesday,34,8,August,3,2015,False
20150819,2015-08-19,19,Wednesday,34,8,August,3,2015,False
20150820,2015-08-20,20,Thursday,34,8,August,3,2015,False
20150821,2015-08-21,21,Friday,34,8,August,3,2015,False
20150822,2015-08-22,22,Saturday,34,8,August,3,2015,True
20150823,2015-08-23,23,Sunday,35,8,August,3,2015,True
20150824,2015-08-24,24,Monday,35,8,August,3,2015,False
20150825,2015-08-25,25,Tuesday,35,8,August,3,2015,False
20150826,2015-08-26,26,Wednesday,35,8,August,3,2015,False
20150827,2015-08-27,27,Thursday,35,8,August,3,2015,False
20150828,2015-08-28,28,Friday,35,8,August,3,2015,False
20150829,2015-08-29,29,Saturday,35,8,August,3,2015,True
20150830,2015-08-30,30,Sunday,36,8,August,3,2015,True
20150831,2015-08-31,31,Monday,36,8,August,3,2015,False
20150901,2015-09-01,1,Tuesday,36,9,September,3,2015,False
20150902,2015-09-02,2,Wednesday,36,9,September,3,2015,False
20150903,2015-09-03,3,Thursday,36,9,September,3,2015,False
20150904,2015-09-04,4,Friday,36,9,September,3,2015,False
20150905,2015-09-05,5,Saturday,36,9,September,3,2015,True
20150906,2015-09-06,6,Sunday,37,9,September,3,2015,True
20150907,2015-09-07,7,Monday,37,9,September,3,2015,False
20150908,2015-09-08,8,Tuesday,37,9,September,3,2015,False
20150909,2015-09-09,9,Wednesday,37,9,September,3,2015,False
20150910,2015-09-10,10,Thursday,37,9,September,3,2015,False
20150911,2015-09-11,11,Friday,37,9,September,3,2015,False
20150912,2015-09-12,12,Saturday,37,9,September,3,2015,True
20150913,2015-09-13,13,Sunday,38,9,September,3,2015,True
20150914,2015-09-14,14,Monday,38,9,September,3,2015,False
20150915,2015-09-15,15,Tuesday,38,9,September,3,2015,False
20150916,2015-09-16,16,Wednesday,38,9,September,3,2015,False
20150917,2015-09-17,17,Thursday,38,9,September,3,2015,False
20150918,2015-09-18,18,Friday,38,9,September,3,2015,False
20150919,2015-09-19,19,Saturday,38,9,September,3,2015,True
20150920,2015-09-20,20,Sunday,39,9,September,3,2015,True
20150921,2015-09-21,21,Monday,39,9,September,3,2015,False
20150922,2015-09-22,22,Tuesday,39,9,September,3,2015,False
20150923,2015-09-23,23,Wednesday,39,9,September,3,2015,False
20150924,2015-09-24,24,Thursday,39,9,September,3,2015,False
20150925,2015-09-25,25,Friday,39,9,September,3,2015,False
20150926,2015-09-26,26,Saturday,39,9,September,3,2015,True
20150927,2015-09-27,27,Sunday,40,9,September,3,2015,True
20150928,2015-09-28,28,Monday,40,9,September,3,2015,False
20150929,2015-09-29,29,Tuesday,40,9,September,3,2015,False
20150930,2015-09-30,30,Wednesday,40,9,September,3,2015,False
20151001,2015-10-01,1,Thursday,40,10,October,4,2015,False
20151002,2015-10-02,2,Friday,40,10,October,4,2015,False
20151003,2015-10-03,3,Saturday,40,10,October,4,2015,True
20151004,2015-10-04,4,Sunday,41,10,October,4,2015,True
20151005,2015-10-05,5,Monday,41,10,October,4,2015,False
20151006,2015-10-06,6,Tuesday,41,10,October,4,2015,False
20151007,2015-10-07,7,Wednesday,41,10,October,4,2015,False
20151008,2015-10-08,8,Thursday,41,10,October,4,2015,False
20151009,2015-10-09,9,Friday,41,10,October,4,2015,False
20151010,2015-10-10,10,Saturday,41,10,October,4,2015,True
20151011,2015-10-11,11,Sunday,42,10,October,4,2015,True
20151012,2015-10-12,12,Monday,42,10,October,4,2015,False
20151013,2015-10-13,13,Tuesday,42,10,October,4,2015,False
20151014,2015-10-14,14,Wednesday,42,10,October,4,2015,False
20151015,2015-10-15,15,Thursday,42,10,October,4,2015,False
20151016,2015-10-16,16,Friday,42,10,October,4,2015,False
20151017,2015-10-17,17,Saturday,42,10,October,4,2015,True
20151018,2015-10-18,18,Sunday,43,10,October,4,2015,True
20151019,2015-10-19,19,Monday,43,10,October,4,2015,False
20151020,2015-10-20,20,Tuesday,43,10,October,4,2015,False
20151021,2015-10-21,21,Wednesday,43,10,October,4,2015,False
20151022,2015-10-22,22,Thursday,43,10,October,4,2015,False
20151023,2015-10-23,23,Friday,43,10,October,4,2015,False
20151024,2015-10-24,24,Saturday,43,10,October,4,2015,True
20151025,2015-10-25,25,Sunday,44,10,October,4,2015,True
20151026,2015-10-26,26,Monday,44,10,October,4,2015,False
20151027,2015-10-27,27,Tuesday,44,10,October,4,2015,False
20151028,2015-10-28,28,Wednesday,44,10,October,4,2015,False
20151029,2015-10-29,29,Thursday,44,10,October,4,2015,False
20151030,2015-10-30,30,Friday,44,10,October,4,2015,False
20151031,2015-10-31,31,Saturday,44,10,October,4,2015,True
20151101,2015-11-01,1,Sunday,45,11,November,4,2015,True
20151102,2015-11-02,2,Monday,45,11,November,4,2015,False
20151103,2015-11-03,3,Tuesday,45,11,November,4,2015,False
20151104,2015-11-04,4,Wednesday,45,11,November,4,2015,False
20151105,2015-11-05,5,Thursday,45,11,November,4,2015,False
20151106,2015-11-06,6,Friday,45,11,November,4,2015,False
20151107,2015-11-07,7,Saturday,45,11,November,4,2015,True
20151108,2015-11-08,8,Sunday,46,11,November,4,2015,True
20151109,2015-11-09,9,Monday,46,11,November,4,2015,False
20151110,2015-11-10,10,Tuesday,46,11,November,4,2015,False
20151111,2015-11-11,11,Wednesday,46,11,November,4,2015,False
20151112,2015-11-12,12,Thursday,46,11,November,4,2015,False
20151113,2015-11-13,13,Friday,46,11,November,4,2015,False
20151114,2015-11-14,14,Saturday,46,11,November,4,2015,True
20151115,2015-11-15,15,Sunday,47,11,November,4,2015,True
20151116,2015-11-16,16,Monday,47,11,November,4,2015,False
20151117,2015-11-17,17,Tuesday,47,11,November,4,2015,False
20151118,2015-11-18,18,Wednesday,47,11,November,4,2015,False
20151119,2015-11-19,19,Thursday,47,11,November,4,2015,False
20151120,2015-11-20,20,Friday,47,11,November,4,2015,False
20151121,2015-11-21,21,Saturday,47,11,November,4,2015,True
20151122,2015-11-22,22,Sunday,48,11,November,4,2015,True
20151123,2015-11-23,23,Monday,48,11,November,4,2015,False
20151124,2015-11-24,24,Tuesday,48,11,November,4,2015,False
20151125,2015-11-25,25,Wednesday,48,11,November,4,2015,False
20151126,2015-11-26,26,Thursday,48,11,November,4,2015,False
20151127,2015-11-27,27,Friday,48,11,November,4,2015,False
20151128,2015-11-28,28,Saturday,48,11,November,4,2015,True
20151129,2015-11-29,29,Sunday,49,11,November,4,2015,True
20151130,2015-11-30,30,Monday,49,11,November,4,2015,False
20151201,2015-12-01,1,Tuesday,49,12,December,4,2015,False
20151202,2015-12-02,2,Wednesday,49,12,December,4,2015,False
20151203,2015-12-03,3,Thursday,49,12,December,4,2015,False
20151204,2015-12-04,4,Friday,49,12,December,4,2015,False
20151205,2015-12-05,5,Saturday,49,12,December,4,2015,True
20151206,2015-12-06,6,Sunday,50,12,December,4,2015,True
20151207,2015-12-07,7,Monday,50,12,December,4,2015,False
20151208,2015-12-08,8,Tuesday,50,12,December,4,2015,False
20151209,2015-12-09,9,Wednesday,50,12,December,4,2015,False
20151210,2015-12-10,10,Thursday,50,12,December,4,2015,False
20151211,2015-12-11,11,Friday,50,12,December,4,2015,False
20151212,2015-12-12,12,Saturday,50,12,December,4,2015,True
20151213,2015-12-13,13,Sunday,51,12,December,4,2015,True
20151214,2015-12-14,14,Monday,51,12,December,4,2015,False
20151215,2015-12-15,15,Tuesday,51,12,December,4,2015,False
20151216,2015-12-16,16,Wednesday,51,12,December,4,2015,False
20151217,2015-12-17,17,Thursday,51,12,December,4,2015,False
20151218,2015-12-18,18,Friday,51,12,December,4,2015,False
20151219,2015-12-19,19,Saturday,51,12,December,4,2015,True
20151220,2015-12-20,20,Sunday,52,12,December,4,2015,True
20151221,2015-12-21,21,Monday,52,12,December,4,2015,False
20151222,2015-12-22,22,Tuesday,52,12,December,4,2015,False
20151223,2015-12-23,23,Wednesday,52,12,December,4,2015,False
20151224,2015-12-24,24,Thursday,52,12,December,4,2015,False
20151225,2015-12-25,25,Friday,52,12,December,4,2015,False
20151226,2015-12-26,26,Saturday,52,12,December,4,2015,True
20151227,2015-12-27,27,Sunday,53,12,December,4,2015,True
20151228,2015-12-28,28,Monday,53,12,December,4,2015,False
20151229,2015-12-29,29,Tuesday,53,12,December,4,2015,False
20151230,2015-12-30,30,Wednesday,53,12,December,4,2015,False
20151231,2015-12-31,31,Thursday,53,12,December,4,2015,False
20160101,2016-01-01,1,Friday,1,1,January,1,2016,False
20160102,2016-01-02,2,Saturday,1,1,January,1,2016,True
20160103,2016-01-03,3,Sunday,2,1,January,1,2016,True
20160104,2016-01-04,4,Monday,2,1,January,1,2016,False
20160105,2016-01-05,5,Tuesday,2,1,January,1,2016,False
20160106,2016-01-06,6,Wednesday,2,1,January,1,2016,False
20160107,2016-01-07,7,Thursday,2,1,January,1,2016,False
20160108,2016-01-08,8,Friday,2,1,January,1,2016,False
20160109,2016-01-09,9,Saturday,2,1,January,1,2016,True
20160110,2016-01-10,10,Sunday,3,1,January,1,2016,True
20160111,2016-01-11,11,Monday,3,1,January,1,2016,False
20160112,2016-01-12,12,Tuesday,3,1,January,1,2016,False
20160113,2016-01-13,13,Wednesday,3,1,January,1,2016,False
20160114,2016-01-14,14,Thursday,3,1,January,1,2016,False
20160115,2016-01-15,15,Friday,3,1,January,1,2016,False
20160116,2016-01-16,16,Saturday,3,1,January,1,2016,True
20160117,2016-01-17,17,Sunday,4,1,January,1,2016,True
20160118,2016-01-18,18,Monday,4,1,January,1,2016,False
20160119,2016-01-19,19,Tuesday,4,1,January,1,2016,False
20160120,2016-01-20,20,Wednesday,4,1,January,1,2016,False
20160121,2016-01-21,21,Thursday,4,1,January,1,2016,False
20160122,2016-01-22,22,Friday,4,1,January,1,2016,False
20160123,2016-01-23,23,Saturday,4,1,January,1,2016,True
20160124,2016-01-24,24,Sunday,5,1,January,1,2016,True
20160125,2016-01-25,25,Monday,5,1,January,1,2016,False
20160126,2016-01-26,26,Tuesday,5,1,January,1,2016,False
20160127,2016-01-27,27,Wednesday,5,1,January,1,2016,False
20160128,2016-01-28,28,Thursday,5,1,January,1,2016,False
20160129,2016-01-29,29,Friday,5,1,January,1,2016,False
20160130,2016-01-30,30,Saturday,5,1,January,1,2016,True
20160131,2016-01-31,31,Sunday,6,1,January,1,2016,True
20160201,2016-02-01,1,Monday,6,2,February,1,2016,False
20160202,2016-02-02,2,Tuesday,6,2,February,1,2016,False
20160203,2016-02-03,3,Wednesday,6,2,February,1,2016,False
20160204,2016-02-04,4,Thursday,6,2,February,1,2016,False
20160205,2016-02-05,5,Friday,6,2,February,1,2016,False
20160206,2016-02-06,6,Saturday,6,2,February,1,2016,True
20160207,2016-02-07,7,Sunday,7,2,February,1,2016,True
20160208,2016-02-08,8,Monday,7,2,February,1,2016,False
20160209,2016-02-09,9,Tuesday,7,2,February,1,2016,False
20160210,2016-02-10,10,Wednesday,7,2,February,1,2016,False
20160211,2016-02-11,11,Thursday,7,2,February,1,2016,False
20160212,2016-02-12,12,Friday,7,2,February,1,2016,False
20160213,2016-02-13,13,Saturday,7,2,February,1,2016,True
20160214,2016-02-14,14,Sunday,8,2,February,1,2016,True
20160215,2016-02-15,15,Monday,8,2,February,1,2016,False
20160216,2016-02-16,16,Tuesday,8,2,February,1,2016,False
20160217,2016-02-17,17,Wednesday,8,2,February,1,2016,False
20160218,2016-02-18,18,Thursday,8,2,February,1,2016,False
20160219,2016-02-19,19,Friday,8,2,February,1,2016,False
20160220,2016-02-20,20,Saturday,8,2,February,1,2016,True
20160221,2016-02-21,21,Sunday,9,2,February,1,2016,True
20160222,2016-02-22,22,Monday,9,2,February,1,2016,False
20160223,2016-02-23,23,Tuesday,9,2,February,1,2016,False
20160224,2016-02-24,24,Wednesday,9,2,February,1,2016,False
20160225,2016-02-25,25,Thursday,9,2,February,1,2016,False
20160226,2016-02-26,26,Friday,9,2,February,1,2016,False
20160227,2016-02-27,27,Saturday,9,2,February,1,2016,True
20160228,2016-02-28,28,Sunday,10,2,February,1,2016,True
20160229,2016-02-29,29,Monday,10,2,February,1,2016,False
20160301,2016-03-01,1,Tuesday,10,3,March,1,2016,False
20160302,2016-03-02,2,Wednesday,10,3,March,1,2016,False
20160303,2016-03-03,3,Thursday,10,3,March,1,2016,False
20160304,2016-03-04,4,Friday,10,3,March,1,2016,False
20160305,2016-03-05,5,Saturday,10,3,March,1,2016,True
20160306,2016-03-06,6,Sunday,11,3,March,1,2016,True
20160307,2016-03-07,7,Monday,11,3,March,1,2016,False
20160308,2016-03-08,8,Tuesday,11,3,March,1,2016,False
20160309,2016-03-09,9,Wednesday,11,3,March,1,2016,False
20160310,2016-03-10,10,Thursday,11,3,March,1,2016,False
20160311,2016-03-11,11,Friday,11,3,March,1,2016,False
20160312,2016-03-12,12,Saturday,11,3,March,1,2016,True
20160313,2016-03-13,13,Sunday,12,3,March,1,2016,True
20160314,2016-03-14,14,Monday,12,3,March,1,2016,False
20160315,2016-03-15,15,Tuesday,12,3,March,1,2016,False
20160316,2016-03-16,16,Wednesday,12,3,March,1,2016,False
20160317,2016-03-17,17,Thursday,12,3,March,1,2016,False
20160318,2016-03-18,18,Friday,12,3,March,1,2016,False
20160319,2016-03-19,19,Saturday,12,3,March,1,2016,True
20160320,2016-03-20,20,Sunday,13,3,March,1,2016,True
20160321,2016-03-21,21,Monday,13,3,March,1,2016,False
20160322,2016-03-22,22,Tuesday,13,3,March,1,2016,False
20160323,2016-03-23,23,Wednesday,13,3,March,1,2016,False
20160324,2016-03-24,24,Thursday,13,3,March,1,2016,False
20160325,2016-03-25,25,Friday,13,3,March,1,2016,False
20160326,2016-03-26,26,Saturday,13,3,March,1,2016,True
20160327,2016-03-27,27,Sunday,14,3,March,1,2016,True
20160328,2016-03-28,28,Monday,14,3,March,1,2016,False
20160329,2016-03-29,29,Tuesday,14,3,March,1,2016,False
20160330,2016-03-30,30,Wednesday,14,3,March,1,2016,False
20160331,2016-03-31,31,Thursday,14,3,March,1,2016,False
20160401,2016-04-01,1,Friday,14,4,April,2,2016,False
20160402,2016-04-02,2,Saturday,14,4,April,2,2016,True
20160403,2016-04-03,3,Sunday,15,4,April,2,2016,True
20160404,2016-04-04,4,Monday,15,4,April,2,2016,False
20160405,2016-04-05,5,Tuesday,15,4,April,2,2016,False
20160406,2016-04-06,6,Wednesday,15,4,April,2,2016,False
20160407,2016-04-07,7,Thursday,15,4,April,2,2016,False
20160408,2016-04-08,8,Friday,15,4,April,2,2016,False
20160409,2016-04-09,9,Saturday,15,4,April,2,2016,True
20160410,2016-04-10,10,Sunday,16,4,April,2,2016,True
20160411,2016-04-11,11,Monday,16,4,April,2,2016,False
20160412,2016-04-12,12,Tuesday,16,4,April,2,2016,False
20160413,2016-04-13,13,Wednesday,16,4,April,2,2016,False
20160414,2016-04-14,14,Thursday,16,4,April,2,2016,False
20160415,2016-04-15,15,Friday,16,4,April,2,2016,False
20160416,2016-04-16,16,Saturday,16,4,April,2,2016,True
20160417,2016-04-17,17,Sunday,17,4,April,2,2016,True
20160418,2016-04-18,18,Monday,17,4,April,2,2016,False
20160419,2016-04-19,19,Tuesday,17,4,April,2,2016,False
20160420,2016-04-20,20,Wednesday,17,4,April,2,2016,False
20160421,2016-04-21,21,Thursday,17,4,April,2,2016,False
20160422,2016-04-22,22,Friday,17,4,April,2,2016,False
20160423,2016-04-23,23,Saturday,17,4,April,2,2016,True
20160424,2016-04-24,24,Sunday,18,4,April,2,2016,True
20160425,2016-04-25,25,Monday,18,4,April,2,2016,False
20160426,2016-04-26,26,Tuesday,18,4,April,2,2016,False
20160427,2016-04-27,27,Wednesday,18,4,April,2,2016,False
20160428,2016-04-28,28,Thursday,18,4,April,2,2016,False
20160429,2016-04-29,29,Friday,18,4,April,2,2016,False
20160430,2016-04-30,30,Saturday,18,4,April,2,2016,True
20160501,2016-05-01,1,Sunday,19,5,May,2,2016,True
20160502,2016-05-02,2,Monday,19,5,May,2,2016,False
20160503,2016-05-03,3,Tuesday,19,5,May,2,2016,False
20160504,2016-05-04,4,Wednesday,19,5,May,2,2016,False
20160505,2016-05-05,5,Thursday,19,5,May,2,2016,False
20160506,2016-05-06,6,Friday,19,5,May,2,2016,False
20160507,2016-05-07,7,Saturday,19,5,May,2,2016,True
20160508,2016-05-08,8,Sunday,20,5,May,2,2016,True
20160509,2016-05-09,9,Monday,20,5,May,2,2016,False
20160510,2016-05-10,10,Tuesday,20,5,May,2,2016,False
20160511,2016-05-11,11,Wednesday,20,5,May,2,2016,False
20160512,2016-05-12,12,Thursday,20,5,May,2,2016,False
20160513,2016-05-13,13,Friday,20,5,May,2,2016,False
20160514,2016-05-14,14,Saturday,20,5,May,2,2016,True
20160515,2016-05-15,15,Sunday,21,5,May,2,2016,True
20160516,2016-05-16,16,Monday,21,5,May,2,2016,False
20160517,2016-05-17,17,Tuesday,21,5,May,2,2016,False
20160518,2016-05-18,18,Wednesday,21,5,May,2,2016,False
20160519,2016-05-19,19,Thursday,21,5,May,2,2016,False
20160520,2016-05-20,20,Friday,21,5,May,2,2016,False
20160521,2016-05-21,21,Saturday,21,5,May,2,2016,True
20160522,2016-05-22,22,Sunday,22,5,May,2,2016,True
20160523,2016-05-23,23,Monday,22,5,May,2,2016,False
20160524,2016-05-24,24,Tuesday,22,5,May,2,2016,False
20160525,2016-05-25,25,Wednesday,22,5,May,2,2016,False
20160526,2016-05-26,26,Thursday,22,5,May,2,2016,False
20160527,2016-05-27,27,Friday,22,5,May,2,2016,False
20160528,2016-05-28,28,Saturday,22,5,May,2,2016,True
20160529,2016-05-29,29,Sunday,23,5,May,2,2016,True
20160530,2016-05-30,30,Monday,23,5,May,2,2016,False
20160531,2016-05-31,31,Tuesday,23,5,May,2,2016,False
20160601,2016-06-01,1,Wednesday,23,6,June,2,2016,False
20160602,2016-06-02,2,Thursday,23,6,June,2,2016,False
20160603,2016-06-03,3,Friday,23,6,June,2,2016,False
20160604,2016-06-04,4,Saturday,23,6,June,2,2016,True
20160605,2016-06-05,5,Sunday,24,6,June,2,2016,True
20160606,2016-06-06,6,Monday,24,6,June,2,2016,False
20160607,2016-06-07,7,Tuesday,24,6,June,2,2016,False
20160608,2016-06-08,8,Wednesday,24,6,June,2,2016,False
20160609,2016-06-09,9,Thursday,24,6,June,2,2016,False
20160610,2016-06-10,10,Friday,24,6,June,2,2016,False
20160611,2016-06-11,11,Saturday,24,6,June,2,2016,True
20160612,2016-06-12,12,Sunday,25,6,June,2,2016,True
20160613,2016-06-13,13,Monday,25,6,June,2,2016,False
20160614,2016-06-14,14,Tuesday,25,6,June,2,2016,False
20160615,2016-06-15,15,Wednesday,25,6,June,2,2016,False
20160616,2016-06-16,16,Thursday,25,6,June,2,2016,False
20160617,2016-06-17,17,Friday,25,6,June,2,2016,False
20160618,2016-06-18,18,Saturday,25,6,June,2,2016,True
20160619,2016-06-19,19,Sunday,26,6,June,2,2016,True
20160620,2016-06-20,20,Monday,26,6,June,2,2016,False
20160621,2016-06-21,21,Tuesday,26,6,June,2,2016,False
20160622,2016-06-22,22,Wednesday,26,6,June,2,2016,False
20160623,2016-06-23,23,Thursday,26,6,June,2,2016,False
20160624,2016-06-24,24,Friday,26,6,June,2,2016,False
20160625,2016-06-25,25,Saturday,26,6,June,2,2016,True
20160626,2016-06-26,26,Sunday,27,6,June,2,2016,True
20160627,2016-06-27,27,Monday,27,6,June,2,2016,False
20160628,2016-06-28,28,Tuesday,27,6,June,2,2016,False
20160629,2016-06-29,29,Wednesday,27,6,June,2,2016,False
20160630,2016-06-30,30,Thursday,27,6,June,2,2016,False
20160701,2016-07-01,1,Friday,27,7,July,3,2016,False
20160702,2016-07-02,2,Saturday,27,7,July,3,2016,True
20160703,2016-07-03,3,Sunday,28,7,July,3,2016,True
20160704,2016-07-04,4,Monday,28,7,July,3,2016,False
20160705,2016-07-05,5,Tuesday,28,7,July,3,2016,False
20160706,2016-07-06,6,Wednesday,28,7,July,3,2016,False
20160707,2016-07-07,7,Thursday,28,7,July,3,2016,False
20160708,2016-07-08,8,Friday,28,7,July,3,2016,False
20160709,2016-07-09,9,Saturday,28,7,July,3,2016,True
20160710,2016-07-10,10,Sunday,29,7,July,3,2016,True
20160711,2016-07-11,11,Monday,29,7,July,3,2016,False
20160712,2016-07-12,12,Tuesday,29,7,July,3,2016,False
20160713,2016-07-13,13,Wednesday,29,7,July,3,2016,False
20160714,2016-07-14,14,Thursday,29,7,July,3,2016,False
20160715,2016-07-15,15,Friday,29,7,July,3,2016,False
20160716,2016-07-16,16,Saturday,29,7,July,3,2016,True
20160717,2016-07-17,17,Sunday,30,7,July,3,2016,True
20160718,2016-07-18,18,Monday,30,7,July,3,2016,False
20160719,2016-07-19,19,Tuesday,30,7,July,3,2016,False
20160720,2016-07-20,20,Wednesday,30,7,July,3,2016,False
20160721,2016-07-21,21,Thursday,30,7,July,3,2016,False
20160722,2016-07-22,22,Friday,30,7,July,3,2016,False
20160723,2016-07-23,23,Saturday,30,7,July,3,2016,True
20160724,2016-07-24,24,Sunday,31,7,July,3,2016,True
20160725,2016-07-25,25,Monday,31,7,July,3,2016,False
20160726,2016-07-26,26,Tuesday,31,7,July,3,2016,False
20160727,2016-07-27,27,Wednesday,31,7,July,3,2016,False
20160728,2016-07-28,28,Thursday,31,7,July,3,2016,False
20160729,2016-07-29,29,Friday,31,7,July,3,2016,False
20160730,2016-07-30,30,Saturday,31,7,July,3,2016,True
20160731,2016-07-31,31,Sunday,32,7,July,3,2016,True
20160801,2016-08-01,1,Monday,32,8,August,3,2016,False
20160802,2016-08-02,2,Tuesday,32,8,August,3,2016,False
20160803,2016-08-03,3,Wednesday,32,8,August,3,2016,False
20160804,2016-08-04,4,Thursday,32,8,August,3,2016,False
20160805,2016-08-05,5,Friday,32,8,August,3,2016,False
20160806,2016-08-06,6,Saturday,32,8,August,3,2016,True
20160807,2016-08-07,7,Sunday,33,8,August,3,2016,True
20160808,2016-08-08,8,Monday,33,8,August,3,2016,False
20160809,2016-08-09,9,Tuesday,33,8,August,3,2016,False
20160810,2016-08-10,10,Wednesday,33,8,August,3,2016,False
20160811,2016-08-11,11,Thursday,33,8,August,3,2016,False
20160812,2016-08-12,12,Friday,33,8,August,3,2016,False
20160813,2016-08-13,13,Saturday,33,8,August,3,2016,True
20160814,2016-08-14,14,Sunday,34,8,August,3,2016,True
20160815,2016-08-15,15,Monday,34,8,August,3,2016,False
20160816,2016-08-16,16,Tuesday,34,8,August,3,2016,False
20160817,2016-08-17,17,Wednesday,34,8,August,3,2016,False
20160818,2016-08-18,18,Thursday,34,8,August,3,2016,False
20160819,2016-08-19,19,Friday,34,8,August,3,2016,False
20160820,2016-08-20,20,Saturday,34,8,August,3,2016,True
20160821,2016-08-21,21,Sunday,35,8,August,3,2016,True
20160822,2016-08-22,22,Monday,35,8,August,3,2016,False
20160823,2016-08-23,23,Tuesday,35,8,August,3,2016,False
20160824,2016-08-24,24,Wednesday,35,8,August,3,2016,False
20160825,2016-08-25,25,Thursday,35,8,August,3,2016,False
20160826,2016-08-26,26,Friday,35,8,August,3,2016,False
20160827,2016-08-27,27,Saturday,35,8,August,3,2016,True
20160828,2016-08-28,28,Sunday,36,8,August,3,2016,True
20160829,2016-08-29,29,Monday,36,8,August,3,2016,False
20160830,2016-08-30,30,Tuesday,36,8,August,3,2016,False
20160831,2016-08-31,31,Wednesday,36,8,August,3,2016,False
20160901,2016-09-01,1,Thursday,36,9,September,3,2016,False
20160902,2016-09-02,2,Friday,36,9,September,3,2016,False
20160903,2016-09-03,3,Saturday,36,9,September,3,2016,True
20160904,2016-09-04,4,Sunday,37,9,September,3,2016,True
20160905,2016-09-05,5,Monday,37,9,September,3,2016,False
20160906,2016-09-06,6,Tuesday,37,9,September,3,2016,False
20160907,2016-09-07,7,Wednesday,37,9,September,3,2016,False
20160908,2016-09-08,8,Thursday,37,9,September,3,2016,False
20160909,2016-09-09,9,Friday,37,9,September,3,2016,False
20160910,2016-09-10,10,Saturday,37,9,September,3,2016,True
20160911,2016-09-11,11,Sunday,38,9,September,3,2016,True
20160912,2016-09-12,12,Monday,38,9,September,3,2016,False
20160913,2016-09-13,13,Tuesday,38,9,September,3,2016,False
20160914,2016-09-14,14,Wednesday,38,9,September,3,2016,False
20160915,2016-09-15,15,Thursday,38,9,September,3,2016,False
20160916,2016-09-16,16,Friday,38,9,September,3,2016,False
20160917,2016-09-17,17,Saturday,38,9,September,3,2016,True
20160918,2016-09-18,18,Sunday,39,9,September,3,2016,True
20160919,2016-09-19,19,Monday,39,9,September,3,2016,False
20160920,2016-09-20,20,Tuesday,39,9,September,3,2016,False
20160921,2016-09-21,21,Wednesday,39,9,September,3,2016,False
20160922,2016-09-22,22,Thursday,39,9,September,3,2016,False
20160923,2016-09-23,23,Friday,39,9,September,3,2016,False
20160924,2016-09-24,24,Saturday,39,9,September,3,2016,True
20160925,2016-09-25,25,Sunday,40,9,September,3,2016,True
20160926,2016-09-26,26,Monday,40,9,September,3,2016,False
20160927,2016-09-27,27,Tuesday,40,9,September,3,2016,False
20160928,2016-09-28,28,Wednesday,40,9,September,3,2016,False
20160929,2016-09-29,29,Thursday,40,9,September,3,2016,False
20160930,2016-09-30,30,Friday,40,9,September,3,2016,False
20161001,2016-10-01,1,Saturday,40,10,October,4,2016,True
20161002,2016-10-02,2,Sunday,41,10,October,4,2016,True
20161003,2016-10-03,3,Monday,41,10,October,4,2016,False
20161004,2016-10-04,4,Tuesday,41,10,October,4,2016,False
20161005,2016-10-05,5,Wednesday,41,10,October,4,2016,False
20161006,2016-10-06,6,Thursday,41,10,October,4,2016,False
20161007,2016-10-07,7,Friday,41,10,October,4,2016,False
20161008,2016-10-08,8,Saturday,41,10,October,4,2016,True
20161009,2016-10-09,9,Sunday,42,10,October,4,2016,True
20161010,2016-10-10,10,Monday,42,10,October,4,2016,False
20161011,2016-10-11,11,Tuesday,42,10,October,4,2016,False
20161012,2016-10-12,12,Wednesday,42,10,October,4,2016,False
20161013,2016-10-13,13,Thursday,42,10,October,4,2016,False
20161014,2016-10-14,14,Friday,42,10,October,4,2016,False
20161015,2016-10-15,15,Saturday,42,10,October,4,2016,True
20161016,2016-10-16,16,Sunday,43,10,October,4,2016,True
20161017,2016-10-17,17,Monday,43,10,October,4,2016,False
20161018,2016-10-18,18,Tuesday,43,10,October,4,2016,False
20161019,2016-10-19,19,Wednesday,43,10,October,4,2016,False
20161020,2016-10-20,20,Thursday,43,10,October,4,2016,False
20161021,2016-10-21,21,Friday,43,10,October,4,2016,False
20161022,2016-10-22,22,Saturday,43,10,October,4,2016,True
20161023,2016-10-23,23,Sunday,44,10,October,4,2016,True
20161024,2016-10-24,24,Monday,44,10,October,4,2016,False
20161025,2016-10-25,25,Tuesday,44,10,October,4,2016,False
20161026,2016-10-26,26,Wednesday,44,10,October,4,2016,False
20161027,2016-10-27,27,Thursday,44,10,October,4,2016,False
20161028,2016-10-28,28,Friday,44,10,October,4,2016,False
20161029,2016-10-29,29,Saturday,44,10,October,4,2016,True
20161030,2016-10-30,30,Sunday,45,10,October,4,2016,True
20161031,2016-10-31,31,Monday,45,10,October,4,2016,False
20161101,2016-11-01,1,Tuesday,45,11,November,4,2016,False
20161102,2016-11-02,2,Wednesday,45,11,November,4,2016,False
20161103,2016-11-03,3,Thursday,45,11,November,4,2016,False
20161104,2016-11-04,4,Friday,45,11,November,4,2016,False
20161105,2016-11-05,5,Saturday,45,11,November,4,2016,True
20161106,2016-11-06,6,Sunday,46,11,November,4,2016,True
20161107,2016-11-07,7,Monday,46,11,November,4,2016,False
20161108,2016-11-08,8,Tuesday,46,11,November,4,2016,False
20161109,2016-11-09,9,Wednesday,46,11,November,4,2016,False
20161110,2016-11-10,10,Thursday,46,11,November,4,2016,False
20161111,2016-11-11,11,Friday,46,11,November,4,2016,False
20161112,2016-11-12,12,Saturday,46,11,November,4,2016,True
20161113,2016-11-13,13,Sunday,47,11,November,4,2016,True
20161114,2016-11-14,14,Monday,47,11,November,4,2016,False
20161115,2016-11-15,15,Tuesday,47,11,November,4,2016,False
20161116,2016-11-16,16,Wednesday,47,11,November,4,2016,False
20161117,2016-11-17,17,Thursday,47,11,November,4,2016,False
20161118,2016-11-18,18,Friday,47,11,November,4,2016,False
20161119,2016-11-19,19,Saturday,47,11,November,4,2016,True
20161120,2016-11-20,20,Sunday,48,11,November,4,2016,True
20161121,2016-11-21,21,Monday,48,11,November,4,2016,False
20161122,2016-11-22,22,Tuesday,48,11,November,4,2016,False
20161123,2016-11-23,23,Wednesday,48,11,November,4,2016,False
20161124,2016-11-24,24,Thursday,48,11,November,4,2016,False
20161125,2016-11-25,25,Friday,48,11,November,4,2016,False
20161126,2016-11-26,26,Saturday,48,11,November,4,2016,True
20161127,2016-11-27,27,Sunday,49,11,November,4,2016,True
20161128,2016-11-28,28,Monday,49,11,November,4,2016,False
20161129,2016-11-29,29,Tuesday,49,11,November,4,2016,False
20161130,2016-11-30,30,Wednesday,49,11,November,4,2016,False
20161201,2016-12-01,1,Thursday,49,12,December,4,2016,False
20161202,2016-12-02,2,Friday,49,12,December,4,2016,False
20161203,2016-12-03,3,Saturday,49,12,December,4,2016,True
20161204,2016-12-04,4,Sunday,50,12,December,4,2016,True
20161205,2016-12-05,5,Monday,50,12,December,4,2016,False
20161206,2016-12-06,6,Tuesday,50,12,December,4,2016,False
20161207,2016-12-07,7,Wednesday,50,12,December,4,2016,False
20161208,2016-12-08,8,Thursday,50,12,December,4,2016,False
20161209,2016-12-09,9,Friday,50,12,December,4,2016,False
20161210,2016-12-10,10,Saturday,50,12,December,4,2016,True
20161211,2016-12-11,11,Sunday,51,12,December,4,2016,True
20161212,2016-12-12,12,Monday,51,12,December,4,2016,False
20161213,2016-12-13,13,Tuesday,51,12,December,4,2016,False
20161214,2016-12-14,14,Wednesday,51,12,December,4,2016,False
20161215,2016-12-15,15,Thursday,51,12,December,4,2016,False
20161216,2016-12-16,16,Friday,51,12,December,4,2016,False
20161217,2016-12-17,17,Saturday,51,12,December,4,2016,True
20161218,2016-12-18,18,Sunday,52,12,December,4,2016,True
20161219,2016-12-19,19,Monday,52,12,December,4,2016,False
20161220,2016-12-20,20,Tuesday,52,12,December,4,2016,False
20161221,2016-12-21,21,Wednesday,52,12,December,4,2016,False
20161222,2016-12-22,22,Thursday,52,12,December,4,2016,False
20161223,2016-12-23,23,Friday,52,12,December,4,2016,False
20161224,2016-12-24,24,Saturday,52,12,December,4,2016,True
20161225,2016-12-25,25,Sunday,53,12,December,4,2016,True
20161226,2016-12-26,26,Monday,53,12,December,4,2016,False
20161227,2016-12-27,27,Tuesday,53,12,December,4,2016,False
20161228,2016-12-28,28,Wednesday,53,12,December,4,2016,False
20161229,2016-12-29,29,Thursday,53,12,December,4,2016,False
20161230,2016-12-30,30,Friday,53,12,December,4,2016,False
20161231,2016-12-31,31,Saturday,53,12,December,4,2016,True
20170101,2017-01-01,1,Sunday,1,1,January,1,2017,True
20170102,2017-01-02,2,Monday,1,1,January,1,2017,False
20170103,2017-01-03,3,Tuesday,1,1,January,1,2017,False
20170104,2017-01-04,4,Wednesday,1,1,January,1,2017,False
20170105,2017-01-05,5,Thursday,1,1,January,1,2017,False
20170106,2017-01-06,6,Friday,1,1,January,1,2017,False
20170107,2017-01-07,7,Saturday,1,1,January,1,2017,True
20170108,2017-01-08,8,Sunday,2,1,January,1,2017,True
20170109,2017-01-09,9,Monday,2,1,January,1,2017,False
20170110,2017-01-10,10,Tuesday,2,1,January,1,2017,False
20170111,2017-01-11,11,Wednesday,2,1,January,1,2017,False
20170112,2017-01-12,12,Thursday,2,1,January,1,2017,False
20170113,2017-01-13,13,Friday,2,1,January,1,2017,False
20170114,2017-01-14,14,Saturday,2,1,January,1,2017,True
20170115,2017-01-15,15,Sunday,3,1,January,1,2017,True
20170116,2017-01-16,16,Monday,3,1,January,1,2017,False
20170117,2017-01-17,17,Tuesday,3,1,January,1,2017,False
20170118,2017-01-18,18,Wednesday,3,1,January,1,2017,False
20170119,2017-01-19,19,Thursday,3,1,January,1,2017,False
20170120,2017-01-20,20,Friday,3,1,January,1,2017,False
20170121,2017-01-21,21,Saturday,3,1,January,1,2017,True
20170122,2017-01-22,22,Sunday,4,1,January,1,2017,True
20170123,2017-01-23,23,Monday,4,1,January,1,2017,False
20170124,2017-01-24,24,Tuesday,4,1,January,1,2017,False
20170125,2017-01-25,25,Wednesday,4,1,January,1,2017,False
20170126,2017-01-26,26,Thursday,4,1,January,1,2017,False
20170127,2017-01-27,27,Friday,4,1,January,1,2017,False
20170128,2017-01-28,28,Saturday,4,1,January,1,2017,True
20170129,2017-01-29,29,Sunday,5,1,January,1,2017,True
20170130,2017-01-30,30,Monday,5,1,January,1,2017,False
20170131,2017-01-31,31,Tuesday,5,1,January,1,2017,False
20170201,2017-02-01,1,Wednesday,5,2,February,1,2017,False
20170202,2017-02-02,2,Thursday,5,2,February,1,2017,False
20170203,2017-02-03,3,Friday,5,2,February,1,2017,False
20170204,2017-02-04,4,Saturday,5,2,February,1,2017,True
20170205,2017-02-05,5,Sunday,6,2,February,1,2017,True
20170206,2017-02-06,6,Monday,6,2,February,1,2017,False
20170207,2017-02-07,7,Tuesday,6,2,February,1,2017,False
20170208,2017-02-08,8,Wednesday,6,2,February,1,2017,False
20170209,2017-02-09,9,Thursday,6,2,February,1,2017,False
20170210,2017-02-10,10,Friday,6,2,February,1,2017,False
20170211,2017-02-11,11,Saturday,6,2,February,1,2017,True
20170212,2017-02-12,12,Sunday,7,2,February,1,2017,True
20170213,2017-02-13,13,Monday,7,2,February,1,2017,False
20170214,2017-02-14,14,Tuesday,7,2,February,1,2017,False
20170215,2017-02-15,15,Wednesday,7,2,February,1,2017,False
20170216,2017-02-16,16,Thursday,7,2,February,1,2017,False
20170217,2017-02-17,17,Friday,7,2,February,1,2017,False
20170218,2017-02-18,18,Saturday,7,2,February,1,2017,True
20170219,2017-02-19,19,Sunday,8,2,February,1,2017,True
20170220,2017-02-20,20,Monday,8,2,February,1,2017,False
20170221,2017-02-21,21,Tuesday,8,2,February,1,2017,False
20170222,2017-02-22,22,Wednesday,8,2,February,1,2017,False
20170223,2017-02-23,23,Thursday,8,2,February,1,2017,False
20170224,2017-02-24,24,Friday,8,2,February,1,2017,False
20170225,2017-02-25,25,Saturday,8,2,February,1,2017,True
20170226,2017-02-26,26,Sunday,9,2,February,1,2017,True
20170227,2017-02-27,27,Monday,9,2,February,1,2017,False
20170228,2017-02-28,28,Tuesday,9,2,February,1,2017,False
20170301,2017-03-01,1,Wednesday,9,3,March,1,2017,False
20170302,2017-03-02,2,Thursday,9,3,March,1,2017,False
20170303,2017-03-03,3,Friday,9,3,March,1,2017,False
20170304,2017-03-04,4,Saturday,9,3,March,1,2017,True
20170305,2017-03-05,5,Sunday,10,3,March,1,2017,True
20170306,2017-03-06,6,Monday,10,3,March,1,2017,False
20170307,2017-03-07,7,Tuesday,10,3,March,1,2017,False
20170308,2017-03-08,8,Wednesday,10,3,March,1,2017,False
20170309,2017-03-09,9,Thursday,10,3,March,1,2017,False
20170310,2017-03-10,10,Friday,10,3,March,1,2017,False
20170311,2017-03-11,11,Saturday,10,3,March,1,2017,True
20170312,2017-03-12,12,Sunday,11,3,March,1,2017,True
20170313,2017-03-13,13,Monday,11,3,March,1,2017,False
20170314,2017-03-14,14,Tuesday,11,3,March,1,2017,False
20170315,2017-03-15,15,Wednesday,11,3,March,1,2017,False
20170316,2017-03-16,16,Thursday,11,3,March,1,2017,False
20170317,2017-03-17,17,Friday,11,3,March,1,2017,False
20170318,2017-03-18,18,Saturday,11,3,March,1,2017,True
20170319,2017-03-19,19,Sunday,12,3,March,1,2017,True
20170320,2017-03-20,20,Monday,12,3,March,1,2017,False
20170321,2017-03-21,21,Tuesday,12,3,March,1,2017,False
20170322,2017-03-22,22,Wednesday,12,3,March,1,2017,False
20170323,2017-03-23,23,Thursday,12,3,March,1,2017,False
20170324,2017-03-24,24,Friday,12,3,March,1,2017,False
20170325,2017-03-25,25,Saturday,12,3,March,1,2017,True
20170326,2017-03-26,26,Sunday,13,3,March,1,2017,True
20170327,2017-03-27,27,Monday,13,3,March,1,2017,False
20170328,2017-03-28,28,Tuesday,13,3,March,1,2017,False
20170329,2017-03-29,29,Wednesday,13,3,March,1,2017,False
20170330,2017-03-30,30,Thursday,13,3,March,1,2017,False
20170331,2017-03-31,31,Friday,13,3,March,1,2017,False
20170401,2017-04-01,1,Saturday,13,4,April,2,2017,True
20170402,2017-04-02,2,Sunday,14,4,April,2,2017,True
20170403,2017-04-03,3,Monday,14,4,April,2,2017,False
20170404,2017-04-04,4,Tuesday,14,4,April,2,2017,False
20170405,2017-04-05,5,Wednesday,14,4,April,2,2017,False
20170406,2017-04-06,6,Thursday,14,4,April,2,2017,False
20170407,2017-04-07,7,Friday,14,4,April,2,2017,False
20170408,2017-04-08,8,Saturday,14,4,April,2,2017,True
20170409,2017-04-09,9,Sunday,15,4,April,2,2017,True
20170410,2017-04-10,10,Monday,15,4,April,2,2017,False
20170411,2017-04-11,11,Tuesday,15,4,April,2,2017,False
20170412,2017-04-12,12,Wednesday,15,4,April,2,2017,False
20170413,2017-04-13,13,Thursday,15,4,April,2,2017,False
20170414,2017-04-14,14,Friday,15,4,April,2,2017,False
20170415,2017-04-15,15,Saturday,15,4,April,2,2017,True
20170416,2017-04-16,16,Sunday,16,4,April,2,2017,True
20170417,2017-04-17,17,Monday,16,4,April,2,2017,False
20170418,2017-04-18,18,Tuesday,16,4,April,2,2017,False
20170419,2017-04-19,19,Wednesday,16,4,April,2,2017,False
20170420,2017-04-20,20,Thursday,16,4,April,2,2017,False
20170421,2017-04-21,21,Friday,16,4,April,2,2017,False
20170422,2017-04-22,22,Saturday,16,4,April,2,2017,True
20170423,2017-04-23,23,Sunday,17,4,April,2,2017,True
20170424,2017-04-24,24,Monday,17,4,April,2,2017,False
20170425,2017-04-25,25,Tuesday,17,4,April,2,2017,False
20170426,2017-04-26,26,Wednesday,17,4,April,2,2017,False
20170427,2017-04-27,27,Thursday,17,4,April,2,2017,False
20170428,2017-04-28,28,Friday,17,4,April,2,2017,False
20170429,2017-04-29,29,Saturday,17,4,April,2,2017,True
20170430,2017-04-30,30,Sunday,18,4,April,2,2017,True
20170501,2017-05-01,1,Monday,18,5,May,2,2017,False
20170502,2017-05-02,2,Tuesday,18,5,May,2,2017,False
20170503,2017-05-03,3,Wednesday,18,5,May,2,2017,False
20170504,2017-05-04,4,Thursday,18,5,May,2,2017,False
20170505,2017-05-05,5,Friday,18,5,May,2,2017,False
20170506,2017-05-06,6,Saturday,18,5,May,2,2017,True
20170507,2017-05-07,7,Sunday,19,5,May,2,2017,True
20170508,2017-05-08,8,Monday,19,5,May,2,2017,False
20170509,2017-05-09,9,Tuesday,19,5,May,2,2017,False
20170510,2017-05-10,10,Wednesday,19,5,May,2,2017,False
20170511,2017-05-11,11,Thursday,19,5,May,2,2017,False
20170512,2017-05-12,12,Friday,19,5,May,2,2017,False
20170513,2017-05-13,13,Saturday,19,5,May,2,2017,True
20170514,2017-05-14,14,Sunday,20,5,May,2,2017,True
20170515,2017-05-15,15,Monday,20,5,May,2,2017,False
20170516,2017-05-16,16,Tuesday,20,5,May,2,2017,False
20170517,2017-05-17,17,Wednesday,20,5,May,2,2017,False
20170518,2017-05-18,18,Thursday,20,5,May,2,2017,False
20170519,2017-05-19,19,Friday,20,5,May,2,2017,False
20170520,2017-05-20,20,Saturday,20,5,May,2,2017,True
20170521,2017-05-21,21,Sunday,21,5,May,2,2017,True
20170522,2017-05-22,22,Monday,21,5,May,2,2017,False
20170523,2017-05-23,23,Tuesday,21,5,May,2,2017,False
20170524,2017-05-24,24,Wednesday,21,5,May,2,2017,False
20170525,2017-05-25,25,Thursday,21,5,May,2,2017,False
20170526,2017-05-26,26,Friday,21,5,May,2,2017,False
20170527,2017-05-27,27,Saturday,21,5,May,2,2017,True
20170528,2017-05-28,28,Sunday,22,5,May,2,2017,True
20170529,2017-05-29,29,Monday,22,5,May,2,2017,False
20170530,2017-05-30,30,Tuesday,22,5,May,2,2017,False
20170531,2017-05-31,31,Wednesday,22,5,May,2,2017,False
20170601,2017-06-01,1,Thursday,22,6,June,2,2017,False
20170602,2017-06-02,2,Friday,22,6,June,2,2017,False
20170603,2017-06-03,3,Saturday,22,6,June,2,2017,True
20170604,2017-06-04,4,Sunday,23,6,June,2,2017,True
20170605,2017-06-05,5,Monday,23,6,June,2,2017,False
20170606,2017-06-06,6,Tuesday,23,6,June,2,2017,False
20170607,2017-06-07,7,Wednesday,23,6,June,2,2017,False
20170608,2017-06-08,8,Thursday,23,6,June,2,2017,False
20170609,2017-06-09,9,Friday,23,6,June,2,2017,False
20170610,2017-06-10,10,Saturday,23,6,June,2,2017,True
20170611,2017-06-11,11,Sunday,24,6,June,2,2017,True
20170612,2017-06-12,12,Monday,24,6,June,2,2017,False
20170613,2017-06-13,13,Tuesday,24,6,June,2,2017,False
20170614,2017-06-14,14,Wednesday,24,6,June,2,2017,False
20170615,2017-06-15,15,Thursday,24,6,June,2,2017,False
20170616,2017-06-16,16,Friday,24,6,June,2,2017,False
20170617,2017-06-17,17,Saturday,24,6,June,2,2017,True
20170618,2017-06-18,18,Sunday,25,6,June,2,2017,True
20170619,2017-06-19,19,Monday,25,6,June,2,2017,False
20170620,2017-06-20,20,Tuesday,25,6,June,2,2017,False
20170621,2017-06-21,21,Wednesday,25,6,June,2,2017,False
20170622,2017-06-22,22,Thursday,25,6,June,2,2017,False
20170623,2017-06-23,23,Friday,25,6,June,2,2017,False
20170624,2017-06-24,24,Saturday,25,6,June,2,2017,True
20170625,2017-06-25,25,Sunday,26,6,June,2,2017,True
20170626,2017-06-26,26,Monday,26,6,June,2,2017,False
20170627,2017-06-27,27,Tuesday,26,6,June,2,2017,False
20170628,2017-06-28,28,Wednesday,26,6,June,2,2017,False
20170629,2017-06-29,29,Thursday,26,6,June,2,2017,False
20170630,2017-06-30,30,Friday,26,6,June,2,2017,False
20170701,2017-07-01,1,Saturday,26,7,July,3,2017,True
20170702,2017-07-02,2,Sunday,27,7,July,3,2017,True
20170703,2017-07-03,3,Monday,27,7,July,3,2017,False
20170704,2017-07-04,4,Tuesday,27,7,July,3,2017,False
20170705,2017-07-05,5,Wednesday,27,7,July,3,2017,False
20170706,2017-07-06,6,Thursday,27,7,July,3,2017,False
20170707,2017-07-07,7,Friday,27,7,July,3,2017,False
20170708,2017-07-08,8,Saturday,27,7,July,3,2017,True
20170709,2017-07-09,9,Sunday,28,7,July,3,2017,True
20170710,2017-07-10,10,Monday,28,7,July,3,2017,False
20170711,2017-07-11,11,Tuesday,28,7,July,3,2017,False
20170712,2017-07-12,12,Wednesday,28,7,July,3,2017,False
20170713,2017-07-13,13,Thursday,28,7,July,3,2017,False
20170714,2017-07-14,14,Friday,28,7,July,3,2017,False
20170715,2017-07-15,15,Saturday,28,7,July,3,2017,True
20170716,2017-07-16,16,Sunday,29,7,July,3,2017,True
20170717,2017-07-17,17,Monday,29,7,July,3,2017,False
20170718,2017-07-18,18,Tuesday,29,7,July,3,2017,False
20170719,2017-07-19,19,Wednesday,29,7,July,3,2017,False
20170720,2017-07-20,20,Thursday,29,7,July,3,2017,False
20170721,2017-07-21,21,Friday,29,7,July,3,2017,False
20170722,2017-07-22,22,Saturday,29,7,July,3,2017,True
20170723,2017-07-23,23,Sunday,30,7,July,3,2017,True
20170724,2017-07-24,24,Monday,30,7,July,3,2017,False
20170725,2017-07-25,25,Tuesday,30,7,July,3,2017,False
20170726,2017-07-26,26,Wednesday,30,7,July,3,2017,False
20170727,2017-07-27,27,Thursday,30,7,July,3,2017,False
20170728,2017-07-28,28,Friday,30,7,July,3,2017,False
20170729,2017-07-29,29,Saturday,30,7,July,3,2017,True
20170730,2017-07-30,30,Sunday,31,7,July,3,2017,True
20170731,2017-07-31,31,Monday,31,7,July,3,2017,False
20170801,2017-08-01,1,Tuesday,31,8,August,3,2017,False
20170802,2017-08-02,2,Wednesday,31,8,August,3,2017,False
20170803,2017-08-03,3,Thursday,31,8,August,3,2017,False
20170804,2017-08-04,4,Friday,31,8,August,3,2017,False
20170805,2017-08-05,5,Saturday,31,8,August,3,2017,True
20170806,2017-08-06,6,Sunday,32,8,August,3,2017,True
20170807,2017-08-07,7,Monday,32,8,August,3,2017,False
20170808,2017-08-08,8,Tuesday,32,8,August,3,2017,False
20170809,2017-08-09,9,Wednesday,32,8,August,3,2017,False
20170810,2017-08-10,10,Thursday,32,8,August,3,2017,False
20170811,2017-08-11,11,Friday,32,8,August,3,2017,False
20170812,2017-08-12,12,Saturday,32,8,August,3,2017,True
20170813,2017-08-13,13,Sunday,33,8,August,3,2017,True
20170814,2017-08-14,14,Monday,33,8,August,3,2017,False
20170815,2017-08-15,15,Tuesday,33,8,August,3,2017,False
20170816,2017-08-16,16,Wednesday,33,8,August,3,2017,False
20170817,2017-08-17,17,Thursday,33,8,August,3,2017,False
20170818,2017-08-18,18,Friday,33,8,August,3,2017,False
20170819,2017-08-19,19,Saturday,33,8,August,3,2017,True
20170820,2017-08-20,20,Sunday,34,8,August,3,2017,True
20170821,2017-08-21,21,Monday,34,8,August,3,2017,False
20170822,2017-08-22,22,Tuesday,34,8,August,3,2017,False
20170823,2017-08-23,23,Wednesday,34,8,August,3,2017,False
20170824,2017-08-24,24,Thursday,34,8,August,3,2017,False
20170825,2017-08-25,25,Friday,34,8,August,3,2017,False
20170826,2017-08-26,26,Saturday,34,8,August,3,2017,True
20170827,2017-08-27,27,Sunday,35,8,August,3,2017,True
20170828,2017-08-28,28,Monday,35,8,August,3,2017,False
20170829,2017-08-29,29,Tuesday,35,8,August,3,2017,False
20170830,2017-08-30,30,Wednesday,35,8,August,3,2017,False
20170831,2017-08-31,31,Thursday,35,8,August,3,2017,False
20170901,2017-09-01,1,Friday,35,9,September,3,2017,False
20170902,2017-09-02,2,Saturday,35,9,September,3,2017,True
20170903,2017-09-03,3,Sunday,36,9,September,3,2017,True
20170904,2017-09-04,4,Monday,36,9,September,3,2017,False
20170905,2017-09-05,5,Tuesday,36,9,September,3,2017,False
20170906,2017-09-06,6,Wednesday,36,9,September,3,2017,False
20170907,2017-09-07,7,Thursday,36,9,September,3,2017,False
20170908,2017-09-08,8,Friday,36,9,September,3,2017,False
20170909,2017-09-09,9,Saturday,36,9,September,3,2017,True
20170910,2017-09-10,10,Sunday,37,9,September,3,2017,True
20170911,2017-09-11,11,Monday,37,9,September,3,2017,False
20170912,2017-09-12,12,Tuesday,37,9,September,3,2017,False
20170913,2017-09-13,13,Wednesday,37,9,September,3,2017,False
20170914,2017-09-14,14,Thursday,37,9,September,3,2017,False
20170915,2017-09-15,15,Friday,37,9,September,3,2017,False
20170916,2017-09-16,16,Saturday,37,9,September,3,2017,True
20170917,2017-09-17,17,Sunday,38,9,September,3,2017,True
20170918,2017-09-18,18,Monday,38,9,September,3,2017,False
20170919,2017-09-19,19,Tuesday,38,9,September,3,2017,False
20170920,2017-09-20,20,Wednesday,38,9,September,3,2017,False
20170921,2017-09-21,21,Thursday,38,9,September,3,2017,False
20170922,2017-09-22,22,Friday,38,9,September,3,2017,False
20170923,2017-09-23,23,Saturday,38,9,September,3,2017,True
20170924,2017-09-24,24,Sunday,39,9,September,3,2017,True
20170925,2017-09-25,25,Monday,39,9,September,3,2017,False
20170926,2017-09-26,26,Tuesday,39,9,September,3,2017,False
20170927,2017-09-27,27,Wednesday,39,9,September,3,2017,False
20170928,2017-09-28,28,Thursday,39,9,September,3,2017,False
20170929,2017-09-29,29,Friday,39,9,September,3,2017,False
20170930,2017-09-30,30,Saturday,39,9,September,3,2017,True
20171001,2017-10-01,1,Sunday,40,10,October,4,2017,True
20171002,2017-10-02,2,Monday,40,10,October,4,2017,False
20171003,2017-10-03,3,Tuesday,40,10,October,4,2017,False
20171004,2017-10-04,4,Wednesday,40,10,October,4,2017,False
20171005,2017-10-05,5,Thursday,40,10,October,4,2017,False
20171006,2017-10-06,6,Friday,40,10,October,4,2017,False
20171007,2017-10-07,7,Saturday,40,10,October,4,2017,True
20171008,2017-10-08,8,Sunday,41,10,October,4,2017,True
20171009,2017-10-09,9,Monday,41,10,October,4,2017,False
20171010,2017-10-10,10,Tuesday,41,10,October,4,2017,False
20171011,2017-10-11,11,Wednesday,41,10,October,4,2017,False
20171012,2017-10-12,12,Thursday,41,10,October,4,2017,False
20171013,2017-10-13,13,Friday,41,10,October,4,2017,False
20171014,2017-10-14,14,Saturday,41,10,October,4,2017,True
20171015,2017-10-15,15,Sunday,42,10,October,4,2017,True
20171016,2017-10-16,16,Monday,42,10,October,4,2017,False
20171017,2017-10-17,17,Tuesday,42,10,October,4,2017,False
20171018,2017-10-18,18,Wednesday,42,10,October,4,2017,False
20171019,2017-10-19,19,Thursday,42,10,October,4,2017,False
20171020,2017-10-20,20,Friday,42,10,October,4,2017,False
20171021,2017-10-21,21,Saturday,42,10,October,4,2017,True
20171022,2017-10-22,22,Sunday,43,10,October,4,2017,True
20171023,2017-10-23,23,Monday,43,10,October,4,2017,False
20171024,2017-10-24,24,Tuesday,43,10,October,4,2017,False
20171025,2017-10-25,25,Wednesday,43,10,October,4,2017,False
20171026,2017-10-26,26,Thursday,43,10,October,4,2017,False
20171027,2017-10-27,27,Friday,43,10,October,4,2017,False
20171028,2017-10-28,28,Saturday,43,10,October,4,2017,True
20171029,2017-10-29,29,Sunday,44,10,October,4,2017,True
20171030,2017-10-30,30,Monday,44,10,October,4,2017,False
20171031,2017-10-31,31,Tuesday,44,10,October,4,2017,False
20171101,2017-11-01,1,Wednesday,44,11,November,4,2017,False
20171102,2017-11-02,2,Thursday,44,11,November,4,2017,False
20171103,2017-11-03,3,Friday,44,11,November,4,2017,False
20171104,2017-11-04,4,Saturday,44,11,November,4,2017,True
20171105,2017-11-05,5,Sunday,45,11,November,4,2017,True
20171106,2017-11-06,6,Monday,45,11,November,4,2017,False
20171107,2017-11-07,7,Tuesday,45,11,November,4,2017,False
20171108,2017-11-08,8,Wednesday,45,11,November,4,2017,False
20171109,2017-11-09,9,Thursday,45,11,November,4,2017,False
20171110,2017-11-10,10,Friday,45,11,November,4,2017,False
20171111,2017-11-11,11,Saturday,45,11,November,4,2017,True
20171112,2017-11-12,12,Sunday,46,11,November,4,2017,True
20171113,2017-11-13,13,Monday,46,11,November,4,2017,False
20171114,2017-11-14,14,Tuesday,46,11,November,4,2017,False
20171115,2017-11-15,15,Wednesday,46,11,November,4,2017,False
20171116,2017-11-16,16,Thursday,46,11,November,4,2017,False
20171117,2017-11-17,17,Friday,46,11,November,4,2017,False
20171118,2017-11-18,18,Saturday,46,11,November,4,2017,True
20171119,2017-11-19,19,Sunday,47,11,November,4,2017,True
20171120,2017-11-20,20,Monday,47,11,November,4,2017,False
20171121,2017-11-21,21,Tuesday,47,11,November,4,2017,False
20171122,2017-11-22,22,Wednesday,47,11,November,4,2017,False
20171123,2017-11-23,23,Thursday,47,11,November,4,2017,False
20171124,2017-11-24,24,Friday,47,11,November,4,2017,False
20171125,2017-11-25,25,Saturday,47,11,November,4,2017,True
20171126,2017-11-26,26,Sunday,48,11,November,4,2017,True
20171127,2017-11-27,27,Monday,48,11,November,4,2017,False
20171128,2017-11-28,28,Tuesday,48,11,November,4,2017,False
20171129,2017-11-29,29,Wednesday,48,11,November,4,2017,False
20171130,2017-11-30,30,Thursday,48,11,November,4,2017,False
20171201,2017-12-01,1,Friday,48,12,December,4,2017,False
20171202,2017-12-02,2,Saturday,48,12,December,4,2017,True
20171203,2017-12-03,3,Sunday,49,12,December,4,2017,True
20171204,2017-12-04,4,Monday,49,12,December,4,2017,False
20171205,2017-12-05,5,Tuesday,49,12,December,4,2017,False
20171206,2017-12-06,6,Wednesday,49,12,December,4,2017,False
20171207,2017-12-07,7,Thursday,49,12,December,4,2017,False
20171208,2017-12-08,8,Friday,49,12,December,4,2017,False
20171209,2017-12-09,9,Saturday,49,12,December,4,2017,True
20171210,2017-12-10,10,Sunday,50,12,December,4,2017,True
20171211,2017-12-11,11,Monday,50,12,December,4,2017,False
20171212,2017-12-12,12,Tuesday,50,12,December,4,2017,False
20171213,2017-12-13,13,Wednesday,50,12,December,4,2017,False
20171214,2017-12-14,14,Thursday,50,12,December,4,2017,False
20171215,2017-12-15,15,Friday,50,12,December,4,2017,False
20171216,2017-12-16,16,Saturday,50,12,December,4,2017,True
20171217,2017-12-17,17,Sunday,51,12,December,4,2017,True
20171218,2017-12-18,18,Monday,51,12,December,4,2017,False
20171219,2017-12-19,19,Tuesday,51,12,December,4,2017,False
20171220,2017-12-20,20,Wednesday,51,12,December,4,2017,False
20171221,2017-12-21,21,Thursday,51,12,December,4,2017,False
20171222,2017-12-22,22,Friday,51,12,December,4,2017,False
20171223,2017-12-23,23,Saturday,51,12,December,4,2017,True
20171224,2017-12-24,24,Sunday,52,12,December,4,2017,True
20171225,2017-12-25,25,Monday,52,12,December,4,2017,False
20171226,2017-12-26,26,Tuesday,52,12,December,4,2017,False
20171227,2017-12-27,27,Wednesday,52,12,December,4,2017,False
20171228,2017-12-28,28,Thursday,52,12,December,4,2017,False
20171229,2017-12-29,29,Friday,52,12,December,4,2017,False
20171230,2017-12-30,30,Saturday,52,12,December,4,2017,True
20171231,2017-12-31,31,Sunday,53,12,December,4,2017,True
20180101,2018-01-01,1,Monday,1,1,January,1,2018,False
20180102,2018-01-02,2,Tuesday,1,1,January,1,2018,False
20180103,2018-01-03,3,Wednesday,1,1,January,1,2018,False
20180104,2018-01-04,4,Thursday,1,1,January,1,2018,False
20180105,2018-01-05,5,Friday,1,1,January,1,2018,False
20180106,2018-01-06,6,Saturday,1,1,January,1,2018,True
20180107,2018-01-07,7,Sunday,2,1,January,1,2018,True
20180108,2018-01-08,8,Monday,2,1,January,1,2018,False
20180109,2018-01-09,9,Tuesday,2,1,January,1,2018,False
20180110,2018-01-10,10,Wednesday,2,1,January,1,2018,False
20180111,2018-01-11,11,Thursday,2,1,January,1,2018,False
20180112,2018-01-12,12,Friday,2,1,January,1,2018,False
20180113,2018-01-13,13,Saturday,2,1,January,1,2018,True
20180114,2018-01-14,14,Sunday,3,1,January,1,2018,True
20180115,2018-01-15,15,Monday,3,1,January,1,2018,False
20180116,2018-01-16,16,Tuesday,3,1,January,1,2018,False
20180117,2018-01-17,17,Wednesday,3,1,January,1,2018,False
20180118,2018-01-18,18,Thursday,3,1,January,1,2018,False
20180119,2018-01-19,19,Friday,3,1,January,1,2018,False
20180120,2018-01-20,20,Saturday,3,1,January,1,2018,True
20180121,2018-01-21,21,Sunday,4,1,January,1,2018,True
20180122,2018-01-22,22,Monday,4,1,January,1,2018,False
20180123,2018-01-23,23,Tuesday,4,1,January,1,2018,False
20180124,2018-01-24,24,Wednesday,4,1,January,1,2018,False
20180125,2018-01-25,25,Thursday,4,1,January,1,2018,False
20180126,2018-01-26,26,Friday,4,1,January,1,2018,False
20180127,2018-01-27,27,Saturday,4,1,January,1,2018,True
20180128,2018-01-28,28,Sunday,5,1,January,1,2018,True
20180129,2018-01-29,29,Monday,5,1,January,1,2018,False
20180130,2018-01-30,30,Tuesday,5,1,January,1,2018,False
20180131,2018-01-31,31,Wednesday,5,1,January,1,2018,False
20180201,2018-02-01,1,Thursday,5,2,February,1,2018,False
20180202,2018-02-02,2,Friday,5,2,February,1,2018,False
20180203,2018-02-03,3,Saturday,5,2,February,1,2018,True
20180204,2018-02-04,4,Sunday,6,2,February,1,2018,True
20180205,2018-02-05,5,Monday,6,2,February,1,2018,False
20180206,2018-02-06,6,Tuesday,6,2,February,1,2018,False
20180207,2018-02-07,7,Wednesday,6,2,February,1,2018,False
20180208,2018-02-08,8,Thursday,6,2,February,1,2018,False
20180209,2018-02-09,9,Friday,6,2,February,1,2018,False
20180210,2018-02-10,10,Saturday,6,2,February,1,2018,True
20180211,2018-02-11,11,Sunday,7,2,February,1,2018,True
20180212,2018-02-12,12,Monday,7,2,February,1,2018,False
20180213,2018-02-13,13,Tuesday,7,2,February,1,2018,False
20180214,2018-02-14,14,Wednesday,7,2,February,1,2018,False
20180215,2018-02-15,15,Thursday,7,2,February,1,2018,False
20180216,2018-02-16,16,Friday,7,2,February,1,2018,False
20180217,2018-02-17,17,Saturday,7,2,February,1,2018,True
20180218,2018-02-18,18,Sunday,8,2,February,1,2018,True
20180219,2018-02-19,19,Monday,8,2,February,1,2018,False
20180220,2018-02-20,20,Tuesday,8,2,February,1,2018,False
20180221,2018-02-21,21,Wednesday,8,2,February,1,2018,False
20180222,2018-02-22,22,Thursday,8,2,February,1,2018,False
20180223,2018-02-23,23,Friday,8,2,February,1,2018,False
20180224,2018-02-24,24,Saturday,8,2,February,1,2018,True
20180225,2018-02-25,25,Sunday,9,2,February,1,2018,True
20180226,2018-02-26,26,Monday,9,2,February,1,2018,False
20180227,2018-02-27,27,Tuesday,9,2,February,1,2018,False
20180228,2018-02-28,28,Wednesday,9,2,February,1,2018,False
20180301,2018-03-01,1,Thursday,9,3,March,1,2018,False
20180302,2018-03-02,2,Friday,9,3,March,1,2018,False
20180303,2018-03-03,3,Saturday,9,3,March,1,2018,True
20180304,2018-03-04,4,Sunday,10,3,March,1,2018,True
20180305,2018-03-05,5,Monday,10,3,March,1,2018,False
20180306,2018-03-06,6,Tuesday,10,3,March,1,2018,False
20180307,2018-03-07,7,Wednesday,10,3,March,1,2018,False
20180308,2018-03-08,8,Thursday,10,3,March,1,2018,False
20180309,2018-03-09,9,Friday,10,3,March,1,2018,False
20180310,2018-03-10,10,Saturday,10,3,March,1,2018,True
20180311,2018-03-11,11,Sunday,11,3,March,1,2018,True
20180312,2018-03-12,12,Monday,11,3,March,1,2018,False
20180313,2018-03-13,13,Tuesday,11,3,March,1,2018,False
20180314,2018-03-14,14,Wednesday,11,3,March,1,2018,False
20180315,2018-03-15,15,Thursday,11,3,March,1,2018,False
20180316,2018-03-16,16,Friday,11,3,March,1,2018,False
20180317,2018-03-17,17,Saturday,11,3,March,1,2018,True
20180318,2018-03-18,18,Sunday,12,3,March,1,2018,True
20180319,2018-03-19,19,Monday,12,3,March,1,2018,False
20180320,2018-03-20,20,Tuesday,12,3,March,1,2018,False
20180321,2018-03-21,21,Wednesday,12,3,March,1,2018,False
20180322,2018-03-22,22,Thursday,12,3,March,1,2018,False
20180323,2018-03-23,23,Friday,12,3,March,1,2018,False
20180324,2018-03-24,24,Saturday,12,3,March,1,2018,True
20180325,2018-03-25,25,Sunday,13,3,March,1,2018,True
20180326,2018-03-26,26,Monday,13,3,March,1,2018,False
20180327,2018-03-27,27,Tuesday,13,3,March,1,2018,False
20180328,2018-03-28,28,Wednesday,13,3,March,1,2018,False
20180329,2018-03-29,29,Thursday,13,3,March,1,2018,False
20180330,2018-03-30,30,Friday,13,3,March,1,2018,False
20180331,2018-03-31,31,Saturday,13,3,March,1,2018,True
20180401,2018-04-01,1,Sunday,14,4,April,2,2018,True
20180402,2018-04-02,2,Monday,14,4,April,2,2018,False
20180403,2018-04-03,3,Tuesday,14,4,April,2,2018,False
20180404,2018-04-04,4,Wednesday,14,4,April,2,2018,False
20180405,2018-04-05,5,Thursday,14,4,April,2,2018,False
20180406,2018-04-06,6,Friday,14,4,April,2,2018,False
20180407,2018-04-07,7,Saturday,14,4,April,2,2018,True
20180408,2018-04-08,8,Sunday,15,4,April,2,2018,True
20180409,2018-04-09,9,Monday,15,4,April,2,2018,False
20180410,2018-04-10,10,Tuesday,15,4,April,2,2018,False
20180411,2018-04-11,11,Wednesday,15,4,April,2,2018,False
20180412,2018-04-12,12,Thursday,15,4,April,2,2018,False
20180413,2018-04-13,13,Friday,15,4,April,2,2018,False
20180414,2018-04-14,14,Saturday,15,4,April,2,2018,True
20180415,2018-04-15,15,Sunday,16,4,April,2,2018,True
20180416,2018-04-16,16,Monday,16,4,April,2,2018,False
20180417,2018-04-17,17,Tuesday,16,4,April,2,2018,False
20180418,2018-04-18,18,Wednesday,16,4,April,2,2018,False
20180419,2018-04-19,19,Thursday,16,4,April,2,2018,False
20180420,2018-04-20,20,Friday,16,4,April,2,2018,False
20180421,2018-04-21,21,Saturday,16,4,April,2,2018,True
20180422,2018-04-22,22,Sunday,17,4,April,2,2018,True
20180423,2018-04-23,23,Monday,17,4,April,2,2018,False
20180424,2018-04-24,24,Tuesday,17,4,April,2,2018,False
20180425,2018-04-25,25,Wednesday,17,4,April,2,2018,False
20180426,2018-04-26,26,Thursday,17,4,April,2,2018,False
20180427,2018-04-27,27,Friday,17,4,April,2,2018,False
20180428,2018-04-28,28,Saturday,17,4,April,2,2018,True
20180429,2018-04-29,29,Sunday,18,4,April,2,2018,True
20180430,2018-04-30,30,Monday,18,4,April,2,2018,False
20180501,2018-05-01,1,Tuesday,18,5,May,2,2018,False
20180502,2018-05-02,2,Wednesday,18,5,May,2,2018,False
20180503,2018-05-03,3,Thursday,18,5,May,2,2018,False
20180504,2018-05-04,4,Friday,18,5,May,2,2018,False
20180505,2018-05-05,5,Saturday,18,5,May,2,2018,True
20180506,2018-05-06,6,Sunday,19,5,May,2,2018,True
20180507,2018-05-07,7,Monday,19,5,May,2,2018,False
20180508,2018-05-08,8,Tuesday,19,5,May,2,2018,False
20180509,2018-05-09,9,Wednesday,19,5,May,2,2018,False
20180510,2018-05-10,10,Thursday,19,5,May,2,2018,False
20180511,2018-05-11,11,Friday,19,5,May,2,2018,False
20180512,2018-05-12,12,Saturday,19,5,May,2,2018,True
20180513,2018-05-13,13,Sunday,20,5,May,2,2018,True
20180514,2018-05-14,14,Monday,20,5,May,2,2018,False
20180515,2018-05-15,15,Tuesday,20,5,May,2,2018,False
20180516,2018-05-16,16,Wednesday,20,5,May,2,2018,False
20180517,2018-05-17,17,Thursday,20,5,May,2,2018,False
20180518,2018-05-18,18,Friday,20,5,May,2,2018,False
20180519,2018-05-19,19,Saturday,20,5,May,2,2018,True
20180520,2018-05-20,20,Sunday,21,5,May,2,2018,True
20180521,2018-05-21,21,Monday,21,5,May,2,2018,False
20180522,2018-05-22,22,Tuesday,21,5,May,2,2018,False
20180523,2018-05-23,23,Wednesday,21,5,May,2,2018,False
20180524,2018-05-24,24,Thursday,21,5,May,2,2018,False
20180525,2018-05-25,25,Friday,21,5,May,2,2018,False
20180526,2018-05-26,26,Saturday,21,5,May,2,2018,True
20180527,2018-05-27,27,Sunday,22,5,May,2,2018,True
20180528,2018-05-28,28,Monday,22,5,May,2,2018,False
20180529,2018-05-29,29,Tuesday,22,5,May,2,2018,False
20180530,2018-05-30,30,Wednesday,22,5,May,2,2018,False
20180531,2018-05-31,31,Thursday,22,5,May,2,2018,False
20180601,2018-06-01,1,Friday,22,6,June,2,2018,False
20180602,2018-06-02,2,Saturday,22,6,June,2,2018,True
20180603,2018-06-03,3,Sunday,23,6,June,2,2018,True
20180604,2018-06-04,4,Monday,23,6,June,2,2018,False
20180605,2018-06-05,5,Tuesday,23,6,June,2,2018,False
20180606,2018-06-06,6,Wednesday,23,6,June,2,2018,False
20180607,2018-06-07,7,Thursday,23,6,June,2,2018,False
20180608,2018-06-08,8,Friday,23,6,June,2,2018,False
20180609,2018-06-09,9,Saturday,23,6,June,2,2018,True
20180610,2018-06-10,10,Sunday,24,6,June,2,2018,True
20180611,2018-06-11,11,Monday,24,6,June,2,2018,False
20180612,2018-06-12,12,Tuesday,24,6,June,2,2018,False
20180613,2018-06-13,13,Wednesday,24,6,June,2,2018,False
20180614,2018-06-14,14,Thursday,24,6,June,2,2018,False
20180615,2018-06-15,15,Friday,24,6,June,2,2018,False
20180616,2018-06-16,16,Saturday,24,6,June,2,2018,True
20180617,2018-06-17,17,Sunday,25,6,June,2,2018,True
20180618,2018-06-18,18,Monday,25,6,June,2,2018,False
20180619,2018-06-19,19,Tuesday,25,6,June,2,2018,False
20180620,2018-06-20,20,Wednesday,25,6,June,2,2018,False
20180621,2018-06-21,21,Thursday,25,6,June,2,2018,False
20180622,2018-06-22,22,Friday,25,6,June,2,2018,False
20180623,2018-06-23,23,Saturday,25,6,June,2,2018,True
20180624,2018-06-24,24,Sunday,26,6,June,2,2018,True
20180625,2018-06-25,25,Monday,26,6,June,2,2018,False
20180626,2018-06-26,26,Tuesday,26,6,June,2,2018,False
20180627,2018-06-27,27,Wednesday,26,6,June,2,2018,False
20180628,2018-06-28,28,Thursday,26,6,June,2,2018,False
20180629,2018-06-29,29,Friday,26,6,June,2,2018,False
20180630,2018-06-30,30,Saturday,26,6,June,2,2018,True
20180701,2018-07-01,1,Sunday,27,7,July,3,2018,True
20180702,2018-07-02,2,Monday,27,7,July,3,2018,False
20180703,2018-07-03,3,Tuesday,27,7,July,3,2018,False
20180704,2018-07-04,4,Wednesday,27,7,July,3,2018,False
20180705,2018-07-05,5,Thursday,27,7,July,3,2018,False
20180706,2018-07-06,6,Friday,27,7,July,3,2018,False
20180707,2018-07-07,7,Saturday,27,7,July,3,2018,True
20180708,2018-07-08,8,Sunday,28,7,July,3,2018,True
20180709,2018-07-09,9,Monday,28,7,July,3,2018,False
20180710,2018-07-10,10,Tuesday,28,7,July,3,2018,False
20180711,2018-07-11,11,Wednesday,28,7,July,3,2018,False
20180712,2018-07-12,12,Thursday,28,7,July,3,2018,False
20180713,2018-07-13,13,Friday,28,7,July,3,2018,False
20180714,2018-07-14,14,Saturday,28,7,July,3,2018,True
20180715,2018-07-15,15,Sunday,29,7,July,3,2018,True
20180716,2018-07-16,16,Monday,29,7,July,3,2018,False
20180717,2018-07-17,17,Tuesday,29,7,July,3,2018,False
20180718,2018-07-18,18,Wednesday,29,7,July,3,2018,False
20180719,2018-07-19,19,Thursday,29,7,July,3,2018,False
20180720,2018-07-20,20,Friday,29,7,July,3,2018,False
20180721,2018-07-21,21,Saturday,29,7,July,3,2018,True
20180722,2018-07-22,22,Sunday,30,7,July,3,2018,True
20180723,2018-07-23,23,Monday,30,7,July,3,2018,False
20180724,2018-07-24,24,Tuesday,30,7,July,3,2018,False
20180725,2018-07-25,25,Wednesday,30,7,July,3,2018,False
20180726,2018-07-26,26,Thursday,30,7,July,3,2018,False
20180727,2018-07-27,27,Friday,30,7,July,3,2018,False
20180728,2018-07-28,28,Saturday,30,7,July,3,2018,True
20180729,2018-07-29,29,Sunday,31,7,July,3,2018,True
20180730,2018-07-30,30,Monday,31,7,July,3,2018,False
20180731,2018-07-31,31,Tuesday,31,7,July,3,2018,False
20180801,2018-08-01,1,Wednesday,31,8,August,3,2018,False
20180802,2018-08-02,2,Thursday,31,8,August,3,2018,False
20180803,2018-08-03,3,Friday,31,8,August,3,2018,False
20180804,2018-08-04,4,Saturday,31,8,August,3,2018,True
20180805,2018-08-05,5,Sunday,32,8,August,3,2018,True
20180806,2018-08-06,6,Monday,32,8,August,3,2018,False
20180807,2018-08-07,7,Tuesday,32,8,August,3,2018,False
20180808,2018-08-08,8,Wednesday,32,8,August,3,2018,False
20180809,2018-08-09,9,Thursday,32,8,August,3,2018,False
20180810,2018-08-10,10,Friday,32,8,August,3,2018,False
20180811,2018-08-11,11,Saturday,32,8,August,3,2018,True
20180812,2018-08-12,12,Sunday,33,8,August,3,2018,True
20180813,2018-08-13,13,Monday,33,8,August,3,2018,False
20180814,2018-08-14,14,Tuesday,33,8,August,3,2018,False
20180815,2018-08-15,15,Wednesday,33,8,August,3,2018,False
20180816,2018-08-16,16,Thursday,33,8,August,3,2018,False
20180817,2018-08-17,17,Friday,33,8,August,3,2018,False
20180818,2018-08-18,18,Saturday,33,8,August,3,2018,True
20180819,2018-08-19,19,Sunday,34,8,August,3,2018,True
20180820,2018-08-20,20,Monday,34,8,August,3,2018,False
20180821,2018-08-21,21,Tuesday,34,8,August,3,2018,False
20180822,2018-08-22,22,Wednesday,34,8,August,3,2018,False
20180823,2018-08-23,23,Thursday,34,8,August,3,2018,False
20180824,2018-08-24,24,Friday,34,8,August,3,2018,False
20180825,2018-08-25,25,Saturday,34,8,August,3,2018,True
20180826,2018-08-26,26,Sunday,35,8,August,3,2018,True
20180827,2018-08-27,27,Monday,35,8,August,3,2018,False
20180828,2018-08-28,28,Tuesday,35,8,August,3,2018,False
20180829,2018-08-29,29,Wednesday,35,8,August,3,2018,False
20180830,2018-08-30,30,Thursday,35,8,August,3,2018,False
20180831,2018-08-31,31,Friday,35,8,August,3,2018,False
20180901,2018-09-01,1,Saturday,35,9,September,3,2018,True
20180902,2018-09-02,2,Sunday,36,9,September,3,2018,True
20180903,2018-09-03,3,Monday,36,9,September,3,2018,False
20180904,2018-09-04,4,Tuesday,36,9,September,3,2018,False
20180905,2018-09-05,5,Wednesday,36,9,September,3,2018,False
20180906,2018-09-06,6,Thursday,36,9,September,3,2018,False
20180907,2018-09-07,7,Friday,36,9,September,3,2018,False
20180908,2018-09-08,8,Saturday,36,9,September,3,2018,True
20180909,2018-09-09,9,Sunday,37,9,September,3,2018,True
20180910,2018-09-10,10,Monday,37,9,September,3,2018,False
20180911,2018-09-11,11,Tuesday,37,9,September,3,2018,False
20180912,2018-09-12,12,Wednesday,37,9,September,3,2018,False
20180913,2018-09-13,13,Thursday,37,9,September,3,2018,False
20180914,2018-09-14,14,Friday,37,9,September,3,2018,False
20180915,2018-09-15,15,Saturday,37,9,September,3,2018,True
20180916,2018-09-16,16,Sunday,38,9,September,3,2018,True
20180917,2018-09-17,17,Monday,38,9,September,3,2018,False
20180918,2018-09-18,18,Tuesday,38,9,September,3,2018,False
20180919,2018-09-19,19,Wednesday,38,9,September,3,2018,False
20180920,2018-09-20,20,Thursday,38,9,September,3,2018,False
20180921,2018-09-21,21,Friday,38,9,September,3,2018,False
20180922,2018-09-22,22,Saturday,38,9,September,3,2018,True
20180923,2018-09-23,23,Sunday,39,9,September,3,2018,True
20180924,2018-09-24,24,Monday,39,9,September,3,2018,False
20180925,2018-09-25,25,Tuesday,39,9,September,3,2018,False
20180926,2018-09-26,26,Wednesday,39,9,September,3,2018,False
20180927,2018-09-27,27,Thursday,39,9,September,3,2018,False
20180928,2018-09-28,28,Friday,39,9,September,3,2018,False
20180929,2018-09-29,29,Saturday,39,9,September,3,2018,True
20180930,2018-09-30,30,Sunday,40,9,September,3,2018,True
20181001,2018-10-01,1,Monday,40,10,October,4,2018,False
20181002,2018-10-02,2,Tuesday,40,10,October,4,2018,False
20181003,2018-10-03,3,Wednesday,40,10,October,4,2018,False
20181004,2018-10-04,4,Thursday,40,10,October,4,2018,False
20181005,2018-10-05,5,Friday,40,10,October,4,2018,False
20181006,2018-10-06,6,Saturday,40,10,October,4,2018,True
20181007,2018-10-07,7,Sunday,41,10,October,4,2018,True
20181008,2018-10-08,8,Monday,41,10,October,4,2018,False
20181009,2018-10-09,9,Tuesday,41,10,October,4,2018,False
20181010,2018-10-10,10,Wednesday,41,10,October,4,2018,False
20181011,2018-10-11,11,Thursday,41,10,October,4,2018,False
20181012,2018-10-12,12,Friday,41,10,October,4,2018,False
20181013,2018-10-13,13,Saturday,41,10,October,4,2018,True
20181014,2018-10-14,14,Sunday,42,10,October,4,2018,True
20181015,2018-10-15,15,Monday,42,10,October,4,2018,False
20181016,2018-10-16,16,Tuesday,42,10,October,4,2018,False
20181017,2018-10-17,17,Wednesday,42,10,October,4,2018,False
20181018,2018-10-18,18,Thursday,42,10,October,4,2018,False
20181019,2018-10-19,19,Friday,42,10,October,4,2018,False
20181020,2018-10-20,20,Saturday,42,10,October,4,2018,True
20181021,2018-10-21,21,Sunday,43,10,October,4,2018,True
20181022,2018-10-22,22,Monday,43,10,October,4,2018,False
20181023,2018-10-23,23,Tuesday,43,10,October,4,2018,False
20181024,2018-10-24,24,Wednesday,43,10,October,4,2018,False
20181025,2018-10-25,25,Thursday,43,10,October,4,2018,False
20181026,2018-10-26,26,Friday,43,10,October,4,2018,False
20181027,2018-10-27,27,Saturday,43,10,October,4,2018,True
20181028,2018-10-28,28,Sunday,44,10,October,4,2018,True
20181029,2018-10-29,29,Monday,44,10,October,4,2018,False
20181030,2018-10-30,30,Tuesday,44,10,October,4,2018,False
20181031,2018-10-31,31,Wednesday,44,10,October,4,2018,False
20181101,2018-11-01,1,Thursday,44,11,November,4,2018,False
20181102,2018-11-02,2,Friday,44,11,November,4,2018,False
20181103,2018-11-03,3,Saturday,44,11,November,4,2018,True
20181104,2018-11-04,4,Sunday,45,11,November,4,2018,True
20181105,2018-11-05,5,Monday,45,11,November,4,2018,False
20181106,2018-11-06,6,Tuesday,45,11,November,4,2018,False
20181107,2018-11-07,7,Wednesday,45,11,November,4,2018,False
20181108,2018-11-08,8,Thursday,45,11,November,4,2018,False
20181109,2018-11-09,9,Friday,45,11,November,4,2018,False
20181110,2018-11-10,10,Saturday,45,11,November,4,2018,True
20181111,2018-11-11,11,Sunday,46,11,November,4,2018,True
20181112,2018-11-12,12,Monday,46,11,November,4,2018,False
20181113,2018-11-13,13,Tuesday,46,11,November,4,2018,False
20181114,2018-11-14,14,Wednesday,46,11,November,4,2018,False
20181115,2018-11-15,15,Thursday,46,11,November,4,2018,False
20181116,2018-11-16,16,Friday,46,11,November,4,2018,False
20181117,2018-11-17,17,Saturday,46,11,November,4,2018,True
20181118,2018-11-18,18,Sunday,47,11,November,4,2018,True
20181119,2018-11-19,19,Monday,47,11,November,4,2018,False
20181120,2018-11-20,20,Tuesday,47,11,November,4,2018,False
20181121,2018-11-21,21,Wednesday,47,11,November,4,2018,False
20181122,2018-11-22,22,Thursday,47,11,November,4,2018,False
20181123,2018-11-23,23,Friday,47,11,November,4,2018,False
20181124,2018-11-24,24,Saturday,47,11,November,4,2018,True
20181125,2018-11-25,25,Sunday,48,11,November,4,2018,True
20181126,2018-11-26,26,Monday,48,11,November,4,2018,False
20181127,2018-11-27,27,Tuesday,48,11,November,4,2018,False
20181128,2018-11-28,28,Wednesday,48,11,November,4,2018,False
20181129,2018-11-29,29,Thursday,48,11,November,4,2018,False
20181130,2018-11-30,30,Friday,48,11,November,4,2018,False
20181201,2018-12-01,1,Saturday,48,12,December,4,2018,True
20181202,2018-12-02,2,Sunday,49,12,December,4,2018,True
20181203,2018-12-03,3,Monday,49,12,December,4,2018,False
20181204,2018-12-04,4,Tuesday,49,12,December,4,2018,False
20181205,2018-12-05,5,Wednesday,49,12,December,4,2018,False
20181206,2018-12-06,6,Thursday,49,12,December,4,2018,False
20181207,2018-12-07,7,Friday,49,12,December,4,2018,False
20181208,2018-12-08,8,Saturday,49,12,December,4,2018,True
20181209,2018-12-09,9,Sunday,50,12,December,4,2018,True
20181210,2018-12-10,10,Monday,50,12,December,4,2018,False
20181211,2018-12-11,11,Tuesday,50,12,December,4,2018,False
20181212,2018-12-12,12,Wednesday,50,12,December,4,2018,False
20181213,2018-12-13,13,Thursday,50,12,December,4,2018,False
20181214,2018-12-14,14,Friday,50,12,December,4,2018,False
20181215,2018-12-15,15,Saturday,50,12,December,4,2018,True
20181216,2018-12-16,16,Sunday,51,12,December,4,2018,True
20181217,2018-12-17,17,Monday,51,12,December,4,2018,False
20181218,2018-12-18,18,Tuesday,51,12,December,4,2018,False
20181219,2018-12-19,19,Wednesday,51,12,December,4,2018,False
20181220,2018-12-20,20,Thursday,51,12,December,4,2018,False
20181221,2018-12-21,21,Friday,51,12,December,4,2018,False
20181222,2018-12-22,22,Saturday,51,12,December,4,2018,True
20181223,2018-12-23,23,Sunday,52,12,December,4,2018,True
20181224,2018-12-24,24,Monday,52,12,December,4,2018,False
20181225,2018-12-25,25,Tuesday,52,12,December,4,2018,False
20181226,2018-12-26,26,Wednesday,52,12,December,4,2018,False
20181227,2018-12-27,27,Thursday,52,12,December,4,2018,False
20181228,2018-12-28,28,Friday,52,12,December,4,2018,False
20181229,2018-12-29,29,Saturday,52,12,December,4,2018,True
20181230,2018-12-30,30,Sunday,53,12,December,4,2018,True
20181231,2018-12-31,31,Monday,53,12,December,4,2018,False
20190101,2019-01-01,1,Tuesday,1,1,January,1,2019,False
20190102,2019-01-02,2,Wednesday,1,1,January,1,2019,False
20190103,2019-01-03,3,Thursday,1,1,January,1,2019,False
20190104,2019-01-04,4,Friday,1,1,January,1,2019,False
20190105,2019-01-05,5,Saturday,1,1,January,1,2019,True
20190106,2019-01-06,6,Sunday,2,1,January,1,2019,True
20190107,2019-01-07,7,Monday,2,1,January,1,2019,False
20190108,2019-01-08,8,Tuesday,2,1,January,1,2019,False
20190109,2019-01-09,9,Wednesday,2,1,January,1,2019,False
20190110,2019-01-10,10,Thursday,2,1,January,1,2019,False
20190111,2019-01-11,11,Friday,2,1,January,1,2019,False
20190112,2019-01-12,12,Saturday,2,1,January,1,2019,True
20190113,2019-01-13,13,Sunday,3,1,January,1,2019,True
20190114,2019-01-14,14,Monday,3,1,January,1,2019,False
20190115,2019-01-15,15,Tuesday,3,1,January,1,2019,False
20190116,2019-01-16,16,Wednesday,3,1,January,1,2019,False
20190117,2019-01-17,17,Thursday,3,1,January,1,2019,False
20190118,2019-01-18,18,Friday,3,1,January,1,2019,False
20190119,2019-01-19,19,Saturday,3,1,January,1,2019,True
20190120,2019-01-20,20,Sunday,4,1,January,1,2019,True
20190121,2019-01-21,21,Monday,4,1,January,1,2019,False
20190122,2019-01-22,22,Tuesday,4,1,January,1,2019,False
20190123,2019-01-23,23,Wednesday,4,1,January,1,2019,False
20190124,2019-01-24,24,Thursday,4,1,January,1,2019,False
20190125,2019-01-25,25,Friday,4,1,January,1,2019,False
20190126,2019-01-26,26,Saturday,4,1,January,1,2019,True
20190127,2019-01-27,27,Sunday,5,1,January,1,2019,True
20190128,2019-01-28,28,Monday,5,1,January,1,2019,False
20190129,2019-01-29,29,Tuesday,5,1,January,1,2019,False
20190130,2019-01-30,30,Wednesday,5,1,January,1,2019,False
20190131,2019-01-31,31,Thursday,5,1,January,1,2019,False
20190201,2019-02-01,1,Friday,5,2,February,1,2019,False
20190202,2019-02-02,2,Saturday,5,2,February,1,2019,True
20190203,2019-02-03,3,Sunday,6,2,February,1,2019,True
20190204,2019-02-04,4,Monday,6,2,February,1,2019,False
20190205,2019-02-05,5,Tuesday,6,2,February,1,2019,False
20190206,2019-02-06,6,Wednesday,6,2,February,1,2019,False
20190207,2019-02-07,7,Thursday,6,2,February,1,2019,False
20190208,2019-02-08,8,Friday,6,2,February,1,2019,False
20190209,2019-02-09,9,Saturday,6,2,February,1,2019,True
20190210,2019-02-10,10,Sunday,7,2,February,1,2019,True
20190211,2019-02-11,11,Monday,7,2,February,1,2019,False
20190212,2019-02-12,12,Tuesday,7,2,February,1,2019,False
20190213,2019-02-13,13,Wednesday,7,2,February,1,2019,False
20190214,2019-02-14,14,Thursday,7,2,February,1,2019,False
20190215,2019-02-15,15,Friday,7,2,February,1,2019,False
20190216,2019-02-16,16,Saturday,7,2,February,1,2019,True
20190217,2019-02-17,17,Sunday,8,2,February,1,2019,True
20190218,2019-02-18,18,Monday,8,2,February,1,2019,False
20190219,2019-02-19,19,Tuesday,8,2,February,1,2019,False
20190220,2019-02-20,20,Wednesday,8,2,February,1,2019,False
20190221,2019-02-21,21,Thursday,8,2,February,1,2019,False
20190222,2019-02-22,22,Friday,8,2,February,1,2019,False
20190223,2019-02-23,23,Saturday,8,2,February,1,2019,True
20190224,2019-02-24,24,Sunday,9,2,February,1,2019,True
20190225,2019-02-25,25,Monday,9,2,February,1,2019,False
20190226,2019-02-26,26,Tuesday,9,2,February,1,2019,False
20190227,2019-02-27,27,Wednesday,9,2,February,1,2019,False
20190228,2019-02-28,28,Thursday,9,2,February,1,2019,False
20190301,2019-03-01,1,Friday,9,3,March,1,2019,False
20190302,2019-03-02,2,Saturday,9,3,March,1,2019,True
20190303,2019-03-03,3,Sunday,10,3,March,1,2019,True
20190304,2019-03-04,4,Monday,10,3,March,1,2019,False
20190305,2019-03-05,5,Tuesday,10,3,March,1,2019,False
20190306,2019-03-06,6,Wednesday,10,3,March,1,2019,False
20190307,2019-03-07,7,Thursday,10,3,March,1,2019,False
20190308,2019-03-08,8,Friday,10,3,March,1,2019,False
20190309,2019-03-09,9,Saturday,10,3,March,1,2019,True
20190310,2019-03-10,10,Sunday,11,3,March,1,2019,True
20190311,2019-03-11,11,Monday,11,3,March,1,2019,False
20190312,2019-03-12,12,Tuesday,11,3,March,1,2019,False
20190313,2019-03-13,13,Wednesday,11,3,March,1,2019,False
20190314,2019-03-14,14,Thursday,11,3,March,1,2019,False
20190315,2019-03-15,15,Friday,11,3,March,1,2019,False
20190316,2019-03-16,16,Saturday,11,3,March,1,2019,True
20190317,2019-03-17,17,Sunday,12,3,March,1,2019,True
20190318,2019-03-18,18,Monday,12,3,March,1,2019,False
20190319,2019-03-19,19,Tuesday,12,3,March,1,2019,False
20190320,2019-03-20,20,Wednesday,12,3,March,1,2019,False
20190321,2019-03-21,21,Thursday,12,3,March,1,2019,False
20190322,2019-03-22,22,Friday,12,3,March,1,2019,False
20190323,2019-03-23,23,Saturday,12,3,March,1,2019,True
20190324,2019-03-24,24,Sunday,13,3,March,1,2019,True
20190325,2019-03-25,25,Monday,13,3,March,1,2019,False
20190326,2019-03-26,26,Tuesday,13,3,March,1,2019,False
20190327,2019-03-27,27,Wednesday,13,3,March,1,2019,False
20190328,2019-03-28,28,Thursday,13,3,March,1,2019,False
20190329,2019-03-29,29,Friday,13,3,March,1,2019,False
20190330,2019-03-30,30,Saturday,13,3,March,1,2019,True
20190331,2019-03-31,31,Sunday,14,3,March,1,2019,True
20190401,2019-04-01,1,Monday,14,4,April,2,2019,False
20190402,2019-04-02,2,Tuesday,14,4,April,2,2019,False
20190403,2019-04-03,3,Wednesday,14,4,April,2,2019,False
20190404,2019-04-04,4,Thursday,14,4,April,2,2019,False
20190405,2019-04-05,5,Friday,14,4,April,2,2019,False
20190406,2019-04-06,6,Saturday,14,4,April,2,2019,True
20190407,2019-04-07,7,Sunday,15,4,April,2,2019,True
20190408,2019-04-08,8,Monday,15,4,April,2,2019,False
20190409,2019-04-09,9,Tuesday,15,4,April,2,2019,False
20190410,2019-04-10,10,Wednesday,15,4,April,2,2019,False
20190411,2019-04-11,11,Thursday,15,4,April,2,2019,False
20190412,2019-04-12,12,Friday,15,4,April,2,2019,False
20190413,2019-04-13,13,Saturday,15,4,April,2,2019,True
20190414,2019-04-14,14,Sunday,16,4,April,2,2019,True
20190415,2019-04-15,15,Monday,16,4,April,2,2019,False
20190416,2019-04-16,16,Tuesday,16,4,April,2,2019,False
20190417,2019-04-17,17,Wednesday,16,4,April,2,2019,False
20190418,2019-04-18,18,Thursday,16,4,April,2,2019,False
20190419,2019-04-19,19,Friday,16,4,April,2,2019,False
20190420,2019-04-20,20,Saturday,16,4,April,2,2019,True
20190421,2019-04-21,21,Sunday,17,4,April,2,2019,True
20190422,2019-04-22,22,Monday,17,4,April,2,2019,False
20190423,2019-04-23,23,Tuesday,17,4,April,2,2019,False
20190424,2019-04-24,24,Wednesday,17,4,April,2,2019,False
20190425,2019-04-25,25,Thursday,17,4,April,2,2019,False
20190426,2019-04-26,26,Friday,17,4,April,2,2019,False
20190427,2019-04-27,27,Saturday,17,4,April,2,2019,True
20190428,2019-04-28,28,Sunday,18,4,April,2,2019,True
20190429,2019-04-29,29,Monday,18,4,April,2,2019,False
20190430,2019-04-30,30,Tuesday,18,4,April,2,2019,False
20190501,2019-05-01,1,Wednesday,18,5,May,2,2019,False
20190502,2019-05-02,2,Thursday,18,5,May,2,2019,False
20190503,2019-05-03,3,Friday,18,5,May,2,2019,False
20190504,2019-05-04,4,Saturday,18,5,May,2,2019,True
20190505,2019-05-05,5,Sunday,19,5,May,2,2019,True
20190506,2019-05-06,6,Monday,19,5,May,2,2019,False
20190507,2019-05-07,7,Tuesday,19,5,May,2,2019,False
20190508,2019-05-08,8,Wednesday,19,5,May,2,2019,False
20190509,2019-05-09,9,Thursday,19,5,May,2,2019,False
20190510,2019-05-10,10,Friday,19,5,May,2,2019,False
20190511,2019-05-11,11,Saturday,19,5,May,2,2019,True
20190512,2019-05-12,12,Sunday,20,5,May,2,2019,True
20190513,2019-05-13,13,Monday,20,5,May,2,2019,False
20190514,2019-05-14,14,Tuesday,20,5,May,2,2019,False
20190515,2019-05-15,15,Wednesday,20,5,May,2,2019,False
20190516,2019-05-16,16,Thursday,20,5,May,2,2019,False
20190517,2019-05-17,17,Friday,20,5,May,2,2019,False
20190518,2019-05-18,18,Saturday,20,5,May,2,2019,True
20190519,2019-05-19,19,Sunday,21,5,May,2,2019,True
20190520,2019-05-20,20,Monday,21,5,May,2,2019,False
20190521,2019-05-21,21,Tuesday,21,5,May,2,2019,False
20190522,2019-05-22,22,Wednesday,21,5,May,2,2019,False
20190523,2019-05-23,23,Thursday,21,5,May,2,2019,False
20190524,2019-05-24,24,Friday,21,5,May,2,2019,False
20190525,2019-05-25,25,Saturday,21,5,May,2,2019,True
20190526,2019-05-26,26,Sunday,22,5,May,2,2019,True
20190527,2019-05-27,27,Monday,22,5,May,2,2019,False
20190528,2019-05-28,28,Tuesday,22,5,May,2,2019,False
20190529,2019-05-29,29,Wednesday,22,5,May,2,2019,False
20190530,2019-05-30,30,Thursday,22,5,May,2,2019,False
20190531,2019-05-31,31,Friday,22,5,May,2,2019,False
20190601,2019-06-01,1,Saturday,22,6,June,2,2019,True
20190602,2019-06-02,2,Sunday,23,6,June,2,2019,True
20190603,2019-06-03,3,Monday,23,6,June,2,2019,False
20190604,2019-06-04,4,Tuesday,23,6,June,2,2019,False
20190605,2019-06-05,5,Wednesday,23,6,June,2,2019,False
20190606,2019-06-06,6,Thursday,23,6,June,2,2019,False
20190607,2019-06-07,7,Friday,23,6,June,2,2019,False
20190608,2019-06-08,8,Saturday,23,6,June,2,2019,True
20190609,2019-06-09,9,Sunday,24,6,June,2,2019,True
20190610,2019-06-10,10,Monday,24,6,June,2,2019,False
20190611,2019-06-11,11,Tuesday,24,6,June,2,2019,False
20190612,2019-06-12,12,Wednesday,24,6,June,2,2019,False
20190613,2019-06-13,13,Thursday,24,6,June,2,2019,False
20190614,2019-06-14,14,Friday,24,6,June,2,2019,False
20190615,2019-06-15,15,Saturday,24,6,June,2,2019,True
20190616,2019-06-16,16,Sunday,25,6,June,2,2019,True
20190617,2019-06-17,17,Monday,25,6,June,2,2019,False
20190618,2019-06-18,18,Tuesday,25,6,June,2,2019,False
20190619,2019-06-19,19,Wednesday,25,6,June,2,2019,False
20190620,2019-06-20,20,Thursday,25,6,June,2,2019,False
20190621,2019-06-21,21,Friday,25,6,June,2,2019,False
20190622,2019-06-22,22,Saturday,25,6,June,2,2019,True
20190623,2019-06-23,23,Sunday,26,6,June,2,2019,True
20190624,2019-06-24,24,Monday,26,6,June,2,2019,False
20190625,2019-06-25,25,Tuesday,26,6,June,2,2019,False
20190626,2019-06-26,26,Wednesday,26,6,June,2,2019,False
20190627,2019-06-27,27,Thursday,26,6,June,2,2019,False
20190628,2019-06-28,28,Friday,26,6,June,2,2019,False
20190629,2019-06-29,29,Saturday,26,6,June,2,2019,True
20190630,2019-06-30,30,Sunday,27,6,June,2,2019,True
20190701,2019-07-01,1,Monday,27,7,July,3,2019,False
20190702,2019-07-02,2,Tuesday,27,7,July,3,2019,False
20190703,2019-07-03,3,Wednesday,27,7,July,3,2019,False
20190704,2019-07-04,4,Thursday,27,7,July,3,2019,False
20190705,2019-07-05,5,Friday,27,7,July,3,2019,False
20190706,2019-07-06,6,Saturday,27,7,July,3,2019,True
20190707,2019-07-07,7,Sunday,28,7,July,3,2019,True
20190708,2019-07-08,8,Monday,28,7,July,3,2019,False
20190709,2019-07-09,9,Tuesday,28,7,July,3,2019,False
20190710,2019-07-10,10,Wednesday,28,7,July,3,2019,False
20190711,2019-07-11,11,Thursday,28,7,July,3,2019,False
20190712,2019-07-12,12,Friday,28,7,July,3,2019,False
20190713,2019-07-13,13,Saturday,28,7,July,3,2019,True
20190714,2019-07-14,14,Sunday,29,7,July,3,2019,True
20190715,2019-07-15,15,Monday,29,7,July,3,2019,False
20190716,2019-07-16,16,Tuesday,29,7,July,3,2019,False
20190717,2019-07-17,17,Wednesday,29,7,July,3,2019,False
20190718,2019-07-18,18,Thursday,29,7,July,3,2019,False
20190719,2019-07-19,19,Friday,29,7,July,3,2019,False
20190720,2019-07-20,20,Saturday,29,7,July,3,2019,True
20190721,2019-07-21,21,Sunday,30,7,July,3,2019,True
20190722,2019-07-22,22,Monday,30,7,July,3,2019,False
20190723,2019-07-23,23,Tuesday,30,7,July,3,2019,False
20190724,2019-07-24,24,Wednesday,30,7,July,3,2019,False
20190725,2019-07-25,25,Thursday,30,7,July,3,2019,False
20190726,2019-07-26,26,Friday,30,7,July,3,2019,False
20190727,2019-07-27,27,Saturday,30,7,July,3,2019,True
20190728,2019-07-28,28,Sunday,31,7,July,3,2019,True
20190729,2019-07-29,29,Monday,31,7,July,3,2019,False
20190730,2019-07-30,30,Tuesday,31,7,July,3,2019,False
20190731,2019-07-31,31,Wednesday,31,7,July,3,2019,False
20190801,2019-08-01,1,Thursday,31,8,August,3,2019,False
20190802,2019-08-02,2,Friday,31,8,August,3,2019,False
20190803,2019-08-03,3,Saturday,31,8,August,3,2019,True
20190804,2019-08-04,4,Sunday,32,8,August,3,2019,True
20190805,2019-08-05,5,Monday,32,8,August,3,2019,False
20190806,2019-08-06,6,Tuesday,32,8,August,3,2019,False
20190807,2019-08-07,7,Wednesday,32,8,August,3,2019,False
20190808,2019-08-08,8,Thursday,32,8,August,3,2019,False
20190809,2019-08-09,9,Friday,32,8,August,3,2019,False
20190810,2019-08-10,10,Saturday,32,8,August,3,2019,True
20190811,2019-08-11,11,Sunday,33,8,August,3,2019,True
20190812,2019-08-12,12,Monday,33,8,August,3,2019,False
20190813,2019-08-13,13,Tuesday,33,8,August,3,2019,False
20190814,2019-08-14,14,Wednesday,33,8,August,3,2019,False
20190815,2019-08-15,15,Thursday,33,8,August,3,2019,False
20190816,2019-08-16,16,Friday,33,8,August,3,2019,False
20190817,2019-08-17,17,Saturday,33,8,August,3,2019,True
20190818,2019-08-18,18,Sunday,34,8,August,3,2019,True
20190819,2019-08-19,19,Monday,34,8,August,3,2019,False
20190820,2019-08-20,20,Tuesday,34,8,August,3,2019,False
20190821,2019-08-21,21,Wednesday,34,8,August,3,2019,False
20190822,2019-08-22,22,Thursday,34,8,August,3,2019,False
20190823,2019-08-23,23,Friday,34,8,August,3,2019,False
20190824,2019-08-24,24,Saturday,34,8,August,3,2019,True
20190825,2019-08-25,25,Sunday,35,8,August,3,2019,True
20190826,2019-08-26,26,Monday,35,8,August,3,2019,False
20190827,2019-08-27,27,Tuesday,35,8,August,3,2019,False
20190828,2019-08-28,28,Wednesday,35,8,August,3,2019,False
20190829,2019-08-29,29,Thursday,35,8,August,3,2019,False
20190830,2019-08-30,30,Friday,35,8,August,3,2019,False
20190831,2019-08-31,31,Saturday,35,8,August,3,2019,True
20190901,2019-09-01,1,Sunday,36,9,September,3,2019,True
20190902,2019-09-02,2,Monday,36,9,September,3,2019,False
20190903,2019-09-03,3,Tuesday,36,9,September,3,2019,False
20190904,2019-09-04,4,Wednesday,36,9,September,3,2019,False
20190905,2019-09-05,5,Thursday,36,9,September,3,2019,False
20190906,2019-09-06,6,Friday,36,9,September,3,2019,False
20190907,2019-09-07,7,Saturday,36,9,September,3,2019,True
20190908,2019-09-08,8,Sunday,37,9,September,3,2019,True
20190909,2019-09-09,9,Monday,37,9,September,3,2019,False
20190910,2019-09-10,10,Tuesday,37,9,September,3,2019,False
20190911,2019-09-11,11,Wednesday,37,9,September,3,2019,False
20190912,2019-09-12,12,Thursday,37,9,September,3,2019,False
20190913,2019-09-13,13,Friday,37,9,September,3,2019,False
20190914,2019-09-14,14,Saturday,37,9,September,3,2019,True
20190915,2019-09-15,15,Sunday,38,9,September,3,2019,True
20190916,2019-09-16,16,Monday,38,9,September,3,2019,False
20190917,2019-09-17,17,Tuesday,38,9,September,3,2019,False
20190918,2019-09-18,18,Wednesday,38,9,September,3,2019,False
20190919,2019-09-19,19,Thursday,38,9,September,3,2019,False
20190920,2019-09-20,20,Friday,38,9,September,3,2019,False
20190921,2019-09-21,21,Saturday,38,9,September,3,2019,True
20190922,2019-09-22,22,Sunday,39,9,September,3,2019,True
20190923,2019-09-23,23,Monday,39,9,September,3,2019,False
20190924,2019-09-24,24,Tuesday,39,9,September,3,2019,False
20190925,2019-09-25,25,Wednesday,39,9,September,3,2019,False
20190926,2019-09-26,26,Thursday,39,9,September,3,2019,False
20190927,2019-09-27,27,Friday,39,9,September,3,2019,False
20190928,2019-09-28,28,Saturday,39,9,September,3,2019,True
20190929,2019-09-29,29,Sunday,40,9,September,3,2019,True
20190930,2019-09-30,30,Monday,40,9,September,3,2019,False
20191001,2019-10-01,1,Tuesday,40,10,October,4,2019,False
20191002,2019-10-02,2,Wednesday,40,10,October,4,2019,False
20191003,2019-10-03,3,Thursday,40,10,October,4,2019,False
20191004,2019-10-04,4,Friday,40,10,October,4,2019,False
20191005,2019-10-05,5,Saturday,40,10,October,4,2019,True
20191006,2019-10-06,6,Sunday,41,10,October,4,2019,True
20191007,2019-10-07,7,Monday,41,10,October,4,2019,False
20191008,2019-10-08,8,Tuesday,41,10,October,4,2019,False
20191009,2019-10-09,9,Wednesday,41,10,October,4,2019,False
20191010,2019-10-10,10,Thursday,41,10,October,4,2019,False
20191011,2019-10-11,11,Friday,41,10,October,4,2019,False
20191012,2019-10-12,12,Saturday,41,10,October,4,2019,True
20191013,2019-10-13,13,Sunday,42,10,October,4,2019,True
20191014,2019-10-14,14,Monday,42,10,October,4,2019,False
20191015,2019-10-15,15,Tuesday,42,10,October,4,2019,False
20191016,2019-10-16,16,Wednesday,42,10,October,4,2019,False
20191017,2019-10-17,17,Thursday,42,10,October,4,2019,False
20191018,2019-10-18,18,Friday,42,10,October,4,2019,False
20191019,2019-10-19,19,Saturday,42,10,October,4,2019,True
20191020,2019-10-20,20,Sunday,43,10,October,4,2019,True
20191021,2019-10-21,21,Monday,43,10,October,4,2019,False
20191022,2019-10-22,22,Tuesday,43,10,October,4,2019,False
20191023,2019-10-23,23,Wednesday,43,10,October,4,2019,False
20191024,2019-10-24,24,Thursday,43,10,October,4,2019,False
20191025,2019-10-25,25,Friday,43,10,October,4,2019,False
20191026,2019-10-26,26,Saturday,43,10,October,4,2019,True
20191027,2019-10-27,27,Sunday,44,10,October,4,2019,True
20191028,2019-10-28,28,Monday,44,10,October,4,2019,False
20191029,2019-10-29,29,Tuesday,44,10,October,4,2019,False
20191030,2019-10-30,30,Wednesday,44,10,October,4,2019,False
20191031,2019-10-31,31,Thursday,44,10,October,4,2019,False
20191101,2019-11-01,1,Friday,44,11,November,4,2019,False
20191102,2019-11-02,2,Saturday,44,11,November,4,2019,True
20191103,2019-11-03,3,Sunday,45,11,November,4,2019,True
20191104,2019-11-04,4,Monday,45,11,November,4,2019,False
20191105,2019-11-05,5,Tuesday,45,11,November,4,2019,False
20191106,2019-11-06,6,Wednesday,45,11,November,4,2019,False
20191107,2019-11-07,7,Thursday,45,11,November,4,2019,False
20191108,2019-11-08,8,Friday,45,11,November,4,2019,False
20191109,2019-11-09,9,Saturday,45,11,November,4,2019,True
20191110,2019-11-10,10,Sunday,46,11,November,4,2019,True
20191111,2019-11-11,11,Monday,46,11,November,4,2019,False
20191112,2019-11-12,12,Tuesday,46,11,November,4,2019,False
20191113,2019-11-13,13,Wednesday,46,11,November,4,2019,False
20191114,2019-11-14,14,Thursday,46,11,November,4,2019,False
20191115,2019-11-15,15,Friday,46,11,November,4,2019,False
20191116,2019-11-16,16,Saturday,46,11,November,4,2019,True
20191117,2019-11-17,17,Sunday,47,11,November,4,2019,True
20191118,2019-11-18,18,Monday,47,11,November,4,2019,False
20191119,2019-11-19,19,Tuesday,47,11,November,4,2019,False
20191120,2019-11-20,20,Wednesday,47,11,November,4,2019,False
20191121,2019-11-21,21,Thursday,47,11,November,4,2019,False
20191122,2019-11-22,22,Friday,47,11,November,4,2019,False
20191123,2019-11-23,23,Saturday,47,11,November,4,2019,True
20191124,2019-11-24,24,Sunday,48,11,November,4,2019,True
20191125,2019-11-25,25,Monday,48,11,November,4,2019,False
20191126,2019-11-26,26,Tuesday,48,11,November,4,2019,False
20191127,2019-11-27,27,Wednesday,48,11,November,4,2019,False
20191128,2019-11-28,28,Thursday,48,11,November,4,2019,False
20191129,2019-11-29,29,Friday,48,11,November,4,2019,False
20191130,2019-11-30,30,Saturday,48,11,November,4,2019,True
20191201,2019-12-01,1,Sunday,49,12,December,4,2019,True
20191202,2019-12-02,2,Monday,49,12,December,4,2019,False
20191203,2019-12-03,3,Tuesday,49,12,December,4,2019,False
20191204,2019-12-04,4,Wednesday,49,12,December,4,2019,False
20191205,2019-12-05,5,Thursday,49,12,December,4,2019,False
20191206,2019-12-06,6,Friday,49,12,December,4,2019,False
20191207,2019-12-07,7,Saturday,49,12,December,4,2019,True
20191208,2019-12-08,8,Sunday,50,12,December,4,2019,True
20191209,2019-12-09,9,Monday,50,12,December,4,2019,False
20191210,2019-12-10,10,Tuesday,50,12,December,4,2019,False
20191211,2019-12-11,11,Wednesday,50,12,December,4,2019,False
20191212,2019-12-12,12,Thursday,50,12,December,4,2019,False
20191213,2019-12-13,13,Friday,50,12,December,4,2019,False
20191214,2019-12-14,14,Saturday,50,12,December,4,2019,True
20191215,2019-12-15,15,Sunday,51,12,December,4,2019,True
20191216,2019-12-16,16,Monday,51,12,December,4,2019,False
20191217,2019-12-17,17,Tuesday,51,12,December,4,2019,False
20191218,2019-12-18,18,Wednesday,51,12,December,4,2019,False
20191219,2019-12-19,19,Thursday,51,12,December,4,2019,False
20191220,2019-12-20,20,Friday,51,12,December,4,2019,False
20191221,2019-12-21,21,Saturday,51,12,December,4,2019,True
20191222,2019-12-22,22,Sunday,52,12,December,4,2019,True
20191223,2019-12-23,23,Monday,52,12,December,4,2019,False
20191224,2019-12-24,24,Tuesday,52,12,December,4,2019,False
20191225,2019-12-25,25,Wednesday,52,12,December,4,2019,False
20191226,2019-12-26,26,Thursday,52,12,December,4,2019,False
20191227,2019-12-27,27,Friday,52,12,December,4,2019,False
20191228,2019-12-28,28,Saturday,52,12,December,4,2019,True
20191229,2019-12-29,29,Sunday,53,12,December,4,2019,True
20191230,2019-12-30,30,Monday,53,12,December,4,2019,False
20191231,2019-12-31,31,Tuesday,53,12,December,4,2019,False
20200101,2020-01-01,1,Wednesday,1,1,January,1,2020,False
20200102,2020-01-02,2,Thursday,1,1,January,1,2020,False
20200103,2020-01-03,3,Friday,1,1,January,1,2020,False
20200104,2020-01-04,4,Saturday,1,1,January,1,2020,True
20200105,2020-01-05,5,Sunday,2,1,January,1,2020,True
20200106,2020-01-06,6,Monday,2,1,January,1,2020,False
20200107,2020-01-07,7,Tuesday,2,1,January,1,2020,False
20200108,2020-01-08,8,Wednesday,2,1,January,1,2020,False
20200109,2020-01-09,9,Thursday,2,1,January,1,2020,False
20200110,2020-01-10,10,Friday,2,1,January,1,2020,False
20200111,2020-01-11,11,Saturday,2,1,January,1,2020,True
20200112,2020-01-12,12,Sunday,3,1,January,1,2020,True
20200113,2020-01-13,13,Monday,3,1,January,1,2020,False
20200114,2020-01-14,14,Tuesday,3,1,January,1,2020,False
20200115,2020-01-15,15,Wednesday,3,1,January,1,2020,False
20200116,2020-01-16,16,Thursday,3,1,January,1,2020,False
20200117,2020-01-17,17,Friday,3,1,January,1,2020,False
20200118,2020-01-18,18,Saturday,3,1,January,1,2020,True
20200119,2020-01-19,19,Sunday,4,1,January,1,2020,True
20200120,2020-01-20,20,Monday,4,1,January,1,2020,False
20200121,2020-01-21,21,Tuesday,4,1,January,1,2020,False
20200122,2020-01-22,22,Wednesday,4,1,January,1,2020,False
20200123,2020-01-23,23,Thursday,4,1,January,1,2020,False
20200124,2020-01-24,24,Friday,4,1,January,1,2020,False
20200125,2020-01-25,25,Saturday,4,1,January,1,2020,True
20200126,2020-01-26,26,Sunday,5,1,January,1,2020,True
20200127,2020-01-27,27,Monday,5,1,January,1,2020,False
20200128,2020-01-28,28,Tuesday,5,1,January,1,2020,False
20200129,2020-01-29,29,Wednesday,5,1,January,1,2020,False
20200130,2020-01-30,30,Thursday,5,1,January,1,2020,False
20200131,2020-01-31,31,Friday,5,1,January,1,2020,False
20200201,2020-02-01,1,Saturday,5,2,February,1,2020,True
20200202,2020-02-02,2,Sunday,6,2,February,1,2020,True
20200203,2020-02-03,3,Monday,6,2,February,1,2020,False
20200204,2020-02-04,4,Tuesday,6,2,February,1,2020,False
20200205,2020-02-05,5,Wednesday,6,2,February,1,2020,False
20200206,2020-02-06,6,Thursday,6,2,February,1,2020,False
20200207,2020-02-07,7,Friday,6,2,February,1,2020,False
20200208,2020-02-08,8,Saturday,6,2,February,1,2020,True
20200209,2020-02-09,9,Sunday,7,2,February,1,2020,True
20200210,2020-02-10,10,Monday,7,2,February,1,2020,False
20200211,2020-02-11,11,Tuesday,7,2,February,1,2020,False
20200212,2020-02-12,12,Wednesday,7,2,February,1,2020,False
20200213,2020-02-13,13,Thursday,7,2,February,1,2020,False
20200214,2020-02-14,14,Friday,7,2,February,1,2020,False
20200215,2020-02-15,15,Saturday,7,2,February,1,2020,True
20200216,2020-02-16,16,Sunday,8,2,February,1,2020,True
20200217,2020-02-17,17,Monday,8,2,February,1,2020,False
20200218,2020-02-18,18,Tuesday,8,2,February,1,2020,False
20200219,2020-02-19,19,Wednesday,8,2,February,1,2020,False
20200220,2020-02-20,20,Thursday,8,2,February,1,2020,False
20200221,2020-02-21,21,Friday,8,2,February,1,2020,False
20200222,2020-02-22,22,Saturday,8,2,February,1,2020,True
20200223,2020-02-23,23,Sunday,9,2,February,1,2020,True
20200224,2020-02-24,24,Monday,9,2,February,1,2020,False
20200225,2020-02-25,25,Tuesday,9,2,February,1,2020,False
20200226,2020-02-26,26,Wednesday,9,2,February,1,2020,False
20200227,2020-02-27,27,Thursday,9,2,February,1,2020,False
20200228,2020-02-28,28,Friday,9,2,February,1,2020,False
20200229,2020-02-29,29,Saturday,9,2,February,1,2020,True
20200301,2020-03-01,1,Sunday,10,3,March,1,2020,True
20200302,2020-03-02,2,Monday,10,3,March,1,2020,False
20200303,2020-03-03,3,Tuesday,10,3,March,1,2020,False
20200304,2020-03-04,4,Wednesday,10,3,March,1,2020,False
20200305,2020-03-05,5,Thursday,10,3,March,1,2020,False
20200306,2020-03-06,6,Friday,10,3,March,1,2020,False
20200307,2020-03-07,7,Saturday,10,3,March,1,2020,True
20200308,2020-03-08,8,Sunday,11,3,March,1,2020,True
20200309,2020-03-09,9,Monday,11,3,March,1,2020,False
20200310,2020-03-10,10,Tuesday,11,3,March,1,2020,False
20200311,2020-03-11,11,Wednesday,11,3,March,1,2020,False
20200312,2020-03-12,12,Thursday,11,3,March,1,2020,False
20200313,2020-03-13,13,Friday,11,3,March,1,2020,False
20200314,2020-03-14,14,Saturday,11,3,March,1,2020,True
20200315,2020-03-15,15,Sunday,12,3,March,1,2020,True
20200316,2020-03-16,16,Monday,12,3,March,1,2020,False
20200317,2020-03-17,17,Tuesday,12,3,March,1,2020,False
20200318,2020-03-18,18,Wednesday,12,3,March,1,2020,False
20200319,2020-03-19,19,Thursday,12,3,March,1,2020,False
20200320,2020-03-20,20,Friday,12,3,March,1,2020,False
20200321,2020-03-21,21,Saturday,12,3,March,1,2020,True
20200322,2020-03-22,22,Sunday,13,3,March,1,2020,True
20200323,2020-03-23,23,Monday,13,3,March,1,2020,False
20200324,2020-03-24,24,Tuesday,13,3,March,1,2020,False
20200325,2020-03-25,25,Wednesday,13,3,March,1,2020,False
20200326,2020-03-26,26,Thursday,13,3,March,1,2020,False
20200327,2020-03-27,27,Friday,13,3,March,1,2020,False
20200328,2020-03-28,28,Saturday,13,3,March,1,2020,True
20200329,2020-03-29,29,Sunday,14,3,March,1,2020,True
20200330,2020-03-30,30,Monday,14,3,March,1,2020,False
20200331,2020-03-31,31,Tuesday,14,3,March,1,2020,False
20200401,2020-04-01,1,Wednesday,14,4,April,2,2020,False
20200402,2020-04-02,2,Thursday,14,4,April,2,2020,False
20200403,2020-04-03,3,Friday,14,4,April,2,2020,False
20200404,2020-04-04,4,Saturday,14,4,April,2,2020,True
20200405,2020-04-05,5,Sunday,15,4,April,2,2020,True
20200406,2020-04-06,6,Monday,15,4,April,2,2020,False
20200407,2020-04-07,7,Tuesday,15,4,April,2,2020,False
20200408,2020-04-08,8,Wednesday,15,4,April,2,2020,False
20200409,2020-04-09,9,Thursday,15,4,April,2,2020,False
20200410,2020-04-10,10,Friday,15,4,April,2,2020,False
20200411,2020-04-11,11,Saturday,15,4,April,2,2020,True
20200412,2020-04-12,12,Sunday,16,4,April,2,2020,True
20200413,2020-04-13,13,Monday,16,4,April,2,2020,False
20200414,2020-04-14,14,Tuesday,16,4,April,2,2020,False
20200415,2020-04-15,15,Wednesday,16,4,April,2,2020,False
20200416,2020-04-16,16,Thursday,16,4,April,2,2020,False
20200417,2020-04-17,17,Friday,16,4,April,2,2020,False
20200418,2020-04-18,18,Saturday,16,4,April,2,2020,True
20200419,2020-04-19,19,Sunday,17,4,April,2,2020,True
20200420,2020-04-20,20,Monday,17,4,April,2,2020,False
20200421,2020-04-21,21,Tuesday,17,4,April,2,2020,False
20200422,2020-04-22,22,Wednesday,17,4,April,2,2020,False
20200423,2020-04-23,23,Thursday,17,4,April,2,2020,False
20200424,2020-04-24,24,Friday,17,4,April,2,2020,False
20200425,2020-04-25,25,Saturday,17,4,April,2,2020,True
20200426,2020-04-26,26,Sunday,18,4,April,2,2020,True
20200427,2020-04-27,27,Monday,18,4,April,2,2020,False
20200428,2020-04-28,28,Tuesday,18,4,April,2,2020,False
20200429,2020-04-29,29,Wednesday,18,4,April,2,2020,False
20200430,2020-04-30,30,Thursday,18,4,April,2,2020,False
20200501,2020-05-01,1,Friday,18,5,May,2,2020,False
20200502,2020-05-02,2,Saturday,18,5,May,2,2020,True
20200503,2020-05-03,3,Sunday,19,5,May,2,2020,True
20200504,2020-05-04,4,Monday,19,5,May,2,2020,False
20200505,2020-05-05,5,Tuesday,19,5,May,2,2020,False
20200506,2020-05-06,6,Wednesday,19,5,May,2,2020,False
20200507,2020-05-07,7,Thursday,19,5,May,2,2020,False
20200508,2020-05-08,8,Friday,19,5,May,2,2020,False
20200509,2020-05-09,9,Saturday,19,5,May,2,2020,True
20200510,2020-05-10,10,Sunday,20,5,May,2,2020,True
20200511,2020-05-11,11,Monday,20,5,May,2,2020,False
20200512,2020-05-12,12,Tuesday,20,5,May,2,2020,False
20200513,2020-05-13,13,Wednesday,20,5,May,2,2020,False
20200514,2020-05-14,14,Thursday,20,5,May,2,2020,False
20200515,2020-05-15,15,Friday,20,5,May,2,2020,False
20200516,2020-05-16,16,Saturday,20,5,May,2,2020,True
20200517,2020-05-17,17,Sunday,21,5,May,2,2020,True
20200518,2020-05-18,18,Monday,21,5,May,2,2020,False
20200519,2020-05-19,19,Tuesday,21,5,May,2,2020,False
20200520,2020-05-20,20,Wednesday,21,5,May,2,2020,False
20200521,2020-05-21,21,Thursday,21,5,May,2,2020,False
20200522,2020-05-22,22,Friday,21,5,May,2,2020,False
20200523,2020-05-23,23,Saturday,21,5,May,2,2020,True
20200524,2020-05-24,24,Sunday,22,5,May,2,2020,True
20200525,2020-05-25,25,Monday,22,5,May,2,2020,False
20200526,2020-05-26,26,Tuesday,22,5,May,2,2020,False
20200527,2020-05-27,27,Wednesday,22,5,May,2,2020,False
20200528,2020-05-28,28,Thursday,22,5,May,2,2020,False
20200529,2020-05-29,29,Friday,22,5,May,2,2020,False
20200530,2020-05-30,30,Saturday,22,5,May,2,2020,True
20200531,2020-05-31,31,Sunday,23,5,May,2,2020,True
20200601,2020-06-01,1,Monday,23,6,June,2,2020,False
20200602,2020-06-02,2,Tuesday,23,6,June,2,2020,False
20200603,2020-06-03,3,Wednesday,23,6,June,2,2020,False
20200604,2020-06-04,4,Thursday,23,6,June,2,2020,False
20200605,2020-06-05,5,Friday,23,6,June,2,2020,False
20200606,2020-06-06,6,Saturday,23,6,June,2,2020,True
20200607,2020-06-07,7,Sunday,24,6,June,2,2020,True
20200608,2020-06-08,8,Monday,24,6,June,2,2020,False
20200609,2020-06-09,9,Tuesday,24,6,June,2,2020,False
20200610,2020-06-10,10,Wednesday,24,6,June,2,2020,False
20200611,2020-06-11,11,Thursday,24,6,June,2,2020,False
20200612,2020-06-12,12,Friday,24,6,June,2,2020,False
20200613,2020-06-13,13,Saturday,24,6,June,2,2020,True
20200614,2020-06-14,14,Sunday,25,6,June,2,2020,True
20200615,2020-06-15,15,Monday,25,6,June,2,2020,False
20200616,2020-06-16,16,Tuesday,25,6,June,2,2020,False
20200617,2020-06-17,17,Wednesday,25,6,June,2,2020,False
20200618,2020-06-18,18,Thursday,25,6,June,2,2020,False
20200619,2020-06-19,19,Friday,25,6,June,2,2020,False
20200620,2020-06-20,20,Saturday,25,6,June,2,2020,True
20200621,2020-06-21,21,Sunday,26,6,June,2,2020,True
20200622,2020-06-22,22,Monday,26,6,June,2,2020,False
20200623,2020-06-23,23,Tuesday,26,6,June,2,2020,False
20200624,2020-06-24,24,Wednesday,26,6,June,2,2020,False
20200625,2020-06-25,25,Thursday,26,6,June,2,2020,False
20200626,2020-06-26,26,Friday,26,6,June,2,2020,False
20200627,2020-06-27,27,Saturday,26,6,June,2,2020,True
20200628,2020-06-28,28,Sunday,27,6,June,2,2020,True
20200629,2020-06-29,29,Monday,27,6,June,2,2020,False
20200630,2020-06-30,30,Tuesday,27,6,June,2,2020,False
20200701,2020-07-01,1,Wednesday,27,7,July,3,2020,False
20200702,2020-07-02,2,Thursday,27,7,July,3,2020,False
20200703,2020-07-03,3,Friday,27,7,July,3,2020,False
20200704,2020-07-04,4,Saturday,27,7,July,3,2020,True
20200705,2020-07-05,5,Sunday,28,7,July,3,2020,True
20200706,2020-07-06,6,Monday,28,7,July,3,2020,False
20200707,2020-07-07,7,Tuesday,28,7,July,3,2020,False
20200708,2020-07-08,8,Wednesday,28,7,July,3,2020,False
20200709,2020-07-09,9,Thursday,28,7,July,3,2020,False
20200710,2020-07-10,10,Friday,28,7,July,3,2020,False
20200711,2020-07-11,11,Saturday,28,7,July,3,2020,True
20200712,2020-07-12,12,Sunday,29,7,July,3,2020,True
20200713,2020-07-13,13,Monday,29,7,July,3,2020,False
20200714,2020-07-14,14,Tuesday,29,7,July,3,2020,False
20200715,2020-07-15,15,Wednesday,29,7,July,3,2020,False
20200716,2020-07-16,16,Thursday,29,7,July,3,2020,False
20200717,2020-07-17,17,Friday,29,7,July,3,2020,False
20200718,2020-07-18,18,Saturday,29,7,July,3,2020,True
20200719,2020-07-19,19,Sunday,30,7,July,3,2020,True
20200720,2020-07-20,20,Monday,30,7,July,3,2020,False
20200721,2020-07-21,21,Tuesday,30,7,July,3,2020,False
20200722,2020-07-22,22,Wednesday,30,7,July,3,2020,False
20200723,2020-07-23,23,Thursday,30,7,July,3,2020,False
20200724,2020-07-24,24,Friday,30,7,July,3,2020,False
20200725,2020-07-25,25,Saturday,30,7,July,3,2020,True
20200726,2020-07-26,26,Sunday,31,7,July,3,2020,True
20200727,2020-07-27,27,Monday,31,7,July,3,2020,False
20200728,2020-07-28,28,Tuesday,31,7,July,3,2020,False
20200729,2020-07-29,29,Wednesday,31,7,July,3,2020,False
20200730,2020-07-30,30,Thursday,31,7,July,3,2020,False
20200731,2020-07-31,31,Friday,31,7,July,3,2020,False
20200801,2020-08-01,1,Saturday,31,8,August,3,2020,True
20200802,2020-08-02,2,Sunday,32,8,August,3,2020,True
20200803,2020-08-03,3,Monday,32,8,August,3,2020,False
20200804,2020-08-04,4,Tuesday,32,8,August,3,2020,False
20200805,2020-08-05,5,Wednesday,32,8,August,3,2020,False
20200806,2020-08-06,6,Thursday,32,8,August,3,2020,False
20200807,2020-08-07,7,Friday,32,8,August,3,2020,False
20200808,2020-08-08,8,Saturday,32,8,August,3,2020,True
20200809,2020-08-09,9,Sunday,33,8,August,3,2020,True
20200810,2020-08-10,10,Monday,33,8,August,3,2020,False
20200811,2020-08-11,11,Tuesday,33,8,August,3,2020,False
20200812,2020-08-12,12,Wednesday,33,8,August,3,2020,False
20200813,2020-08-13,13,Thursday,33,8,August,3,2020,False
20200814,2020-08-14,14,Friday,33,8,August,3,2020,False
20200815,2020-08-15,15,Saturday,33,8,August,3,2020,True
20200816,2020-08-16,16,Sunday,34,8,August,3,2020,True
20200817,2020-08-17,17,Monday,34,8,August,3,2020,False
20200818,2020-08-18,18,Tuesday,34,8,August,3,2020,False
20200819,2020-08-19,19,Wednesday,34,8,August,3,2020,False
20200820,2020-08-20,20,Thursday,34,8,August,3,2020,False
20200821,2020-08-21,21,Friday,34,8,August,3,2020,False
20200822,2020-08-22,22,Saturday,34,8,August,3,2020,True
20200823,2020-08-23,23,Sunday,35,8,August,3,2020,True
20200824,2020-08-24,24,Monday,35,8,August,3,2020,False
20200825,2020-08-25,25,Tuesday,35,8,August,3,2020,False
20200826,2020-08-26,26,Wednesday,35,8,August,3,2020,False
20200827,2020-08-27,27,Thursday,35,8,August,3,2020,False
20200828,2020-08-28,28,Friday,35,8,August,3,2020,False
20200829,2020-08-29,29,Saturday,35,8,August,3,2020,True
20200830,2020-08-30,30,Sunday,36,8,August,3,2020,True
20200831,2020-08-31,31,Monday,36,8,August,3,2020,False
20200901,2020-09-01,1,Tuesday,36,9,September,3,2020,False
20200902,2020-09-02,2,Wednesday,36,9,September,3,2020,False
20200903,2020-09-03,3,Thursday,36,9,September,3,2020,False
20200904,2020-09-04,4,Friday,36,9,September,3,2020,False
20200905,2020-09-05,5,Saturday,36,9,September,3,2020,True
20200906,2020-09-06,6,Sunday,37,9,September,3,2020,True
20200907,2020-09-07,7,Monday,37,9,September,3,2020,False
20200908,2020-09-08,8,Tuesday,37,9,September,3,2020,False
20200909,2020-09-09,9,Wednesday,37,9,September,3,2020,False
20200910,2020-09-10,10,Thursday,37,9,September,3,2020,False
20200911,2020-09-11,11,Friday,37,9,September,3,2020,False
20200912,2020-09-12,12,Saturday,37,9,September,3,2020,True
20200913,2020-09-13,13,Sunday,38,9,September,3,2020,True
20200914,2020-09-14,14,Monday,38,9,September,3,2020,False
20200915,2020-09-15,15,Tuesday,38,9,September,3,2020,False
20200916,2020-09-16,16,Wednesday,38,9,September,3,2020,False
20200917,2020-09-17,17,Thursday,38,9,September,3,2020,False
20200918,2020-09-18,18,Friday,38,9,September,3,2020,False
20200919,2020-09-19,19,Saturday,38,9,September,3,2020,True
20200920,2020-09-20,20,Sunday,39,9,September,3,2020,True
20200921,2020-09-21,21,Monday,39,9,September,3,2020,False
20200922,2020-09-22,22,Tuesday,39,9,September,3,2020,False
20200923,2020-09-23,23,Wednesday,39,9,September,3,2020,False
20200924,2020-09-24,24,Thursday,39,9,September,3,2020,False
20200925,2020-09-25,25,Friday,39,9,September,3,2020,False
20200926,2020-09-26,26,Saturday,39,9,September,3,2020,True
20200927,2020-09-27,27,Sunday,40,9,September,3,2020,True
20200928,2020-09-28,28,Monday,40,9,September,3,2020,False
20200929,2020-09-29,29,Tuesday,40,9,September,3,2020,False
20200930,2020-09-30,30,Wednesday,40,9,September,3,2020,False
20201001,2020-10-01,1,Thursday,40,10,October,4,2020,False
20201002,2020-10-02,2,Friday,40,10,October,4,2020,False
20201003,2020-10-03,3,Saturday,40,10,October,4,2020,True
20201004,2020-10-04,4,Sunday,41,10,October,4,2020,True
20201005,2020-10-05,5,Monday,41,10,October,4,2020,False
20201006,2020-10-06,6,Tuesday,41,10,October,4,2020,False
20201007,2020-10-07,7,Wednesday,41,10,October,4,2020,False
20201008,2020-10-08,8,Thursday,41,10,October,4,2020,False
20201009,2020-10-09,9,Friday,41,10,October,4,2020,False
20201010,2020-10-10,10,Saturday,41,10,October,4,2020,True
20201011,2020-10-11,11,Sunday,42,10,October,4,2020,True
20201012,2020-10-12,12,Monday,42,10,October,4,2020,False
20201013,2020-10-13,13,Tuesday,42,10,October,4,2020,False
20201014,2020-10-14,14,Wednesday,42,10,October,4,2020,False
20201015,2020-10-15,15,Thursday,42,10,October,4,2020,False
20201016,2020-10-16,16,Friday,42,10,October,4,2020,False
20201017,2020-10-17,17,Saturday,42,10,October,4,2020,True
20201018,2020-10-18,18,Sunday,43,10,October,4,2020,True
20201019,2020-10-19,19,Monday,43,10,October,4,2020,False
20201020,2020-10-20,20,Tuesday,43,10,October,4,2020,False
20201021,2020-10-21,21,Wednesday,43,10,October,4,2020,False
20201022,2020-10-22,22,Thursday,43,10,October,4,2020,False
20201023,2020-10-23,23,Friday,43,10,October,4,2020,False
20201024,2020-10-24,24,Saturday,43,10,October,4,2020,True
20201025,2020-10-25,25,Sunday,44,10,October,4,2020,True
20201026,2020-10-26,26,Monday,44,10,October,4,2020,False
20201027,2020-10-27,27,Tuesday,44,10,October,4,2020,False
20201028,2020-10-28,28,Wednesday,44,10,October,4,2020,False
20201029,2020-10-29,29,Thursday,44,10,October,4,2020,False
20201030,2020-10-30,30,Friday,44,10,October,4,2020,False
20201031,2020-10-31,31,Saturday,44,10,October,4,2020,True
20201101,2020-11-01,1,Sunday,45,11,November,4,2020,True
20201102,2020-11-02,2,Monday,45,11,November,4,2020,False
20201103,2020-11-03,3,Tuesday,45,11,November,4,2020,False
20201104,2020-11-04,4,Wednesday,45,11,November,4,2020,False
20201105,2020-11-05,5,Thursday,45,11,November,4,2020,False
20201106,2020-11-06,6,Friday,45,11,November,4,2020,False
20201107,2020-11-07,7,Saturday,45,11,November,4,2020,True
20201108,2020-11-08,8,Sunday,46,11,November,4,2020,True
20201109,2020-11-09,9,Monday,46,11,November,4,2020,False
20201110,2020-11-10,10,Tuesday,46,11,November,4,2020,False
20201111,2020-11-11,11,Wednesday,46,11,November,4,2020,False
20201112,2020-11-12,12,Thursday,46,11,November,4,2020,False
20201113,2020-11-13,13,Friday,46,11,November,4,2020,False
20201114,2020-11-14,14,Saturday,46,11,November,4,2020,True
20201115,2020-11-15,15,Sunday,47,11,November,4,2020,True
20201116,2020-11-16,16,Monday,47,11,November,4,2020,False
20201117,2020-11-17,17,Tuesday,47,11,November,4,2020,False
20201118,2020-11-18,18,Wednesday,47,11,November,4,2020,False
20201119,2020-11-19,19,Thursday,47,11,November,4,2020,False
20201120,2020-11-20,20,Friday,47,11,November,4,2020,False
20201121,2020-11-21,21,Saturday,47,11,November,4,2020,True
20201122,2020-11-22,22,Sunday,48,11,November,4,2020,True
20201123,2020-11-23,23,Monday,48,11,November,4,2020,False
20201124,2020-11-24,24,Tuesday,48,11,November,4,2020,False
20201125,2020-11-25,25,Wednesday,48,11,November,4,2020,False
20201126,2020-11-26,26,Thursday,48,11,November,4,2020,False
20201127,2020-11-27,27,Friday,48,11,November,4,2020,False
20201128,2020-11-28,28,Saturday,48,11,November,4,2020,True
20201129,2020-11-29,29,Sunday,49,11,November,4,2020,True
20201130,2020-11-30,30,Monday,49,11,November,4,2020,False
20201201,2020-12-01,1,Tuesday,49,12,December,4,2020,False
20201202,2020-12-02,2,Wednesday,49,12,December,4,2020,False
20201203,2020-12-03,3,Thursday,49,12,December,4,2020,False
20201204,2020-12-04,4,Friday,49,12,December,4,2020,False
20201205,2020-12-05,5,Saturday,49,12,December,4,2020,True
20201206,2020-12-06,6,Sunday,50,12,December,4,2020,True
20201207,2020-12-07,7,Monday,50,12,December,4,2020,False
20201208,2020-12-08,8,Tuesday,50,12,December,4,2020,False
20201209,2020-12-09,9,Wednesday,50,12,December,4,2020,False
20201210,2020-12-10,10,Thursday,50,12,December,4,2020,False
20201211,2020-12-11,11,Friday,50,12,December,4,2020,False
20201212,2020-12-12,12,Saturday,50,12,December,4,2020,True
20201213,2020-12-13,13,Sunday,51,12,December,4,2020,True
20201214,2020-12-14,14,Monday,51,12,December,4,2020,False
20201215,2020-12-15,15,Tuesday,51,12,December,4,2020,False
20201216,2020-12-16,16,Wednesday,51,12,December,4,2020,False
20201217,2020-12-17,17,Thursday,51,12,December,4,2020,False
20201218,2020-12-18,18,Friday,51,12,December,4,2020,False
20201219,2020-12-19,19,Saturday,51,12,December,4,2020,True
20201220,2020-12-20,20,Sunday,52,12,December,4,2020,True
20201221,2020-12-21,21,Monday,52,12,December,4,2020,False
20201222,2020-12-22,22,Tuesday,52,12,December,4,2020,False
20201223,2020-12-23,23,Wednesday,52,12,December,4,2020,False
20201224,2020-12-24,24,Thursday,52,12,December,4,2020,False
20201225,2020-12-25,25,Friday,52,12,December,4,2020,False
20201226,2020-12-26,26,Saturday,52,12,December,4,2020,True
20201227,2020-12-27,27,Sunday,53,12,December,4,2020,True
20201228,2020-12-28,28,Monday,53,12,December,4,2020,False
20201229,2020-12-29,29,Tuesday,53,12,December,4,2020,False
20201230,2020-12-30,30,Wednesday,53,12,December,4,2020,False
20201231,2020-12-31,31,Thursday,53,12,December,4,2020,False
20210101,2021-01-01,1,Friday,1,1,January,1,2021,False
20210102,2021-01-02,2,Saturday,1,1,January,1,2021,True
20210103,2021-01-03,3,Sunday,2,1,January,1,2021,True
20210104,2021-01-04,4,Monday,2,1,January,1,2021,False
20210105,2021-01-05,5,Tuesday,2,1,January,1,2021,False
20210106,2021-01-06,6,Wednesday,2,1,January,1,2021,False
20210107,2021-01-07,7,Thursday,2,1,January,1,2021,False
20210108,2021-01-08,8,Friday,2,1,January,1,2021,False
20210109,2021-01-09,9,Saturday,2,1,January,1,2021,True
20210110,2021-01-10,10,Sunday,3,1,January,1,2021,True
20210111,2021-01-11,11,Monday,3,1,January,1,2021,False
20210112,2021-01-12,12,Tuesday,3,1,January,1,2021,False
20210113,2021-01-13,13,Wednesday,3,1,January,1,2021,False
20210114,2021-01-14,14,Thursday,3,1,January,1,2021,False
20210115,2021-01-15,15,Friday,3,1,January,1,2021,False
20210116,2021-01-16,16,Saturday,3,1,January,1,2021,True
20210117,2021-01-17,17,Sunday,4,1,January,1,2021,True
20210118,2021-01-18,18,Monday,4,1,January,1,2021,False
20210119,2021-01-19,19,Tuesday,4,1,January,1,2021,False
20210120,2021-01-20,20,Wednesday,4,1,January,1,2021,False
20210121,2021-01-21,21,Thursday,4,1,January,1,2021,False
20210122,2021-01-22,22,Friday,4,1,January,1,2021,False
20210123,2021-01-23,23,Saturday,4,1,January,1,2021,True
20210124,2021-01-24,24,Sunday,5,1,January,1,2021,True
20210125,2021-01-25,25,Monday,5,1,January,1,2021,False
20210126,2021-01-26,26,Tuesday,5,1,January,1,2021,False
20210127,2021-01-27,27,Wednesday,5,1,January,1,2021,False
20210128,2021-01-28,28,Thursday,5,1,January,1,2021,False
20210129,2021-01-29,29,Friday,5,1,January,1,2021,False
20210130,2021-01-30,30,Saturday,5,1,January,1,2021,True
20210131,2021-01-31,31,Sunday,6,1,January,1,2021,True
20210201,2021-02-01,1,Monday,6,2,February,1,2021,False
20210202,2021-02-02,2,Tuesday,6,2,February,1,2021,False
20210203,2021-02-03,3,Wednesday,6,2,February,1,2021,False
20210204,2021-02-04,4,Thursday,6,2,February,1,2021,False
20210205,2021-02-05,5,Friday,6,2,February,1,2021,False
20210206,2021-02-06,6,Saturday,6,2,February,1,2021,True
20210207,2021-02-07,7,Sunday,7,2,February,1,2021,True
20210208,2021-02-08,8,Monday,7,2,February,1,2021,False
20210209,2021-02-09,9,Tuesday,7,2,February,1,2021,False
20210210,2021-02-10,10,Wednesday,7,2,February,1,2021,False
20210211,2021-02-11,11,Thursday,7,2,February,1,2021,False
20210212,2021-02-12,12,Friday,7,2,February,1,2021,False
20210213,2021-02-13,13,Saturday,7,2,February,1,2021,True
20210214,2021-02-14,14,Sunday,8,2,February,1,2021,True
20210215,2021-02-15,15,Monday,8,2,February,1,2021,False
20210216,2021-02-16,16,Tuesday,8,2,February,1,2021,False
20210217,2021-02-17,17,Wednesday,8,2,February,1,2021,False
20210218,2021-02-18,18,Thursday,8,2,February,1,2021,False
20210219,2021-02-19,19,Friday,8,2,February,1,2021,False
20210220,2021-02-20,20,Saturday,8,2,February,1,2021,True
20210221,2021-02-21,21,Sunday,9,2,February,1,2021,True
20210222,2021-02-22,22,Monday,9,2,February,1,2021,False
20210223,2021-02-23,23,Tuesday,9,2,February,1,2021,False
20210224,2021-02-24,24,Wednesday,9,2,February,1,2021,False
20210225,2021-02-25,25,Thursday,9,2,February,1,2021,False
20210226,2021-02-26,26,Friday,9,2,February,1,2021,False
20210227,2021-02-27,27,Saturday,9,2,February,1,2021,True
20210228,2021-02-28,28,Sunday,10,2,February,1,2021,True
20210301,2021-03-01,1,Monday,10,3,March,1,2021,False
20210302,2021-03-02,2,Tuesday,10,3,March,1,2021,False
20210303,2021-03-03,3,Wednesday,10,3,March,1,2021,False
20210304,2021-03-04,4,Thursday,10,3,March,1,2021,False
20210305,2021-03-05,5,Friday,10,3,March,1,2021,False
20210306,2021-03-06,6,Saturday,10,3,March,1,2021,True
20210307,2021-03-07,7,Sunday,11,3,March,1,2021,True
20210308,2021-03-08,8,Monday,11,3,March,1,2021,False
20210309,2021-03-09,9,Tuesday,11,3,March,1,2021,False
20210310,2021-03-10,10,Wednesday,11,3,March,1,2021,False
20210311,2021-03-11,11,Thursday,11,3,March,1,2021,False
20210312,2021-03-12,12,Friday,11,3,March,1,2021,False
20210313,2021-03-13,13,Saturday,11,3,March,1,2021,True
20210314,2021-03-14,14,Sunday,12,3,March,1,2021,True
20210315,2021-03-15,15,Monday,12,3,March,1,2021,False
20210316,2021-03-16,16,Tuesday,12,3,March,1,2021,False
20210317,2021-03-17,17,Wednesday,12,3,March,1,2021,False
20210318,2021-03-18,18,Thursday,12,3,March,1,2021,False
20210319,2021-03-19,19,Friday,12,3,March,1,2021,False
20210320,2021-03-20,20,Saturday,12,3,March,1,2021,True
20210321,2021-03-21,21,Sunday,13,3,March,1,2021,True
20210322,2021-03-22,22,Monday,13,3,March,1,2021,False
20210323,2021-03-23,23,Tuesday,13,3,March,1,2021,False
20210324,2021-03-24,24,Wednesday,13,3,March,1,2021,False
20210325,2021-03-25,25,Thursday,13,3,March,1,2021,False
20210326,2021-03-26,26,Friday,13,3,March,1,2021,False
20210327,2021-03-27,27,Saturday,13,3,March,1,2021,True
20210328,2021-03-28,28,Sunday,14,3,March,1,2021,True
20210329,2021-03-29,29,Monday,14,3,March,1,2021,False
20210330,2021-03-30,30,Tuesday,14,3,March,1,2021,False
20210331,2021-03-31,31,Wednesday,14,3,March,1,2021,False
20210401,2021-04-01,1,Thursday,14,4,April,2,2021,False
20210402,2021-04-02,2,Friday,14,4,April,2,2021,False
20210403,2021-04-03,3,Saturday,14,4,April,2,2021,True
20210404,2021-04-04,4,Sunday,15,4,April,2,2021,True
20210405,2021-04-05,5,Monday,15,4,April,2,2021,False
20210406,2021-04-06,6,Tuesday,15,4,April,2,2021,False
20210407,2021-04-07,7,Wednesday,15,4,April,2,2021,False
20210408,2021-04-08,8,Thursday,15,4,April,2,2021,False
20210409,2021-04-09,9,Friday,15,4,April,2,2021,False
20210410,2021-04-10,10,Saturday,15,4,April,2,2021,True
20210411,2021-04-11,11,Sunday,16,4,April,2,2021,True
20210412,2021-04-12,12,Monday,16,4,April,2,2021,False
20210413,2021-04-13,13,Tuesday,16,4,April,2,2021,False
20210414,2021-04-14,14,Wednesday,16,4,April,2,2021,False
20210415,2021-04-15,15,Thursday,16,4,April,2,2021,False
20210416,2021-04-16,16,Friday,16,4,April,2,2021,False
20210417,2021-04-17,17,Saturday,16,4,April,2,2021,True
20210418,2021-04-18,18,Sunday,17,4,April,2,2021,True
20210419,2021-04-19,19,Monday,17,4,April,2,2021,False
20210420,2021-04-20,20,Tuesday,17,4,April,2,2021,False
20210421,2021-04-21,21,Wednesday,17,4,April,2,2021,False
20210422,2021-04-22,22,Thursday,17,4,April,2,2021,False
20210423,2021-04-23,23,Friday,17,4,April,2,2021,False
20210424,2021-04-24,24,Saturday,17,4,April,2,2021,True
20210425,2021-04-25,25,Sunday,18,4,April,2,2021,True
20210426,2021-04-26,26,Monday,18,4,April,2,2021,False
20210427,2021-04-27,27,Tuesday,18,4,April,2,2021,False
20210428,2021-04-28,28,Wednesday,18,4,April,2,2021,False
20210429,2021-04-29,29,Thursday,18,4,April,2,2021,False
20210430,2021-04-30,30,Friday,18,4,April,2,2021,False
20210501,2021-05-01,1,Saturday,18,5,May,2,2021,True
20210502,2021-05-02,2,Sunday,19,5,May,2,2021,True
20210503,2021-05-03,3,Monday,19,5,May,2,2021,False
20210504,2021-05-04,4,Tuesday,19,5,May,2,2021,False
20210505,2021-05-05,5,Wednesday,19,5,May,2,2021,False
20210506,2021-05-06,6,Thursday,19,5,May,2,2021,False
20210507,2021-05-07,7,Friday,19,5,May,2,2021,False
20210508,2021-05-08,8,Saturday,19,5,May,2,2021,True
20210509,2021-05-09,9,Sunday,20,5,May,2,2021,True
20210510,2021-05-10,10,Monday,20,5,May,2,2021,False
20210511,2021-05-11,11,Tuesday,20,5,May,2,2021,False
20210512,2021-05-12,12,Wednesday,20,5,May,2,2021,False
20210513,2021-05-13,13,Thursday,20,5,May,2,2021,False
20210514,2021-05-14,14,Friday,20,5,May,2,2021,False
20210515,2021-05-15,15,Saturday,20,5,May,2,2021,True
20210516,2021-05-16,16,Sunday,21,5,May,2,2021,True
20210517,2021-05-17,17,Monday,21,5,May,2,2021,False
20210518,2021-05-18,18,Tuesday,21,5,May,2,2021,False
20210519,2021-05-19,19,Wednesday,21,5,May,2,2021,False
20210520,2021-05-20,20,Thursday,21,5,May,2,2021,False
20210521,2021-05-21,21,Friday,21,5,May,2,2021,False
20210522,2021-05-22,22,Saturday,21,5,May,2,2021,True
20210523,2021-05-23,23,Sunday,22,5,May,2,2021,True
20210524,2021-05-24,24,Monday,22,5,May,2,2021,False
20210525,2021-05-25,25,Tuesday,22,5,May,2,2021,False
20210526,2021-05-26,26,Wednesday,22,5,May,2,2021,False
20210527,2021-05-27,27,Thursday,22,5,May,2,2021,False
20210528,2021-05-28,28,Friday,22,5,May,2,2021,False
20210529,2021-05-29,29,Saturday,22,5,May,2,2021,True
20210530,2021-05-30,30,Sunday,23,5,May,2,2021,True
20210531,2021-05-31,31,Monday,23,5,May,2,2021,False
20210601,2021-06-01,1,Tuesday,23,6,June,2,2021,False
20210602,2021-06-02,2,Wednesday,23,6,June,2,2021,False
20210603,2021-06-03,3,Thursday,23,6,June,2,2021,False
20210604,2021-06-04,4,Friday,23,6,June,2,2021,False
20210605,2021-06-05,5,Saturday,23,6,June,2,2021,True
20210606,2021-06-06,6,Sunday,24,6,June,2,2021,True
20210607,2021-06-07,7,Monday,24,6,June,2,2021,False
20210608,2021-06-08,8,Tuesday,24,6,June,2,2021,False
20210609,2021-06-09,9,Wednesday,24,6,June,2,2021,False
20210610,2021-06-10,10,Thursday,24,6,June,2,2021,False
20210611,2021-06-11,11,Friday,24,6,June,2,2021,False
20210612,2021-06-12,12,Saturday,24,6,June,2,2021,True
20210613,2021-06-13,13,Sunday,25,6,June,2,2021,True
20210614,2021-06-14,14,Monday,25,6,June,2,2021,False
20210615,2021-06-15,15,Tuesday,25,6,June,2,2021,False
20210616,2021-06-16,16,Wednesday,25,6,June,2,2021,False
20210617,2021-06-17,17,Thursday,25,6,June,2,2021,False
20210618,2021-06-18,18,Friday,25,6,June,2,2021,False
20210619,2021-06-19,19,Saturday,25,6,June,2,2021,True
20210620,2021-06-20,20,Sunday,26,6,June,2,2021,True
20210621,2021-06-21,21,Monday,26,6,June,2,2021,False
20210622,2021-06-22,22,Tuesday,26,6,June,2,2021,False
20210623,2021-06-23,23,Wednesday,26,6,June,2,2021,False
20210624,2021-06-24,24,Thursday,26,6,June,2,2021,False
20210625,2021-06-25,25,Friday,26,6,June,2,2021,False
20210626,2021-06-26,26,Saturday,26,6,June,2,2021,True
20210627,2021-06-27,27,Sunday,27,6,June,2,2021,True
20210628,2021-06-28,28,Monday,27,6,June,2,2021,False
20210629,2021-06-29,29,Tuesday,27,6,June,2,2021,False
20210630,2021-06-30,30,Wednesday,27,6,June,2,2021,False
20210701,2021-07-01,1,Thursday,27,7,July,3,2021,False
20210702,2021-07-02,2,Friday,27,7,July,3,2021,False
20210703,2021-07-03,3,Saturday,27,7,July,3,2021,True
20210704,2021-07-04,4,Sunday,28,7,July,3,2021,True
20210705,2021-07-05,5,Monday,28,7,July,3,2021,False
20210706,2021-07-06,6,Tuesday,28,7,July,3,2021,False
20210707,2021-07-07,7,Wednesday,28,7,July,3,2021,False
20210708,2021-07-08,8,Thursday,28,7,July,3,2021,False
20210709,2021-07-09,9,Friday,28,7,July,3,2021,False
20210710,2021-07-10,10,Saturday,28,7,July,3,2021,True
20210711,2021-07-11,11,Sunday,29,7,July,3,2021,True
20210712,2021-07-12,12,Monday,29,7,July,3,2021,False
20210713,2021-07-13,13,Tuesday,29,7,July,3,2021,False
20210714,2021-07-14,14,Wednesday,29,7,July,3,2021,False
20210715,2021-07-15,15,Thursday,29,7,July,3,2021,False
20210716,2021-07-16,16,Friday,29,7,July,3,2021,False
20210717,2021-07-17,17,Saturday,29,7,July,3,2021,True
20210718,2021-07-18,18,Sunday,30,7,July,3,2021,True
20210719,2021-07-19,19,Monday,30,7,July,3,2021,False
20210720,2021-07-20,20,Tuesday,30,7,July,3,2021,False
20210721,2021-07-21,21,Wednesday,30,7,July,3,2021,False
20210722,2021-07-22,22,Thursday,30,7,July,3,2021,False
20210723,2021-07-23,23,Friday,30,7,July,3,2021,False
20210724,2021-07-24,24,Saturday,30,7,July,3,2021,True
20210725,2021-07-25,25,Sunday,31,7,July,3,2021,True
20210726,2021-07-26,26,Monday,31,7,July,3,2021,False
20210727,2021-07-27,27,Tuesday,31,7,July,3,2021,False
20210728,2021-07-28,28,Wednesday,31,7,July,3,2021,False
20210729,2021-07-29,29,Thursday,31,7,July,3,2021,False
20210730,2021-07-30,30,Friday,31,7,July,3,2021,False
20210731,2021-07-31,31,Saturday,31,7,July,3,2021,True
20210801,2021-08-01,1,Sunday,32,8,August,3,2021,True
20210802,2021-08-02,2,Monday,32,8,August,3,2021,False
20210803,2021-08-03,3,Tuesday,32,8,August,3,2021,False
20210804,2021-08-04,4,Wednesday,32,8,August,3,2021,False
20210805,2021-08-05,5,Thursday,32,8,August,3,2021,False
20210806,2021-08-06,6,Friday,32,8,August,3,2021,False
20210807,2021-08-07,7,Saturday,32,8,August,3,2021,True
20210808,2021-08-08,8,Sunday,33,8,August,3,2021,True
20210809,2021-08-09,9,Monday,33,8,August,3,2021,False
20210810,2021-08-10,10,Tuesday,33,8,August,3,2021,False
20210811,2021-08-11,11,Wednesday,33,8,August,3,2021,False
20210812,2021-08-12,12,Thursday,33,8,August,3,2021,False
20210813,2021-08-13,13,Friday,33,8,August,3,2021,False
20210814,2021-08-14,14,Saturday,33,8,August,3,2021,True
20210815,2021-08-15,15,Sunday,34,8,August,3,2021,True
20210816,2021-08-16,16,Monday,34,8,August,3,2021,False
20210817,2021-08-17,17,Tuesday,34,8,August,3,2021,False
20210818,2021-08-18,18,Wednesday,34,8,August,3,2021,False
20210819,2021-08-19,19,Thursday,34,8,August,3,2021,False
20210820,2021-08-20,20,Friday,34,8,August,3,2021,False
20210821,2021-08-21,21,Saturday,34,8,August,3,2021,True
20210822,2021-08-22,22,Sunday,35,8,August,3,2021,True
20210823,2021-08-23,23,Monday,35,8,August,3,2021,False
20210824,2021-08-24,24,Tuesday,35,8,August,3,2021,False
20210825,2021-08-25,25,Wednesday,35,8,August,3,2021,False
20210826,2021-08-26,26,Thursday,35,8,August,3,2021,False
20210827,2021-08-27,27,Friday,35,8,August,3,2021,False
20210828,2021-08-28,28,Saturday,35,8,August,3,2021,True
20210829,2021-08-29,29,Sunday,36,8,August,3,2021,True
20210830,2021-08-30,30,Monday,36,8,August,3,2021,False
20210831,2021-08-31,31,Tuesday,36,8,August,3,2021,False
20210901,2021-09-01,1,Wednesday,36,9,September,3,2021,False
20210902,2021-09-02,2,Thursday,36,9,September,3,2021,False
20210903,2021-09-03,3,Friday,36,9,September,3,2021,False
20210904,2021-09-04,4,Saturday,36,9,September,3,2021,True
20210905,2021-09-05,5,Sunday,37,9,September,3,2021,True
20210906,2021-09-06,6,Monday,37,9,September,3,2021,False
20210907,2021-09-07,7,Tuesday,37,9,September,3,2021,False
20210908,2021-09-08,8,Wednesday,37,9,September,3,2021,False
20210909,2021-09-09,9,Thursday,37,9,September,3,2021,False
20210910,2021-09-10,10,Friday,37,9,September,3,2021,False
20210911,2021-09-11,11,Saturday,37,9,September,3,2021,True
20210912,2021-09-12,12,Sunday,38,9,September,3,2021,True
20210913,2021-09-13,13,Monday,38,9,September,3,2021,False
20210914,2021-09-14,14,Tuesday,38,9,September,3,2021,False
20210915,2021-09-15,15,Wednesday,38,9,September,3,2021,False
20210916,2021-09-16,16,Thursday,38,9,September,3,2021,False
20210917,2021-09-17,17,Friday,38,9,September,3,2021,False
20210918,2021-09-18,18,Saturday,38,9,September,3,2021,True
20210919,2021-09-19,19,Sunday,39,9,September,3,2021,True
20210920,2021-09-20,20,Monday,39,9,September,3,2021,False
20210921,2021-09-21,21,Tuesday,39,9,September,3,2021,False
20210922,2021-09-22,22,Wednesday,39,9,September,3,2021,False
20210923,2021-09-23,23,Thursday,39,9,September,3,2021,False
20210924,2021-09-24,24,Friday,39,9,September,3,2021,False
20210925,2021-09-25,25,Saturday,39,9,September,3,2021,True
20210926,2021-09-26,26,Sunday,40,9,September,3,2021,True
20210927,2021-09-27,27,Monday,40,9,September,3,2021,False
20210928,2021-09-28,28,Tuesday,40,9,September,3,2021,False
20210929,2021-09-29,29,Wednesday,40,9,September,3,2021,False
20210930,2021-09-30,30,Thursday,40,9,September,3,2021,False
20211001,2021-10-01,1,Friday,40,10,October,4,2021,False
20211002,2021-10-02,2,Saturday,40,10,October,4,2021,True
20211003,2021-10-03,3,Sunday,41,10,October,4,2021,True
20211004,2021-10-04,4,Monday,41,10,October,4,2021,False
20211005,2021-10-05,5,Tuesday,41,10,October,4,2021,False
20211006,2021-10-06,6,Wednesday,41,10,October,4,2021,False
20211007,2021-10-07,7,Thursday,41,10,October,4,2021,False
20211008,2021-10-08,8,Friday,41,10,October,4,2021,False
20211009,2021-10-09,9,Saturday,41,10,October,4,2021,True
20211010,2021-10-10,10,Sunday,42,10,October,4,2021,True
20211011,2021-10-11,11,Monday,42,10,October,4,2021,False
20211012,2021-10-12,12,Tuesday,42,10,October,4,2021,False
20211013,2021-10-13,13,Wednesday,42,10,October,4,2021,False
20211014,2021-10-14,14,Thursday,42,10,October,4,2021,False
20211015,2021-10-15,15,Friday,42,10,October,4,2021,False
20211016,2021-10-16,16,Saturday,42,10,October,4,2021,True
20211017,2021-10-17,17,Sunday,43,10,October,4,2021,True
20211018,2021-10-18,18,Monday,43,10,October,4,2021,False
20211019,2021-10-19,19,Tuesday,43,10,October,4,2021,False
20211020,2021-10-20,20,Wednesday,43,10,October,4,2021,False
20211021,2021-10-21,21,Thursday,43,10,October,4,2021,False
20211022,2021-10-22,22,Friday,43,10,October,4,2021,False
20211023,2021-10-23,23,Saturday,43,10,October,4,2021,True
20211024,2021-10-24,24,Sunday,44,10,October,4,2021,True
20211025,2021-10-25,25,Monday,44,10,October,4,2021,False
20211026,2021-10-26,26,Tuesday,44,10,October,4,2021,False
20211027,2021-10-27,27,Wednesday,44,10,October,4,2021,False
20211028,2021-10-28,28,Thursday,44,10,October,4,2021,False
20211029,2021-10-29,29,Friday,44,10,October,4,2021,False
20211030,2021-10-30,30,Saturday,44,10,October,4,2021,True
20211031,2021-10-31,31,Sunday,45,10,October,4,2021,True
20211101,2021-11-01,1,Monday,45,11,November,4,2021,False
20211102,2021-11-02,2,Tuesday,45,11,November,4,2021,False
20211103,2021-11-03,3,Wednesday,45,11,November,4,2021,False
20211104,2021-11-04,4,Thursday,45,11,November,4,2021,False
20211105,2021-11-05,5,Friday,45,11,November,4,2021,False
20211106,2021-11-06,6,Saturday,45,11,November,4,2021,True
20211107,2021-11-07,7,Sunday,46,11,November,4,2021,True
20211108,2021-11-08,8,Monday,46,11,November,4,2021,False
20211109,2021-11-09,9,Tuesday,46,11,November,4,2021,False
20211110,2021-11-10,10,Wednesday,46,11,November,4,2021,False
20211111,2021-11-11,11,Thursday,46,11,November,4,2021,False
20211112,2021-11-12,12,Friday,46,11,November,4,2021,False
20211113,2021-11-13,13,Saturday,46,11,November,4,2021,True
20211114,2021-11-14,14,Sunday,47,11,November,4,2021,True
20211115,2021-11-15,15,Monday,47,11,November,4,2021,False
20211116,2021-11-16,16,Tuesday,47,11,November,4,2021,False
20211117,2021-11-17,17,Wednesday,47,11,November,4,2021,False
20211118,2021-11-18,18,Thursday,47,11,November,4,2021,False
20211119,2021-11-19,19,Friday,47,11,November,4,2021,False
20211120,2021-11-20,20,Saturday,47,11,November,4,2021,True
20211121,2021-11-21,21,Sunday,48,11,November,4,2021,True
20211122,2021-11-22,22,Monday,48,11,November,4,2021,False
20211123,2021-11-23,23,Tuesday,48,11,November,4,2021,False
20211124,2021-11-24,24,Wednesday,48,11,November,4,2021,False
20211125,2021-11-25,25,Thursday,48,11,November,4,2021,False
20211126,2021-11-26,26,Friday,48,11,November,4,2021,False
20211127,2021-11-27,27,Saturday,48,11,November,4,2021,True
20211128,2021-11-28,28,Sunday,49,11,November,4,2021,True
20211129,2021-11-29,29,Monday,49,11,November,4,2021,False
20211130,2021-11-30,30,Tuesday,49,11,November,4,2021,False
20211201,2021-12-01,1,Wednesday,49,12,December,4,2021,False
20211202,2021-12-02,2,Thursday,49,12,December,4,2021,False
20211203,2021-12-03,3,Friday,49,12,December,4,2021,False
20211204,2021-12-04,4,Saturday,49,12,December,4,2021,True
20211205,2021-12-05,5,Sunday,50,12,December,4,2021,True
20211206,2021-12-06,6,Monday,50,12,December,4,2021,False
20211207,2021-12-07,7,Tuesday,50,12,December,4,2021,False
20211208,2021-12-08,8,Wednesday,50,12,December,4,2021,False
20211209,2021-12-09,9,Thursday,50,12,December,4,2021,False
20211210,2021-12-10,10,Friday,50,12,December,4,2021,False
20211211,2021-12-11,11,Saturday,50,12,December,4,2021,True
20211212,2021-12-12,12,Sunday,51,12,December,4,2021,True
20211213,2021-12-13,13,Monday,51,12,December,4,2021,False
20211214,2021-12-14,14,Tuesday,51,12,December,4,2021,False
20211215,2021-12-15,15,Wednesday,51,12,December,4,2021,False
20211216,2021-12-16,16,Thursday,51,12,December,4,2021,False
20211217,2021-12-17,17,Friday,51,12,December,4,2021,False
20211218,2021-12-18,18,Saturday,51,12,December,4,2021,True
20211219,2021-12-19,19,Sunday,52,12,December,4,2021,True
20211220,2021-12-20,20,Monday,52,12,December,4,2021,False
20211221,2021-12-21,21,Tuesday,52,12,December,4,2021,False
20211222,2021-12-22,22,Wednesday,52,12,December,4,2021,False
20211223,2021-12-23,23,Thursday,52,12,December,4,2021,False
20211224,2021-12-24,24,Friday,52,12,December,4,2021,False
20211225,2021-12-25,25,Saturday,52,12,December,4,2021,True
20211226,2021-12-26,26,Sunday,53,12,December,4,2021,True
20211227,2021-12-27,27,Monday,53,12,December,4,2021,False
20211228,2021-12-28,28,Tuesday,53,12,December,4,2021,False
20211229,2021-12-29,29,Wednesday,53,12,December,4,2021,False
20211230,2021-12-30,30,Thursday,53,12,December,4,2021,False
20211231,2021-12-31,31,Friday,53,12,December,4,2021,False
20220101,2022-01-01,1,Saturday,1,1,January,1,2022,True
20220102,2022-01-02,2,Sunday,2,1,January,1,2022,True
20220103,2022-01-03,3,Monday,2,1,January,1,2022,False
20220104,2022-01-04,4,Tuesday,2,1,January,1,2022,False
20220105,2022-01-05,5,Wednesday,2,1,January,1,2022,False
20220106,2022-01-06,6,Thursday,2,1,January,1,2022,False
20220107,2022-01-07,7,Friday,2,1,January,1,2022,False
20220108,2022-01-08,8,Saturday,2,1,January,1,2022,True
20220109,2022-01-09,9,Sunday,3,1,January,1,2022,True
20220110,2022-01-10,10,Monday,3,1,January,1,2022,False
20220111,2022-01-11,11,Tuesday,3,1,January,1,2022,False
20220112,2022-01-12,12,Wednesday,3,1,January,1,2022,False
20220113,2022-01-13,13,Thursday,3,1,January,1,2022,False
20220114,2022-01-14,14,Friday,3,1,January,1,2022,False
20220115,2022-01-15,15,Saturday,3,1,January,1,2022,True
20220116,2022-01-16,16,Sunday,4,1,January,1,2022,True
20220117,2022-01-17,17,Monday,4,1,January,1,2022,False
20220118,2022-01-18,18,Tuesday,4,1,January,1,2022,False
20220119,2022-01-19,19,Wednesday,4,1,January,1,2022,False
20220120,2022-01-20,20,Thursday,4,1,January,1,2022,False
20220121,2022-01-21,21,Friday,4,1,January,1,2022,False
20220122,2022-01-22,22,Saturday,4,1,January,1,2022,True
20220123,2022-01-23,23,Sunday,5,1,January,1,2022,True
20220124,2022-01-24,24,Monday,5,1,January,1,2022,False
20220125,2022-01-25,25,Tuesday,5,1,January,1,2022,False
20220126,2022-01-26,26,Wednesday,5,1,January,1,2022,False
20220127,2022-01-27,27,Thursday,5,1,January,1,2022,False
20220128,2022-01-28,28,Friday,5,1,January,1,2022,False
20220129,2022-01-29,29,Saturday,5,1,January,1,2022,True
20220130,2022-01-30,30,Sunday,6,1,January,1,2022,True
20220131,2022-01-31,31,Monday,6,1,January,1,2022,False
20220201,2022-02-01,1,Tuesday,6,2,February,1,2022,False
20220202,2022-02-02,2,Wednesday,6,2,February,1,2022,False
20220203,2022-02-03,3,Thursday,6,2,February,1,2022,False
20220204,2022-02-04,4,Friday,6,2,February,1,2022,False
20220205,2022-02-05,5,Saturday,6,2,February,1,2022,True
20220206,2022-02-06,6,Sunday,7,2,February,1,2022,True
20220207,2022-02-07,7,Monday,7,2,February,1,2022,False
20220208,2022-02-08,8,Tuesday,7,2,February,1,2022,False
20220209,2022-02-09,9,Wednesday,7,2,February,1,2022,False
20220210,2022-02-10,10,Thursday,7,2,February,1,2022,False
20220211,2022-02-11,11,Friday,7,2,February,1,2022,False
20220212,2022-02-12,12,Saturday,7,2,February,1,2022,True
20220213,2022-02-13,13,Sunday,8,2,February,1,2022,True
20220214,2022-02-14,14,Monday,8,2,February,1,2022,False
20220215,2022-02-15,15,Tuesday,8,2,February,1,2022,False
20220216,2022-02-16,16,Wednesday,8,2,February,1,2022,False
20220217,2022-02-17,17,Thursday,8,2,February,1,2022,False
20220218,2022-02-18,18,Friday,8,2,February,1,2022,False
20220219,2022-02-19,19,Saturday,8,2,February,1,2022,True
20220220,2022-02-20,20,Sunday,9,2,February,1,2022,True
20220221,2022-02-21,21,Monday,9,2,February,1,2022,False
20220222,2022-02-22,22,Tuesday,9,2,February,1,2022,False
20220223,2022-02-23,23,Wednesday,9,2,February,1,2022,False
20220224,2022-02-24,24,Thursday,9,2,February,1,2022,False
20220225,2022-02-25,25,Friday,9,2,February,1,2022,False
20220226,2022-02-26,26,Saturday,9,2,February,1,2022,True
20220227,2022-02-27,27,Sunday,10,2,February,1,2022,True
20220228,2022-02-28,28,Monday,10,2,February,1,2022,False
20220301,2022-03-01,1,Tuesday,10,3,March,1,2022,False
20220302,2022-03-02,2,Wednesday,10,3,March,1,2022,False
20220303,2022-03-03,3,Thursday,10,3,March,1,2022,False
20220304,2022-03-04,4,Friday,10,3,March,1,2022,False
20220305,2022-03-05,5,Saturday,10,3,March,1,2022,True
20220306,2022-03-06,6,Sunday,11,3,March,1,2022,True
20220307,2022-03-07,7,Monday,11,3,March,1,2022,False
20220308,2022-03-08,8,Tuesday,11,3,March,1,2022,False
20220309,2022-03-09,9,Wednesday,11,3,March,1,2022,False
20220310,2022-03-10,10,Thursday,11,3,March,1,2022,False
20220311,2022-03-11,11,Friday,11,3,March,1,2022,False
20220312,2022-03-12,12,Saturday,11,3,March,1,2022,True
20220313,2022-03-13,13,Sunday,12,3,March,1,2022,True
20220314,2022-03-14,14,Monday,12,3,March,1,2022,False
20220315,2022-03-15,15,Tuesday,12,3,March,1,2022,False
20220316,2022-03-16,16,Wednesday,12,3,March,1,2022,False
20220317,2022-03-17,17,Thursday,12,3,March,1,2022,False
20220318,2022-03-18,18,Friday,12,3,March,1,2022,False
20220319,2022-03-19,19,Saturday,12,3,March,1,2022,True
20220320,2022-03-20,20,Sunday,13,3,March,1,2022,True
20220321,2022-03-21,21,Monday,13,3,March,1,2022,False
20220322,2022-03-22,22,Tuesday,13,3,March,1,2022,False
20220323,2022-03-23,23,Wednesday,13,3,March,1,2022,False
20220324,2022-03-24,24,Thursday,13,3,March,1,2022,False
20220325,2022-03-25,25,Friday,13,3,March,1,2022,False
20220326,2022-03-26,26,Saturday,13,3,March,1,2022,True
20220327,2022-03-27,27,Sunday,14,3,March,1,2022,True
20220328,2022-03-28,28,Monday,14,3,March,1,2022,False
20220329,2022-03-29,29,Tuesday,14,3,March,1,2022,False
20220330,2022-03-30,30,Wednesday,14,3,March,1,2022,False
20220331,2022-03-31,31,Thursday,14,3,March,1,2022,False
20220401,2022-04-01,1,Friday,14,4,April,2,2022,False
20220402,2022-04-02,2,Saturday,14,4,April,2,2022,True
20220403,2022-04-03,3,Sunday,15,4,April,2,2022,True
20220404,2022-04-04,4,Monday,15,4,April,2,2022,False
20220405,2022-04-05,5,Tuesday,15,4,April,2,2022,False
20220406,2022-04-06,6,Wednesday,15,4,April,2,2022,False
20220407,2022-04-07,7,Thursday,15,4,April,2,2022,False
20220408,2022-04-08,8,Friday,15,4,April,2,2022,False
20220409,2022-04-09,9,Saturday,15,4,April,2,2022,True
20220410,2022-04-10,10,Sunday,16,4,April,2,2022,True
20220411,2022-04-11,11,Monday,16,4,April,2,2022,False
20220412,2022-04-12,12,Tuesday,16,4,April,2,2022,False
20220413,2022-04-13,13,Wednesday,16,4,April,2,2022,False
20220414,2022-04-14,14,Thursday,16,4,April,2,2022,False
20220415,2022-04-15,15,Friday,16,4,April,2,2022,False
20220416,2022-04-16,16,Saturday,16,4,April,2,2022,True
20220417,2022-04-17,17,Sunday,17,4,April,2,2022,True
20220418,2022-04-18,18,Monday,17,4,April,2,2022,False
20220419,2022-04-19,19,Tuesday,17,4,April,2,2022,False
20220420,2022-04-20,20,Wednesday,17,4,April,2,2022,False
20220421,2022-04-21,21,Thursday,17,4,April,2,2022,False
20220422,2022-04-22,22,Friday,17,4,April,2,2022,False
20220423,2022-04-23,23,Saturday,17,4,April,2,2022,True
20220424,2022-04-24,24,Sunday,18,4,April,2,2022,True
20220425,2022-04-25,25,Monday,18,4,April,2,2022,False
20220426,2022-04-26,26,Tuesday,18,4,April,2,2022,False
20220427,2022-04-27,27,Wednesday,18,4,April,2,2022,False
20220428,2022-04-28,28,Thursday,18,4,April,2,2022,False
20220429,2022-04-29,29,Friday,18,4,April,2,2022,False
20220430,2022-04-30,30,Saturday,18,4,April,2,2022,True
20220501,2022-05-01,1,Sunday,19,5,May,2,2022,True
20220502,2022-05-02,2,Monday,19,5,May,2,2022,False
20220503,2022-05-03,3,Tuesday,19,5,May,2,2022,False
20220504,2022-05-04,4,Wednesday,19,5,May,2,2022,False
20220505,2022-05-05,5,Thursday,19,5,May,2,2022,False
20220506,2022-05-06,6,Friday,19,5,May,2,2022,False
20220507,2022-05-07,7,Saturday,19,5,May,2,2022,True
20220508,2022-05-08,8,Sunday,20,5,May,2,2022,True
20220509,2022-05-09,9,Monday,20,5,May,2,2022,False
20220510,2022-05-10,10,Tuesday,20,5,May,2,2022,False
20220511,2022-05-11,11,Wednesday,20,5,May,2,2022,False
20220512,2022-05-12,12,Thursday,20,5,May,2,2022,False
20220513,2022-05-13,13,Friday,20,5,May,2,2022,False
20220514,2022-05-14,14,Saturday,20,5,May,2,2022,True
20220515,2022-05-15,15,Sunday,21,5,May,2,2022,True
20220516,2022-05-16,16,Monday,21,5,May,2,2022,False
20220517,2022-05-17,17,Tuesday,21,5,May,2,2022,False
20220518,2022-05-18,18,Wednesday,21,5,May,2,2022,False
20220519,2022-05-19,19,Thursday,21,5,May,2,2022,False
20220520,2022-05-20,20,Friday,21,5,May,2,2022,False
20220521,2022-05-21,21,Saturday,21,5,May,2,2022,True
20220522,2022-05-22,22,Sunday,22,5,May,2,2022,True
20220523,2022-05-23,23,Monday,22,5,May,2,2022,False
20220524,2022-05-24,24,Tuesday,22,5,May,2,2022,False
20220525,2022-05-25,25,Wednesday,22,5,May,2,2022,False
20220526,2022-05-26,26,Thursday,22,5,May,2,2022,False
20220527,2022-05-27,27,Friday,22,5,May,2,2022,False
20220528,2022-05-28,28,Saturday,22,5,May,2,2022,True
20220529,2022-05-29,29,Sunday,23,5,May,2,2022,True
20220530,2022-05-30,30,Monday,23,5,May,2,2022,False
20220531,2022-05-31,31,Tuesday,23,5,May,2,2022,False
20220601,2022-06-01,1,Wednesday,23,6,June,2,2022,False
20220602,2022-06-02,2,Thursday,23,6,June,2,2022,False
20220603,2022-06-03,3,Friday,23,6,June,2,2022,False
20220604,2022-06-04,4,Saturday,23,6,June,2,2022,True
20220605,2022-06-05,5,Sunday,24,6,June,2,2022,True
20220606,2022-06-06,6,Monday,24,6,June,2,2022,False
20220607,2022-06-07,7,Tuesday,24,6,June,2,2022,False
20220608,2022-06-08,8,Wednesday,24,6,June,2,2022,False
20220609,2022-06-09,9,Thursday,24,6,June,2,2022,False
20220610,2022-06-10,10,Friday,24,6,June,2,2022,False
20220611,2022-06-11,11,Saturday,24,6,June,2,2022,True
20220612,2022-06-12,12,Sunday,25,6,June,2,2022,True
20220613,2022-06-13,13,Monday,25,6,June,2,2022,False
20220614,2022-06-14,14,Tuesday,25,6,June,2,2022,False
20220615,2022-06-15,15,Wednesday,25,6,June,2,2022,False
20220616,2022-06-16,16,Thursday,25,6,June,2,2022,False
20220617,2022-06-17,17,Friday,25,6,June,2,2022,False
20220618,2022-06-18,18,Saturday,25,6,June,2,2022,True
20220619,2022-06-19,19,Sunday,26,6,June,2,2022,True
20220620,2022-06-20,20,Monday,26,6,June,2,2022,False
20220621,2022-06-21,21,Tuesday,26,6,June,2,2022,False
20220622,2022-06-22,22,Wednesday,26,6,June,2,2022,False
20220623,2022-06-23,23,Thursday,26,6,June,2,2022,False
20220624,2022-06-24,24,Friday,26,6,June,2,2022,False
20220625,2022-06-25,25,Saturday,26,6,June,2,2022,True
20220626,2022-06-26,26,Sunday,27,6,June,2,2022,True
20220627,2022-06-27,27,Monday,27,6,June,2,2022,False
20220628,2022-06-28,28,Tuesday,27,6,June,2,2022,False
20220629,2022-06-29,29,Wednesday,27,6,June,2,2022,False
20220630,2022-06-30,30,Thursday,27,6,June,2,2022,False
20220701,2022-07-01,1,Friday,27,7,July,3,2022,False
20220702,2022-07-02,2,Saturday,27,7,July,3,2022,True
20220703,2022-07-03,3,Sunday,28,7,July,3,2022,True
20220704,2022-07-04,4,Monday,28,7,July,3,2022,False
20220705,2022-07-05,5,Tuesday,28,7,July,3,2022,False
20220706,2022-07-06,6,Wednesday,28,7,July,3,2022,False
20220707,2022-07-07,7,Thursday,28,7,July,3,2022,False
20220708,2022-07-08,8,Friday,28,7,July,3,2022,False
20220709,2022-07-09,9,Saturday,28,7,July,3,2022,True
20220710,2022-07-10,10,Sunday,29,7,July,3,2022,True
20220711,2022-07-11,11,Monday,29,7,July,3,2022,False
20220712,2022-07-12,12,Tuesday,29,7,July,3,2022,False
20220713,2022-07-13,13,Wednesday,29,7,July,3,2022,False
20220714,2022-07-14,14,Thursday,29,7,July,3,2022,False
20220715,2022-07-15,15,Friday,29,7,July,3,2022,False
20220716,2022-07-16,16,Saturday,29,7,July,3,2022,True
20220717,2022-07-17,17,Sunday,30,7,July,3,2022,True
20220718,2022-07-18,18,Monday,30,7,July,3,2022,False
20220719,2022-07-19,19,Tuesday,30,7,July,3,2022,False
20220720,2022-07-20,20,Wednesday,30,7,July,3,2022,False
20220721,2022-07-21,21,Thursday,30,7,July,3,2022,False
20220722,2022-07-22,22,Friday,30,7,July,3,2022,False
20220723,2022-07-23,23,Saturday,30,7,July,3,2022,True
20220724,2022-07-24,24,Sunday,31,7,July,3,2022,True
20220725,2022-07-25,25,Monday,31,7,July,3,2022,False
20220726,2022-07-26,26,Tuesday,31,7,July,3,2022,False
20220727,2022-07-27,27,Wednesday,31,7,July,3,2022,False
20220728,2022-07-28,28,Thursday,31,7,July,3,2022,False
20220729,2022-07-29,29,Friday,31,7,July,3,2022,False
20220730,2022-07-30,30,Saturday,31,7,July,3,2022,True
20220731,2022-07-31,31,Sunday,32,7,July,3,2022,True
20220801,2022-08-01,1,Monday,32,8,August,3,2022,False
20220802,2022-08-02,2,Tuesday,32,8,August,3,2022,False
20220803,2022-08-03,3,Wednesday,32,8,August,3,2022,False
20220804,2022-08-04,4,Thursday,32,8,August,3,2022,False
20220805,2022-08-05,5,Friday,32,8,August,3,2022,False
20220806,2022-08-06,6,Saturday,32,8,August,3,2022,True
20220807,2022-08-07,7,Sunday,33,8,August,3,2022,True
20220808,2022-08-08,8,Monday,33,8,August,3,2022,False
20220809,2022-08-09,9,Tuesday,33,8,August,3,2022,False
20220810,2022-08-10,10,Wednesday,33,8,August,3,2022,False
20220811,2022-08-11,11,Thursday,33,8,August,3,2022,False
20220812,2022-08-12,12,Friday,33,8,August,3,2022,False
20220813,2022-08-13,13,Saturday,33,8,August,3,2022,True
20220814,2022-08-14,14,Sunday,34,8,August,3,2022,True
20220815,2022-08-15,15,Monday,34,8,August,3,2022,False
20220816,2022-08-16,16,Tuesday,34,8,August,3,2022,False
20220817,2022-08-17,17,Wednesday,34,8,August,3,2022,False
20220818,2022-08-18,18,Thursday,34,8,August,3,2022,False
20220819,2022-08-19,19,Friday,34,8,August,3,2022,False
20220820,2022-08-20,20,Saturday,34,8,August,3,2022,True
20220821,2022-08-21,21,Sunday,35,8,August,3,2022,True
20220822,2022-08-22,22,Monday,35,8,August,3,2022,False
20220823,2022-08-23,23,Tuesday,35,8,August,3,2022,False
20220824,2022-08-24,24,Wednesday,35,8,August,3,2022,False
20220825,2022-08-25,25,Thursday,35,8,August,3,2022,False
20220826,2022-08-26,26,Friday,35,8,August,3,2022,False
20220827,2022-08-27,27,Saturday,35,8,August,3,2022,True
20220828,2022-08-28,28,Sunday,36,8,August,3,2022,True
20220829,2022-08-29,29,Monday,36,8,August,3,2022,False
20220830,2022-08-30,30,Tuesday,36,8,August,3,2022,False
20220831,2022-08-31,31,Wednesday,36,8,August,3,2022,False
20220901,2022-09-01,1,Thursday,36,9,September,3,2022,False
20220902,2022-09-02,2,Friday,36,9,September,3,2022,False
20220903,2022-09-03,3,Saturday,36,9,September,3,2022,True
20220904,2022-09-04,4,Sunday,37,9,September,3,2022,True
20220905,2022-09-05,5,Monday,37,9,September,3,2022,False
20220906,2022-09-06,6,Tuesday,37,9,September,3,2022,False
20220907,2022-09-07,7,Wednesday,37,9,September,3,2022,False
20220908,2022-09-08,8,Thursday,37,9,September,3,2022,False
20220909,2022-09-09,9,Friday,37,9,September,3,2022,False
20220910,2022-09-10,10,Saturday,37,9,September,3,2022,True
20220911,2022-09-11,11,Sunday,38,9,September,3,2022,True
20220912,2022-09-12,12,Monday,38,9,September,3,2022,False
20220913,2022-09-13,13,Tuesday,38,9,September,3,2022,False
20220914,2022-09-14,14,Wednesday,38,9,September,3,2022,False
20220915,2022-09-15,15,Thursday,38,9,September,3,2022,False
20220916,2022-09-16,16,Friday,38,9,September,3,2022,False
20220917,2022-09-17,17,Saturday,38,9,September,3,2022,True
20220918,2022-09-18,18,Sunday,39,9,September,3,2022,True
20220919,2022-09-19,19,Monday,39,9,September,3,2022,False
20220920,2022-09-20,20,Tuesday,39,9,September,3,2022,False
20220921,2022-09-21,21,Wednesday,39,9,September,3,2022,False
20220922,2022-09-22,22,Thursday,39,9,September,3,2022,False
20220923,2022-09-23,23,Friday,39,9,September,3,2022,False
20220924,2022-09-24,24,Saturday,39,9,September,3,2022,True
20220925,2022-09-25,25,Sunday,40,9,September,3,2022,True
20220926,2022-09-26,26,Monday,40,9,September,3,2022,False
20220927,2022-09-27,27,Tuesday,40,9,September,3,2022,False
20220928,2022-09-28,28,Wednesday,40,9,September,3,2022,False
20220929,2022-09-29,29,Thursday,40,9,September,3,2022,False
20220930,2022-09-30,30,Friday,40,9,September,3,2022,False
20221001,2022-10-01,1,Saturday,40,10,October,4,2022,True
20221002,2022-10-02,2,Sunday,41,10,October,4,2022,True
20221003,2022-10-03,3,Monday,41,10,October,4,2022,False
20221004,2022-10-04,4,Tuesday,41,10,October,4,2022,False
20221005,2022-10-05,5,Wednesday,41,10,October,4,2022,False
20221006,2022-10-06,6,Thursday,41,10,October,4,2022,False
20221007,2022-10-07,7,Friday,41,10,October,4,2022,False
20221008,2022-10-08,8,Saturday,41,10,October,4,2022,True
20221009,2022-10-09,9,Sunday,42,10,October,4,2022,True
20221010,2022-10-10,10,Monday,42,10,October,4,2022,False
20221011,2022-10-11,11,Tuesday,42,10,October,4,2022,False
20221012,2022-10-12,12,Wednesday,42,10,October,4,2022,False
20221013,2022-10-13,13,Thursday,42,10,October,4,2022,False
20221014,2022-10-14,14,Friday,42,10,October,4,2022,False
20221015,2022-10-15,15,Saturday,42,10,October,4,2022,True
20221016,2022-10-16,16,Sunday,43,10,October,4,2022,True
20221017,2022-10-17,17,Monday,43,10,October,4,2022,False
20221018,2022-10-18,18,Tuesday,43,10,October,4,2022,False
20221019,2022-10-19,19,Wednesday,43,10,October,4,2022,False
20221020,2022-10-20,20,Thursday,43,10,October,4,2022,False
20221021,2022-10-21,21,Friday,43,10,October,4,2022,False
20221022,2022-10-22,22,Saturday,43,10,October,4,2022,True
20221023,2022-10-23,23,Sunday,44,10,October,4,2022,True
20221024,2022-10-24,24,Monday,44,10,October,4,2022,False
20221025,2022-10-25,25,Tuesday,44,10,October,4,2022,False
20221026,2022-10-26,26,Wednesday,44,10,October,4,2022,False
20221027,2022-10-27,27,Thursday,44,10,October,4,2022,False
20221028,2022-10-28,28,Friday,44,10,October,4,2022,False
20221029,2022-10-29,29,Saturday,44,10,October,4,2022,True
20221030,2022-10-30,30,Sunday,45,10,October,4,2022,True
20221031,2022-10-31,31,Monday,45,10,October,4,2022,False
20221101,2022-11-01,1,Tuesday,45,11,November,4,2022,False
20221102,2022-11-02,2,Wednesday,45,11,November,4,2022,False
20221103,2022-11-03,3,Thursday,45,11,November,4,2022,False
20221104,2022-11-04,4,Friday,45,11,November,4,2022,False
20221105,2022-11-05,5,Saturday,45,11,November,4,2022,True
20221106,2022-11-06,6,Sunday,46,11,November,4,2022,True
20221107,2022-11-07,7,Monday,46,11,November,4,2022,False
20221108,2022-11-08,8,Tuesday,46,11,November,4,2022,False
20221109,2022-11-09,9,Wednesday,46,11,November,4,2022,False
20221110,2022-11-10,10,Thursday,46,11,November,4,2022,False
20221111,2022-11-11,11,Friday,46,11,November,4,2022,False
20221112,2022-11-12,12,Saturday,46,11,November,4,2022,True
20221113,2022-11-13,13,Sunday,47,11,November,4,2022,True
20221114,2022-11-14,14,Monday,47,11,November,4,2022,False
20221115,2022-11-15,15,Tuesday,47,11,November,4,2022,False
20221116,2022-11-16,16,Wednesday,47,11,November,4,2022,False
20221117,2022-11-17,17,Thursday,47,11,November,4,2022,False
20221118,2022-11-18,18,Friday,47,11,November,4,2022,False
20221119,2022-11-19,19,Saturday,47,11,November,4,2022,True
20221120,2022-11-20,20,Sunday,48,11,November,4,2022,True
20221121,2022-11-21,21,Monday,48,11,November,4,2022,False
20221122,2022-11-22,22,Tuesday,48,11,November,4,2022,False
20221123,2022-11-23,23,Wednesday,48,11,November,4,2022,False
20221124,2022-11-24,24,Thursday,48,11,November,4,2022,False
20221125,2022-11-25,25,Friday,48,11,November,4,2022,False
20221126,2022-11-26,26,Saturday,48,11,November,4,2022,True
20221127,2022-11-27,27,Sunday,49,11,November,4,2022,True
20221128,2022-11-28,28,Monday,49,11,November,4,2022,False
20221129,2022-11-29,29,Tuesday,49,11,November,4,2022,False
20221130,2022-11-30,30,Wednesday,49,11,November,4,2022,False
20221201,2022-12-01,1,Thursday,49,12,December,4,2022,False
20221202,2022-12-02,2,Friday,49,12,December,4,2022,False
20221203,2022-12-03,3,Saturday,49,12,December,4,2022,True
20221204,2022-12-04,4,Sunday,50,12,December,4,2022,True
20221205,2022-12-05,5,Monday,50,12,December,4,2022,False
20221206,2022-12-06,6,Tuesday,50,12,December,4,2022,False
20221207,2022-12-07,7,Wednesday,50,12,December,4,2022,False
20221208,2022-12-08,8,Thursday,50,12,December,4,2022,False
20221209,2022-12-09,9,Friday,50,12,December,4,2022,False
20221210,2022-12-10,10,Saturday,50,12,December,4,2022,True
20221211,2022-12-11,11,Sunday,51,12,December,4,2022,True
20221212,2022-12-12,12,Monday,51,12,December,4,2022,False
20221213,2022-12-13,13,Tuesday,51,12,December,4,2022,False
20221214,2022-12-14,14,Wednesday,51,12,December,4,2022,False
20221215,2022-12-15,15,Thursday,51,12,December,4,2022,False
20221216,2022-12-16,16,Friday,51,12,December,4,2022,False
20221217,2022-12-17,17,Saturday,51,12,December,4,2022,True
20221218,2022-12-18,18,Sunday,52,12,December,4,2022,True
20221219,2022-12-19,19,Monday,52,12,December,4,2022,False
20221220,2022-12-20,20,Tuesday,52,12,December,4,2022,False
20221221,2022-12-21,21,Wednesday,52,12,December,4,2022,False
20221222,2022-12-22,22,Thursday,52,12,December,4,2022,False
20221223,2022-12-23,23,Friday,52,12,December,4,2022,False
20221224,2022-12-24,24,Saturday,52,12,December,4,2022,True
20221225,2022-12-25,25,Sunday,53,12,December,4,2022,True
20221226,2022-12-26,26,Monday,53,12,December,4,2022,False
20221227,2022-12-27,27,Tuesday,53,12,December,4,2022,False
20221228,2022-12-28,28,Wednesday,53,12,December,4,2022,False
20221229,2022-12-29,29,Thursday,53,12,December,4,2022,False
20221230,2022-12-30,30,Friday,53,12,December,4,2022,False
20221231,2022-12-31,31,Saturday,53,12,December,4,2022,True
20230101,2023-01-01,1,Sunday,1,1,January,1,2023,True
20230102,2023-01-02,2,Monday,1,1,January,1,2023,False
20230103,2023-01-03,3,Tuesday,1,1,January,1,2023,False
20230104,2023-01-04,4,Wednesday,1,1,January,1,2023,False
20230105,2023-01-05,5,Thursday,1,1,January,1,2023,False
20230106,2023-01-06,6,Friday,1,1,January,1,2023,False
20230107,2023-01-07,7,Saturday,1,1,January,1,2023,True
20230108,2023-01-08,8,Sunday,2,1,January,1,2023,True
20230109,2023-01-09,9,Monday,2,1,January,1,2023,False
20230110,2023-01-10,10,Tuesday,2,1,January,1,2023,False
20230111,2023-01-11,11,Wednesday,2,1,January,1,2023,False
20230112,2023-01-12,12,Thursday,2,1,January,1,2023,False
20230113,2023-01-13,13,Friday,2,1,January,1,2023,False
20230114,2023-01-14,14,Saturday,2,1,January,1,2023,True
20230115,2023-01-15,15,Sunday,3,1,January,1,2023,True
20230116,2023-01-16,16,Monday,3,1,January,1,2023,False
20230117,2023-01-17,17,Tuesday,3,1,January,1,2023,False
20230118,2023-01-18,18,Wednesday,3,1,January,1,2023,False
20230119,2023-01-19,19,Thursday,3,1,January,1,2023,False
20230120,2023-01-20,20,Friday,3,1,January,1,2023,False
20230121,2023-01-21,21,Saturday,3,1,January,1,2023,True
20230122,2023-01-22,22,Sunday,4,1,January,1,2023,True
20230123,2023-01-23,23,Monday,4,1,January,1,2023,False
20230124,2023-01-24,24,Tuesday,4,1,January,1,2023,False
20230125,2023-01-25,25,Wednesday,4,1,January,1,2023,False
20230126,2023-01-26,26,Thursday,4,1,January,1,2023,False
20230127,2023-01-27,27,Friday,4,1,January,1,2023,False
20230128,2023-01-28,28,Saturday,4,1,January,1,2023,True
20230129,2023-01-29,29,Sunday,5,1,January,1,2023,True
20230130,2023-01-30,30,Monday,5,1,January,1,2023,False
20230131,2023-01-31,31,Tuesday,5,1,January,1,2023,False
20230201,2023-02-01,1,Wednesday,5,2,February,1,2023,False
20230202,2023-02-02,2,Thursday,5,2,February,1,2023,False
20230203,2023-02-03,3,Friday,5,2,February,1,2023,False
20230204,2023-02-04,4,Saturday,5,2,February,1,2023,True
20230205,2023-02-05,5,Sunday,6,2,February,1,2023,True
20230206,2023-02-06,6,Monday,6,2,February,1,2023,False
20230207,2023-02-07,7,Tuesday,6,2,February,1,2023,False
20230208,2023-02-08,8,Wednesday,6,2,February,1,2023,False
20230209,2023-02-09,9,Thursday,6,2,February,1,2023,False
20230210,2023-02-10,10,Friday,6,2,February,1,2023,False
20230211,2023-02-11,11,Saturday,6,2,February,1,2023,True
20230212,2023-02-12,12,Sunday,7,2,February,1,2023,True
20230213,2023-02-13,13,Monday,7,2,February,1,2023,False
20230214,2023-02-14,14,Tuesday,7,2,February,1,2023,False
20230215,2023-02-15,15,Wednesday,7,2,February,1,2023,False
20230216,2023-02-16,16,Thursday,7,2,February,1,2023,False
20230217,2023-02-17,17,Friday,7,2,February,1,2023,False
20230218,2023-02-18,18,Saturday,7,2,February,1,2023,True
20230219,2023-02-19,19,Sunday,8,2,February,1,2023,True
20230220,2023-02-20,20,Monday,8,2,February,1,2023,False
20230221,2023-02-21,21,Tuesday,8,2,February,1,2023,False
20230222,2023-02-22,22,Wednesday,8,2,February,1,2023,False
20230223,2023-02-23,23,Thursday,8,2,February,1,2023,False
20230224,2023-02-24,24,Friday,8,2,February,1,2023,False
20230225,2023-02-25,25,Saturday,8,2,February,1,2023,True
20230226,2023-02-26,26,Sunday,9,2,February,1,2023,True
20230227,2023-02-27,27,Monday,9,2,February,1,2023,False
20230228,2023-02-28,28,Tuesday,9,2,February,1,2023,False
20230301,2023-03-01,1,Wednesday,9,3,March,1,2023,False
20230302,2023-03-02,2,Thursday,9,3,March,1,2023,False
20230303,2023-03-03,3,Friday,9,3,March,1,2023,False
20230304,2023-03-04,4,Saturday,9,3,March,1,2023,True
20230305,2023-03-05,5,Sunday,10,3,March,1,2023,True
20230306,2023-03-06,6,Monday,10,3,March,1,2023,False
20230307,2023-03-07,7,Tuesday,10,3,March,1,2023,False
20230308,2023-03-08,8,Wednesday,10,3,March,1,2023,False
20230309,2023-03-09,9,Thursday,10,3,March,1,2023,False
20230310,2023-03-10,10,Friday,10,3,March,1,2023,False
20230311,2023-03-11,11,Saturday,10,3,March,1,2023,True
20230312,2023-03-12,12,Sunday,11,3,March,1,2023,True
20230313,2023-03-13,13,Monday,11,3,March,1,2023,False
20230314,2023-03-14,14,Tuesday,11,3,March,1,2023,False
20230315,2023-03-15,15,Wednesday,11,3,March,1,2023,False
20230316,2023-03-16,16,Thursday,11,3,March,1,2023,False
20230317,2023-03-17,17,Friday,11,3,March,1,2023,False
20230318,2023-03-18,18,Saturday,11,3,March,1,2023,True
20230319,2023-03-19,19,Sunday,12,3,March,1,2023,True
20230320,2023-03-20,20,Monday,12,3,March,1,2023,False
20230321,2023-03-21,21,Tuesday,12,3,March,1,2023,False
20230322,2023-03-22,22,Wednesday,12,3,March,1,2023,False
20230323,2023-03-23,23,Thursday,12,3,March,1,2023,False
20230324,2023-03-24,24,Friday,12,3,March,1,2023,False
20230325,2023-03-25,25,Saturday,12,3,March,1,2023,True
20230326,2023-03-26,26,Sunday,13,3,March,1,2023,True
20230327,2023-03-27,27,Monday,13,3,March,1,2023,False
20230328,2023-03-28,28,Tuesday,13,3,March,1,2023,False
20230329,2023-03-29,29,Wednesday,13,3,March,1,2023,False
20230330,2023-03-30,30,Thursday,13,3,March,1,2023,False
20230331,2023-03-31,31,Friday,13,3,March,1,2023,False
20230401,2023-04-01,1,Saturday,13,4,April,2,2023,True
20230402,2023-04-02,2,Sunday,14,4,April,2,2023,True
20230403,2023-04-03,3,Monday,14,4,April,2,2023,False
20230404,2023-04-04,4,Tuesday,14,4,April,2,2023,False
20230405,2023-04-05,5,Wednesday,14,4,April,2,2023,False
20230406,2023-04-06,6,Thursday,14,4,April,2,2023,False
20230407,2023-04-07,7,Friday,14,4,April,2,2023,False
20230408,2023-04-08,8,Saturday,14,4,April,2,2023,True
20230409,2023-04-09,9,Sunday,15,4,April,2,2023,True
20230410,2023-04-10,10,Monday,15,4,April,2,2023,False
20230411,2023-04-11,11,Tuesday,15,4,April,2,2023,False
20230412,2023-04-12,12,Wednesday,15,4,April,2,2023,False
20230413,2023-04-13,13,Thursday,15,4,April,2,2023,False
20230414,2023-04-14,14,Friday,15,4,April,2,2023,False
20230415,2023-04-15,15,Saturday,15,4,April,2,2023,True
20230416,2023-04-16,16,Sunday,16,4,April,2,2023,True
20230417,2023-04-17,17,Monday,16,4,April,2,2023,False
20230418,2023-04-18,18,Tuesday,16,4,April,2,2023,False
20230419,2023-04-19,19,Wednesday,16,4,April,2,2023,False
20230420,2023-04-20,20,Thursday,16,4,April,2,2023,False
20230421,2023-04-21,21,Friday,16,4,April,2,2023,False
20230422,2023-04-22,22,Saturday,16,4,April,2,2023,True
20230423,2023-04-23,23,Sunday,17,4,April,2,2023,True
20230424,2023-04-24,24,Monday,17,4,April,2,2023,False
20230425,2023-04-25,25,Tuesday,17,4,April,2,2023,False
20230426,2023-04-26,26,Wednesday,17,4,April,2,2023,False
20230427,2023-04-27,27,Thursday,17,4,April,2,2023,False
20230428,2023-04-28,28,Friday,17,4,April,2,2023,False
20230429,2023-04-29,29,Saturday,17,4,April,2,2023,True
20230430,2023-04-30,30,Sunday,18,4,April,2,2023,True
20230501,2023-05-01,1,Monday,18,5,May,2,2023,False
20230502,2023-05-02,2,Tuesday,18,5,May,2,2023,False
20230503,2023-05-03,3,Wednesday,18,5,May,2,2023,False
20230504,2023-05-04,4,Thursday,18,5,May,2,2023,False
20230505,2023-05-05,5,Friday,18,5,May,2,2023,False
20230506,2023-05-06,6,Saturday,18,5,May,2,2023,True
20230507,2023-05-07,7,Sunday,19,5,May,2,2023,True
20230508,2023-05-08,8,Monday,19,5,May,2,2023,False
20230509,2023-05-09,9,Tuesday,19,5,May,2,2023,False
20230510,2023-05-10,10,Wednesday,19,5,May,2,2023,False
20230511,2023-05-11,11,Thursday,19,5,May,2,2023,False
20230512,2023-05-12,12,Friday,19,5,May,2,2023,False
20230513,2023-05-13,13,Saturday,19,5,May,2,2023,True
20230514,2023-05-14,14,Sunday,20,5,May,2,2023,True
20230515,2023-05-15,15,Monday,20,5,May,2,2023,False
20230516,2023-05-16,16,Tuesday,20,5,May,2,2023,False
20230517,2023-05-17,17,Wednesday,20,5,May,2,2023,False
20230518,2023-05-18,18,Thursday,20,5,May,2,2023,False
20230519,2023-05-19,19,Friday,20,5,May,2,2023,False
20230520,2023-05-20,20,Saturday,20,5,May,2,2023,True
20230521,2023-05-21,21,Sunday,21,5,May,2,2023,True
20230522,2023-05-22,22,Monday,21,5,May,2,2023,False
20230523,2023-05-23,23,Tuesday,21,5,May,2,2023,False
20230524,2023-05-24,24,Wednesday,21,5,May,2,2023,False
20230525,2023-05-25,25,Thursday,21,5,May,2,2023,False
20230526,2023-05-26,26,Friday,21,5,May,2,2023,False
20230527,2023-05-27,27,Saturday,21,5,May,2,2023,True
20230528,2023-05-28,28,Sunday,22,5,May,2,2023,True
20230529,2023-05-29,29,Monday,22,5,May,2,2023,False
20230530,2023-05-30,30,Tuesday,22,5,May,2,2023,False
20230531,2023-05-31,31,Wednesday,22,5,May,2,2023,False
20230601,2023-06-01,1,Thursday,22,6,June,2,2023,False
20230602,2023-06-02,2,Friday,22,6,June,2,2023,False
20230603,2023-06-03,3,Saturday,22,6,June,2,2023,True
20230604,2023-06-04,4,Sunday,23,6,June,2,2023,True
20230605,2023-06-05,5,Monday,23,6,June,2,2023,False
20230606,2023-06-06,6,Tuesday,23,6,June,2,2023,False
20230607,2023-06-07,7,Wednesday,23,6,June,2,2023,False
20230608,2023-06-08,8,Thursday,23,6,June,2,2023,False
20230609,2023-06-09,9,Friday,23,6,June,2,2023,False
20230610,2023-06-10,10,Saturday,23,6,June,2,2023,True
20230611,2023-06-11,11,Sunday,24,6,June,2,2023,True
20230612,2023-06-12,12,Monday,24,6,June,2,2023,False
20230613,2023-06-13,13,Tuesday,24,6,June,2,2023,False
20230614,2023-06-14,14,Wednesday,24,6,June,2,2023,False
20230615,2023-06-15,15,Thursday,24,6,June,2,2023,False
20230616,2023-06-16,16,Friday,24,6,June,2,2023,False
20230617,2023-06-17,17,Saturday,24,6,June,2,2023,True
20230618,2023-06-18,18,Sunday,25,6,June,2,2023,True
20230619,2023-06-19,19,Monday,25,6,June,2,2023,False
20230620,2023-06-20,20,Tuesday,25,6,June,2,2023,False
20230621,2023-06-21,21,Wednesday,25,6,June,2,2023,False
20230622,2023-06-22,22,Thursday,25,6,June,2,2023,False
20230623,2023-06-23,23,Friday,25,6,June,2,2023,False
20230624,2023-06-24,24,Saturday,25,6,June,2,2023,True
20230625,2023-06-25,25,Sunday,26,6,June,2,2023,True
20230626,2023-06-26,26,Monday,26,6,June,2,2023,False
20230627,2023-06-27,27,Tuesday,26,6,June,2,2023,False
20230628,2023-06-28,28,Wednesday,26,6,June,2,2023,False
20230629,2023-06-29,29,Thursday,26,6,June,2,2023,False
20230630,2023-06-30,30,Friday,26,6,June,2,2023,False
20230701,2023-07-01,1,Saturday,26,7,July,3,2023,True
20230702,2023-07-02,2,Sunday,27,7,July,3,2023,True
20230703,2023-07-03,3,Monday,27,7,July,3,2023,False
20230704,2023-07-04,4,Tuesday,27,7,July,3,2023,False
20230705,2023-07-05,5,Wednesday,27,7,July,3,2023,False
20230706,2023-07-06,6,Thursday,27,7,July,3,2023,False
20230707,2023-07-07,7,Friday,27,7,July,3,2023,False
20230708,2023-07-08,8,Saturday,27,7,July,3,2023,True
20230709,2023-07-09,9,Sunday,28,7,July,3,2023,True
20230710,2023-07-10,10,Monday,28,7,July,3,2023,False
20230711,2023-07-11,11,Tuesday,28,7,July,3,2023,False
20230712,2023-07-12,12,Wednesday,28,7,July,3,2023,False
20230713,2023-07-13,13,Thursday,28,7,July,3,2023,False
20230714,2023-07-14,14,Friday,28,7,July,3,2023,False
20230715,2023-07-15,15,Saturday,28,7,July,3,2023,True
20230716,2023-07-16,16,Sunday,29,7,July,3,2023,True
20230717,2023-07-17,17,Monday,29,7,July,3,2023,False
20230718,2023-07-18,18,Tuesday,29,7,July,3,2023,False
20230719,2023-07-19,19,Wednesday,29,7,July,3,2023,False
20230720,2023-07-20,20,Thursday,29,7,July,3,2023,False
20230721,2023-07-21,21,Friday,29,7,July,3,2023,False
20230722,2023-07-22,22,Saturday,29,7,July,3,2023,True
20230723,2023-07-23,23,Sunday,30,7,July,3,2023,True
20230724,2023-07-24,24,Monday,30,7,July,3,2023,False
20230725,2023-07-25,25,Tuesday,30,7,July,3,2023,False
20230726,2023-07-26,26,Wednesday,30,7,July,3,2023,False
20230727,2023-07-27,27,Thursday,30,7,July,3,2023,False
20230728,2023-07-28,28,Friday,30,7,July,3,2023,False
20230729,2023-07-29,29,Saturday,30,7,July,3,2023,True
20230730,2023-07-30,30,Sunday,31,7,July,3,2023,True
20230731,2023-07-31,31,Monday,31,7,July,3,2023,False
20230801,2023-08-01,1,Tuesday,31,8,August,3,2023,False
20230802,2023-08-02,2,Wednesday,31,8,August,3,2023,False
20230803,2023-08-03,3,Thursday,31,8,August,3,2023,False
20230804,2023-08-04,4,Friday,31,8,August,3,2023,False
20230805,2023-08-05,5,Saturday,31,8,August,3,2023,True
20230806,2023-08-06,6,Sunday,32,8,August,3,2023,True
20230807,2023-08-07,7,Monday,32,8,August,3,2023,False
20230808,2023-08-08,8,Tuesday,32,8,August,3,2023,False
20230809,2023-08-09,9,Wednesday,32,8,August,3,2023,False
20230810,2023-08-10,10,Thursday,32,8,August,3,2023,False
20230811,2023-08-11,11,Friday,32,8,August,3,2023,False
20230812,2023-08-12,12,Saturday,32,8,August,3,2023,True
20230813,2023-08-13,13,Sunday,33,8,August,3,2023,True
20230814,2023-08-14,14,Monday,33,8,August,3,2023,False
20230815,2023-08-15,15,Tuesday,33,8,August,3,2023,False
20230816,2023-08-16,16,Wednesday,33,8,August,3,2023,False
20230817,2023-08-17,17,Thursday,33,8,August,3,2023,False
20230818,2023-08-18,18,Friday,33,8,August,3,2023,False
20230819,2023-08-19,19,Saturday,33,8,August,3,2023,True
20230820,2023-08-20,20,Sunday,34,8,August,3,2023,True
20230821,2023-08-21,21,Monday,34,8,August,3,2023,False
20230822,2023-08-22,22,Tuesday,34,8,August,3,2023,False
20230823,2023-08-23,23,Wednesday,34,8,August,3,2023,False
20230824,2023-08-24,24,Thursday,34,8,August,3,2023,False
20230825,2023-08-25,25,Friday,34,8,August,3,2023,False
20230826,2023-08-26,26,Saturday,34,8,August,3,2023,True
20230827,2023-08-27,27,Sunday,35,8,August,3,2023,True
20230828,2023-08-28,28,Monday,35,8,August,3,2023,False
20230829,2023-08-29,29,Tuesday,35,8,August,3,2023,False
20230830,2023-08-30,30,Wednesday,35,8,August,3,2023,False
20230831,2023-08-31,31,Thursday,35,8,August,3,2023,False
20230901,2023-09-01,1,Friday,35,9,September,3,2023,False
20230902,2023-09-02,2,Saturday,35,9,September,3,2023,True
20230903,2023-09-03,3,Sunday,36,9,September,3,2023,True
20230904,2023-09-04,4,Monday,36,9,September,3,2023,False
20230905,2023-09-05,5,Tuesday,36,9,September,3,2023,False
20230906,2023-09-06,6,Wednesday,36,9,September,3,2023,False
20230907,2023-09-07,7,Thursday,36,9,September,3,2023,False
20230908,2023-09-08,8,Friday,36,9,September,3,2023,False
20230909,2023-09-09,9,Saturday,36,9,September,3,2023,True
20230910,2023-09-10,10,Sunday,37,9,September,3,2023,True
20230911,2023-09-11,11,Monday,37,9,September,3,2023,False
20230912,2023-09-12,12,Tuesday,37,9,September,3,2023,False
20230913,2023-09-13,13,Wednesday,37,9,September,3,2023,False
20230914,2023-09-14,14,Thursday,37,9,September,3,2023,False
20230915,2023-09-15,15,Friday,37,9,September,3,2023,False
20230916,2023-09-16,16,Saturday,37,9,September,3,2023,True
20230917,2023-09-17,17,Sunday,38,9,September,3,2023,True
20230918,2023-09-18,18,Monday,38,9,September,3,2023,False
20230919,2023-09-19,19,Tuesday,38,9,September,3,2023,False
20230920,2023-09-20,20,Wednesday,38,9,September,3,2023,False
20230921,2023-09-21,21,Thursday,38,9,September,3,2023,False
20230922,2023-09-22,22,Friday,38,9,September,3,2023,False
20230923,2023-09-23,23,Saturday,38,9,September,3,2023,True
20230924,2023-09-24,24,Sunday,39,9,September,3,2023,True
20230925,2023-09-25,25,Monday,39,9,September,3,2023,False
20230926,2023-09-26,26,Tuesday,39,9,September,3,2023,False
20230927,2023-09-27,27,Wednesday,39,9,September,3,2023,False
20230928,2023-09-28,28,Thursday,39,9,September,3,2023,False
20230929,2023-09-29,29,Friday,39,9,September,3,2023,False
20230930,2023-09-30,30,Saturday,39,9,September,3,2023,True
20231001,2023-10-01,1,Sunday,40,10,October,4,2023,True
20231002,2023-10-02,2,Monday,40,10,October,4,2023,False
20231003,2023-10-03,3,Tuesday,40,10,October,4,2023,False
20231004,2023-10-04,4,Wednesday,40,10,October,4,2023,False
20231005,2023-10-05,5,Thursday,40,10,October,4,2023,False
20231006,2023-10-06,6,Friday,40,10,October,4,2023,False
20231007,2023-10-07,7,Saturday,40,10,October,4,2023,True
20231008,2023-10-08,8,Sunday,41,10,October,4,2023,True
20231009,2023-10-09,9,Monday,41,10,October,4,2023,False
20231010,2023-10-10,10,Tuesday,41,10,October,4,2023,False
20231011,2023-10-11,11,Wednesday,41,10,October,4,2023,False
20231012,2023-10-12,12,Thursday,41,10,October,4,2023,False
20231013,2023-10-13,13,Friday,41,10,October,4,2023,False
20231014,2023-10-14,14,Saturday,41,10,October,4,2023,True
20231015,2023-10-15,15,Sunday,42,10,October,4,2023,True
20231016,2023-10-16,16,Monday,42,10,October,4,2023,False
20231017,2023-10-17,17,Tuesday,42,10,October,4,2023,False
20231018,2023-10-18,18,Wednesday,42,10,October,4,2023,False
20231019,2023-10-19,19,Thursday,42,10,October,4,2023,False
20231020,2023-10-20,20,Friday,42,10,October,4,2023,False
20231021,2023-10-21,21,Saturday,42,10,October,4,2023,True
20231022,2023-10-22,22,Sunday,43,10,October,4,2023,True
20231023,2023-10-23,23,Monday,43,10,October,4,2023,False
20231024,2023-10-24,24,Tuesday,43,10,October,4,2023,False
20231025,2023-10-25,25,Wednesday,43,10,October,4,2023,False
20231026,2023-10-26,26,Thursday,43,10,October,4,2023,False
20231027,2023-10-27,27,Friday,43,10,October,4,2023,False
20231028,2023-10-28,28,Saturday,43,10,October,4,2023,True
20231029,2023-10-29,29,Sunday,44,10,October,4,2023,True
20231030,2023-10-30,30,Monday,44,10,October,4,2023,False
20231031,2023-10-31,31,Tuesday,44,10,October,4,2023,False
20231101,2023-11-01,1,Wednesday,44,11,November,4,2023,False
20231102,2023-11-02,2,Thursday,44,11,November,4,2023,False
20231103,2023-11-03,3,Friday,44,11,November,4,2023,False
20231104,2023-11-04,4,Saturday,44,11,November,4,2023,True
20231105,2023-11-05,5,Sunday,45,11,November,4,2023,True
20231106,2023-11-06,6,Monday,45,11,November,4,2023,False
20231107,2023-11-07,7,Tuesday,45,11,November,4,2023,False
20231108,2023-11-08,8,Wednesday,45,11,November,4,2023,False
20231109,2023-11-09,9,Thursday,45,11,November,4,2023,False
20231110,2023-11-10,10,Friday,45,11,November,4,2023,False
20231111,2023-11-11,11,Saturday,45,11,November,4,2023,True
20231112,2023-11-12,12,Sunday,46,11,November,4,2023,True
20231113,2023-11-13,13,Monday,46,11,November,4,2023,False
20231114,2023-11-14,14,Tuesday,46,11,November,4,2023,False
20231115,2023-11-15,15,Wednesday,46,11,November,4,2023,False
20231116,2023-11-16,16,Thursday,46,11,November,4,2023,False
20231117,2023-11-17,17,Friday,46,11,November,4,2023,False
20231118,2023-11-18,18,Saturday,46,11,November,4,2023,True
20231119,2023-11-19,19,Sunday,47,11,November,4,2023,True
20231120,2023-11-20,20,Monday,47,11,November,4,2023,False
20231121,2023-11-21,21,Tuesday,47,11,November,4,2023,False
20231122,2023-11-22,22,Wednesday,47,11,November,4,2023,False
20231123,2023-11-23,23,Thursday,47,11,November,4,2023,False
20231124,2023-11-24,24,Friday,47,11,November,4,2023,False
20231125,2023-11-25,25,Saturday,47,11,November,4,2023,True
20231126,2023-11-26,26,Sunday,48,11,November,4,2023,True
20231127,2023-11-27,27,Monday,48,11,November,4,2023,False
20231128,2023-11-28,28,Tuesday,48,11,November,4,2023,False
20231129,2023-11-29,29,Wednesday,48,11,November,4,2023,False
20231130,2023-11-30,30,Thursday,48,11,November,4,2023,False
20231201,2023-12-01,1,Friday,48,12,December,4,2023,False
20231202,2023-12-02,2,Saturday,48,12,December,4,2023,True
20231203,2023-12-03,3,Sunday,49,12,December,4,2023,True
20231204,2023-12-04,4,Monday,49,12,December,4,2023,False
20231205,2023-12-05,5,Tuesday,49,12,December,4,2023,False
20231206,2023-12-06,6,Wednesday,49,12,December,4,2023,False
20231207,2023-12-07,7,Thursday,49,12,December,4,2023,False
20231208,2023-12-08,8,Friday,49,12,December,4,2023,False
20231209,2023-12-09,9,Saturday,49,12,December,4,2023,True
20231210,2023-12-10,10,Sunday,50,12,December,4,2023,True
20231211,2023-12-11,11,Monday,50,12,December,4,2023,False
20231212,2023-12-12,12,Tuesday,50,12,December,4,2023,False
20231213,2023-12-13,13,Wednesday,50,12,December,4,2023,False
20231214,2023-12-14,14,Thursday,50,12,December,4,2023,False
20231215,2023-12-15,15,Friday,50,12,December,4,2023,False
20231216,2023-12-16,16,Saturday,50,12,December,4,2023,True
20231217,2023-12-17,17,Sunday,51,12,December,4,2023,True
20231218,2023-12-18,18,Monday,51,12,December,4,2023,False
20231219,2023-12-19,19,Tuesday,51,12,December,4,2023,False
20231220,2023-12-20,20,Wednesday,51,12,December,4,2023,False
20231221,2023-12-21,21,Thursday,51,12,December,4,2023,False
20231222,2023-12-22,22,Friday,51,12,December,4,2023,False
20231223,2023-12-23,23,Saturday,51,12,December,4,2023,True
20231224,2023-12-24,24,Sunday,52,12,December,4,2023,True
20231225,2023-12-25,25,Monday,52,12,December,4,2023,False
20231226,2023-12-26,26,Tuesday,52,12,December,4,2023,False
20231227,2023-12-27,27,Wednesday,52,12,December,4,2023,False
20231228,2023-12-28,28,Thursday,52,12,December,4,2023,False
20231229,2023-12-29,29,Friday,52,12,December,4,2023,False
20231230,2023-12-30,30,Saturday,52,12,December,4,2023,True
20231231,2023-12-31,31,Sunday,53,12,December,4,2023,True
20240101,2024-01-01,1,Monday,1,1,January,1,2024,False
20240102,2024-01-02,2,Tuesday,1,1,January,1,2024,False
20240103,2024-01-03,3,Wednesday,1,1,January,1,2024,False
20240104,2024-01-04,4,Thursday,1,1,January,1,2024,False
20240105,2024-01-05,5,Friday,1,1,January,1,2024,False
20240106,2024-01-06,6,Saturday,1,1,January,1,2024,True
20240107,2024-01-07,7,Sunday,2,1,January,1,2024,True
20240108,2024-01-08,8,Monday,2,1,January,1,2024,False
20240109,2024-01-09,9,Tuesday,2,1,January,1,2024,False
20240110,2024-01-10,10,Wednesday,2,1,January,1,2024,False
20240111,2024-01-11,11,Thursday,2,1,January,1,2024,False
20240112,2024-01-12,12,Friday,2,1,January,1,2024,False
20240113,2024-01-13,13,Saturday,2,1,January,1,2024,True
20240114,2024-01-14,14,Sunday,3,1,January,1,2024,True
20240115,2024-01-15,15,Monday,3,1,January,1,2024,False
20240116,2024-01-16,16,Tuesday,3,1,January,1,2024,False
20240117,2024-01-17,17,Wednesday,3,1,January,1,2024,False
20240118,2024-01-18,18,Thursday,3,1,January,1,2024,False
20240119,2024-01-19,19,Friday,3,1,January,1,2024,False
20240120,2024-01-20,20,Saturday,3,1,January,1,2024,True
20240121,2024-01-21,21,Sunday,4,1,January,1,2024,True
20240122,2024-01-22,22,Monday,4,1,January,1,2024,False
20240123,2024-01-23,23,Tuesday,4,1,January,1,2024,False
20240124,2024-01-24,24,Wednesday,4,1,January,1,2024,False
20240125,2024-01-25,25,Thursday,4,1,January,1,2024,False
20240126,2024-01-26,26,Friday,4,1,January,1,2024,False
20240127,2024-01-27,27,Saturday,4,1,January,1,2024,True
20240128,2024-01-28,28,Sunday,5,1,January,1,2024,True
20240129,2024-01-29,29,Monday,5,1,January,1,2024,False
20240130,2024-01-30,30,Tuesday,5,1,January,1,2024,False
20240131,2024-01-31,31,Wednesday,5,1,January,1,2024,False
20240201,2024-02-01,1,Thursday,5,2,February,1,2024,False
20240202,2024-02-02,2,Friday,5,2,February,1,2024,False
20240203,2024-02-03,3,Saturday,5,2,February,1,2024,True
20240204,2024-02-04,4,Sunday,6,2,February,1,2024,True
20240205,2024-02-05,5,Monday,6,2,February,1,2024,False
20240206,2024-02-06,6,Tuesday,6,2,February,1,2024,False
20240207,2024-02-07,7,Wednesday,6,2,February,1,2024,False
20240208,2024-02-08,8,Thursday,6,2,February,1,2024,False
20240209,2024-02-09,9,Friday,6,2,February,1,2024,False
20240210,2024-02-10,10,Saturday,6,2,February,1,2024,True
20240211,2024-02-11,11,Sunday,7,2,February,1,2024,True
20240212,2024-02-12,12,Monday,7,2,February,1,2024,False
20240213,2024-02-13,13,Tuesday,7,2,February,1,2024,False
20240214,2024-02-14,14,Wednesday,7,2,February,1,2024,False
20240215,2024-02-15,15,Thursday,7,2,February,1,2024,False
20240216,2024-02-16,16,Friday,7,2,February,1,2024,False
20240217,2024-02-17,17,Saturday,7,2,February,1,2024,True
20240218,2024-02-18,18,Sunday,8,2,February,1,2024,True
20240219,2024-02-19,19,Monday,8,2,February,1,2024,False
20240220,2024-02-20,20,Tuesday,8,2,February,1,2024,False
20240221,2024-02-21,21,Wednesday,8,2,February,1,2024,False
20240222,2024-02-22,22,Thursday,8,2,February,1,2024,False
20240223,2024-02-23,23,Friday,8,2,February,1,2024,False
20240224,2024-02-24,24,Saturday,8,2,February,1,2024,True
20240225,2024-02-25,25,Sunday,9,2,February,1,2024,True
20240226,2024-02-26,26,Monday,9,2,February,1,2024,False
20240227,2024-02-27,27,Tuesday,9,2,February,1,2024,False
20240228,2024-02-28,28,Wednesday,9,2,February,1,2024,False
20240229,2024-02-29,29,Thursday,9,2,February,1,2024,False
20240301,2024-03-01,1,Friday,9,3,March,1,2024,False
20240302,2024-03-02,2,Saturday,9,3,March,1,2024,True
20240303,2024-03-03,3,Sunday,10,3,March,1,2024,True
20240304,2024-03-04,4,Monday,10,3,March,1,2024,False
20240305,2024-03-05,5,Tuesday,10,3,March,1,2024,False
20240306,2024-03-06,6,Wednesday,10,3,March,1,2024,False
20240307,2024-03-07,7,Thursday,10,3,March,1,2024,False
20240308,2024-03-08,8,Friday,10,3,March,1,2024,False
20240309,2024-03-09,9,Saturday,10,3,March,1,2024,True
20240310,2024-03-10,10,Sunday,11,3,March,1,2024,True
20240311,2024-03-11,11,Monday,11,3,March,1,2024,False
20240312,2024-03-12,12,Tuesday,11,3,March,1,2024,False
20240313,2024-03-13,13,Wednesday,11,3,March,1,2024,False
20240314,2024-03-14,14,Thursday,11,3,March,1,2024,False
20240315,2024-03-15,15,Friday,11,3,March,1,2024,False
20240316,2024-03-16,16,Saturday,11,3,March,1,2024,True
20240317,2024-03-17,17,Sunday,12,3,March,1,2024,True
20240318,2024-03-18,18,Monday,12,3,March,1,2024,False
20240319,2024-03-19,19,Tuesday,12,3,March,1,2024,False
20240320,2024-03-20,20,Wednesday,12,3,March,1,2024,False
20240321,2024-03-21,21,Thursday,12,3,March,1,2024,False
20240322,2024-03-22,22,Friday,12,3,March,1,2024,False
20240323,2024-03-23,23,Saturday,12,3,March,1,2024,True
20240324,2024-03-24,24,Sunday,13,3,March,1,2024,True
20240325,2024-03-25,25,Monday,13,3,March,1,2024,False
20240326,2024-03-26,26,Tuesday,13,3,March,1,2024,False
20240327,2024-03-27,27,Wednesday,13,3,March,1,2024,False
20240328,2024-03-28,28,Thursday,13,3,March,1,2024,False
20240329,2024-03-29,29,Friday,13,3,March,1,2024,False
20240330,2024-03-30,30,Saturday,13,3,March,1,2024,True
20240331,2024-03-31,31,Sunday,14,3,March,1,2024,True
20240401,2024-04-01,1,Monday,14,4,April,2,2024,False
20240402,2024-04-02,2,Tuesday,14,4,April,2,2024,False
20240403,2024-04-03,3,Wednesday,14,4,April,2,2024,False
20240404,2024-04-04,4,Thursday,14,4,April,2,2024,False
20240405,2024-04-05,5,Friday,14,4,April,2,2024,False
20240406,2024-04-06,6,Saturday,14,4,April,2,2024,True
20240407,2024-04-07,7,Sunday,15,4,April,2,2024,True
20240408,2024-04-08,8,Monday,15,4,April,2,2024,False
20240409,2024-04-09,9,Tuesday,15,4,April,2,2024,False
20240410,2024-04-10,10,Wednesday,15,4,April,2,2024,False
20240411,2024-04-11,11,Thursday,15,4,April,2,2024,False
20240412,2024-04-12,12,Friday,15,4,April,2,2024,False
20240413,2024-04-13,13,Saturday,15,4,April,2,2024,True
20240414,2024-04-14,14,Sunday,16,4,April,2,2024,True
20240415,2024-04-15,15,Monday,16,4,April,2,2024,False
20240416,2024-04-16,16,Tuesday,16,4,April,2,2024,False
20240417,2024-04-17,17,Wednesday,16,4,April,2,2024,False
20240418,2024-04-18,18,Thursday,16,4,April,2,2024,False
20240419,2024-04-19,19,Friday,16,4,April,2,2024,False
20240420,2024-04-20,20,Saturday,16,4,April,2,2024,True
20240421,2024-04-21,21,Sunday,17,4,April,2,2024,True
20240422,2024-04-22,22,Monday,17,4,April,2,2024,False
20240423,2024-04-23,23,Tuesday,17,4,April,2,2024,False
20240424,2024-04-24,24,Wednesday,17,4,April,2,2024,False
20240425,2024-04-25,25,Thursday,17,4,April,2,2024,False
20240426,2024-04-26,26,Friday,17,4,April,2,2024,False
20240427,2024-04-27,27,Saturday,17,4,April,2,2024,True
20240428,2024-04-28,28,Sunday,18,4,April,2,2024,True
20240429,2024-04-29,29,Monday,18,4,April,2,2024,False
20240430,2024-04-30,30,Tuesday,18,4,April,2,2024,False
20240501,2024-05-01,1,Wednesday,18,5,May,2,2024,False
20240502,2024-05-02,2,Thursday,18,5,May,2,2024,False
20240503,2024-05-03,3,Friday,18,5,May,2,2024,False
20240504,2024-05-04,4,Saturday,18,5,May,2,2024,True
20240505,2024-05-05,5,Sunday,19,5,May,2,2024,True
20240506,2024-05-06,6,Monday,19,5,May,2,2024,False
20240507,2024-05-07,7,Tuesday,19,5,May,2,2024,False
20240508,2024-05-08,8,Wednesday,19,5,May,2,2024,False
20240509,2024-05-09,9,Thursday,19,5,May,2,2024,False
20240510,2024-05-10,10,Friday,19,5,May,2,2024,False
20240511,2024-05-11,11,Saturday,19,5,May,2,2024,True
20240512,2024-05-12,12,Sunday,20,5,May,2,2024,True
20240513,2024-05-13,13,Monday,20,5,May,2,2024,False
20240514,2024-05-14,14,Tuesday,20,5,May,2,2024,False
20240515,2024-05-15,15,Wednesday,20,5,May,2,2024,False
20240516,2024-05-16,16,Thursday,20,5,May,2,2024,False
20240517,2024-05-17,17,Friday,20,5,May,2,2024,False
20240518,2024-05-18,18,Saturday,20,5,May,2,2024,True
20240519,2024-05-19,19,Sunday,21,5,May,2,2024,True
20240520,2024-05-20,20,Monday,21,5,May,2,2024,False
20240521,2024-05-21,21,Tuesday,21,5,May,2,2024,False
20240522,2024-05-22,22,Wednesday,21,5,May,2,2024,False
20240523,2024-05-23,23,Thursday,21,5,May,2,2024,False
20240524,2024-05-24,24,Friday,21,5,May,2,2024,False
20240525,2024-05-25,25,Saturday,21,5,May,2,2024,True
20240526,2024-05-26,26,Sunday,22,5,May,2,2024,True
20240527,2024-05-27,27,Monday,22,5,May,2,2024,False
20240528,2024-05-28,28,Tuesday,22,5,May,2,2024,False
20240529,2024-05-29,29,Wednesday,22,5,May,2,2024,False
20240530,2024-05-30,30,Thursday,22,5,May,2,2024,False
20240531,2024-05-31,31,Friday,22,5,May,2,2024,False
20240601,2024-06-01,1,Saturday,22,6,June,2,2024,True
20240602,2024-06-02,2,Sunday,23,6,June,2,2024,True
20240603,2024-06-03,3,Monday,23,6,June,2,2024,False
20240604,2024-06-04,4,Tuesday,23,6,June,2,2024,False
20240605,2024-06-05,5,Wednesday,23,6,June,2,2024,False
20240606,2024-06-06,6,Thursday,23,6,June,2,2024,False
20240607,2024-06-07,7,Friday,23,6,June,2,2024,False
20240608,2024-06-08,8,Saturday,23,6,June,2,2024,True
20240609,2024-06-09,9,Sunday,24,6,June,2,2024,True
20240610,2024-06-10,10,Monday,24,6,June,2,2024,False
20240611,2024-06-11,11,Tuesday,24,6,June,2,2024,False
20240612,2024-06-12,12,Wednesday,24,6,June,2,2024,False
20240613,2024-06-13,13,Thursday,24,6,June,2,2024,False
20240614,2024-06-14,14,Friday,24,6,June,2,2024,False
20240615,2024-06-15,15,Saturday,24,6,June,2,2024,True
20240616,2024-06-16,16,Sunday,25,6,June,2,2024,True
20240617,2024-06-17,17,Monday,25,6,June,2,2024,False
20240618,2024-06-18,18,Tuesday,25,6,June,2,2024,False
20240619,2024-06-19,19,Wednesday,25,6,June,2,2024,False
20240620,2024-06-20,20,Thursday,25,6,June,2,2024,False
20240621,2024-06-21,21,Friday,25,6,June,2,2024,False
20240622,2024-06-22,22,Saturday,25,6,June,2,2024,True
20240623,2024-06-23,23,Sunday,26,6,June,2,2024,True
20240624,2024-06-24,24,Monday,26,6,June,2,2024,False
20240625,2024-06-25,25,Tuesday,26,6,June,2,2024,False
20240626,2024-06-26,26,Wednesday,26,6,June,2,2024,False
20240627,2024-06-27,27,Thursday,26,6,June,2,2024,False
20240628,2024-06-28,28,Friday,26,6,June,2,2024,False
20240629,2024-06-29,29,Saturday,26,6,June,2,2024,True
20240630,2024-06-30,30,Sunday,27,6,June,2,2024,True
20240701,2024-07-01,1,Monday,27,7,July,3,2024,False
20240702,2024-07-02,2,Tuesday,27,7,July,3,2024,False
20240703,2024-07-03,3,Wednesday,27,7,July,3,2024,False
20240704,2024-07-04,4,Thursday,27,7,July,3,2024,False
20240705,2024-07-05,5,Friday,27,7,July,3,2024,False
20240706,2024-07-06,6,Saturday,27,7,July,3,2024,True
20240707,2024-07-07,7,Sunday,28,7,July,3,2024,True
20240708,2024-07-08,8,Monday,28,7,July,3,2024,False
20240709,2024-07-09,9,Tuesday,28,7,July,3,2024,False
20240710,2024-07-10,10,Wednesday,28,7,July,3,2024,False
20240711,2024-07-11,11,Thursday,28,7,July,3,2024,False
20240712,2024-07-12,12,Friday,28,7,July,3,2024,False
20240713,2024-07-13,13,Saturday,28,7,July,3,2024,True
20240714,2024-07-14,14,Sunday,29,7,July,3,2024,True
20240715,2024-07-15,15,Monday,29,7,July,3,2024,False
20240716,2024-07-16,16,Tuesday,29,7,July,3,2024,False
20240717,2024-07-17,17,Wednesday,29,7,July,3,2024,False
20240718,2024-07-18,18,Thursday,29,7,July,3,2024,False
20240719,2024-07-19,19,Friday,29,7,July,3,2024,False
20240720,2024-07-20,20,Saturday,29,7,July,3,2024,True
20240721,2024-07-21,21,Sunday,30,7,July,3,2024,True
20240722,2024-07-22,22,Monday,30,7,July,3,2024,False
20240723,2024-07-23,23,Tuesday,30,7,July,3,2024,False
20240724,2024-07-24,24,Wednesday,30,7,July,3,2024,False
20240725,2024-07-25,25,Thursday,30,7,July,3,2024,False
20240726,2024-07-26,26,Friday,30,7,July,3,2024,False
20240727,2024-07-27,27,Saturday,30,7,July,3,2024,True
20240728,2024-07-28,28,Sunday,31,7,July,3,2024,True
20240729,2024-07-29,29,Monday,31,7,July,3,2024,False
20240730,2024-07-30,30,Tuesday,31,7,July,3,2024,False
20240731,2024-07-31,31,Wednesday,31,7,July,3,2024,False
20240801,2024-08-01,1,Thursday,31,8,August,3,2024,False
20240802,2024-08-02,2,Friday,31,8,August,3,2024,False
20240803,2024-08-03,3,Saturday,31,8,August,3,2024,True
20240804,2024-08-04,4,Sunday,32,8,August,3,2024,True
20240805,2024-08-05,5,Monday,32,8,August,3,2024,False
20240806,2024-08-06,6,Tuesday,32,8,August,3,2024,False
20240807,2024-08-07,7,Wednesday,32,8,August,3,2024,False
20240808,2024-08-08,8,Thursday,32,8,August,3,2024,False
20240809,2024-08-09,9,Friday,32,8,August,3,2024,False
20240810,2024-08-10,10,Saturday,32,8,August,3,2024,True
20240811,2024-08-11,11,Sunday,33,8,August,3,2024,True
20240812,2024-08-12,12,Monday,33,8,August,3,2024,False
20240813,2024-08-13,13,Tuesday,33,8,August,3,2024,False
20240814,2024-08-14,14,Wednesday,33,8,August,3,2024,False
20240815,2024-08-15,15,Thursday,33,8,August,3,2024,False
20240816,2024-08-16,16,Friday,33,8,August,3,2024,False
20240817,2024-08-17,17,Saturday,33,8,August,3,2024,True
20240818,2024-08-18,18,Sunday,34,8,August,3,2024,True
20240819,2024-08-19,19,Monday,34,8,August,3,2024,False
20240820,2024-08-20,20,Tuesday,34,8,August,3,2024,False
20240821,2024-08-21,21,Wednesday,34,8,August,3,2024,False
20240822,2024-08-22,22,Thursday,34,8,August,3,2024,False
20240823,2024-08-23,23,Friday,34,8,August,3,2024,False
20240824,2024-08-24,24,Saturday,34,8,August,3,2024,True
20240825,2024-08-25,25,Sunday,35,8,August,3,2024,True
20240826,2024-08-26,26,Monday,35,8,August,3,2024,False
20240827,2024-08-27,27,Tuesday,35,8,August,3,2024,False
20240828,2024-08-28,28,Wednesday,35,8,August,3,2024,False
20240829,2024-08-29,29,Thursday,35,8,August,3,2024,False
20240830,2024-08-30,30,Friday,35,8,August,3,2024,False
20240831,2024-08-31,31,Saturday,35,8,August,3,2024,True
20240901,2024-09-01,1,Sunday,36,9,September,3,2024,True
20240902,2024-09-02,2,Monday,36,9,September,3,2024,False
20240903,2024-09-03,3,Tuesday,36,9,September,3,2024,False
20240904,2024-09-04,4,Wednesday,36,9,September,3,2024,False
20240905,2024-09-05,5,Thursday,36,9,September,3,2024,False
20240906,2024-09-06,6,Friday,36,9,September,3,2024,False
20240907,2024-09-07,7,Saturday,36,9,September,3,2024,True
20240908,2024-09-08,8,Sunday,37,9,September,3,2024,True
20240909,2024-09-09,9,Monday,37,9,September,3,2024,False
20240910,2024-09-10,10,Tuesday,37,9,September,3,2024,False
20240911,2024-09-11,11,Wednesday,37,9,September,3,2024,False
20240912,2024-09-12,12,Thursday,37,9,September,3,2024,False
20240913,2024-09-13,13,Friday,37,9,September,3,2024,False
20240914,2024-09-14,14,Saturday,37,9,September,3,2024,True
20240915,2024-09-15,15,Sunday,38,9,September,3,2024,True
20240916,2024-09-16,16,Monday,38,9,September,3,2024,False
20240917,2024-09-17,17,Tuesday,38,9,September,3,2024,False
20240918,2024-09-18,18,Wednesday,38,9,September,3,2024,False
20240919,2024-09-19,19,Thursday,38,9,September,3,2024,False
20240920,2024-09-20,20,Friday,38,9,September,3,2024,False
20240921,2024-09-21,21,Saturday,38,9,September,3,2024,True
20240922,2024-09-22,22,Sunday,39,9,September,3,2024,True
20240923,2024-09-23,23,Monday,39,9,September,3,2024,False
20240924,2024-09-24,24,Tuesday,39,9,September,3,2024,False
20240925,2024-09-25,25,Wednesday,39,9,September,3,2024,False
20240926,2024-09-26,26,Thursday,39,9,September,3,2024,False
20240927,2024-09-27,27,Friday,39,9,September,3,2024,False
20240928,2024-09-28,28,Saturday,39,9,September,3,2024,True
20240929,2024-09-29,29,Sunday,40,9,September,3,2024,True
20240930,2024-09-30,30,Monday,40,9,September,3,2024,False
20241001,2024-10-01,1,Tuesday,40,10,October,4,2024,False
20241002,2024-10-02,2,Wednesday,40,10,October,4,2024,False
20241003,2024-10-03,3,Thursday,40,10,October,4,2024,False
20241004,2024-10-04,4,Friday,40,10,October,4,2024,False
20241005,2024-10-05,5,Saturday,40,10,October,4,2024,True
20241006,2024-10-06,6,Sunday,41,10,October,4,2024,True
20241007,2024-10-07,7,Monday,41,10,October,4,2024,False
20241008,2024-10-08,8,Tuesday,41,10,October,4,2024,False
20241009,2024-10-09,9,Wednesday,41,10,October,4,2024,False
20241010,2024-10-10,10,Thursday,41,10,October,4,2024,False
20241011,2024-10-11,11,Friday,41,10,October,4,2024,False
20241012,2024-10-12,12,Saturday,41,10,October,4,2024,True
20241013,2024-10-13,13,Sunday,42,10,October,4,2024,True
20241014,2024-10-14,14,Monday,42,10,October,4,2024,False
20241015,2024-10-15,15,Tuesday,42,10,October,4,2024,False
20241016,2024-10-16,16,Wednesday,42,10,October,4,2024,False
20241017,2024-10-17,17,Thursday,42,10,October,4,2024,False
20241018,2024-10-18,18,Friday,42,10,October,4,2024,False
20241019,2024-10-19,19,Saturday,42,10,October,4,2024,True
20241020,2024-10-20,20,Sunday,43,10,October,4,2024,True
20241021,2024-10-21,21,Monday,43,10,October,4,2024,False
20241022,2024-10-22,22,Tuesday,43,10,October,4,2024,False
20241023,2024-10-23,23,Wednesday,43,10,October,4,2024,False
20241024,2024-10-24,24,Thursday,43,10,October,4,2024,False
20241025,2024-10-25,25,Friday,43,10,October,4,2024,False
20241026,2024-10-26,26,Saturday,43,10,October,4,2024,True
20241027,2024-10-27,27,Sunday,44,10,October,4,2024,True
20241028,2024-10-28,28,Monday,44,10,October,4,2024,False
20241029,2024-10-29,29,Tuesday,44,10,October,4,2024,False
20241030,2024-10-30,30,Wednesday,44,10,October,4,2024,False
20241031,2024-10-31,31,Thursday,44,10,October,4,2024,False
20241101,2024-11-01,1,Friday,44,11,November,4,2024,False
20241102,2024-11-02,2,Saturday,44,11,November,4,2024,True
20241103,2024-11-03,3,Sunday,45,11,November,4,2024,True
20241104,2024-11-04,4,Monday,45,11,November,4,2024,False
20241105,2024-11-05,5,Tuesday,45,11,November,4,2024,False
20241106,2024-11-06,6,Wednesday,45,11,November,4,2024,False
20241107,2024-11-07,7,Thursday,45,11,November,4,2024,False
20241108,2024-11-08,8,Friday,45,11,November,4,2024,False
20241109,2024-11-09,9,Saturday,45,11,November,4,2024,True
20241110,2024-11-10,10,Sunday,46,11,November,4,2024,True
20241111,2024-11-11,11,Monday,46,11,November,4,2024,False
20241112,2024-11-12,12,Tuesday,46,11,November,4,2024,False
20241113,2024-11-13,13,Wednesday,46,11,November,4,2024,False
20241114,2024-11-14,14,Thursday,46,11,November,4,2024,False
20241115,2024-11-15,15,Friday,46,11,November,4,2024,False
20241116,2024-11-16,16,Saturday,46,11,November,4,2024,True
20241117,2024-11-17,17,Sunday,47,11,November,4,2024,True
20241118,2024-11-18,18,Monday,47,11,November,4,2024,False
20241119,2024-11-19,19,Tuesday,47,11,November,4,2024,False
20241120,2024-11-20,20,Wednesday,47,11,November,4,2024,False
20241121,2024-11-21,21,Thursday,47,11,November,4,2024,False
20241122,2024-11-22,22,Friday,47,11,November,4,2024,False
20241123,2024-11-23,23,Saturday,47,11,November,4,2024,True
20241124,2024-11-24,24,Sunday,48,11,November,4,2024,True
20241125,2024-11-25,25,Monday,48,11,November,4,2024,False
20241126,2024-11-26,26,Tuesday,48,11,November,4,2024,False
20241127,2024-11-27,27,Wednesday,48,11,November,4,2024,False
20241128,2024-11-28,28,Thursday,48,11,November,4,2024,False
20241129,2024-11-29,29,Friday,48,11,November,4,2024,False
20241130,2024-11-30,30,Saturday,48,11,November,4,2024,True
20241201,2024-12-01,1,Sunday,49,12,December,4,2024,True
20241202,2024-12-02,2,Monday,49,12,December,4,2024,False
20241203,2024-12-03,3,Tuesday,49,12,December,4,2024,False
20241204,2024-12-04,4,Wednesday,49,12,December,4,2024,False
20241205,2024-12-05,5,Thursday,49,12,December,4,2024,False
20241206,2024-12-06,6,Friday,49,12,December,4,2024,False
20241207,2024-12-07,7,Saturday,49,12,December,4,2024,True
20241208,2024-12-08,8,Sunday,50,12,December,4,2024,True
20241209,2024-12-09,9,Monday,50,12,December,4,2024,False
20241210,2024-12-10,10,Tuesday,50,12,December,4,2024,False
20241211,2024-12-11,11,Wednesday,50,12,December,4,2024,False
20241212,2024-12-12,12,Thursday,50,12,December,4,2024,False
20241213,2024-12-13,13,Friday,50,12,December,4,2024,False
20241214,2024-12-14,14,Saturday,50,12,December,4,2024,True
20241215,2024-12-15,15,Sunday,51,12,December,4,2024,True
20241216,2024-12-16,16,Monday,51,12,December,4,2024,False
20241217,2024-12-17,17,Tuesday,51,12,December,4,2024,False
20241218,2024-12-18,18,Wednesday,51,12,December,4,2024,False
20241219,2024-12-19,19,Thursday,51,12,December,4,2024,False
20241220,2024-12-20,20,Friday,51,12,December,4,2024,False
20241221,2024-12-21,21,Saturday,51,12,December,4,2024,True
20241222,2024-12-22,22,Sunday,52,12,December,4,2024,True
20241223,2024-12-23,23,Monday,52,12,December,4,2024,False
20241224,2024-12-24,24,Tuesday,52,12,December,4,2024,False
20241225,2024-12-25,25,Wednesday,52,12,December,4,2024,False
20241226,2024-12-26,26,Thursday,52,12,December,4,2024,False
20241227,2024-12-27,27,Friday,52,12,December,4,2024,False
20241228,2024-12-28,28,Saturday,52,12,December,4,2024,True
20241229,2024-12-29,29,Sunday,53,12,December,4,2024,True
20241230,2024-12-30,30,Monday,53,12,December,4,2024,False
20241231,2024-12-31,31,Tuesday,53,12,December,4,2024,False
20250101,2025-01-01,1,Wednesday,1,1,January,1,2025,False
20250102,2025-01-02,2,Thursday,1,1,January,1,2025,False
20250103,2025-01-03,3,Friday,1,1,January,1,2025,False
20250104,2025-01-04,4,Saturday,1,1,January,1,2025,True
20250105,2025-01-05,5,Sunday,2,1,January,1,2025,True
20250106,2025-01-06,6,Monday,2,1,January,1,2025,False
20250107,2025-01-07,7,Tuesday,2,1,January,1,2025,False
20250108,2025-01-08,8,Wednesday,2,1,January,1,2025,False
20250109,2025-01-09,9,Thursday,2,1,January,1,2025,False
20250110,2025-01-10,10,Friday,2,1,January,1,2025,False
20250111,2025-01-11,11,Saturday,2,1,January,1,2025,True
20250112,2025-01-12,12,Sunday,3,1,January,1,2025,True
20250113,2025-01-13,13,Monday,3,1,January,1,2025,False
20250114,2025-01-14,14,Tuesday,3,1,January,1,2025,False
20250115,2025-01-15,15,Wednesday,3,1,January,1,2025,False
20250116,2025-01-16,16,Thursday,3,1,January,1,2025,False
20250117,2025-01-17,17,Friday,3,1,January,1,2025,False
20250118,2025-01-18,18,Saturday,3,1,January,1,2025,True
20250119,2025-01-19,19,Sunday,4,1,January,1,2025,True
20250120,2025-01-20,20,Monday,4,1,January,1,2025,False
20250121,2025-01-21,21,Tuesday,4,1,January,1,2025,False
20250122,2025-01-22,22,Wednesday,4,1,January,1,2025,False
20250123,2025-01-23,23,Thursday,4,1,January,1,2025,False
20250124,2025-01-24,24,Friday,4,1,January,1,2025,False
20250125,2025-01-25,25,Saturday,4,1,January,1,2025,True
20250126,2025-01-26,26,Sunday,5,1,January,1,2025,True
20250127,2025-01-27,27,Monday,5,1,January,1,2025,False
20250128,2025-01-28,28,Tuesday,5,1,January,1,2025,False
20250129,2025-01-29,29,Wednesday,5,1,January,1,2025,False
20250130,2025-01-30,30,Thursday,5,1,January,1,2025,False
20250131,2025-01-31,31,Friday,5,1,January,1,2025,False
20250201,2025-02-01,1,Saturday,5,2,February,1,2025,True
20250202,2025-02-02,2,Sunday,6,2,February,1,2025,True
20250203,2025-02-03,3,Monday,6,2,February,1,2025,False
20250204,2025-02-04,4,Tuesday,6,2,February,1,2025,False
20250205,2025-02-05,5,Wednesday,6,2,February,1,2025,False
20250206,2025-02-06,6,Thursday,6,2,February,1,2025,False
20250207,2025-02-07,7,Friday,6,2,February,1,2025,False
20250208,2025-02-08,8,Saturday,6,2,February,1,2025,True
20250209,2025-02-09,9,Sunday,7,2,February,1,2025,True
20250210,2025-02-10,10,Monday,7,2,February,1,2025,False
20250211,2025-02-11,11,Tuesday,7,2,February,1,2025,False
20250212,2025-02-12,12,Wednesday,7,2,February,1,2025,False
20250213,2025-02-13,13,Thursday,7,2,February,1,2025,False
20250214,2025-02-14,14,Friday,7,2,February,1,2025,False
20250215,2025-02-15,15,Saturday,7,2,February,1,2025,True
20250216,2025-02-16,16,Sunday,8,2,February,1,2025,True
20250217,2025-02-17,17,Monday,8,2,February,1,2025,False
20250218,2025-02-18,18,Tuesday,8,2,February,1,2025,False
20250219,2025-02-19,19,Wednesday,8,2,February,1,2025,False
20250220,2025-02-20,20,Thursday,8,2,February,1,2025,False
20250221,2025-02-21,21,Friday,8,2,February,1,2025,False
20250222,2025-02-22,22,Saturday,8,2,February,1,2025,True
20250223,2025-02-23,23,Sunday,9,2,February,1,2025,True
20250224,2025-02-24,24,Monday,9,2,February,1,2025,False
20250225,2025-02-25,25,Tuesday,9,2,February,1,2025,False
20250226,2025-02-26,26,Wednesday,9,2,February,1,2025,False
20250227,2025-02-27,27,Thursday,9,2,February,1,2025,False
20250228,2025-02-28,28,Friday,9,2,February,1,2025,False
20250301,2025-03-01,1,Saturday,9,3,March,1,2025,True
20250302,2025-03-02,2,Sunday,10,3,March,1,2025,True
20250303,2025-03-03,3,Monday,10,3,March,1,2025,False
20250304,2025-03-04,4,Tuesday,10,3,March,1,2025,False
20250305,2025-03-05,5,Wednesday,10,3,March,1,2025,False
20250306,2025-03-06,6,Thursday,10,3,March,1,2025,False
20250307,2025-03-07,7,Friday,10,3,March,1,2025,False
20250308,2025-03-08,8,Saturday,10,3,March,1,2025,True
20250309,2025-03-09,9,Sunday,11,3,March,1,2025,True
20250310,2025-03-10,10,Monday,11,3,March,1,2025,False
20250311,2025-03-11,11,Tuesday,11,3,March,1,2025,False
20250312,2025-03-12,12,Wednesday,11,3,March,1,2025,False
20250313,2025-03-13,13,Thursday,11,3,March,1,2025,False
20250314,2025-03-14,14,Friday,11,3,March,1,2025,False
20250315,2025-03-15,15,Saturday,11,3,March,1,2025,True
20250316,2025-03-16,16,Sunday,12,3,March,1,2025,True
20250317,2025-03-17,17,Monday,12,3,March,1,2025,False
20250318,2025-03-18,18,Tuesday,12,3,March,1,2025,False
20250319,2025-03-19,19,Wednesday,12,3,March,1,2025,False
20250320,2025-03-20,20,Thursday,12,3,March,1,2025,False
20250321,2025-03-21,21,Friday,12,3,March,1,2025,False
20250322,2025-03-22,22,Saturday,12,3,March,1,2025,True
20250323,2025-03-23,23,Sunday,13,3,March,1,2025,True
20250324,2025-03-24,24,Monday,13,3,March,1,2025,False
20250325,2025-03-25,25,Tuesday,13,3,March,1,2025,False
20250326,2025-03-26,26,Wednesday,13,3,March,1,2025,False
20250327,2025-03-27,27,Thursday,13,3,March,1,2025,False
20250328,2025-03-28,28,Friday,13,3,March,1,2025,False
20250329,2025-03-29,29,Saturday,13,3,March,1,2025,True
20250330,2025-03-30,30,Sunday,14,3,March,1,2025,True
20250331,2025-03-31,31,Monday,14,3,March,1,2025,False
20250401,2025-04-01,1,Tuesday,14,4,April,2,2025,False
20250402,2025-04-02,2,Wednesday,14,4,April,2,2025,False
20250403,2025-04-03,3,Thursday,14,4,April,2,2025,False
20250404,2025-04-04,4,Friday,14,4,April,2,2025,False
20250405,2025-04-05,5,Saturday,14,4,April,2,2025,True
20250406,2025-04-06,6,Sunday,15,4,April,2,2025,True
20250407,2025-04-07,7,Monday,15,4,April,2,2025,False
20250408,2025-04-08,8,Tuesday,15,4,April,2,2025,False
20250409,2025-04-09,9,Wednesday,15,4,April,2,2025,False
20250410,2025-04-10,10,Thursday,15,4,April,2,2025,False
20250411,2025-04-11,11,Friday,15,4,April,2,2025,False
20250412,2025-04-12,12,Saturday,15,4,April,2,2025,True
20250413,2025-04-13,13,Sunday,16,4,April,2,2025,True
20250414,2025-04-14,14,Monday,16,4,April,2,2025,False
20250415,2025-04-15,15,Tuesday,16,4,April,2,2025,False
20250416,2025-04-16,16,Wednesday,16,4,April,2,2025,False
20250417,2025-04-17,17,Thursday,16,4,April,2,2025,False
20250418,2025-04-18,18,Friday,16,4,April,2,2025,False
20250419,2025-04-19,19,Saturday,16,4,April,2,2025,True
20250420,2025-04-20,20,Sunday,17,4,April,2,2025,True
20250421,2025-04-21,21,Monday,17,4,April,2,2025,False
20250422,2025-04-22,22,Tuesday,17,4,April,2,2025,False
20250423,2025-04-23,23,Wednesday,17,4,April,2,2025,False
20250424,2025-04-24,24,Thursday,17,4,April,2,2025,False
20250425,2025-04-25,25,Friday,17,4,April,2,2025,False
20250426,2025-04-26,26,Saturday,17,4,April,2,2025,True
20250427,2025-04-27,27,Sunday,18,4,April,2,2025,True
20250428,2025-04-28,28,Monday,18,4,April,2,2025,False
20250429,2025-04-29,29,Tuesday,18,4,April,2,2025,False
20250430,2025-04-30,30,Wednesday,18,4,April,2,2025,False
20250501,2025-05-01,1,Thursday,18,5,May,2,2025,False
20250502,2025-05-02,2,Friday,18,5,May,2,2025,False
20250503,2025-05-03,3,Saturday,18,5,May,2,2025,True
20250504,2025-05-04,4,Sunday,19,5,May,2,2025,True
20250505,2025-05-05,5,Monday,19,5,May,2,2025,False
20250506,2025-05-06,6,Tuesday,19,5,May,2,2025,False
20250507,2025-05-07,7,Wednesday,19,5,May,2,2025,False
20250508,2025-05-08,8,Thursday,19,5,May,2,2025,False
20250509,2025-05-09,9,Friday,19,5,May,2,2025,False
20250510,2025-05-10,10,Saturday,19,5,May,2,2025,True
20250511,2025-05-11,11,Sunday,20,5,May,2,2025,True
20250512,2025-05-12,12,Monday,20,5,May,2,2025,False
20250513,2025-05-13,13,Tuesday,20,5,May,2,2025,False
20250514,2025-05-14,14,Wednesday,20,5,May,2,2025,False
20250515,2025-05-15,15,Thursday,20,5,May,2,2025,False
20250516,2025-05-16,16,Friday,20,5,May,2,2025,False
20250517,2025-05-17,17,Saturday,20,5,May,2,2025,True
20250518,2025-05-18,18,Sunday,21,5,May,2,2025,True
20250519,2025-05-19,19,Monday,21,5,May,2,2025,False
20250520,2025-05-20,20,Tuesday,21,5,May,2,2025,False
20250521,2025-05-21,21,Wednesday,21,5,May,2,2025,False
20250522,2025-05-22,22,Thursday,21,5,May,2,2025,False
20250523,2025-05-23,23,Friday,21,5,May,2,2025,False
20250524,2025-05-24,24,Saturday,21,5,May,2,2025,True
20250525,2025-05-25,25,Sunday,22,5,May,2,2025,True
20250526,2025-05-26,26,Monday,22,5,May,2,2025,False
20250527,2025-05-27,27,Tuesday,22,5,May,2,2025,False
20250528,2025-05-28,28,Wednesday,22,5,May,2,2025,False
20250529,2025-05-29,29,Thursday,22,5,May,2,2025,False
20250530,2025-05-30,30,Friday,22,5,May,2,2025,False
20250531,2025-05-31,31,Saturday,22,5,May,2,2025,True
20250601,2025-06-01,1,Sunday,23,6,June,2,2025,True
20250602,2025-06-02,2,Monday,23,6,June,2,2025,False
20250603,2025-06-03,3,Tuesday,23,6,June,2,2025,False
20250604,2025-06-04,4,Wednesday,23,6,June,2,2025,False
20250605,2025-06-05,5,Thursday,23,6,June,2,2025,False
20250606,2025-06-06,6,Friday,23,6,June,2,2025,False
20250607,2025-06-07,7,Saturday,23,6,June,2,2025,True
20250608,2025-06-08,8,Sunday,24,6,June,2,2025,True
20250609,2025-06-09,9,Monday,24,6,June,2,2025,False
20250610,2025-06-10,10,Tuesday,24,6,June,2,2025,False
20250611,2025-06-11,11,Wednesday,24,6,June,2,2025,False
20250612,2025-06-12,12,Thursday,24,6,June,2,2025,False
20250613,2025-06-13,13,Friday,24,6,June,2,2025,False
20250614,2025-06-14,14,Saturday,24,6,June,2,2025,True
20250615,2025-06-15,15,Sunday,25,6,June,2,2025,True
20250616,2025-06-16,16,Monday,25,6,June,2,2025,False
20250617,2025-06-17,17,Tuesday,25,6,June,2,2025,False
20250618,2025-06-18,18,Wednesday,25,6,June,2,2025,False
20250619,2025-06-19,19,Thursday,25,6,June,2,2025,False
20250620,2025-06-20,20,Friday,25,6,June,2,2025,False
20250621,2025-06-21,21,Saturday,25,6,June,2,2025,True
20250622,2025-06-22,22,Sunday,26,6,June,2,2025,True
20250623,2025-06-23,23,Monday,26,6,June,2,2025,False
20250624,2025-06-24,24,Tuesday,26,6,June,2,2025,False
20250625,2025-06-25,25,Wednesday,26,6,June,2,2025,False
20250626,2025-06-26,26,Thursday,26,6,June,2,2025,False
20250627,2025-06-27,27,Friday,26,6,June,2,2025,False
20250628,2025-06-28,28,Saturday,26,6,June,2,2025,True
20250629,2025-06-29,29,Sunday,27,6,June,2,2025,True
20250630,2025-06-30,30,Monday,27,6,June,2,2025,False
20250701,2025-07-01,1,Tuesday,27,7,July,3,2025,False
20250702,2025-07-02,2,Wednesday,27,7,July,3,2025,False
20250703,2025-07-03,3,Thursday,27,7,July,3,2025,False
20250704,2025-07-04,4,Friday,27,7,July,3,2025,False
20250705,2025-07-05,5,Saturday,27,7,July,3,2025,True
20250706,2025-07-06,6,Sunday,28,7,July,3,2025,True
20250707,2025-07-07,7,Monday,28,7,July,3,2025,False
20250708,2025-07-08,8,Tuesday,28,7,July,3,2025,False
20250709,2025-07-09,9,Wednesday,28,7,July,3,2025,False
20250710,2025-07-10,10,Thursday,28,7,July,3,2025,False
20250711,2025-07-11,11,Friday,28,7,July,3,2025,False
20250712,2025-07-12,12,Saturday,28,7,July,3,2025,True
20250713,2025-07-13,13,Sunday,29,7,July,3,2025,True
20250714,2025-07-14,14,Monday,29,7,July,3,2025,False
20250715,2025-07-15,15,Tuesday,29,7,July,3,2025,False
20250716,2025-07-16,16,Wednesday,29,7,July,3,2025,False
20250717,2025-07-17,17,Thursday,29,7,July,3,2025,False
20250718,2025-07-18,18,Friday,29,7,July,3,2025,False
20250719,2025-07-19,19,Saturday,29,7,July,3,2025,True
20250720,2025-07-20,20,Sunday,30,7,July,3,2025,True
20250721,2025-07-21,21,Monday,30,7,July,3,2025,False
20250722,2025-07-22,22,Tuesday,30,7,July,3,2025,False
20250723,2025-07-23,23,Wednesday,30,7,July,3,2025,False
20250724,2025-07-24,24,Thursday,30,7,July,3,2025,False
20250725,2025-07-25,25,Friday,30,7,July,3,2025,False
20250726,2025-07-26,26,Saturday,30,7,July,3,2025,True
20250727,2025-07-27,27,Sunday,31,7,July,3,2025,True
20250728,2025-07-28,28,Monday,31,7,July,3,2025,False
20250729,2025-07-29,29,Tuesday,31,7,July,3,2025,False
20250730,2025-07-30,30,Wednesday,31,7,July,3,2025,False
20250731,2025-07-31,31,Thursday,31,7,July,3,2025,False
20250801,2025-08-01,1,Friday,31,8,August,3,2025,False
20250802,2025-08-02,2,Saturday,31,8,August,3,2025,True
20250803,2025-08-03,3,Sunday,32,8,August,3,2025,True
20250804,2025-08-04,4,Monday,32,8,August,3,2025,False
20250805,2025-08-05,5,Tuesday,32,8,August,3,2025,False
20250806,2025-08-06,6,Wednesday,32,8,August,3,2025,False
20250807,2025-08-07,7,Thursday,32,8,August,3,2025,False
20250808,2025-08-08,8,Friday,32,8,August,3,2025,False
20250809,2025-08-09,9,Saturday,32,8,August,3,2025,True
20250810,2025-08-10,10,Sunday,33,8,August,3,2025,True
20250811,2025-08-11,11,Monday,33,8,August,3,2025,False
20250812,2025-08-12,12,Tuesday,33,8,August,3,2025,False
20250813,2025-08-13,13,Wednesday,33,8,August,3,2025,False
20250814,2025-08-14,14,Thursday,33,8,August,3,2025,False
20250815,2025-08-15,15,Friday,33,8,August,3,2025,False
20250816,2025-08-16,16,Saturday,33,8,August,3,2025,True
20250817,2025-08-17,17,Sunday,34,8,August,3,2025,True
20250818,2025-08-18,18,Monday,34,8,August,3,2025,False
20250819,2025-08-19,19,Tuesday,34,8,August,3,2025,False
20250820,2025-08-20,20,Wednesday,34,8,August,3,2025,False
20250821,2025-08-21,21,Thursday,34,8,August,3,2025,False
20250822,2025-08-22,22,Friday,34,8,August,3,2025,False
20250823,2025-08-23,23,Saturday,34,8,August,3,2025,True
20250824,2025-08-24,24,Sunday,35,8,August,3,2025,True
20250825,2025-08-25,25,Monday,35,8,August,3,2025,False
20250826,2025-08-26,26,Tuesday,35,8,August,3,2025,False
20250827,2025-08-27,27,Wednesday,35,8,August,3,2025,False
20250828,2025-08-28,28,Thursday,35,8,August,3,2025,False
20250829,2025-08-29,29,Friday,35,8,August,3,2025,False
20250830,2025-08-30,30,Saturday,35,8,August,3,2025,True
20250831,2025-08-31,31,Sunday,36,8,August,3,2025,True
20250901,2025-09-01,1,Monday,36,9,September,3,2025,False
20250902,2025-09-02,2,Tuesday,36,9,September,3,2025,False
20250903,2025-09-03,3,Wednesday,36,9,September,3,2025,False
20250904,2025-09-04,4,Thursday,36,9,September,3,2025,False
20250905,2025-09-05,5,Friday,36,9,September,3,2025,False
20250906,2025-09-06,6,Saturday,36,9,September,3,2025,True
20250907,2025-09-07,7,Sunday,37,9,September,3,2025,True
20250908,2025-09-08,8,Monday,37,9,September,3,2025,False
20250909,2025-09-09,9,Tuesday,37,9,September,3,2025,False
20250910,2025-09-10,10,Wednesday,37,9,September,3,2025,False
20250911,2025-09-11,11,Thursday,37,9,September,3,2025,False
20250912,2025-09-12,12,Friday,37,9,September,3,2025,False
20250913,2025-09-13,13,Saturday,37,9,September,3,2025,True
20250914,2025-09-14,14,Sunday,38,9,September,3,2025,True
20250915,2025-09-15,15,Monday,38,9,September,3,2025,False
20250916,2025-09-16,16,Tuesday,38,9,September,3,2025,False
20250917,2025-09-17,17,Wednesday,38,9,September,3,2025,False
20250918,2025-09-18,18,Thursday,38,9,September,3,2025,False
20250919,2025-09-19,19,Friday,38,9,September,3,2025,False
20250920,2025-09-20,20,Saturday,38,9,September,3,2025,True
20250921,2025-09-21,21,Sunday,39,9,September,3,2025,True
20250922,2025-09-22,22,Monday,39,9,September,3,2025,False
20250923,2025-09-23,23,Tuesday,39,9,September,3,2025,False
20250924,2025-09-24,24,Wednesday,39,9,September,3,2025,False
20250925,2025-09-25,25,Thursday,39,9,September,3,2025,False
20250926,2025-09-26,26,Friday,39,9,September,3,2025,False
20250927,2025-09-27,27,Saturday,39,9,September,3,2025,True
20250928,2025-09-28,28,Sunday,40,9,September,3,2025,True
20250929,2025-09-29,29,Monday,40,9,September,3,2025,False
20250930,2025-09-30,30,Tuesday,40,9,September,3,2025,False
20251001,2025-10-01,1,Wednesday,40,10,October,4,2025,False
20251002,2025-10-02,2,Thursday,40,10,October,4,2025,False
20251003,2025-10-03,3,Friday,40,10,October,4,2025,False
20251004,2025-10-04,4,Saturday,40,10,October,4,2025,True
20251005,2025-10-05,5,Sunday,41,10,October,4,2025,True
20251006,2025-10-06,6,Monday,41,10,October,4,2025,False
20251007,2025-10-07,7,Tuesday,41,10,October,4,2025,False
20251008,2025-10-08,8,Wednesday,41,10,October,4,2025,False
20251009,2025-10-09,9,Thursday,41,10,October,4,2025,False
20251010,2025-10-10,10,Friday,41,10,October,4,2025,False
20251011,2025-10-11,11,Saturday,41,10,October,4,2025,True
20251012,2025-10-12,12,Sunday,42,10,October,4,2025,True
20251013,2025-10-13,13,Monday,42,10,October,4,2025,False
20251014,2025-10-14,14,Tuesday,42,10,October,4,2025,False
20251015,2025-10-15,15,Wednesday,42,10,October,4,2025,False
20251016,2025-10-16,16,Thursday,42,10,October,4,2025,False
20251017,2025-10-17,17,Friday,42,10,October,4,2025,False
20251018,2025-10-18,18,Saturday,42,10,October,4,2025,True
20251019,2025-10-19,19,Sunday,43,10,October,4,2025,True
20251020,2025-10-20,20,Monday,43,10,October,4,2025,False
20251021,2025-10-21,21,Tuesday,43,10,October,4,2025,False
20251022,2025-10-22,22,Wednesday,43,10,October,4,2025,False
20251023,2025-10-23,23,Thursday,43,10,October,4,2025,False
20251024,2025-10-24,24,Friday,43,10,October,4,2025,False
20251025,2025-10-25,25,Saturday,43,10,October,4,2025,True
20251026,2025-10-26,26,Sunday,44,10,October,4,2025,True
20251027,2025-10-27,27,Monday,44,10,October,4,2025,False
20251028,2025-10-28,28,Tuesday,44,10,October,4,2025,False
20251029,2025-10-29,29,Wednesday,44,10,October,4,2025,False
20251030,2025-10-30,30,Thursday,44,10,October,4,2025,False
20251031,2025-10-31,31,Friday,44,10,October,4,2025,False
20251101,2025-11-01,1,Saturday,44,11,November,4,2025,True
20251102,2025-11-02,2,Sunday,45,11,November,4,2025,True
20251103,2025-11-03,3,Monday,45,11,November,4,2025,False
20251104,2025-11-04,4,Tuesday,45,11,November,4,2025,False
20251105,2025-11-05,5,Wednesday,45,11,November,4,2025,False
20251106,2025-11-06,6,Thursday,45,11,November,4,2025,False
20251107,2025-11-07,7,Friday,45,11,November,4,2025,False
20251108,2025-11-08,8,Saturday,45,11,November,4,2025,True
20251109,2025-11-09,9,Sunday,46,11,November,4,2025,True
20251110,2025-11-10,10,Monday,46,11,November,4,2025,False
20251111,2025-11-11,11,Tuesday,46,11,November,4,2025,False
20251112,2025-11-12,12,Wednesday,46,11,November,4,2025,False
20251113,2025-11-13,13,Thursday,46,11,November,4,2025,False
20251114,2025-11-14,14,Friday,46,11,November,4,2025,False
20251115,2025-11-15,15,Saturday,46,11,November,4,2025,True
20251116,2025-11-16,16,Sunday,47,11,November,4,2025,True
20251117,2025-11-17,17,Monday,47,11,November,4,2025,False
20251118,2025-11-18,18,Tuesday,47,11,November,4,2025,False
20251119,2025-11-19,19,Wednesday,47,11,November,4,2025,False
20251120,2025-11-20,20,Thursday,47,11,November,4,2025,False
20251121,2025-11-21,21,Friday,47,11,November,4,2025,False
20251122,2025-11-22,22,Saturday,47,11,November,4,2025,True
20251123,2025-11-23,23,Sunday,48,11,November,4,2025,True
20251124,2025-11-24,24,Monday,48,11,November,4,2025,False
20251125,2025-11-25,25,Tuesday,48,11,November,4,2025,False
20251126,2025-11-26,26,Wednesday,48,11,November,4,2025,False
20251127,2025-11-27,27,Thursday,48,11,November,4,2025,False
20251128,2025-11-28,28,Friday,48,11,November,4,2025,False
20251129,2025-11-29,29,Saturday,48,11,November,4,2025,True
20251130,2025-11-30,30,Sunday,49,11,November,4,2025,True
20251201,2025-12-01,1,Monday,49,12,December,4,2025,False
20251202,2025-12-02,2,Tuesday,49,12,December,4,2025,False
20251203,2025-12-03,3,Wednesday,49,12,December,4,2025,False
20251204,2025-12-04,4,Thursday,49,12,December,4,2025,False
20251205,2025-12-05,5,Friday,49,12,December,4,2025,False
20251206,2025-12-06,6,Saturday,49,12,December,4,2025,True
20251207,2025-12-07,7,Sunday,50,12,December,4,2025,True
20251208,2025-12-08,8,Monday,50,12,December,4,2025,False
20251209,2025-12-09,9,Tuesday,50,12,December,4,2025,False
20251210,2025-12-10,10,Wednesday,50,12,December,4,2025,False
20251211,2025-12-11,11,Thursday,50,12,December,4,2025,False
20251212,2025-12-12,12,Friday,50,12,December,4,2025,False
20251213,2025-12-13,13,Saturday,50,12,December,4,2025,True
20251214,2025-12-14,14,Sunday,51,12,December,4,2025,True
20251215,2025-12-15,15,Monday,51,12,December,4,2025,False
20251216,2025-12-16,16,Tuesday,51,12,December,4,2025,False
20251217,2025-12-17,17,Wednesday,51,12,December,4,2025,False
20251218,2025-12-18,18,Thursday,51,12,December,4,2025,False
20251219,2025-12-19,19,Friday,51,12,December,4,2025,False
20251220,2025-12-20,20,Saturday,51,12,December,4,2025,True
20251221,2025-12-21,21,Sunday,52,12,December,4,2025,True
20251222,2025-12-22,22,Monday,52,12,December,4,2025,False
20251223,2025-12-23,23,Tuesday,52,12,December,4,2025,False
20251224,2025-12-24,24,Wednesday,52,12,December,4,2025,False
20251225,2025-12-25,25,Thursday,52,12,December,4,2025,False
20251226,2025-12-26,26,Friday,52,12,December,4,2025,False
20251227,2025-12-27,27,Saturday,52,12,December,4,2025,True
20251228,2025-12-28,28,Sunday,53,12,December,4,2025,True
20251229,2025-12-29,29,Monday,53,12,December,4,2025,False
20251230,2025-12-30,30,Tuesday,53,12,December,4,2025,False
20251231,2025-12-31,31,Wednesday,53,12,December,4,2025,False
20260101,2026-01-01,1,Thursday,1,1,January,1,2026,False
20260102,2026-01-02,2,Friday,1,1,January,1,2026,False
20260103,2026-01-03,3,Saturday,1,1,January,1,2026,True
20260104,2026-01-04,4,Sunday,2,1,January,1,2026,True
20260105,2026-01-05,5,Monday,2,1,January,1,2026,False
20260106,2026-01-06,6,Tuesday,2,1,January,1,2026,False
20260107,2026-01-07,7,Wednesday,2,1,January,1,2026,False
20260108,2026-01-08,8,Thursday,2,1,January,1,2026,False
20260109,2026-01-09,9,Friday,2,1,January,1,2026,False
20260110,2026-01-10,10,Saturday,2,1,January,1,2026,True
20260111,2026-01-11,11,Sunday,3,1,January,1,2026,True
20260112,2026-01-12,12,Monday,3,1,January,1,2026,False
20260113,2026-01-13,13,Tuesday,3,1,January,1,2026,False
20260114,2026-01-14,14,Wednesday,3,1,January,1,2026,False
20260115,2026-01-15,15,Thursday,3,1,January,1,2026,False
20260116,2026-01-16,16,Friday,3,1,January,1,2026,False
20260117,2026-01-17,17,Saturday,3,1,January,1,2026,True
20260118,2026-01-18,18,Sunday,4,1,January,1,2026,True
20260119,2026-01-19,19,Monday,4,1,January,1,2026,False
20260120,2026-01-20,20,Tuesday,4,1,January,1,2026,False
20260121,2026-01-21,21,Wednesday,4,1,January,1,2026,False
20260122,2026-01-22,22,Thursday,4,1,January,1,2026,False
20260123,2026-01-23,23,Friday,4,1,January,1,2026,False
20260124,2026-01-24,24,Saturday,4,1,January,1,2026,True
20260125,2026-01-25,25,Sunday,5,1,January,1,2026,True
20260126,2026-01-26,26,Monday,5,1,January,1,2026,False
20260127,2026-01-27,27,Tuesday,5,1,January,1,2026,False
20260128,2026-01-28,28,Wednesday,5,1,January,1,2026,False
20260129,2026-01-29,29,Thursday,5,1,January,1,2026,False
20260130,2026-01-30,30,Friday,5,1,January,1,2026,False
20260131,2026-01-31,31,Saturday,5,1,January,1,2026,True
20260201,2026-02-01,1,Sunday,6,2,February,1,2026,True
20260202,2026-02-02,2,Monday,6,2,February,1,2026,False
20260203,2026-02-03,3,Tuesday,6,2,February,1,2026,False
20260204,2026-02-04,4,Wednesday,6,2,February,1,2026,False
20260205,2026-02-05,5,Thursday,6,2,February,1,2026,False
20260206,2026-02-06,6,Friday,6,2,February,1,2026,False
20260207,2026-02-07,7,Saturday,6,2,February,1,2026,True
20260208,2026-02-08,8,Sunday,7,2,February,1,2026,True
20260209,2026-02-09,9,Monday,7,2,February,1,2026,False
20260210,2026-02-10,10,Tuesday,7,2,February,1,2026,False
20260211,2026-02-11,11,Wednesday,7,2,February,1,2026,False
20260212,2026-02-12,12,Thursday,7,2,February,1,2026,False
20260213,2026-02-13,13,Friday,7,2,February,1,2026,False
20260214,2026-02-14,14,Saturday,7,2,February,1,2026,True
20260215,2026-02-15,15,Sunday,8,2,February,1,2026,True
20260216,2026-02-16,16,Monday,8,2,February,1,2026,False
20260217,2026-02-17,17,Tuesday,8,2,February,1,2026,False
20260218,2026-02-18,18,Wednesday,8,2,February,1,2026,False
20260219,2026-02-19,19,Thursday,8,2,February,1,2026,False
20260220,2026-02-20,20,Friday,8,2,February,1,2026,False
20260221,2026-02-21,21,Saturday,8,2,February,1,2026,True
20260222,2026-02-22,22,Sunday,9,2,February,1,2026,True
20260223,2026-02-23,23,Monday,9,2,February,1,2026,False
20260224,2026-02-24,24,Tuesday,9,2,February,1,2026,False
20260225,2026-02-25,25,Wednesday,9,2,February,1,2026,False
20260226,2026-02-26,26,Thursday,9,2,February,1,2026,False
20260227,2026-02-27,27,Friday,9,2,February,1,2026,False
20260228,2026-02-28,28,Saturday,9,2,February,1,2026,True
20260301,2026-03-01,1,Sunday,10,3,March,1,2026,True
20260302,2026-03-02,2,Monday,10,3,March,1,2026,False
20260303,2026-03-03,3,Tuesday,10,3,March,1,2026,False
20260304,2026-03-04,4,Wednesday,10,3,March,1,2026,False
20260305,2026-03-05,5,Thursday,10,3,March,1,2026,False
20260306,2026-03-06,6,Friday,10,3,March,1,2026,False
20260307,2026-03-07,7,Saturday,10,3,March,1,2026,True
20260308,2026-03-08,8,Sunday,11,3,March,1,2026,True
20260309,2026-03-09,9,Monday,11,3,March,1,2026,False
20260310,2026-03-10,10,Tuesday,11,3,March,1,2026,False
20260311,2026-03-11,11,Wednesday,11,3,March,1,2026,False
20260312,2026-03-12,12,Thursday,11,3,March,1,2026,False
20260313,2026-03-13,13,Friday,11,3,March,1,2026,False
20260314,2026-03-14,14,Saturday,11,3,March,1,2026,True
20260315,2026-03-15,15,Sunday,12,3,March,1,2026,True
20260316,2026-03-16,16,Monday,12,3,March,1,2026,False
20260317,2026-03-17,17,Tuesday,12,3,March,1,2026,False
20260318,2026-03-18,18,Wednesday,12,3,March,1,2026,False
20260319,2026-03-19,19,Thursday,12,3,March,1,2026,False
20260320,2026-03-20,20,Friday,12,3,March,1,2026,False
20260321,2026-03-21,21,Saturday,12,3,March,1,2026,True
20260322,2026-03-22,22,Sunday,13,3,March,1,2026,True
20260323,2026-03-23,23,Monday,13,3,March,1,2026,False
20260324,2026-03-24,24,Tuesday,13,3,March,1,2026,False
20260325,2026-03-25,25,Wednesday,13,3,March,1,2026,False
20260326,2026-03-26,26,Thursday,13,3,March,1,2026,False
20260327,2026-03-27,27,Friday,13,3,March,1,2026,False
20260328,2026-03-28,28,Saturday,13,3,March,1,2026,True
20260329,2026-03-29,29,Sunday,14,3,March,1,2026,True
20260330,2026-03-30,30,Monday,14,3,March,1,2026,False
20260331,2026-03-31,31,Tuesday,14,3,March,1,2026,False
20260401,2026-04-01,1,Wednesday,14,4,April,2,2026,False
20260402,2026-04-02,2,Thursday,14,4,April,2,2026,False
20260403,2026-04-03,3,Friday,14,4,April,2,2026,False
20260404,2026-04-04,4,Saturday,14,4,April,2,2026,True
20260405,2026-04-05,5,Sunday,15,4,April,2,2026,True
20260406,2026-04-06,6,Monday,15,4,April,2,2026,False
20260407,2026-04-07,7,Tuesday,15,4,April,2,2026,False
20260408,2026-04-08,8,Wednesday,15,4,April,2,2026,False
20260409,2026-04-09,9,Thursday,15,4,April,2,2026,False
20260410,2026-04-10,10,Friday,15,4,April,2,2026,False
20260411,2026-04-11,11,Saturday,15,4,April,2,2026,True
20260412,2026-04-12,12,Sunday,16,4,April,2,2026,True
20260413,2026-04-13,13,Monday,16,4,April,2,2026,False
20260414,2026-04-14,14,Tuesday,16,4,April,2,2026,False
20260415,2026-04-15,15,Wednesday,16,4,April,2,2026,False
20260416,2026-04-16,16,Thursday,16,4,April,2,2026,False
20260417,2026-04-17,17,Friday,16,4,April,2,2026,False
20260418,2026-04-18,18,Saturday,16,4,April,2,2026,True
20260419,2026-04-19,19,Sunday,17,4,April,2,2026,True
20260420,2026-04-20,20,Monday,17,4,April,2,2026,False
20260421,2026-04-21,21,Tuesday,17,4,April,2,2026,False
20260422,2026-04-22,22,Wednesday,17,4,April,2,2026,False
20260423,2026-04-23,23,Thursday,17,4,April,2,2026,False
20260424,2026-04-24,24,Friday,17,4,April,2,2026,False
20260425,2026-04-25,25,Saturday,17,4,April,2,2026,True
20260426,2026-04-26,26,Sunday,18,4,April,2,2026,True
20260427,2026-04-27,27,Monday,18,4,April,2,2026,False
20260428,2026-04-28,28,Tuesday,18,4,April,2,2026,False
20260429,2026-04-29,29,Wednesday,18,4,April,2,2026,False
20260430,2026-04-30,30,Thursday,18,4,April,2,2026,False
20260501,2026-05-01,1,Friday,18,5,May,2,2026,False
20260502,2026-05-02,2,Saturday,18,5,May,2,2026,True
20260503,2026-05-03,3,Sunday,19,5,May,2,2026,True
20260504,2026-05-04,4,Monday,19,5,May,2,2026,False
20260505,2026-05-05,5,Tuesday,19,5,May,2,2026,False
20260506,2026-05-06,6,Wednesday,19,5,May,2,2026,False
20260507,2026-05-07,7,Thursday,19,5,May,2,2026,False
20260508,2026-05-08,8,Friday,19,5,May,2,2026,False
20260509,2026-05-09,9,Saturday,19,5,May,2,2026,True
20260510,2026-05-10,10,Sunday,20,5,May,2,2026,True
20260511,2026-05-11,11,Monday,20,5,May,2,2026,False
20260512,2026-05-12,12,Tuesday,20,5,May,2,2026,False
20260513,2026-05-13,13,Wednesday,20,5,May,2,2026,False
20260514,2026-05-14,14,Thursday,20,5,May,2,2026,False
20260515,2026-05-15,15,Friday,20,5,May,2,2026,False
20260516,2026-05-16,16,Saturday,20,5,May,2,2026,True
20260517,2026-05-17,17,Sunday,21,5,May,2,2026,True
20260518,2026-05-18,18,Monday,21,5,May,2,2026,False
20260519,2026-05-19,19,Tuesday,21,5,May,2,2026,False
20260520,2026-05-20,20,Wednesday,21,5,May,2,2026,False
20260521,2026-05-21,21,Thursday,21,5,May,2,2026,False
20260522,2026-05-22,22,Friday,21,5,May,2,2026,False
20260523,2026-05-23,23,Saturday,21,5,May,2,2026,True
20260524,2026-05-24,24,Sunday,22,5,May,2,2026,True
20260525,2026-05-25,25,Monday,22,5,May,2,2026,False
20260526,2026-05-26,26,Tuesday,22,5,May,2,2026,False
20260527,2026-05-27,27,Wednesday,22,5,May,2,2026,False
20260528,2026-05-28,28,Thursday,22,5,May,2,2026,False
20260529,2026-05-29,29,Friday,22,5,May,2,2026,False
20260530,2026-05-30,30,Saturday,22,5,May,2,2026,True
20260531,2026-05-31,31,Sunday,23,5,May,2,2026,True
20260601,2026-06-01,1,Monday,23,6,June,2,2026,False
20260602,2026-06-02,2,Tuesday,23,6,June,2,2026,False
20260603,2026-06-03,3,Wednesday,23,6,June,2,2026,False
20260604,2026-06-04,4,Thursday,23,6,June,2,2026,False
20260605,2026-06-05,5,Friday,23,6,June,2,2026,False
20260606,2026-06-06,6,Saturday,23,6,June,2,2026,True
20260607,2026-06-07,7,Sunday,24,6,June,2,2026,True
20260608,2026-06-08,8,Monday,24,6,June,2,2026,False
20260609,2026-06-09,9,Tuesday,24,6,June,2,2026,False
20260610,2026-06-10,10,Wednesday,24,6,June,2,2026,False
20260611,2026-06-11,11,Thursday,24,6,June,2,2026,False
20260612,2026-06-12,12,Friday,24,6,June,2,2026,False
20260613,2026-06-13,13,Saturday,24,6,June,2,2026,True
20260614,2026-06-14,14,Sunday,25,6,June,2,2026,True
20260615,2026-06-15,15,Monday,25,6,June,2,2026,False
20260616,2026-06-16,16,Tuesday,25,6,June,2,2026,False
20260617,2026-06-17,17,Wednesday,25,6,June,2,2026,False
20260618,2026-06-18,18,Thursday,25,6,June,2,2026,False
20260619,2026-06-19,19,Friday,25,6,June,2,2026,False
20260620,2026-06-20,20,Saturday,25,6,June,2,2026,True
20260621,2026-06-21,21,Sunday,26,6,June,2,2026,True
20260622,2026-06-22,22,Monday,26,6,June,2,2026,False
20260623,2026-06-23,23,Tuesday,26,6,June,2,2026,False
20260624,2026-06-24,24,Wednesday,26,6,June,2,2026,False
20260625,2026-06-25,25,Thursday,26,6,June,2,2026,False
20260626,2026-06-26,26,Friday,26,6,June,2,2026,False
20260627,2026-06-27,27,Saturday,26,6,June,2,2026,True
20260628,2026-06-28,28,Sunday,27,6,June,2,2026,True
20260629,2026-06-29,29,Monday,27,6,June,2,2026,False
20260630,2026-06-30,30,Tuesday,27,6,June,2,2026,False
20260701,2026-07-01,1,Wednesday,27,7,July,3,2026,False
20260702,2026-07-02,2,Thursday,27,7,July,3,2026,False
20260703,2026-07-03,3,Friday,27,7,July,3,2026,False
20260704,2026-07-04,4,Saturday,27,7,July,3,2026,True
20260705,2026-07-05,5,Sunday,28,7,July,3,2026,True
20260706,2026-07-06,6,Monday,28,7,July,3,2026,False
20260707,2026-07-07,7,Tuesday,28,7,July,3,2026,False
20260708,2026-07-08,8,Wednesday,28,7,July,3,2026,False
20260709,2026-07-09,9,Thursday,28,7,July,3,2026,False
20260710,2026-07-10,10,Friday,28,7,July,3,2026,False
20260711,2026-07-11,11,Saturday,28,7,July,3,2026,True
20260712,2026-07-12,12,Sunday,29,7,July,3,2026,True
20260713,2026-07-13,13,Monday,29,7,July,3,2026,False
20260714,2026-07-14,14,Tuesday,29,7,July,3,2026,False
20260715,2026-07-15,15,Wednesday,29,7,July,3,2026,False
20260716,2026-07-16,16,Thursday,29,7,July,3,2026,False
20260717,2026-07-17,17,Friday,29,7,July,3,2026,False
20260718,2026-07-18,18,Saturday,29,7,July,3,2026,True
20260719,2026-07-19,19,Sunday,30,7,July,3,2026,True
20260720,2026-07-20,20,Monday,30,7,July,3,2026,False
20260721,2026-07-21,21,Tuesday,30,7,July,3,2026,False
20260722,2026-07-22,22,Wednesday,30,7,July,3,2026,False
20260723,2026-07-23,23,Thursday,30,7,July,3,2026,False
20260724,2026-07-24,24,Friday,30,7,July,3,2026,False
20260725,2026-07-25,25,Saturday,30,7,July,3,2026,True
20260726,2026-07-26,26,Sunday,31,7,July,3,2026,True
20260727,2026-07-27,27,Monday,31,7,July,3,2026,False
20260728,2026-07-28,28,Tuesday,31,7,July,3,2026,False
20260729,2026-07-29,29,Wednesday,31,7,July,3,2026,False
20260730,2026-07-30,30,Thursday,31,7,July,3,2026,False
20260731,2026-07-31,31,Friday,31,7,July,3,2026,False
20260801,2026-08-01,1,Saturday,31,8,August,3,2026,True
20260802,2026-08-02,2,Sunday,32,8,August,3,2026,True
20260803,2026-08-03,3,Monday,32,8,August,3,2026,False
20260804,2026-08-04,4,Tuesday,32,8,August,3,2026,False
20260805,2026-08-05,5,Wednesday,32,8,August,3,2026,False
20260806,2026-08-06,6,Thursday,32,8,August,3,2026,False
20260807,2026-08-07,7,Friday,32,8,August,3,2026,False
20260808,2026-08-08,8,Saturday,32,8,August,3,2026,True
20260809,2026-08-09,9,Sunday,33,8,August,3,2026,True
20260810,2026-08-10,10,Monday,33,8,August,3,2026,False
20260811,2026-08-11,11,Tuesday,33,8,August,3,2026,False
20260812,2026-08-12,12,Wednesday,33,8,August,3,2026,False
20260813,2026-08-13,13,Thursday,33,8,August,3,2026,False
20260814,2026-08-14,14,Friday,33,8,August,3,2026,False
20260815,2026-08-15,15,Saturday,33,8,August,3,2026,True
20260816,2026-08-16,16,Sunday,34,8,August,3,2026,True
20260817,2026-08-17,17,Monday,34,8,August,3,2026,False
20260818,2026-08-18,18,Tuesday,34,8,August,3,2026,False
20260819,2026-08-19,19,Wednesday,34,8,August,3,2026,False
20260820,2026-08-20,20,Thursday,34,8,August,3,2026,False
20260821,2026-08-21,21,Friday,34,8,August,3,2026,False
20260822,2026-08-22,22,Saturday,34,8,August,3,2026,True
20260823,2026-08-23,23,Sunday,35,8,August,3,2026,True
20260824,2026-08-24,24,Monday,35,8,August,3,2026,False
20260825,2026-08-25,25,Tuesday,35,8,August,3,2026,False
20260826,2026-08-26,26,Wednesday,35,8,August,3,2026,False
20260827,2026-08-27,27,Thursday,35,8,August,3,2026,False
20260828,2026-08-28,28,Friday,35,8,August,3,2026,False
20260829,2026-08-29,29,Saturday,35,8,August,3,2026,True
20260830,2026-08-30,30,Sunday,36,8,August,3,2026,True
20260831,2026-08-31,31,Monday,36,8,August,3,2026,False
20260901,2026-09-01,1,Tuesday,36,9,September,3,2026,False
20260902,2026-09-02,2,Wednesday,36,9,September,3,2026,False
20260903,2026-09-03,3,Thursday,36,9,September,3,2026,False
20260904,2026-09-04,4,Friday,36,9,September,3,2026,False
20260905,2026-09-05,5,Saturday,36,9,September,3,2026,True
20260906,2026-09-06,6,Sunday,37,9,September,3,2026,True
20260907,2026-09-07,7,Monday,37,9,September,3,2026,False
20260908,2026-09-08,8,Tuesday,37,9,September,3,2026,False
20260909,2026-09-09,9,Wednesday,37,9,September,3,2026,False
20260910,2026-09-10,10,Thursday,37,9,September,3,2026,False
20260911,2026-09-11,11,Friday,37,9,September,3,2026,False
20260912,2026-09-12,12,Saturday,37,9,September,3,2026,True
20260913,2026-09-13,13,Sunday,38,9,September,3,2026,True
20260914,2026-09-14,14,Monday,38,9,September,3,2026,False
20260915,2026-09-15,15,Tuesday,38,9,September,3,2026,False
20260916,2026-09-16,16,Wednesday,38,9,September,3,2026,False
20260917,2026-09-17,17,Thursday,38,9,September,3,2026,False
20260918,2026-09-18,18,Friday,38,9,September,3,2026,False
20260919,2026-09-19,19,Saturday,38,9,September,3,2026,True
20260920,2026-09-20,20,Sunday,39,9,September,3,2026,True
20260921,2026-09-21,21,Monday,39,9,September,3,2026,False
20260922,2026-09-22,22,Tuesday,39,9,September,3,2026,False
20260923,2026-09-23,23,Wednesday,39,9,September,3,2026,False
20260924,2026-09-24,24,Thursday,39,9,September,3,2026,False
20260925,2026-09-25,25,Friday,39,9,September,3,2026,False
20260926,2026-09-26,26,Saturday,39,9,September,3,2026,True
20260927,2026-09-27,27,Sunday,40,9,September,3,2026,True
20260928,2026-09-28,28,Monday,40,9,September,3,2026,False
20260929,2026-09-29,29,Tuesday,40,9,September,3,2026,False
20260930,2026-09-30,30,Wednesday,40,9,September,3,2026,False
20261001,2026-10-01,1,Thursday,40,10,October,4,2026,False
20261002,2026-10-02,2,Friday,40,10,October,4,2026,False
20261003,2026-10-03,3,Saturday,40,10,October,4,2026,True
20261004,2026-10-04,4,Sunday,41,10,October,4,2026,True
20261005,2026-10-05,5,Monday,41,10,October,4,2026,False
20261006,2026-10-06,6,Tuesday,41,10,October,4,2026,False
20261007,2026-10-07,7,Wednesday,41,10,October,4,2026,False
20261008,2026-10-08,8,Thursday,41,10,October,4,2026,False
20261009,2026-10-09,9,Friday,41,10,October,4,2026,False
20261010,2026-10-10,10,Saturday,41,10,October,4,2026,True
20261011,2026-10-11,11,Sunday,42,10,October,4,2026,True
20261012,2026-10-12,12,Monday,42,10,October,4,2026,False
20261013,2026-10-13,13,Tuesday,42,10,October,4,2026,False
20261014,2026-10-14,14,Wednesday,42,10,October,4,2026,False
20261015,2026-10-15,15,Thursday,42,10,October,4,2026,False
20261016,2026-10-16,16,Friday,42,10,October,4,2026,False
20261017,2026-10-17,17,Saturday,42,10,October,4,2026,True
20261018,2026-10-18,18,Sunday,43,10,October,4,2026,True
20261019,2026-10-19,19,Monday,43,10,October,4,2026,False
20261020,2026-10-20,20,Tuesday,43,10,October,4,2026,False
20261021,2026-10-21,21,Wednesday,43,10,October,4,2026,False
20261022,2026-10-22,22,Thursday,43,10,October,4,2026,False
20261023,2026-10-23,23,Friday,43,10,October,4,2026,False
20261024,2026-10-24,24,Saturday,43,10,October,4,2026,True
20261025,2026-10-25,25,Sunday,44,10,October,4,2026,True
20261026,2026-10-26,26,Monday,44,10,October,4,2026,False
20261027,2026-10-27,27,Tuesday,44,10,October,4,2026,False
20261028,2026-10-28,28,Wednesday,44,10,October,4,2026,False
20261029,2026-10-29,29,Thursday,44,10,October,4,2026,False
20261030,2026-10-30,30,Friday,44,10,October,4,2026,False
20261031,2026-10-31,31,Saturday,44,10,October,4,2026,True
20261101,2026-11-01,1,Sunday,45,11,November,4,2026,True
20261102,2026-11-02,2,Monday,45,11,November,4,2026,False
20261103,2026-11-03,3,Tuesday,45,11,November,4,2026,False
20261104,2026-11-04,4,Wednesday,45,11,November,4,2026,False
20261105,2026-11-05,5,Thursday,45,11,November,4,2026,False
20261106,2026-11-06,6,Friday,45,11,November,4,2026,False
20261107,2026-11-07,7,Saturday,45,11,November,4,2026,True
20261108,2026-11-08,8,Sunday,46,11,November,4,2026,True
20261109,2026-11-09,9,Monday,46,11,November,4,2026,False
20261110,2026-11-10,10,Tuesday,46,11,November,4,2026,False
20261111,2026-11-11,11,Wednesday,46,11,November,4,2026,False
20261112,2026-11-12,12,Thursday,46,11,November,4,2026,False
20261113,2026-11-13,13,Friday,46,11,November,4,2026,False
20261114,2026-11-14,14,Saturday,46,11,November,4,2026,True
20261115,2026-11-15,15,Sunday,47,11,November,4,2026,True
20261116,2026-11-16,16,Monday,47,11,November,4,2026,False
20261117,2026-11-17,17,Tuesday,47,11,November,4,2026,False
20261118,2026-11-18,18,Wednesday,47,11,November,4,2026,False
20261119,2026-11-19,19,Thursday,47,11,November,4,2026,False
20261120,2026-11-20,20,Friday,47,11,November,4,2026,False
20261121,2026-11-21,21,Saturday,47,11,November,4,2026,True
20261122,2026-11-22,22,Sunday,48,11,November,4,2026,True
20261123,2026-11-23,23,Monday,48,11,November,4,2026,False
20261124,2026-11-24,24,Tuesday,48,11,November,4,2026,False
20261125,2026-11-25,25,Wednesday,48,11,November,4,2026,False
20261126,2026-11-26,26,Thursday,48,11,November,4,2026,False
20261127,2026-11-27,27,Friday,48,11,November,4,2026,False
20261128,2026-11-28,28,Saturday,48,11,November,4,2026,True
20261129,2026-11-29,29,Sunday,49,11,November,4,2026,True
20261130,2026-11-30,30,Monday,49,11,November,4,2026,False
20261201,2026-12-01,1,Tuesday,49,12,December,4,2026,False
20261202,2026-12-02,2,Wednesday,49,12,December,4,2026,False
20261203,2026-12-03,3,Thursday,49,12,December,4,2026,False
20261204,2026-12-04,4,Friday,49,12,December,4,2026,False
20261205,2026-12-05,5,Saturday,49,12,December,4,2026,True
20261206,2026-12-06,6,Sunday,50,12,December,4,2026,True
20261207,2026-12-07,7,Monday,50,12,December,4,2026,False
20261208,2026-12-08,8,Tuesday,50,12,December,4,2026,False
20261209,2026-12-09,9,Wednesday,50,12,December,4,2026,False
20261210,2026-12-10,10,Thursday,50,12,December,4,2026,False
20261211,2026-12-11,11,Friday,50,12,December,4,2026,False
20261212,2026-12-12,12,Saturday,50,12,December,4,2026,True
20261213,2026-12-13,13,Sunday,51,12,December,4,2026,True
20261214,2026-12-14,14,Monday,51,12,December,4,2026,False
20261215,2026-12-15,15,Tuesday,51,12,December,4,2026,False
20261216,2026-12-16,16,Wednesday,51,12,December,4,2026,False
20261217,2026-12-17,17,Thursday,51,12,December,4,2026,False
20261218,2026-12-18,18,Friday,51,12,December,4,2026,False
20261219,2026-12-19,19,Saturday,51,12,December,4,2026,True
20261220,2026-12-20,20,Sunday,52,12,December,4,2026,True
20261221,2026-12-21,21,Monday,52,12,December,4,2026,False
20261222,2026-12-22,22,Tuesday,52,12,December,4,2026,False
20261223,2026-12-23,23,Wednesday,52,12,December,4,2026,False
20261224,2026-12-24,24,Thursday,52,12,December,4,2026,False
20261225,2026-12-25,25,Friday,52,12,December,4,2026,False
20261226,2026-12-26,26,Saturday,52,12,December,4,2026,True
20261227,2026-12-27,27,Sunday,53,12,December,4,2026,True
20261228,2026-12-28,28,Monday,53,12,December,4,2026,False
20261229,2026-12-29,29,Tuesday,53,12,December,4,2026,False
20261230,2026-12-30,30,Wednesday,53,12,December,4,2026,False
20261231,2026-12-31,31,Thursday,53,12,December,4,2026,False
20270101,2027-01-01,1,Friday,1,1,January,1,2027,False
20270102,2027-01-02,2,Saturday,1,1,January,1,2027,True
20270103,2027-01-03,3,Sunday,2,1,January,1,2027,True
20270104,2027-01-04,4,Monday,2,1,January,1,2027,False
20270105,2027-01-05,5,Tuesday,2,1,January,1,2027,False
20270106,2027-01-06,6,Wednesday,2,1,January,1,2027,False
20270107,2027-01-07,7,Thursday,2,1,January,1,2027,False
20270108,2027-01-08,8,Friday,2,1,January,1,2027,False
20270109,2027-01-09,9,Saturday,2,1,January,1,2027,True
20270110,2027-01-10,10,Sunday,3,1,January,1,2027,True
20270111,2027-01-11,11,Monday,3,1,January,1,2027,False
20270112,2027-01-12,12,Tuesday,3,1,January,1,2027,False
20270113,2027-01-13,13,Wednesday,3,1,January,1,2027,False
20270114,2027-01-14,14,Thursday,3,1,January,1,2027,False
20270115,2027-01-15,15,Friday,3,1,January,1,2027,False
20270116,2027-01-16,16,Saturday,3,1,January,1,2027,True
20270117,2027-01-17,17,Sunday,4,1,January,1,2027,True
20270118,2027-01-18,18,Monday,4,1,January,1,2027,False
20270119,2027-01-19,19,Tuesday,4,1,January,1,2027,False
20270120,2027-01-20,20,Wednesday,4,1,January,1,2027,False
20270121,2027-01-21,21,Thursday,4,1,January,1,2027,False
20270122,2027-01-22,22,Friday,4,1,January,1,2027,False
20270123,2027-01-23,23,Saturday,4,1,January,1,2027,True
20270124,2027-01-24,24,Sunday,5,1,January,1,2027,True
20270125,2027-01-25,25,Monday,5,1,January,1,2027,False
20270126,2027-01-26,26,Tuesday,5,1,January,1,2027,False
20270127,2027-01-27,27,Wednesday,5,1,January,1,2027,False
20270128,2027-01-28,28,Thursday,5,1,January,1,2027,False
20270129,2027-01-29,29,Friday,5,1,January,1,2027,False
20270130,2027-01-30,30,Saturday,5,1,January,1,2027,True
20270131,2027-01-31,31,Sunday,6,1,January,1,2027,True
20270201,2027-02-01,1,Monday,6,2,February,1,2027,False
20270202,2027-02-02,2,Tuesday,6,2,February,1,2027,False
20270203,2027-02-03,3,Wednesday,6,2,February,1,2027,False
20270204,2027-02-04,4,Thursday,6,2,February,1,2027,False
20270205,2027-02-05,5,Friday,6,2,February,1,2027,False
20270206,2027-02-06,6,Saturday,6,2,February,1,2027,True
20270207,2027-02-07,7,Sunday,7,2,February,1,2027,True
20270208,2027-02-08,8,Monday,7,2,February,1,2027,False
20270209,2027-02-09,9,Tuesday,7,2,February,1,2027,False
20270210,2027-02-10,10,Wednesday,7,2,February,1,2027,False
20270211,2027-02-11,11,Thursday,7,2,February,1,2027,False
20270212,2027-02-12,12,Friday,7,2,February,1,2027,False
20270213,2027-02-13,13,Saturday,7,2,February,1,2027,True
20270214,2027-02-14,14,Sunday,8,2,February,1,2027,True
20270215,2027-02-15,15,Monday,8,2,February,1,2027,False
20270216,2027-02-16,16,Tuesday,8,2,February,1,2027,False
20270217,2027-02-17,17,Wednesday,8,2,February,1,2027,False
20270218,2027-02-18,18,Thursday,8,2,February,1,2027,False
20270219,2027-02-19,19,Friday,8,2,February,1,2027,False
20270220,2027-02-20,20,Saturday,8,2,February,1,2027,True
20270221,2027-02-21,21,Sunday,9,2,February,1,2027,True
20270222,2027-02-22,22,Monday,9,2,February,1,2027,False
20270223,2027-02-23,23,Tuesday,9,2,February,1,2027,False
20270224,2027-02-24,24,Wednesday,9,2,February,1,2027,False
20270225,2027-02-25,25,Thursday,9,2,February,1,2027,False
20270226,2027-02-26,26,Friday,9,2,February,1,2027,False
20270227,2027-02-27,27,Saturday,9,2,February,1,2027,True
20270228,2027-02-28,28,Sunday,10,2,February,1,2027,True
20270301,2027-03-01,1,Monday,10,3,March,1,2027,False
20270302,2027-03-02,2,Tuesday,10,3,March,1,2027,False
20270303,2027-03-03,3,Wednesday,10,3,March,1,2027,False
20270304,2027-03-04,4,Thursday,10,3,March,1,2027,False
20270305,2027-03-05,5,Friday,10,3,March,1,2027,False
20270306,2027-03-06,6,Saturday,10,3,March,1,2027,True
20270307,2027-03-07,7,Sunday,11,3,March,1,2027,True
20270308,2027-03-08,8,Monday,11,3,March,1,2027,False
20270309,2027-03-09,9,Tuesday,11,3,March,1,2027,False
20270310,2027-03-10,10,Wednesday,11,3,March,1,2027,False
20270311,2027-03-11,11,Thursday,11,3,March,1,2027,False
20270312,2027-03-12,12,Friday,11,3,March,1,2027,False
20270313,2027-03-13,13,Saturday,11,3,March,1,2027,True
20270314,2027-03-14,14,Sunday,12,3,March,1,2027,True
20270315,2027-03-15,15,Monday,12,3,March,1,2027,False
20270316,2027-03-16,16,Tuesday,12,3,March,1,2027,False
20270317,2027-03-17,17,Wednesday,12,3,March,1,2027,False
20270318,2027-03-18,18,Thursday,12,3,March,1,2027,False
20270319,2027-03-19,19,Friday,12,3,March,1,2027,False
20270320,2027-03-20,20,Saturday,12,3,March,1,2027,True
20270321,2027-03-21,21,Sunday,13,3,March,1,2027,True
20270322,2027-03-22,22,Monday,13,3,March,1,2027,False
20270323,2027-03-23,23,Tuesday,13,3,March,1,2027,False
20270324,2027-03-24,24,Wednesday,13,3,March,1,2027,False
20270325,2027-03-25,25,Thursday,13,3,March,1,2027,False
20270326,2027-03-26,26,Friday,13,3,March,1,2027,False
20270327,2027-03-27,27,Saturday,13,3,March,1,2027,True
20270328,2027-03-28,28,Sunday,14,3,March,1,2027,True
20270329,2027-03-29,29,Monday,14,3,March,1,2027,False
20270330,2027-03-30,30,Tuesday,14,3,March,1,2027,False
20270331,2027-03-31,31,Wednesday,14,3,March,1,2027,False
20270401,2027-04-01,1,Thursday,14,4,April,2,2027,False
20270402,2027-04-02,2,Friday,14,4,April,2,2027,False
20270403,2027-04-03,3,Saturday,14,4,April,2,2027,True
20270404,2027-04-04,4,Sunday,15,4,April,2,2027,True
20270405,2027-04-05,5,Monday,15,4,April,2,2027,False
20270406,2027-04-06,6,Tuesday,15,4,April,2,2027,False
20270407,2027-04-07,7,Wednesday,15,4,April,2,2027,False
20270408,2027-04-08,8,Thursday,15,4,April,2,2027,False
20270409,2027-04-09,9,Friday,15,4,April,2,2027,False
20270410,2027-04-10,10,Saturday,15,4,April,2,2027,True
20270411,2027-04-11,11,Sunday,16,4,April,2,2027,True
20270412,2027-04-12,12,Monday,16,4,April,2,2027,False
20270413,2027-04-13,13,Tuesday,16,4,April,2,2027,False
20270414,2027-04-14,14,Wednesday,16,4,April,2,2027,False
20270415,2027-04-15,15,Thursday,16,4,April,2,2027,False
20270416,2027-04-16,16,Friday,16,4,April,2,2027,False
20270417,2027-04-17,17,Saturday,16,4,April,2,2027,True
20270418,2027-04-18,18,Sunday,17,4,April,2,2027,True
20270419,2027-04-19,19,Monday,17,4,April,2,2027,False
20270420,2027-04-20,20,Tuesday,17,4,April,2,2027,False
20270421,2027-04-21,21,Wednesday,17,4,April,2,2027,False
20270422,2027-04-22,22,Thursday,17,4,April,2,2027,False
20270423,2027-04-23,23,Friday,17,4,April,2,2027,False
20270424,2027-04-24,24,Saturday,17,4,April,2,2027,True
20270425,2027-04-25,25,Sunday,18,4,April,2,2027,True
20270426,2027-04-26,26,Monday,18,4,April,2,2027,False
20270427,2027-04-27,27,Tuesday,18,4,April,2,2027,False
20270428,2027-04-28,28,Wednesday,18,4,April,2,2027,False
20270429,2027-04-29,29,Thursday,18,4,April,2,2027,False
20270430,2027-04-30,30,Friday,18,4,April,2,2027,False
20270501,2027-05-01,1,Saturday,18,5,May,2,2027,True
20270502,2027-05-02,2,Sunday,19,5,May,2,2027,True
20270503,2027-05-03,3,Monday,19,5,May,2,2027,False
20270504,2027-05-04,4,Tuesday,19,5,May,2,2027,False
20270505,2027-05-05,5,Wednesday,19,5,May,2,2027,False
20270506,2027-05-06,6,Thursday,19,5,May,2,2027,False
20270507,2027-05-07,7,Friday,19,5,May,2,2027,False
20270508,2027-05-08,8,Saturday,19,5,May,2,2027,True
20270509,2027-05-09,9,Sunday,20,5,May,2,2027,True
20270510,2027-05-10,10,Monday,20,5,May,2,2027,False
20270511,2027-05-11,11,Tuesday,20,5,May,2,2027,False
20270512,2027-05-12,12,Wednesday,20,5,May,2,2027,False
20270513,2027-05-13,13,Thursday,20,5,May,2,2027,False
20270514,2027-05-14,14,Friday,20,5,May,2,2027,False
20270515,2027-05-15,15,Saturday,20,5,May,2,2027,True
20270516,2027-05-16,16,Sunday,21,5,May,2,2027,True
20270517,2027-05-17,17,Monday,21,5,May,2,2027,False
20270518,2027-05-18,18,Tuesday,21,5,May,2,2027,False
20270519,2027-05-19,19,Wednesday,21,5,May,2,2027,False
20270520,2027-05-20,20,Thursday,21,5,May,2,2027,False
20270521,2027-05-21,21,Friday,21,5,May,2,2027,False
20270522,2027-05-22,22,Saturday,21,5,May,2,2027,True
20270523,2027-05-23,23,Sunday,22,5,May,2,2027,True
20270524,2027-05-24,24,Monday,22,5,May,2,2027,False
20270525,2027-05-25,25,Tuesday,22,5,May,2,2027,False
20270526,2027-05-26,26,Wednesday,22,5,May,2,2027,False
20270527,2027-05-27,27,Thursday,22,5,May,2,2027,False
20270528,2027-05-28,28,Friday,22,5,May,2,2027,False
20270529,2027-05-29,29,Saturday,22,5,May,2,2027,True
20270530,2027-05-30,30,Sunday,23,5,May,2,2027,True
20270531,2027-05-31,31,Monday,23,5,May,2,2027,False
20270601,2027-06-01,1,Tuesday,23,6,June,2,2027,False
20270602,2027-06-02,2,Wednesday,23,6,June,2,2027,False
20270603,2027-06-03,3,Thursday,23,6,June,2,2027,False
20270604,2027-06-04,4,Friday,23,6,June,2,2027,False
20270605,2027-06-05,5,Saturday,23,6,June,2,2027,True
20270606,2027-06-06,6,Sunday,24,6,June,2,2027,True
20270607,2027-06-07,7,Monday,24,6,June,2,2027,False
20270608,2027-06-08,8,Tuesday,24,6,June,2,2027,False
20270609,2027-06-09,9,Wednesday,24,6,June,2,2027,False
20270610,2027-06-10,10,Thursday,24,6,June,2,2027,False
20270611,2027-06-11,11,Friday,24,6,June,2,2027,False
20270612,2027-06-12,12,Saturday,24,6,June,2,2027,True
20270613,2027-06-13,13,Sunday,25,6,June,2,2027,True
20270614,2027-06-14,14,Monday,25,6,June,2,2027,False
20270615,2027-06-15,15,Tuesday,25,6,June,2,2027,False
20270616,2027-06-16,16,Wednesday,25,6,June,2,2027,False
20270617,2027-06-17,17,Thursday,25,6,June,2,2027,False
20270618,2027-06-18,18,Friday,25,6,June,2,2027,False
20270619,2027-06-19,19,Saturday,25,6,June,2,2027,True
20270620,2027-06-20,20,Sunday,26,6,June,2,2027,True
20270621,2027-06-21,21,Monday,26,6,June,2,2027,False
20270622,2027-06-22,22,Tuesday,26,6,June,2,2027,False
20270623,2027-06-23,23,Wednesday,26,6,June,2,2027,False
20270624,2027-06-24,24,Thursday,26,6,June,2,2027,False
20270625,2027-06-25,25,Friday,26,6,June,2,2027,False
20270626,2027-06-26,26,Saturday,26,6,June,2,2027,True
20270627,2027-06-27,27,Sunday,27,6,June,2,2027,True
20270628,2027-06-28,28,Monday,27,6,June,2,2027,False
20270629,2027-06-29,29,Tuesday,27,6,June,2,2027,False
20270630,2027-06-30,30,Wednesday,27,6,June,2,2027,False
20270701,2027-07-01,1,Thursday,27,7,July,3,2027,False
20270702,2027-07-02,2,Friday,27,7,July,3,2027,False
20270703,2027-07-03,3,Saturday,27,7,July,3,2027,True
20270704,2027-07-04,4,Sunday,28,7,July,3,2027,True
20270705,2027-07-05,5,Monday,28,7,July,3,2027,False
20270706,2027-07-06,6,Tuesday,28,7,July,3,2027,False
20270707,2027-07-07,7,Wednesday,28,7,July,3,2027,False
20270708,2027-07-08,8,Thursday,28,7,July,3,2027,False
20270709,2027-07-09,9,Friday,28,7,July,3,2027,False
20270710,2027-07-10,10,Saturday,28,7,July,3,2027,True
20270711,2027-07-11,11,Sunday,29,7,July,3,2027,True
20270712,2027-07-12,12,Monday,29,7,July,3,2027,False
20270713,2027-07-13,13,Tuesday,29,7,July,3,2027,False
20270714,2027-07-14,14,Wednesday,29,7,July,3,2027,False
20270715,2027-07-15,15,Thursday,29,7,July,3,2027,False
20270716,2027-07-16,16,Friday,29,7,July,3,2027,False
20270717,2027-07-17,17,Saturday,29,7,July,3,2027,True
20270718,2027-07-18,18,Sunday,30,7,July,3,2027,True
20270719,2027-07-19,19,Monday,30,7,July,3,2027,False
20270720,2027-07-20,20,Tuesday,30,7,July,3,2027,False
20270721,2027-07-21,21,Wednesday,30,7,July,3,2027,False
20270722,2027-07-22,22,Thursday,30,7,July,3,2027,False
20270723,2027-07-23,23,Friday,30,7,July,3,2027,False
20270724,2027-07-24,24,Saturday,30,7,July,3,2027,True
20270725,2027-07-25,25,Sunday,31,7,July,3,2027,True
20270726,2027-07-26,26,Monday,31,7,July,3,2027,False
20270727,2027-07-27,27,Tuesday,31,7,July,3,2027,False
20270728,2027-07-28,28,Wednesday,31,7,July,3,2027,False
20270729,2027-07-29,29,Thursday,31,7,July,3,2027,False
20270730,2027-07-30,30,Friday,31,7,July,3,2027,False
20270731,2027-07-31,31,Saturday,31,7,July,3,2027,True
20270801,2027-08-01,1,Sunday,32,8,August,3,2027,True
20270802,2027-08-02,2,Monday,32,8,August,3,2027,False
20270803,2027-08-03,3,Tuesday,32,8,August,3,2027,False
20270804,2027-08-04,4,Wednesday,32,8,August,3,2027,False
20270805,2027-08-05,5,Thursday,32,8,August,3,2027,False
20270806,2027-08-06,6,Friday,32,8,August,3,2027,False
20270807,2027-08-07,7,Saturday,32,8,August,3,2027,True
20270808,2027-08-08,8,Sunday,33,8,August,3,2027,True
20270809,2027-08-09,9,Monday,33,8,August,3,2027,False
20270810,2027-08-10,10,Tuesday,33,8,August,3,2027,False
20270811,2027-08-11,11,Wednesday,33,8,August,3,2027,False
20270812,2027-08-12,12,Thursday,33,8,August,3,2027,False
20270813,2027-08-13,13,Friday,33,8,August,3,2027,False
20270814,2027-08-14,14,Saturday,33,8,August,3,2027,True
20270815,2027-08-15,15,Sunday,34,8,August,3,2027,True
20270816,2027-08-16,16,Monday,34,8,August,3,2027,False
20270817,2027-08-17,17,Tuesday,34,8,August,3,2027,False
20270818,2027-08-18,18,Wednesday,34,8,August,3,2027,False
20270819,2027-08-19,19,Thursday,34,8,August,3,2027,False
20270820,2027-08-20,20,Friday,34,8,August,3,2027,False
20270821,2027-08-21,21,Saturday,34,8,August,3,2027,True
20270822,2027-08-22,22,Sunday,35,8,August,3,2027,True
20270823,2027-08-23,23,Monday,35,8,August,3,2027,False
20270824,2027-08-24,24,Tuesday,35,8,August,3,2027,False
20270825,2027-08-25,25,Wednesday,35,8,August,3,2027,False
20270826,2027-08-26,26,Thursday,35,8,August,3,2027,False
20270827,2027-08-27,27,Friday,35,8,August,3,2027,False
20270828,2027-08-28,28,Saturday,35,8,August,3,2027,True
20270829,2027-08-29,29,Sunday,36,8,August,3,2027,True
20270830,2027-08-30,30,Monday,36,8,August,3,2027,False
20270831,2027-08-31,31,Tuesday,36,8,August,3,2027,False
20270901,2027-09-01,1,Wednesday,36,9,September,3,2027,False
20270902,2027-09-02,2,Thursday,36,9,September,3,2027,False
20270903,2027-09-03,3,Friday,36,9,September,3,2027,False
20270904,2027-09-04,4,Saturday,36,9,September,3,2027,True
20270905,2027-09-05,5,Sunday,37,9,September,3,2027,True
20270906,2027-09-06,6,Monday,37,9,September,3,2027,False
20270907,2027-09-07,7,Tuesday,37,9,September,3,2027,False
20270908,2027-09-08,8,Wednesday,37,9,September,3,2027,False
20270909,2027-09-09,9,Thursday,37,9,September,3,2027,False
20270910,2027-09-10,10,Friday,37,9,September,3,2027,False
20270911,2027-09-11,11,Saturday,37,9,September,3,2027,True
20270912,2027-09-12,12,Sunday,38,9,September,3,2027,True
20270913,2027-09-13,13,Monday,38,9,September,3,2027,False
20270914,2027-09-14,14,Tuesday,38,9,September,3,2027,False
20270915,2027-09-15,15,Wednesday,38,9,September,3,2027,False
20270916,2027-09-16,16,Thursday,38,9,September,3,2027,False
20270917,2027-09-17,17,Friday,38,9,September,3,2027,False
20270918,2027-09-18,18,Saturday,38,9,September,3,2027,True
20270919,2027-09-19,19,Sunday,39,9,September,3,2027,True
20270920,2027-09-20,20,Monday,39,9,September,3,2027,False
20270921,2027-09-21,21,Tuesday,39,9,September,3,2027,False
20270922,2027-09-22,22,Wednesday,39,9,September,3,2027,False
20270923,2027-09-23,23,Thursday,39,9,September,3,2027,False
20270924,2027-09-24,24,Friday,39,9,September,3,2027,False
20270925,2027-09-25,25,Saturday,39,9,September,3,2027,True
20270926,2027-09-26,26,Sunday,40,9,September,3,2027,True
20270927,2027-09-27,27,Monday,40,9,September,3,2027,False
20270928,2027-09-28,28,Tuesday,40,9,September,3,2027,False
20270929,2027-09-29,29,Wednesday,40,9,September,3,2027,False
20270930,2027-09-30,30,Thursday,40,9,September,3,2027,False
20271001,2027-10-01,1,Friday,40,10,October,4,2027,False
20271002,2027-10-02,2,Saturday,40,10,October,4,2027,True
20271003,2027-10-03,3,Sunday,41,10,October,4,2027,True
20271004,2027-10-04,4,Monday,41,10,October,4,2027,False
20271005,2027-10-05,5,Tuesday,41,10,October,4,2027,False
20271006,2027-10-06,6,Wednesday,41,10,October,4,2027,False
20271007,2027-10-07,7,Thursday,41,10,October,4,2027,False
20271008,2027-10-08,8,Friday,41,10,October,4,2027,False
20271009,2027-10-09,9,Saturday,41,10,October,4,2027,True
20271010,2027-10-10,10,Sunday,42,10,October,4,2027,True
20271011,2027-10-11,11,Monday,42,10,October,4,2027,False
20271012,2027-10-12,12,Tuesday,42,10,October,4,2027,False
20271013,2027-10-13,13,Wednesday,42,10,October,4,2027,False
20271014,2027-10-14,14,Thursday,42,10,October,4,2027,False
20271015,2027-10-15,15,Friday,42,10,October,4,2027,False
20271016,2027-10-16,16,Saturday,42,10,October,4,2027,True
20271017,2027-10-17,17,Sunday,43,10,October,4,2027,True
20271018,2027-10-18,18,Monday,43,10,October,4,2027,False
20271019,2027-10-19,19,Tuesday,43,10,October,4,2027,False
20271020,2027-10-20,20,Wednesday,43,10,October,4,2027,False
20271021,2027-10-21,21,Thursday,43,10,October,4,2027,False
20271022,2027-10-22,22,Friday,43,10,October,4,2027,False
20271023,2027-10-23,23,Saturday,43,10,October,4,2027,True
20271024,2027-10-24,24,Sunday,44,10,October,4,2027,True
20271025,2027-10-25,25,Monday,44,10,October,4,2027,False
20271026,2027-10-26,26,Tuesday,44,10,October,4,2027,False
20271027,2027-10-27,27,Wednesday,44,10,October,4,2027,False
20271028,2027-10-28,28,Thursday,44,10,October,4,2027,False
20271029,2027-10-29,29,Friday,44,10,October,4,2027,False
20271030,2027-10-30,30,Saturday,44,10,October,4,2027,True
20271031,2027-10-31,31,Sunday,45,10,October,4,2027,True
20271101,2027-11-01,1,Monday,45,11,November,4,2027,False
20271102,2027-11-02,2,Tuesday,45,11,November,4,2027,False
20271103,2027-11-03,3,Wednesday,45,11,November,4,2027,False
20271104,2027-11-04,4,Thursday,45,11,November,4,2027,False
20271105,2027-11-05,5,Friday,45,11,November,4,2027,False
20271106,2027-11-06,6,Saturday,45,11,November,4,2027,True
20271107,2027-11-07,7,Sunday,46,11,November,4,2027,True
20271108,2027-11-08,8,Monday,46,11,November,4,2027,False
20271109,2027-11-09,9,Tuesday,46,11,November,4,2027,False
20271110,2027-11-10,10,Wednesday,46,11,November,4,2027,False
20271111,2027-11-11,11,Thursday,46,11,November,4,2027,False
20271112,2027-11-12,12,Friday,46,11,November,4,2027,False
20271113,2027-11-13,13,Saturday,46,11,November,4,2027,True
20271114,2027-11-14,14,Sunday,47,11,November,4,2027,True
20271115,2027-11-15,15,Monday,47,11,November,4,2027,False
20271116,2027-11-16,16,Tuesday,47,11,November,4,2027,False
20271117,2027-11-17,17,Wednesday,47,11,November,4,2027,False
20271118,2027-11-18,18,Thursday,47,11,November,4,2027,False
20271119,2027-11-19,19,Friday,47,11,November,4,2027,False
20271120,2027-11-20,20,Saturday,47,11,November,4,2027,True
20271121,2027-11-21,21,Sunday,48,11,November,4,2027,True
20271122,2027-11-22,22,Monday,48,11,November,4,2027,False
20271123,2027-11-23,23,Tuesday,48,11,November,4,2027,False
20271124,2027-11-24,24,Wednesday,48,11,November,4,2027,False
20271125,2027-11-25,25,Thursday,48,11,November,4,2027,False
20271126,2027-11-26,26,Friday,48,11,November,4,2027,False
20271127,2027-11-27,27,Saturday,48,11,November,4,2027,True
20271128,2027-11-28,28,Sunday,49,11,November,4,2027,True
20271129,2027-11-29,29,Monday,49,11,November,4,2027,False
20271130,2027-11-30,30,Tuesday,49,11,November,4,2027,False
20271201,2027-12-01,1,Wednesday,49,12,December,4,2027,False
20271202,2027-12-02,2,Thursday,49,12,December,4,2027,False
20271203,2027-12-03,3,Friday,49,12,December,4,2027,False
20271204,2027-12-04,4,Saturday,49,12,December,4,2027,True
20271205,2027-12-05,5,Sunday,50,12,December,4,2027,True
20271206,2027-12-06,6,Monday,50,12,December,4,2027,False
20271207,2027-12-07,7,Tuesday,50,12,December,4,2027,False
20271208,2027-12-08,8,Wednesday,50,12,December,4,2027,False
20271209,2027-12-09,9,Thursday,50,12,December,4,2027,False
20271210,2027-12-10,10,Friday,50,12,December,4,2027,False
20271211,2027-12-11,11,Saturday,50,12,December,4,2027,True
20271212,2027-12-12,12,Sunday,51,12,December,4,2027,True
20271213,2027-12-13,13,Monday,51,12,December,4,2027,False
20271214,2027-12-14,14,Tuesday,51,12,December,4,2027,False
20271215,2027-12-15,15,Wednesday,51,12,December,4,2027,False
20271216,2027-12-16,16,Thursday,51,12,December,4,2027,False
20271217,2027-12-17,17,Friday,51,12,December,4,2027,False
20271218,2027-12-18,18,Saturday,51,12,December,4,2027,True
20271219,2027-12-19,19,Sunday,52,12,December,4,2027,True
20271220,2027-12-20,20,Monday,52,12,December,4,2027,False
20271221,2027-12-21,21,Tuesday,52,12,December,4,2027,False
20271222,2027-12-22,22,Wednesday,52,12,December,4,2027,False
20271223,2027-12-23,23,Thursday,52,12,December,4,2027,False
20271224,2027-12-24,24,Friday,52,12,December,4,2027,False
20271225,2027-12-25,25,Saturday,52,12,December,4,2027,True
20271226,2027-12-26,26,Sunday,53,12,December,4,2027,True
20271227,2027-12-27,27,Monday,53,12,December,4,2027,False
20271228,2027-12-28,28,Tuesday,53,12,December,4,2027,False
20271229,2027-12-29,29,Wednesday,53,12,December,4,2027,False
20271230,2027-12-30,30,Thursday,53,12,December,4,2027,False
20271231,2027-12-31,31,Friday,53,12,December,4,2027,False
20280101,2028-01-01,1,Saturday,1,1,January,1,2028,True
20280102,2028-01-02,2,Sunday,2,1,January,1,2028,True
20280103,2028-01-03,3,Monday,2,1,January,1,2028,False
20280104,2028-01-04,4,Tuesday,2,1,January,1,2028,False
20280105,2028-01-05,5,Wednesday,2,1,January,1,2028,False
20280106,2028-01-06,6,Thursday,2,1,January,1,2028,False
20280107,2028-01-07,7,Friday,2,1,January,1,2028,False
20280108,2028-01-08,8,Saturday,2,1,January,1,2028,True
20280109,2028-01-09,9,Sunday,3,1,January,1,2028,True
20280110,2028-01-10,10,Monday,3,1,January,1,2028,False
20280111,2028-01-11,11,Tuesday,3,1,January,1,2028,False
20280112,2028-01-12,12,Wednesday,3,1,January,1,2028,False
20280113,2028-01-13,13,Thursday,3,1,January,1,2028,False
20280114,2028-01-14,14,Friday,3,1,January,1,2028,False
20280115,2028-01-15,15,Saturday,3,1,January,1,2028,True
20280116,2028-01-16,16,Sunday,4,1,January,1,2028,True
20280117,2028-01-17,17,Monday,4,1,January,1,2028,False
20280118,2028-01-18,18,Tuesday,4,1,January,1,2028,False
20280119,2028-01-19,19,Wednesday,4,1,January,1,2028,False
20280120,2028-01-20,20,Thursday,4,1,January,1,2028,False
20280121,2028-01-21,21,Friday,4,1,January,1,2028,False
20280122,2028-01-22,22,Saturday,4,1,January,1,2028,True
20280123,2028-01-23,23,Sunday,5,1,January,1,2028,True
20280124,2028-01-24,24,Monday,5,1,January,1,2028,False
20280125,2028-01-25,25,Tuesday,5,1,January,1,2028,False
20280126,2028-01-26,26,Wednesday,5,1,January,1,2028,False
20280127,2028-01-27,27,Thursday,5,1,January,1,2028,False
20280128,2028-01-28,28,Friday,5,1,January,1,2028,False
20280129,2028-01-29,29,Saturday,5,1,January,1,2028,True
20280130,2028-01-30,30,Sunday,6,1,January,1,2028,True
20280131,2028-01-31,31,Monday,6,1,January,1,2028,False
20280201,2028-02-01,1,Tuesday,6,2,February,1,2028,False
20280202,2028-02-02,2,Wednesday,6,2,February,1,2028,False
20280203,2028-02-03,3,Thursday,6,2,February,1,2028,False
20280204,2028-02-04,4,Friday,6,2,February,1,2028,False
20280205,2028-02-05,5,Saturday,6,2,February,1,2028,True
20280206,2028-02-06,6,Sunday,7,2,February,1,2028,True
20280207,2028-02-07,7,Monday,7,2,February,1,2028,False
20280208,2028-02-08,8,Tuesday,7,2,February,1,2028,False
20280209,2028-02-09,9,Wednesday,7,2,February,1,2028,False
20280210,2028-02-10,10,Thursday,7,2,February,1,2028,False
20280211,2028-02-11,11,Friday,7,2,February,1,2028,False
20280212,2028-02-12,12,Saturday,7,2,February,1,2028,True
20280213,2028-02-13,13,Sunday,8,2,February,1,2028,True
20280214,2028-02-14,14,Monday,8,2,February,1,2028,False
20280215,2028-02-15,15,Tuesday,8,2,February,1,2028,False
20280216,2028-02-16,16,Wednesday,8,2,February,1,2028,False
20280217,2028-02-17,17,Thursday,8,2,February,1,2028,False
20280218,2028-02-18,18,Friday,8,2,February,1,2028,False
20280219,2028-02-19,19,Saturday,8,2,February,1,2028,True
20280220,2028-02-20,20,Sunday,9,2,February,1,2028,True
20280221,2028-02-21,21,Monday,9,2,February,1,2028,False
20280222,2028-02-22,22,Tuesday,9,2,February,1,2028,False
20280223,2028-02-23,23,Wednesday,9,2,February,1,2028,False
20280224,2028-02-24,24,Thursday,9,2,February,1,2028,False
20280225,2028-02-25,25,Friday,9,2,February,1,2028,False
20280226,2028-02-26,26,Saturday,9,2,February,1,2028,True
20280227,2028-02-27,27,Sunday,10,2,February,1,2028,True
20280228,2028-02-28,28,Monday,10,2,February,1,2028,False
20280229,2028-02-29,29,Tuesday,10,2,February,1,2028,False
20280301,2028-03-01,1,Wednesday,10,3,March,1,2028,False
20280302,2028-03-02,2,Thursday,10,3,March,1,2028,False
20280303,2028-03-03,3,Friday,10,3,March,1,2028,False
20280304,2028-03-04,4,Saturday,10,3,March,1,2028,True
20280305,2028-03-05,5,Sunday,11,3,March,1,2028,True
20280306,2028-03-06,6,Monday,11,3,March,1,2028,False
20280307,2028-03-07,7,Tuesday,11,3,March,1,2028,False
20280308,2028-03-08,8,Wednesday,11,3,March,1,2028,False
20280309,2028-03-09,9,Thursday,11,3,March,1,2028,False
20280310,2028-03-10,10,Friday,11,3,March,1,2028,False
20280311,2028-03-11,11,Saturday,11,3,March,1,2028,True
20280312,2028-03-12,12,Sunday,12,3,March,1,2028,True
20280313,2028-03-13,13,Monday,12,3,March,1,2028,False
20280314,2028-03-14,14,Tuesday,12,3,March,1,2028,False
20280315,2028-03-15,15,Wednesday,12,3,March,1,2028,False
20280316,2028-03-16,16,Thursday,12,3,March,1,2028,False
20280317,2028-03-17,17,Friday,12,3,March,1,2028,False
20280318,2028-03-18,18,Saturday,12,3,March,1,2028,True
20280319,2028-03-19,19,Sunday,13,3,March,1,2028,True
20280320,2028-03-20,20,Monday,13,3,March,1,2028,False
20280321,2028-03-21,21,Tuesday,13,3,March,1,2028,False
20280322,2028-03-22,22,Wednesday,13,3,March,1,2028,False
20280323,2028-03-23,23,Thursday,13,3,March,1,2028,False
20280324,2028-03-24,24,Friday,13,3,March,1,2028,False
20280325,2028-03-25,25,Saturday,13,3,March,1,2028,True
20280326,2028-03-26,26,Sunday,14,3,March,1,2028,True
20280327,2028-03-27,27,Monday,14,3,March,1,2028,False
20280328,2028-03-28,28,Tuesday,14,3,March,1,2028,False
20280329,2028-03-29,29,Wednesday,14,3,March,1,2028,False
20280330,2028-03-30,30,Thursday,14,3,March,1,2028,False
20280331,2028-03-31,31,Friday,14,3,March,1,2028,False
20280401,2028-04-01,1,Saturday,14,4,April,2,2028,True
20280402,2028-04-02,2,Sunday,15,4,April,2,2028,True
20280403,2028-04-03,3,Monday,15,4,April,2,2028,False
20280404,2028-04-04,4,Tuesday,15,4,April,2,2028,False
20280405,2028-04-05,5,Wednesday,15,4,April,2,2028,False
20280406,2028-04-06,6,Thursday,15,4,April,2,2028,False
20280407,2028-04-07,7,Friday,15,4,April,2,2028,False
20280408,2028-04-08,8,Saturday,15,4,April,2,2028,True
20280409,2028-04-09,9,Sunday,16,4,April,2,2028,True
20280410,2028-04-10,10,Monday,16,4,April,2,2028,False
20280411,2028-04-11,11,Tuesday,16,4,April,2,2028,False
20280412,2028-04-12,12,Wednesday,16,4,April,2,2028,False
20280413,2028-04-13,13,Thursday,16,4,April,2,2028,False
20280414,2028-04-14,14,Friday,16,4,April,2,2028,False
20280415,2028-04-15,15,Saturday,16,4,April,2,2028,True
20280416,2028-04-16,16,Sunday,17,4,April,2,2028,True
20280417,2028-04-17,17,Monday,17,4,April,2,2028,False
20280418,2028-04-18,18,Tuesday,17,4,April,2,2028,False
20280419,2028-04-19,19,Wednesday,17,4,April,2,2028,False
20280420,2028-04-20,20,Thursday,17,4,April,2,2028,False
20280421,2028-04-21,21,Friday,17,4,April,2,2028,False
20280422,2028-04-22,22,Saturday,17,4,April,2,2028,True
20280423,2028-04-23,23,Sunday,18,4,April,2,2028,True
20280424,2028-04-24,24,Monday,18,4,April,2,2028,False
20280425,2028-04-25,25,Tuesday,18,4,April,2,2028,False
20280426,2028-04-26,26,Wednesday,18,4,April,2,2028,False
20280427,2028-04-27,27,Thursday,18,4,April,2,2028,False
20280428,2028-04-28,28,Friday,18,4,April,2,2028,False
20280429,2028-04-29,29,Saturday,18,4,April,2,2028,True
20280430,2028-04-30,30,Sunday,19,4,April,2,2028,True
20280501,2028-05-01,1,Monday,19,5,May,2,2028,False
20280502,2028-05-02,2,Tuesday,19,5,May,2,2028,False
20280503,2028-05-03,3,Wednesday,19,5,May,2,2028,False
20280504,2028-05-04,4,Thursday,19,5,May,2,2028,False
20280505,2028-05-05,5,Friday,19,5,May,2,2028,False
20280506,2028-05-06,6,Saturday,19,5,May,2,2028,True
20280507,2028-05-07,7,Sunday,20,5,May,2,2028,True
20280508,2028-05-08,8,Monday,20,5,May,2,2028,False
20280509,2028-05-09,9,Tuesday,20,5,May,2,2028,False
20280510,2028-05-10,10,Wednesday,20,5,May,2,2028,False
20280511,2028-05-11,11,Thursday,20,5,May,2,2028,False
20280512,2028-05-12,12,Friday,20,5,May,2,2028,False
20280513,2028-05-13,13,Saturday,20,5,May,2,2028,True
20280514,2028-05-14,14,Sunday,21,5,May,2,2028,True
20280515,2028-05-15,15,Monday,21,5,May,2,2028,False
20280516,2028-05-16,16,Tuesday,21,5,May,2,2028,False
20280517,2028-05-17,17,Wednesday,21,5,May,2,2028,False
20280518,2028-05-18,18,Thursday,21,5,May,2,2028,False
20280519,2028-05-19,19,Friday,21,5,May,2,2028,False
20280520,2028-05-20,20,Saturday,21,5,May,2,2028,True
20280521,2028-05-21,21,Sunday,22,5,May,2,2028,True
20280522,2028-05-22,22,Monday,22,5,May,2,2028,False
20280523,2028-05-23,23,Tuesday,22,5,May,2,2028,False
20280524,2028-05-24,24,Wednesday,22,5,May,2,2028,False
20280525,2028-05-25,25,Thursday,22,5,May,2,2028,False
20280526,2028-05-26,26,Friday,22,5,May,2,2028,False
20280527,2028-05-27,27,Saturday,22,5,May,2,2028,True
20280528,2028-05-28,28,Sunday,23,5,May,2,2028,True
20280529,2028-05-29,29,Monday,23,5,May,2,2028,False
20280530,2028-05-30,30,Tuesday,23,5,May,2,2028,False
20280531,2028-05-31,31,Wednesday,23,5,May,2,2028,False
20280601,2028-06-01,1,Thursday,23,6,June,2,2028,False
20280602,2028-06-02,2,Friday,23,6,June,2,2028,False
20280603,2028-06-03,3,Saturday,23,6,June,2,2028,True
20280604,2028-06-04,4,Sunday,24,6,June,2,2028,True
20280605,2028-06-05,5,Monday,24,6,June,2,2028,False
20280606,2028-06-06,6,Tuesday,24,6,June,2,2028,False
20280607,2028-06-07,7,Wednesday,24,6,June,2,2028,False
20280608,2028-06-08,8,Thursday,24,6,June,2,2028,False
20280609,2028-06-09,9,Friday,24,6,June,2,2028,False
20280610,2028-06-10,10,Saturday,24,6,June,2,2028,True
20280611,2028-06-11,11,Sunday,25,6,June,2,2028,True
20280612,2028-06-12,12,Monday,25,6,June,2,2028,False
20280613,2028-06-13,13,Tuesday,25,6,June,2,2028,False
20280614,2028-06-14,14,Wednesday,25,6,June,2,2028,False
20280615,2028-06-15,15,Thursday,25,6,June,2,2028,False
20280616,2028-06-16,16,Friday,25,6,June,2,2028,False
20280617,2028-06-17,17,Saturday,25,6,June,2,2028,True
20280618,2028-06-18,18,Sunday,26,6,June,2,2028,True
20280619,2028-06-19,19,Monday,26,6,June,2,2028,False
20280620,2028-06-20,20,Tuesday,26,6,June,2,2028,False
20280621,2028-06-21,21,Wednesday,26,6,June,2,2028,False
20280622,2028-06-22,22,Thursday,26,6,June,2,2028,False
20280623,2028-06-23,23,Friday,26,6,June,2,2028,False
20280624,2028-06-24,24,Saturday,26,6,June,2,2028,True
20280625,2028-06-25,25,Sunday,27,6,June,2,2028,True
20280626,2028-06-26,26,Monday,27,6,June,2,2028,False
20280627,2028-06-27,27,Tuesday,27,6,June,2,2028,False
20280628,2028-06-28,28,Wednesday,27,6,June,2,2028,False
20280629,2028-06-29,29,Thursday,27,6,June,2,2028,False
20280630,2028-06-30,30,Friday,27,6,June,2,2028,False
20280701,2028-07-01,1,Saturday,27,7,July,3,2028,True
20280702,2028-07-02,2,Sunday,28,7,July,3,2028,True
20280703,2028-07-03,3,Monday,28,7,July,3,2028,False
20280704,2028-07-04,4,Tuesday,28,7,July,3,2028,False
20280705,2028-07-05,5,Wednesday,28,7,July,3,2028,False
20280706,2028-07-06,6,Thursday,28,7,July,3,2028,False
20280707,2028-07-07,7,Friday,28,7,July,3,2028,False
20280708,2028-07-08,8,Saturday,28,7,July,3,2028,True
20280709,2028-07-09,9,Sunday,29,7,July,3,2028,True
20280710,2028-07-10,10,Monday,29,7,July,3,2028,False
20280711,2028-07-11,11,Tuesday,29,7,July,3,2028,False
20280712,2028-07-12,12,Wednesday,29,7,July,3,2028,False
20280713,2028-07-13,13,Thursday,29,7,July,3,2028,False
20280714,2028-07-14,14,Friday,29,7,July,3,2028,False
20280715,2028-07-15,15,Saturday,29,7,July,3,2028,True
20280716,2028-07-16,16,Sunday,30,7,July,3,2028,True
20280717,2028-07-17,17,Monday,30,7,July,3,2028,False
20280718,2028-07-18,18,Tuesday,30,7,July,3,2028,False
20280719,2028-07-19,19,Wednesday,30,7,July,3,2028,False
20280720,2028-07-20,20,Thursday,30,7,July,3,2028,False
20280721,2028-07-21,21,Friday,30,7,July,3,2028,False
20280722,2028-07-22,22,Saturday,30,7,July,3,2028,True
20280723,2028-07-23,23,Sunday,31,7,July,3,2028,True
20280724,2028-07-24,24,Monday,31,7,July,3,2028,False
20280725,2028-07-25,25,Tuesday,31,7,July,3,2028,False
20280726,2028-07-26,26,Wednesday,31,7,July,3,2028,False
20280727,2028-07-27,27,Thursday,31,7,July,3,2028,False
20280728,2028-07-28,28,Friday,31,7,July,3,2028,False
20280729,2028-07-29,29,Saturday,31,7,July,3,2028,True
20280730,2028-07-30,30,Sunday,32,7,July,3,2028,True
20280731,2028-07-31,31,Monday,32,7,July,3,2028,False
20280801,2028-08-01,1,Tuesday,32,8,August,3,2028,False
20280802,2028-08-02,2,Wednesday,32,8,August,3,2028,False
20280803,2028-08-03,3,Thursday,32,8,August,3,2028,False
20280804,2028-08-04,4,Friday,32,8,August,3,2028,False
20280805,2028-08-05,5,Saturday,32,8,August,3,2028,True
20280806,2028-08-06,6,Sunday,33,8,August,3,2028,True
20280807,2028-08-07,7,Monday,33,8,August,3,2028,False
20280808,2028-08-08,8,Tuesday,33,8,August,3,2028,False
20280809,2028-08-09,9,Wednesday,33,8,August,3,2028,False
20280810,2028-08-10,10,Thursday,33,8,August,3,2028,False
20280811,2028-08-11,11,Friday,33,8,August,3,2028,False
20280812,2028-08-12,12,Saturday,33,8,August,3,2028,True
20280813,2028-08-13,13,Sunday,34,8,August,3,2028,True
20280814,2028-08-14,14,Monday,34,8,August,3,2028,False
20280815,2028-08-15,15,Tuesday,34,8,August,3,2028,False
20280816,2028-08-16,16,Wednesday,34,8,August,3,2028,False
20280817,2028-08-17,17,Thursday,34,8,August,3,2028,False
20280818,2028-08-18,18,Friday,34,8,August,3,2028,False
20280819,2028-08-19,19,Saturday,34,8,August,3,2028,True
20280820,2028-08-20,20,Sunday,35,8,August,3,2028,True
20280821,2028-08-21,21,Monday,35,8,August,3,2028,False
20280822,2028-08-22,22,Tuesday,35,8,August,3,2028,False
20280823,2028-08-23,23,Wednesday,35,8,August,3,2028,False
20280824,2028-08-24,24,Thursday,35,8,August,3,2028,False
20280825,2028-08-25,25,Friday,35,8,August,3,2028,False
20280826,2028-08-26,26,Saturday,35,8,August,3,2028,True
20280827,2028-08-27,27,Sunday,36,8,August,3,2028,True
20280828,2028-08-28,28,Monday,36,8,August,3,2028,False
20280829,2028-08-29,29,Tuesday,36,8,August,3,2028,False
20280830,2028-08-30,30,Wednesday,36,8,August,3,2028,False
20280831,2028-08-31,31,Thursday,36,8,August,3,2028,False
20280901,2028-09-01,1,Friday,36,9,September,3,2028,False
20280902,2028-09-02,2,Saturday,36,9,September,3,2028,True
20280903,2028-09-03,3,Sunday,37,9,September,3,2028,True
20280904,2028-09-04,4,Monday,37,9,September,3,2028,False
20280905,2028-09-05,5,Tuesday,37,9,September,3,2028,False
20280906,2028-09-06,6,Wednesday,37,9,September,3,2028,False
20280907,2028-09-07,7,Thursday,37,9,September,3,2028,False
20280908,2028-09-08,8,Friday,37,9,September,3,2028,False
20280909,2028-09-09,9,Saturday,37,9,September,3,2028,True
20280910,2028-09-10,10,Sunday,38,9,September,3,2028,True
20280911,2028-09-11,11,Monday,38,9,September,3,2028,False
20280912,2028-09-12,12,Tuesday,38,9,September,3,2028,False
20280913,2028-09-13,13,Wednesday,38,9,September,3,2028,False
20280914,2028-09-14,14,Thursday,38,9,September,3,2028,False
20280915,2028-09-15,15,Friday,38,9,September,3,2028,False
20280916,2028-09-16,16,Saturday,38,9,September,3,2028,True
20280917,2028-09-17,17,Sunday,39,9,September,3,2028,True
20280918,2028-09-18,18,Monday,39,9,September,3,2028,False
20280919,2028-09-19,19,Tuesday,39,9,September,3,2028,False
20280920,2028-09-20,20,Wednesday,39,9,September,3,2028,False
20280921,2028-09-21,21,Thursday,39,9,September,3,2028,False
20280922,2028-09-22,22,Friday,39,9,September,3,2028,False
20280923,2028-09-23,23,Saturday,39,9,September,3,2028,True
20280924,2028-09-24,24,Sunday,40,9,September,3,2028,True
20280925,2028-09-25,25,Monday,40,9,September,3,2028,False
20280926,2028-09-26,26,Tuesday,40,9,September,3,2028,False
20280927,2028-09-27,27,Wednesday,40,9,September,3,2028,False
20280928,2028-09-28,28,Thursday,40,9,September,3,2028,False
20280929,2028-09-29,29,Friday,40,9,September,3,2028,False
20280930,2028-09-30,30,Saturday,40,9,September,3,2028,True
20281001,2028-10-01,1,Sunday,41,10,October,4,2028,True
20281002,2028-10-02,2,Monday,41,10,October,4,2028,False
20281003,2028-10-03,3,Tuesday,41,10,October,4,2028,False
20281004,2028-10-04,4,Wednesday,41,10,October,4,2028,False
20281005,2028-10-05,5,Thursday,41,10,October,4,2028,False
20281006,2028-10-06,6,Friday,41,10,October,4,2028,False
20281007,2028-10-07,7,Saturday,41,10,October,4,2028,True
20281008,2028-10-08,8,Sunday,42,10,October,4,2028,True
20281009,2028-10-09,9,Monday,42,10,October,4,2028,False
20281010,2028-10-10,10,Tuesday,42,10,October,4,2028,False
20281011,2028-10-11,11,Wednesday,42,10,October,4,2028,False
20281012,2028-10-12,12,Thursday,42,10,October,4,2028,False
20281013,2028-10-13,13,Friday,42,10,October,4,2028,False
20281014,2028-10-14,14,Saturday,42,10,October,4,2028,True
20281015,2028-10-15,15,Sunday,43,10,October,4,2028,True
20281016,2028-10-16,16,Monday,43,10,October,4,2028,False
20281017,2028-10-17,17,Tuesday,43,10,October,4,2028,False
20281018,2028-10-18,18,Wednesday,43,10,October,4,2028,False
20281019,2028-10-19,19,Thursday,43,10,October,4,2028,False
20281020,2028-10-20,20,Friday,43,10,October,4,2028,False
20281021,2028-10-21,21,Saturday,43,10,October,4,2028,True
20281022,2028-10-22,22,Sunday,44,10,October,4,2028,True
20281023,2028-10-23,23,Monday,44,10,October,4,2028,False
20281024,2028-10-24,24,Tuesday,44,10,October,4,2028,False
20281025,2028-10-25,25,Wednesday,44,10,October,4,2028,False
20281026,2028-10-26,26,Thursday,44,10,October,4,2028,False
20281027,2028-10-27,27,Friday,44,10,October,4,2028,False
20281028,2028-10-28,28,Saturday,44,10,October,4,2028,True
20281029,2028-10-29,29,Sunday,45,10,October,4,2028,True
20281030,2028-10-30,30,Monday,45,10,October,4,2028,False
20281031,2028-10-31,31,Tuesday,45,10,October,4,2028,False
20281101,2028-11-01,1,Wednesday,45,11,November,4,2028,False
20281102,2028-11-02,2,Thursday,45,11,November,4,2028,False
20281103,2028-11-03,3,Friday,45,11,November,4,2028,False
20281104,2028-11-04,4,Saturday,45,11,November,4,2028,True
20281105,2028-11-05,5,Sunday,46,11,November,4,2028,True
20281106,2028-11-06,6,Monday,46,11,November,4,2028,False
20281107,2028-11-07,7,Tuesday,46,11,November,4,2028,False
20281108,2028-11-08,8,Wednesday,46,11,November,4,2028,False
20281109,2028-11-09,9,Thursday,46,11,November,4,2028,False
20281110,2028-11-10,10,Friday,46,11,November,4,2028,False
20281111,2028-11-11,11,Saturday,46,11,November,4,2028,True
20281112,2028-11-12,12,Sunday,47,11,November,4,2028,True
20281113,2028-11-13,13,Monday,47,11,November,4,2028,False
20281114,2028-11-14,14,Tuesday,47,11,November,4,2028,False
20281115,2028-11-15,15,Wednesday,47,11,November,4,2028,False
20281116,2028-11-16,16,Thursday,47,11,November,4,2028,False
20281117,2028-11-17,17,Friday,47,11,November,4,2028,False
20281118,2028-11-18,18,Saturday,47,11,November,4,2028,True
20281119,2028-11-19,19,Sunday,48,11,November,4,2028,True
20281120,2028-11-20,20,Monday,48,11,November,4,2028,False
20281121,2028-11-21,21,Tuesday,48,11,November,4,2028,False
20281122,2028-11-22,22,Wednesday,48,11,November,4,2028,False
20281123,2028-11-23,23,Thursday,48,11,November,4,2028,False
20281124,2028-11-24,24,Friday,48,11,November,4,2028,False
20281125,2028-11-25,25,Saturday,48,11,November,4,2028,True
20281126,2028-11-26,26,Sunday,49,11,November,4,2028,True
20281127,2028-11-27,27,Monday,49,11,November,4,2028,False
20281128,2028-11-28,28,Tuesday,49,11,November,4,2028,False
20281129,2028-11-29,29,Wednesday,49,11,November,4,2028,False
20281130,2028-11-30,30,Thursday,49,11,November,4,2028,False
20281201,2028-12-01,1,Friday,49,12,December,4,2028,False
20281202,2028-12-02,2,Saturday,49,12,December,4,2028,True
20281203,2028-12-03,3,Sunday,50,12,December,4,2028,True
20281204,2028-12-04,4,Monday,50,12,December,4,2028,False
20281205,2028-12-05,5,Tuesday,50,12,December,4,2028,False
20281206,2028-12-06,6,Wednesday,50,12,December,4,2028,False
20281207,2028-12-07,7,Thursday,50,12,December,4,2028,False
20281208,2028-12-08,8,Friday,50,12,December,4,2028,False
20281209,2028-12-09,9,Saturday,50,12,December,4,2028,True
20281210,2028-12-10,10,Sunday,51,12,December,4,2028,True
20281211,2028-12-11,11,Monday,51,12,December,4,2028,False
20281212,2028-12-12,12,Tuesday,51,12,December,4,2028,False
20281213,2028-12-13,13,Wednesday,51,12,December,4,2028,False
20281214,2028-12-14,14,Thursday,51,12,December,4,2028,False
20281215,2028-12-15,15,Friday,51,12,December,4,2028,False
20281216,2028-12-16,16,Saturday,51,12,December,4,2028,True
20281217,2028-12-17,17,Sunday,52,12,December,4,2028,True
20281218,2028-12-18,18,Monday,52,12,December,4,2028,False
20281219,2028-12-19,19,Tuesday,52,12,December,4,2028,False
20281220,2028-12-20,20,Wednesday,52,12,December,4,2028,False
20281221,2028-12-21,21,Thursday,52,12,December,4,2028,False
20281222,2028-12-22,22,Friday,52,12,December,4,2028,False
20281223,2028-12-23,23,Saturday,52,12,December,4,2028,True
20281224,2028-12-24,24,Sunday,53,12,December,4,2028,True
20281225,2028-12-25,25,Monday,53,12,December,4,2028,False
20281226,2028-12-26,26,Tuesday,53,12,December,4,2028,False
20281227,2028-12-27,27,Wednesday,53,12,December,4,2028,False
20281228,2028-12-28,28,Thursday,53,12,December,4,2028,False
20281229,2028-12-29,29,Friday,53,12,December,4,2028,False
20281230,2028-12-30,30,Saturday,53,12,December,4,2028,True
20281231,2028-12-31,31,Sunday,54,12,December,4,2028,True
20290101,2029-01-01,1,Monday,1,1,January,1,2029,False
20290102,2029-01-02,2,Tuesday,1,1,January,1,2029,False
20290103,2029-01-03,3,Wednesday,1,1,January,1,2029,False
20290104,2029-01-04,4,Thursday,1,1,January,1,2029,False
20290105,2029-01-05,5,Friday,1,1,January,1,2029,False
20290106,2029-01-06,6,Saturday,1,1,January,1,2029,True
20290107,2029-01-07,7,Sunday,2,1,January,1,2029,True
20290108,2029-01-08,8,Monday,2,1,January,1,2029,False
20290109,2029-01-09,9,Tuesday,2,1,January,1,2029,False
20290110,2029-01-10,10,Wednesday,2,1,January,1,2029,False
20290111,2029-01-11,11,Thursday,2,1,January,1,2029,False
20290112,2029-01-12,12,Friday,2,1,January,1,2029,False
20290113,2029-01-13,13,Saturday,2,1,January,1,2029,True
20290114,2029-01-14,14,Sunday,3,1,January,1,2029,True
20290115,2029-01-15,15,Monday,3,1,January,1,2029,False
20290116,2029-01-16,16,Tuesday,3,1,January,1,2029,False
20290117,2029-01-17,17,Wednesday,3,1,January,1,2029,False
20290118,2029-01-18,18,Thursday,3,1,January,1,2029,False
20290119,2029-01-19,19,Friday,3,1,January,1,2029,False
20290120,2029-01-20,20,Saturday,3,1,January,1,2029,True
20290121,2029-01-21,21,Sunday,4,1,January,1,2029,True
20290122,2029-01-22,22,Monday,4,1,January,1,2029,False
20290123,2029-01-23,23,Tuesday,4,1,January,1,2029,False
20290124,2029-01-24,24,Wednesday,4,1,January,1,2029,False
20290125,2029-01-25,25,Thursday,4,1,January,1,2029,False
20290126,2029-01-26,26,Friday,4,1,January,1,2029,False
20290127,2029-01-27,27,Saturday,4,1,January,1,2029,True
20290128,2029-01-28,28,Sunday,5,1,January,1,2029,True
20290129,2029-01-29,29,Monday,5,1,January,1,2029,False
20290130,2029-01-30,30,Tuesday,5,1,January,1,2029,False
20290131,2029-01-31,31,Wednesday,5,1,January,1,2029,False
20290201,2029-02-01,1,Thursday,5,2,February,1,2029,False
20290202,2029-02-02,2,Friday,5,2,February,1,2029,False
20290203,2029-02-03,3,Saturday,5,2,February,1,2029,True
20290204,2029-02-04,4,Sunday,6,2,February,1,2029,True
20290205,2029-02-05,5,Monday,6,2,February,1,2029,False
20290206,2029-02-06,6,Tuesday,6,2,February,1,2029,False
20290207,2029-02-07,7,Wednesday,6,2,February,1,2029,False
20290208,2029-02-08,8,Thursday,6,2,February,1,2029,False
20290209,2029-02-09,9,Friday,6,2,February,1,2029,False
20290210,2029-02-10,10,Saturday,6,2,February,1,2029,True
20290211,2029-02-11,11,Sunday,7,2,February,1,2029,True
20290212,2029-02-12,12,Monday,7,2,February,1,2029,False
20290213,2029-02-13,13,Tuesday,7,2,February,1,2029,False
20290214,2029-02-14,14,Wednesday,7,2,February,1,2029,False
20290215,2029-02-15,15,Thursday,7,2,February,1,2029,False
20290216,2029-02-16,16,Friday,7,2,February,1,2029,False
20290217,2029-02-17,17,Saturday,7,2,February,1,2029,True
20290218,2029-02-18,18,Sunday,8,2,February,1,2029,True
20290219,2029-02-19,19,Monday,8,2,February,1,2029,False
20290220,2029-02-20,20,Tuesday,8,2,February,1,2029,False
20290221,2029-02-21,21,Wednesday,8,2,February,1,2029,False
20290222,2029-02-22,22,Thursday,8,2,February,1,2029,False
20290223,2029-02-23,23,Friday,8,2,February,1,2029,False
20290224,2029-02-24,24,Saturday,8,2,February,1,2029,True
20290225,2029-02-25,25,Sunday,9,2,February,1,2029,True
20290226,2029-02-26,26,Monday,9,2,February,1,2029,False
20290227,2029-02-27,27,Tuesday,9,2,February,1,2029,False
20290228,2029-02-28,28,Wednesday,9,2,February,1,2029,False
20290301,2029-03-01,1,Thursday,9,3,March,1,2029,False
20290302,2029-03-02,2,Friday,9,3,March,1,2029,False
20290303,2029-03-03,3,Saturday,9,3,March,1,2029,True
20290304,2029-03-04,4,Sunday,10,3,March,1,2029,True
20290305,2029-03-05,5,Monday,10,3,March,1,2029,False
20290306,2029-03-06,6,Tuesday,10,3,March,1,2029,False
20290307,2029-03-07,7,Wednesday,10,3,March,1,2029,False
20290308,2029-03-08,8,Thursday,10,3,March,1,2029,False
20290309,2029-03-09,9,Friday,10,3,March,1,2029,False
20290310,2029-03-10,10,Saturday,10,3,March,1,2029,True
20290311,2029-03-11,11,Sunday,11,3,March,1,2029,True
20290312,2029-03-12,12,Monday,11,3,March,1,2029,False
20290313,2029-03-13,13,Tuesday,11,3,March,1,2029,False
20290314,2029-03-14,14,Wednesday,11,3,March,1,2029,False
20290315,2029-03-15,15,Thursday,11,3,March,1,2029,False
20290316,2029-03-16,16,Friday,11,3,March,1,2029,False
20290317,2029-03-17,17,Saturday,11,3,March,1,2029,True
20290318,2029-03-18,18,Sunday,12,3,March,1,2029,True
20290319,2029-03-19,19,Monday,12,3,March,1,2029,False
20290320,2029-03-20,20,Tuesday,12,3,March,1,2029,False
20290321,2029-03-21,21,Wednesday,12,3,March,1,2029,False
20290322,2029-03-22,22,Thursday,12,3,March,1,2029,False
20290323,2029-03-23,23,Friday,12,3,March,1,2029,False
20290324,2029-03-24,24,Saturday,12,3,March,1,2029,True
20290325,2029-03-25,25,Sunday,13,3,March,1,2029,True
20290326,2029-03-26,26,Monday,13,3,March,1,2029,False
20290327,2029-03-27,27,Tuesday,13,3,March,1,2029,False
20290328,2029-03-28,28,Wednesday,13,3,March,1,2029,False
20290329,2029-03-29,29,Thursday,13,3,March,1,2029,False
20290330,2029-03-30,30,Friday,13,3,March,1,2029,False
20290331,2029-03-31,31,Saturday,13,3,March,1,2029,True
20290401,2029-04-01,1,Sunday,14,4,April,2,2029,True
20290402,2029-04-02,2,Monday,14,4,April,2,2029,False
20290403,2029-04-03,3,Tuesday,14,4,April,2,2029,False
20290404,2029-04-04,4,Wednesday,14,4,April,2,2029,False
20290405,2029-04-05,5,Thursday,14,4,April,2,2029,False
20290406,2029-04-06,6,Friday,14,4,April,2,2029,False
20290407,2029-04-07,7,Saturday,14,4,April,2,2029,True
20290408,2029-04-08,8,Sunday,15,4,April,2,2029,True
20290409,2029-04-09,9,Monday,15,4,April,2,2029,False
20290410,2029-04-10,10,Tuesday,15,4,April,2,2029,False
20290411,2029-04-11,11,Wednesday,15,4,April,2,2029,False
20290412,2029-04-12,12,Thursday,15,4,April,2,2029,False
20290413,2029-04-13,13,Friday,15,4,April,2,2029,False
20290414,2029-04-14,14,Saturday,15,4,April,2,2029,True
20290415,2029-04-15,15,Sunday,16,4,April,2,2029,True
20290416,2029-04-16,16,Monday,16,4,April,2,2029,False
20290417,2029-04-17,17,Tuesday,16,4,April,2,2029,False
20290418,2029-04-18,18,Wednesday,16,4,April,2,2029,False
20290419,2029-04-19,19,Thursday,16,4,April,2,2029,False
20290420,2029-04-20,20,Friday,16,4,April,2,2029,False
20290421,2029-04-21,21,Saturday,16,4,April,2,2029,True
20290422,2029-04-22,22,Sunday,17,4,April,2,2029,True
20290423,2029-04-23,23,Monday,17,4,April,2,2029,False
20290424,2029-04-24,24,Tuesday,17,4,April,2,2029,False
20290425,2029-04-25,25,Wednesday,17,4,April,2,2029,False
20290426,2029-04-26,26,Thursday,17,4,April,2,2029,False
20290427,2029-04-27,27,Friday,17,4,April,2,2029,False
20290428,2029-04-28,28,Saturday,17,4,April,2,2029,True
20290429,2029-04-29,29,Sunday,18,4,April,2,2029,True
20290430,2029-04-30,30,Monday,18,4,April,2,2029,False
20290501,2029-05-01,1,Tuesday,18,5,May,2,2029,False
20290502,2029-05-02,2,Wednesday,18,5,May,2,2029,False
20290503,2029-05-03,3,Thursday,18,5,May,2,2029,False
20290504,2029-05-04,4,Friday,18,5,May,2,2029,False
20290505,2029-05-05,5,Saturday,18,5,May,2,2029,True
20290506,2029-05-06,6,Sunday,19,5,May,2,2029,True
20290507,2029-05-07,7,Monday,19,5,May,2,2029,False
20290508,2029-05-08,8,Tuesday,19,5,May,2,2029,False
20290509,2029-05-09,9,Wednesday,19,5,May,2,2029,False
20290510,2029-05-10,10,Thursday,19,5,May,2,2029,False
20290511,2029-05-11,11,Friday,19,5,May,2,2029,False
20290512,2029-05-12,12,Saturday,19,5,May,2,2029,True
20290513,2029-05-13,13,Sunday,20,5,May,2,2029,True
20290514,2029-05-14,14,Monday,20,5,May,2,2029,False
20290515,2029-05-15,15,Tuesday,20,5,May,2,2029,False
20290516,2029-05-16,16,Wednesday,20,5,May,2,2029,False
20290517,2029-05-17,17,Thursday,20,5,May,2,2029,False
20290518,2029-05-18,18,Friday,20,5,May,2,2029,False
20290519,2029-05-19,19,Saturday,20,5,May,2,2029,True
20290520,2029-05-20,20,Sunday,21,5,May,2,2029,True
20290521,2029-05-21,21,Monday,21,5,May,2,2029,False
20290522,2029-05-22,22,Tuesday,21,5,May,2,2029,False
20290523,2029-05-23,23,Wednesday,21,5,May,2,2029,False
20290524,2029-05-24,24,Thursday,21,5,May,2,2029,False
20290525,2029-05-25,25,Friday,21,5,May,2,2029,False
20290526,2029-05-26,26,Saturday,21,5,May,2,2029,True
20290527,2029-05-27,27,Sunday,22,5,May,2,2029,True
20290528,2029-05-28,28,Monday,22,5,May,2,2029,False
20290529,2029-05-29,29,Tuesday,22,5,May,2,2029,False
20290530,2029-05-30,30,Wednesday,22,5,May,2,2029,False
20290531,2029-05-31,31,Thursday,22,5,May,2,2029,False
20290601,2029-06-01,1,Friday,22,6,June,2,2029,False
20290602,2029-06-02,2,Saturday,22,6,June,2,2029,True
20290603,2029-06-03,3,Sunday,23,6,June,2,2029,True
20290604,2029-06-04,4,Monday,23,6,June,2,2029,False
20290605,2029-06-05,5,Tuesday,23,6,June,2,2029,False
20290606,2029-06-06,6,Wednesday,23,6,June,2,2029,False
20290607,2029-06-07,7,Thursday,23,6,June,2,2029,False
20290608,2029-06-08,8,Friday,23,6,June,2,2029,False
20290609,2029-06-09,9,Saturday,23,6,June,2,2029,True
20290610,2029-06-10,10,Sunday,24,6,June,2,2029,True
20290611,2029-06-11,11,Monday,24,6,June,2,2029,False
20290612,2029-06-12,12,Tuesday,24,6,June,2,2029,False
20290613,2029-06-13,13,Wednesday,24,6,June,2,2029,False
20290614,2029-06-14,14,Thursday,24,6,June,2,2029,False
20290615,2029-06-15,15,Friday,24,6,June,2,2029,False
20290616,2029-06-16,16,Saturday,24,6,June,2,2029,True
20290617,2029-06-17,17,Sunday,25,6,June,2,2029,True
20290618,2029-06-18,18,Monday,25,6,June,2,2029,False
20290619,2029-06-19,19,Tuesday,25,6,June,2,2029,False
20290620,2029-06-20,20,Wednesday,25,6,June,2,2029,False
20290621,2029-06-21,21,Thursday,25,6,June,2,2029,False
20290622,2029-06-22,22,Friday,25,6,June,2,2029,False
20290623,2029-06-23,23,Saturday,25,6,June,2,2029,True
20290624,2029-06-24,24,Sunday,26,6,June,2,2029,True
20290625,2029-06-25,25,Monday,26,6,June,2,2029,False
20290626,2029-06-26,26,Tuesday,26,6,June,2,2029,False
20290627,2029-06-27,27,Wednesday,26,6,June,2,2029,False
20290628,2029-06-28,28,Thursday,26,6,June,2,2029,False
20290629,2029-06-29,29,Friday,26,6,June,2,2029,False
20290630,2029-06-30,30,Saturday,26,6,June,2,2029,True
20290701,2029-07-01,1,Sunday,27,7,July,3,2029,True
20290702,2029-07-02,2,Monday,27,7,July,3,2029,False
20290703,2029-07-03,3,Tuesday,27,7,July,3,2029,False
20290704,2029-07-04,4,Wednesday,27,7,July,3,2029,False
20290705,2029-07-05,5,Thursday,27,7,July,3,2029,False
20290706,2029-07-06,6,Friday,27,7,July,3,2029,False
20290707,2029-07-07,7,Saturday,27,7,July,3,2029,True
20290708,2029-07-08,8,Sunday,28,7,July,3,2029,True
20290709,2029-07-09,9,Monday,28,7,July,3,2029,False
20290710,2029-07-10,10,Tuesday,28,7,July,3,2029,False
20290711,2029-07-11,11,Wednesday,28,7,July,3,2029,False
20290712,2029-07-12,12,Thursday,28,7,July,3,2029,False
20290713,2029-07-13,13,Friday,28,7,July,3,2029,False
20290714,2029-07-14,14,Saturday,28,7,July,3,2029,True
20290715,2029-07-15,15,Sunday,29,7,July,3,2029,True
20290716,2029-07-16,16,Monday,29,7,July,3,2029,False
20290717,2029-07-17,17,Tuesday,29,7,July,3,2029,False
20290718,2029-07-18,18,Wednesday,29,7,July,3,2029,False
20290719,2029-07-19,19,Thursday,29,7,July,3,2029,False
20290720,2029-07-20,20,Friday,29,7,July,3,2029,False
20290721,2029-07-21,21,Saturday,29,7,July,3,2029,True
20290722,2029-07-22,22,Sunday,30,7,July,3,2029,True
20290723,2029-07-23,23,Monday,30,7,July,3,2029,False
20290724,2029-07-24,24,Tuesday,30,7,July,3,2029,False
20290725,2029-07-25,25,Wednesday,30,7,July,3,2029,False
20290726,2029-07-26,26,Thursday,30,7,July,3,2029,False
20290727,2029-07-27,27,Friday,30,7,July,3,2029,False
20290728,2029-07-28,28,Saturday,30,7,July,3,2029,True
20290729,2029-07-29,29,Sunday,31,7,July,3,2029,True
20290730,2029-07-30,30,Monday,31,7,July,3,2029,False
20290731,2029-07-31,31,Tuesday,31,7,July,3,2029,False
20290801,2029-08-01,1,Wednesday,31,8,August,3,2029,False
20290802,2029-08-02,2,Thursday,31,8,August,3,2029,False
20290803,2029-08-03,3,Friday,31,8,August,3,2029,False
20290804,2029-08-04,4,Saturday,31,8,August,3,2029,True
20290805,2029-08-05,5,Sunday,32,8,August,3,2029,True
20290806,2029-08-06,6,Monday,32,8,August,3,2029,False
20290807,2029-08-07,7,Tuesday,32,8,August,3,2029,False
20290808,2029-08-08,8,Wednesday,32,8,August,3,2029,False
20290809,2029-08-09,9,Thursday,32,8,August,3,2029,False
20290810,2029-08-10,10,Friday,32,8,August,3,2029,False
20290811,2029-08-11,11,Saturday,32,8,August,3,2029,True
20290812,2029-08-12,12,Sunday,33,8,August,3,2029,True
20290813,2029-08-13,13,Monday,33,8,August,3,2029,False
20290814,2029-08-14,14,Tuesday,33,8,August,3,2029,False
20290815,2029-08-15,15,Wednesday,33,8,August,3,2029,False
20290816,2029-08-16,16,Thursday,33,8,August,3,2029,False
20290817,2029-08-17,17,Friday,33,8,August,3,2029,False
20290818,2029-08-18,18,Saturday,33,8,August,3,2029,True
20290819,2029-08-19,19,Sunday,34,8,August,3,2029,True
20290820,2029-08-20,20,Monday,34,8,August,3,2029,False
20290821,2029-08-21,21,Tuesday,34,8,August,3,2029,False
20290822,2029-08-22,22,Wednesday,34,8,August,3,2029,False
20290823,2029-08-23,23,Thursday,34,8,August,3,2029,False
20290824,2029-08-24,24,Friday,34,8,August,3,2029,False
20290825,2029-08-25,25,Saturday,34,8,August,3,2029,True
20290826,2029-08-26,26,Sunday,35,8,August,3,2029,True
20290827,2029-08-27,27,Monday,35,8,August,3,2029,False
20290828,2029-08-28,28,Tuesday,35,8,August,3,2029,False
20290829,2029-08-29,29,Wednesday,35,8,August,3,2029,False
20290830,2029-08-30,30,Thursday,35,8,August,3,2029,False
20290831,2029-08-31,31,Friday,35,8,August,3,2029,False
20290901,2029-09-01,1,Saturday,35,9,September,3,2029,True
20290902,2029-09-02,2,Sunday,36,9,September,3,2029,True
20290903,2029-09-03,3,Monday,36,9,September,3,2029,False
20290904,2029-09-04,4,Tuesday,36,9,September,3,2029,False
20290905,2029-09-05,5,Wednesday,36,9,September,3,2029,False
20290906,2029-09-06,6,Thursday,36,9,September,3,2029,False
20290907,2029-09-07,7,Friday,36,9,September,3,2029,False
20290908,2029-09-08,8,Saturday,36,9,September,3,2029,True
20290909,2029-09-09,9,Sunday,37,9,September,3,2029,True
20290910,2029-09-10,10,Monday,37,9,September,3,2029,False
20290911,2029-09-11,11,Tuesday,37,9,September,3,2029,False
20290912,2029-09-12,12,Wednesday,37,9,September,3,2029,False
20290913,2029-09-13,13,Thursday,37,9,September,3,2029,False
20290914,2029-09-14,14,Friday,37,9,September,3,2029,False
20290915,2029-09-15,15,Saturday,37,9,September,3,2029,True
20290916,2029-09-16,16,Sunday,38,9,September,3,2029,True
20290917,2029-09-17,17,Monday,38,9,September,3,2029,False
20290918,2029-09-18,18,Tuesday,38,9,September,3,2029,False
20290919,2029-09-19,19,Wednesday,38,9,September,3,2029,False
20290920,2029-09-20,20,Thursday,38,9,September,3,2029,False
20290921,2029-09-21,21,Friday,38,9,September,3,2029,False
20290922,2029-09-22,22,Saturday,38,9,September,3,2029,True
20290923,2029-09-23,23,Sunday,39,9,September,3,2029,True
20290924,2029-09-24,24,Monday,39,9,September,3,2029,False
20290925,2029-09-25,25,Tuesday,39,9,September,3,2029,False
20290926,2029-09-26,26,Wednesday,39,9,September,3,2029,False
20290927,2029-09-27,27,Thursday,39,9,September,3,2029,False
20290928,2029-09-28,28,Friday,39,9,September,3,2029,False
20290929,2029-09-29,29,Saturday,39,9,September,3,2029,True
20290930,2029-09-30,30,Sunday,40,9,September,3,2029,True
20291001,2029-10-01,1,Monday,40,10,October,4,2029,False
20291002,2029-10-02,2,Tuesday,40,10,October,4,2029,False
20291003,2029-10-03,3,Wednesday,40,10,October,4,2029,False
20291004,2029-10-04,4,Thursday,40,10,October,4,2029,False
20291005,2029-10-05,5,Friday,40,10,October,4,2029,False
20291006,2029-10-06,6,Saturday,40,10,October,4,2029,True
20291007,2029-10-07,7,Sunday,41,10,October,4,2029,True
20291008,2029-10-08,8,Monday,41,10,October,4,2029,False
20291009,2029-10-09,9,Tuesday,41,10,October,4,2029,False
20291010,2029-10-10,10,Wednesday,41,10,October,4,2029,False
20291011,2029-10-11,11,Thursday,41,10,October,4,2029,False
20291012,2029-10-12,12,Friday,41,10,October,4,2029,False
20291013,2029-10-13,13,Saturday,41,10,October,4,2029,True
20291014,2029-10-14,14,Sunday,42,10,October,4,2029,True
20291015,2029-10-15,15,Monday,42,10,October,4,2029,False
20291016,2029-10-16,16,Tuesday,42,10,October,4,2029,False
20291017,2029-10-17,17,Wednesday,42,10,October,4,2029,False
20291018,2029-10-18,18,Thursday,42,10,October,4,2029,False
20291019,2029-10-19,19,Friday,42,10,October,4,2029,False
20291020,2029-10-20,20,Saturday,42,10,October,4,2029,True
20291021,2029-10-21,21,Sunday,43,10,October,4,2029,True
20291022,2029-10-22,22,Monday,43,10,October,4,2029,False
20291023,2029-10-23,23,Tuesday,43,10,October,4,2029,False
20291024,2029-10-24,24,Wednesday,43,10,October,4,2029,False
20291025,2029-10-25,25,Thursday,43,10,October,4,2029,False
20291026,2029-10-26,26,Friday,43,10,October,4,2029,False
20291027,2029-10-27,27,Saturday,43,10,October,4,2029,True
20291028,2029-10-28,28,Sunday,44,10,October,4,2029,True
20291029,2029-10-29,29,Monday,44,10,October,4,2029,False
20291030,2029-10-30,30,Tuesday,44,10,October,4,2029,False
20291031,2029-10-31,31,Wednesday,44,10,October,4,2029,False
20291101,2029-11-01,1,Thursday,44,11,November,4,2029,False
20291102,2029-11-02,2,Friday,44,11,November,4,2029,False
20291103,2029-11-03,3,Saturday,44,11,November,4,2029,True
20291104,2029-11-04,4,Sunday,45,11,November,4,2029,True
20291105,2029-11-05,5,Monday,45,11,November,4,2029,False
20291106,2029-11-06,6,Tuesday,45,11,November,4,2029,False
20291107,2029-11-07,7,Wednesday,45,11,November,4,2029,False
20291108,2029-11-08,8,Thursday,45,11,November,4,2029,False
20291109,2029-11-09,9,Friday,45,11,November,4,2029,False
20291110,2029-11-10,10,Saturday,45,11,November,4,2029,True
20291111,2029-11-11,11,Sunday,46,11,November,4,2029,True
20291112,2029-11-12,12,Monday,46,11,November,4,2029,False
20291113,2029-11-13,13,Tuesday,46,11,November,4,2029,False
20291114,2029-11-14,14,Wednesday,46,11,November,4,2029,False
20291115,2029-11-15,15,Thursday,46,11,November,4,2029,False
20291116,2029-11-16,16,Friday,46,11,November,4,2029,False
20291117,2029-11-17,17,Saturday,46,11,November,4,2029,True
20291118,2029-11-18,18,Sunday,47,11,November,4,2029,True
20291119,2029-11-19,19,Monday,47,11,November,4,2029,False
20291120,2029-11-20,20,Tuesday,47,11,November,4,2029,False
20291121,2029-11-21,21,Wednesday,47,11,November,4,2029,False
20291122,2029-11-22,22,Thursday,47,11,November,4,2029,False
20291123,2029-11-23,23,Friday,47,11,November,4,2029,False
20291124,2029-11-24,24,Saturday,47,11,November,4,2029,True
20291125,2029-11-25,25,Sunday,48,11,November,4,2029,True
20291126,2029-11-26,26,Monday,48,11,November,4,2029,False
20291127,2029-11-27,27,Tuesday,48,11,November,4,2029,False
20291128,2029-11-28,28,Wednesday,48,11,November,4,2029,False
20291129,2029-11-29,29,Thursday,48,11,November,4,2029,False
20291130,2029-11-30,30,Friday,48,11,November,4,2029,False
20291201,2029-12-01,1,Saturday,48,12,December,4,2029,True
20291202,2029-12-02,2,Sunday,49,12,December,4,2029,True
20291203,2029-12-03,3,Monday,49,12,December,4,2029,False
20291204,2029-12-04,4,Tuesday,49,12,December,4,2029,False
20291205,2029-12-05,5,Wednesday,49,12,December,4,2029,False
20291206,2029-12-06,6,Thursday,49,12,December,4,2029,False
20291207,2029-12-07,7,Friday,49,12,December,4,2029,False
20291208,2029-12-08,8,Saturday,49,12,December,4,2029,True
20291209,2029-12-09,9,Sunday,50,12,December,4,2029,True
20291210,2029-12-10,10,Monday,50,12,December,4,2029,False
20291211,2029-12-11,11,Tuesday,50,12,December,4,2029,False
20291212,2029-12-12,12,Wednesday,50,12,December,4,2029,False
20291213,2029-12-13,13,Thursday,50,12,December,4,2029,False
20291214,2029-12-14,14,Friday,50,12,December,4,2029,False
20291215,2029-12-15,15,Saturday,50,12,December,4,2029,True
20291216,2029-12-16,16,Sunday,51,12,December,4,2029,True
20291217,2029-12-17,17,Monday,51,12,December,4,2029,False
20291218,2029-12-18,18,Tuesday,51,12,December,4,2029,False
20291219,2029-12-19,19,Wednesday,51,12,December,4,2029,False
20291220,2029-12-20,20,Thursday,51,12,December,4,2029,False
20291221,2029-12-21,21,Friday,51,12,December,4,2029,False
20291222,2029-12-22,22,Saturday,51,12,December,4,2029,True
20291223,2029-12-23,23,Sunday,52,12,December,4,2029,True
20291224,2029-12-24,24,Monday,52,12,December,4,2029,False
20291225,2029-12-25,25,Tuesday,52,12,December,4,2029,False
20291226,2029-12-26,26,Wednesday,52,12,December,4,2029,False
20291227,2029-12-27,27,Thursday,52,12,December,4,2029,False
20291228,2029-12-28,28,Friday,52,12,December,4,2029,False
20291229,2029-12-29,29,Saturday,52,12,December,4,2029,True
20291230,2029-12-30,30,Sunday,53,12,December,4,2029,True
20291231,2029-12-31,31,Monday,53,12,December,4,2029,False
20300101,2030-01-01,1,Tuesday,1,1,January,1,2030,False
20300102,2030-01-02,2,Wednesday,1,1,January,1,2030,False
20300103,2030-01-03,3,Thursday,1,1,January,1,2030,False
20300104,2030-01-04,4,Friday,1,1,January,1,2030,False
20300105,2030-01-05,5,Saturday,1,1,January,1,2030,True
20300106,2030-01-06,6,Sunday,2,1,January,1,2030,True
20300107,2030-01-07,7,Monday,2,1,January,1,2030,False
20300108,2030-01-08,8,Tuesday,2,1,January,1,2030,False
20300109,2030-01-09,9,Wednesday,2,1,January,1,2030,False
20300110,2030-01-10,10,Thursday,2,1,January,1,2030,False
20300111,2030-01-11,11,Friday,2,1,January,1,2030,False
20300112,2030-01-12,12,Saturday,2,1,January,1,2030,True
20300113,2030-01-13,13,Sunday,3,1,January,1,2030,True
20300114,2030-01-14,14,Monday,3,1,January,1,2030,False
20300115,2030-01-15,15,Tuesday,3,1,January,1,2030,False
20300116,2030-01-16,16,Wednesday,3,1,January,1,2030,False
20300117,2030-01-17,17,Thursday,3,1,January,1,2030,False
20300118,2030-01-18,18,Friday,3,1,January,1,2030,False
20300119,2030-01-19,19,Saturday,3,1,January,1,2030,True
20300120,2030-01-20,20,Sunday,4,1,January,1,2030,True
20300121,2030-01-21,21,Monday,4,1,January,1,2030,False
20300122,2030-01-22,22,Tuesday,4,1,January,1,2030,False
20300123,2030-01-23,23,Wednesday,4,1,January,1,2030,False
20300124,2030-01-24,24,Thursday,4,1,January,1,2030,False
20300125,2030-01-25,25,Friday,4,1,January,1,2030,False
20300126,2030-01-26,26,Saturday,4,1,January,1,2030,True
20300127,2030-01-27,27,Sunday,5,1,January,1,2030,True
20300128,2030-01-28,28,Monday,5,1,January,1,2030,False
20300129,2030-01-29,29,Tuesday,5,1,January,1,2030,False
20300130,2030-01-30,30,Wednesday,5,1,January,1,2030,False
20300131,2030-01-31,31,Thursday,5,1,January,1,2030,False
20300201,2030-02-01,1,Friday,5,2,February,1,2030,False
20300202,2030-02-02,2,Saturday,5,2,February,1,2030,True
20300203,2030-02-03,3,Sunday,6,2,February,1,2030,True
20300204,2030-02-04,4,Monday,6,2,February,1,2030,False
20300205,2030-02-05,5,Tuesday,6,2,February,1,2030,False
20300206,2030-02-06,6,Wednesday,6,2,February,1,2030,False
20300207,2030-02-07,7,Thursday,6,2,February,1,2030,False
20300208,2030-02-08,8,Friday,6,2,February,1,2030,False
20300209,2030-02-09,9,Saturday,6,2,February,1,2030,True
20300210,2030-02-10,10,Sunday,7,2,February,1,2030,True
20300211,2030-02-11,11,Monday,7,2,February,1,2030,False
20300212,2030-02-12,12,Tuesday,7,2,February,1,2030,False
20300213,2030-02-13,13,Wednesday,7,2,February,1,2030,False
20300214,2030-02-14,14,Thursday,7,2,February,1,2030,False
20300215,2030-02-15,15,Friday,7,2,February,1,2030,False
20300216,2030-02-16,16,Saturday,7,2,February,1,2030,True
20300217,2030-02-17,17,Sunday,8,2,February,1,2030,True
20300218,2030-02-18,18,Monday,8,2,February,1,2030,False
20300219,2030-02-19,19,Tuesday,8,2,February,1,2030,False
20300220,2030-02-20,20,Wednesday,8,2,February,1,2030,False
20300221,2030-02-21,21,Thursday,8,2,February,1,2030,False
20300222,2030-02-22,22,Friday,8,2,February,1,2030,False
20300223,2030-02-23,23,Saturday,8,2,February,1,2030,True
20300224,2030-02-24,24,Sunday,9,2,February,1,2030,True
20300225,2030-02-25,25,Monday,9,2,February,1,2030,False
20300226,2030-02-26,26,Tuesday,9,2,February,1,2030,False
20300227,2030-02-27,27,Wednesday,9,2,February,1,2030,False
20300228,2030-02-28,28,Thursday,9,2,February,1,2030,False
20300301,2030-03-01,1,Friday,9,3,March,1,2030,False
20300302,2030-03-02,2,Saturday,9,3,March,1,2030,True
20300303,2030-03-03,3,Sunday,10,3,March,1,2030,True
20300304,2030-03-04,4,Monday,10,3,March,1,2030,False
20300305,2030-03-05,5,Tuesday,10,3,March,1,2030,False
20300306,2030-03-06,6,Wednesday,10,3,March,1,2030,False
20300307,2030-03-07,7,Thursday,10,3,March,1,2030,False
20300308,2030-03-08,8,Friday,10,3,March,1,2030,False
20300309,2030-03-09,9,Saturday,10,3,March,1,2030,True
20300310,2030-03-10,10,Sunday,11,3,March,1,2030,True
20300311,2030-03-11,11,Monday,11,3,March,1,2030,False
20300312,2030-03-12,12,Tuesday,11,3,March,1,2030,False
20300313,2030-03-13,13,Wednesday,11,3,March,1,2030,False
20300314,2030-03-14,14,Thursday,11,3,March,1,2030,False
20300315,2030-03-15,15,Friday,11,3,March,1,2030,False
20300316,2030-03-16,16,Saturday,11,3,March,1,2030,True
20300317,2030-03-17,17,Sunday,12,3,March,1,2030,True
20300318,2030-03-18,18,Monday,12,3,March,1,2030,False
20300319,2030-03-19,19,Tuesday,12,3,March,1,2030,False
20300320,2030-03-20,20,Wednesday,12,3,March,1,2030,False
20300321,2030-03-21,21,Thursday,12,3,March,1,2030,False
20300322,2030-03-22,22,Friday,12,3,March,1,2030,False
20300323,2030-03-23,23,Saturday,12,3,March,1,2030,True
20300324,2030-03-24,24,Sunday,13,3,March,1,2030,True
20300325,2030-03-25,25,Monday,13,3,March,1,2030,False
20300326,2030-03-26,26,Tuesday,13,3,March,1,2030,False
20300327,2030-03-27,27,Wednesday,13,3,March,1,2030,False
20300328,2030-03-28,28,Thursday,13,3,March,1,2030,False
20300329,2030-03-29,29,Friday,13,3,March,1,2030,False
20300330,2030-03-30,30,Saturday,13,3,March,1,2030,True
20300331,2030-03-31,31,Sunday,14,3,March,1,2030,True
20300401,2030-04-01,1,Monday,14,4,April,2,2030,False
20300402,2030-04-02,2,Tuesday,14,4,April,2,2030,False
20300403,2030-04-03,3,Wednesday,14,4,April,2,2030,False
20300404,2030-04-04,4,Thursday,14,4,April,2,2030,False
20300405,2030-04-05,5,Friday,14,4,April,2,2030,False
20300406,2030-04-06,6,Saturday,14,4,April,2,2030,True
20300407,2030-04-07,7,Sunday,15,4,April,2,2030,True
20300408,2030-04-08,8,Monday,15,4,April,2,2030,False
20300409,2030-04-09,9,Tuesday,15,4,April,2,2030,False
20300410,2030-04-10,10,Wednesday,15,4,April,2,2030,False
20300411,2030-04-11,11,Thursday,15,4,April,2,2030,False
20300412,2030-04-12,12,Friday,15,4,April,2,2030,False
20300413,2030-04-13,13,Saturday,15,4,April,2,2030,True
20300414,2030-04-14,14,Sunday,16,4,April,2,2030,True
20300415,2030-04-15,15,Monday,16,4,April,2,2030,False
20300416,2030-04-16,16,Tuesday,16,4,April,2,2030,False
20300417,2030-04-17,17,Wednesday,16,4,April,2,2030,False
20300418,2030-04-18,18,Thursday,16,4,April,2,2030,False
20300419,2030-04-19,19,Friday,16,4,April,2,2030,False
20300420,2030-04-20,20,Saturday,16,4,April,2,2030,True
20300421,2030-04-21,21,Sunday,17,4,April,2,2030,True
20300422,2030-04-22,22,Monday,17,4,April,2,2030,False
20300423,2030-04-23,23,Tuesday,17,4,April,2,2030,False
20300424,2030-04-24,24,Wednesday,17,4,April,2,2030,False
20300425,2030-04-25,25,Thursday,17,4,April,2,2030,False
20300426,2030-04-26,26,Friday,17,4,April,2,2030,False
20300427,2030-04-27,27,Saturday,17,4,April,2,2030,True
20300428,2030-04-28,28,Sunday,18,4,April,2,2030,True
20300429,2030-04-29,29,Monday,18,4,April,2,2030,False
20300430,2030-04-30,30,Tuesday,18,4,April,2,2030,False
20300501,2030-05-01,1,Wednesday,18,5,May,2,2030,False
20300502,2030-05-02,2,Thursday,18,5,May,2,2030,False
20300503,2030-05-03,3,Friday,18,5,May,2,2030,False
20300504,2030-05-04,4,Saturday,18,5,May,2,2030,True
20300505,2030-05-05,5,Sunday,19,5,May,2,2030,True
20300506,2030-05-06,6,Monday,19,5,May,2,2030,False
20300507,2030-05-07,7,Tuesday,19,5,May,2,2030,False
20300508,2030-05-08,8,Wednesday,19,5,May,2,2030,False
20300509,2030-05-09,9,Thursday,19,5,May,2,2030,False
20300510,2030-05-10,10,Friday,19,5,May,2,2030,False
20300511,2030-05-11,11,Saturday,19,5,May,2,2030,True
20300512,2030-05-12,12,Sunday,20,5,May,2,2030,True
20300513,2030-05-13,13,Monday,20,5,May,2,2030,False
20300514,2030-05-14,14,Tuesday,20,5,May,2,2030,False
20300515,2030-05-15,15,Wednesday,20,5,May,2,2030,False
20300516,2030-05-16,16,Thursday,20,5,May,2,2030,False
20300517,2030-05-17,17,Friday,20,5,May,2,2030,False
20300518,2030-05-18,18,Saturday,20,5,May,2,2030,True
20300519,2030-05-19,19,Sunday,21,5,May,2,2030,True
20300520,2030-05-20,20,Monday,21,5,May,2,2030,False
20300521,2030-05-21,21,Tuesday,21,5,May,2,2030,False
20300522,2030-05-22,22,Wednesday,21,5,May,2,2030,False
20300523,2030-05-23,23,Thursday,21,5,May,2,2030,False
20300524,2030-05-24,24,Friday,21,5,May,2,2030,False
20300525,2030-05-25,25,Saturday,21,5,May,2,2030,True
20300526,2030-05-26,26,Sunday,22,5,May,2,2030,True
20300527,2030-05-27,27,Monday,22,5,May,2,2030,False
20300528,2030-05-28,28,Tuesday,22,5,May,2,2030,False
20300529,2030-05-29,29,Wednesday,22,5,May,2,2030,False
20300530,2030-05-30,30,Thursday,22,5,May,2,2030,False
20300531,2030-05-31,31,Friday,22,5,May,2,2030,False
20300601,2030-06-01,1,Saturday,22,6,June,2,2030,True
20300602,2030-06-02,2,Sunday,23,6,June,2,2030,True
20300603,2030-06-03,3,Monday,23,6,June,2,2030,False
20300604,2030-06-04,4,Tuesday,23,6,June,2,2030,False
20300605,2030-06-05,5,Wednesday,23,6,June,2,2030,False
20300606,2030-06-06,6,Thursday,23,6,June,2,2030,False
20300607,2030-06-07,7,Friday,23,6,June,2,2030,False
20300608,2030-06-08,8,Saturday,23,6,June,2,2030,True
20300609,2030-06-09,9,Sunday,24,6,June,2,2030,True
20300610,2030-06-10,10,Monday,24,6,June,2,2030,False
20300611,2030-06-11,11,Tuesday,24,6,June,2,2030,False
20300612,2030-06-12,12,Wednesday,24,6,June,2,2030,False
20300613,2030-06-13,13,Thursday,24,6,June,2,2030,False
20300614,2030-06-14,14,Friday,24,6,June,2,2030,False
20300615,2030-06-15,15,Saturday,24,6,June,2,2030,True
20300616,2030-06-16,16,Sunday,25,6,June,2,2030,True
20300617,2030-06-17,17,Monday,25,6,June,2,2030,False
20300618,2030-06-18,18,Tuesday,25,6,June,2,2030,False
20300619,2030-06-19,19,Wednesday,25,6,June,2,2030,False
20300620,2030-06-20,20,Thursday,25,6,June,2,2030,False
20300621,2030-06-21,21,Friday,25,6,June,2,2030,False
20300622,2030-06-22,22,Saturday,25,6,June,2,2030,True
20300623,2030-06-23,23,Sunday,26,6,June,2,2030,True
20300624,2030-06-24,24,Monday,26,6,June,2,2030,False
20300625,2030-06-25,25,Tuesday,26,6,June,2,2030,False
20300626,2030-06-26,26,Wednesday,26,6,June,2,2030,False
20300627,2030-06-27,27,Thursday,26,6,June,2,2030,False
20300628,2030-06-28,28,Friday,26,6,June,2,2030,False
20300629,2030-06-29,29,Saturday,26,6,June,2,2030,True
20300630,2030-06-30,30,Sunday,27,6,June,2,2030,True
20300701,2030-07-01,1,Monday,27,7,July,3,2030,False
20300702,2030-07-02,2,Tuesday,27,7,July,3,2030,False
20300703,2030-07-03,3,Wednesday,27,7,July,3,2030,False
20300704,2030-07-04,4,Thursday,27,7,July,3,2030,False
20300705,2030-07-05,5,Friday,27,7,July,3,2030,False
20300706,2030-07-06,6,Saturday,27,7,July,3,2030,True
20300707,2030-07-07,7,Sunday,28,7,July,3,2030,True
20300708,2030-07-08,8,Monday,28,7,July,3,2030,False
20300709,2030-07-09,9,Tuesday,28,7,July,3,2030,False
20300710,2030-07-10,10,Wednesday,28,7,July,3,2030,False
20300711,2030-07-11,11,Thursday,28,7,July,3,2030,False
20300712,2030-07-12,12,Friday,28,7,July,3,2030,False
20300713,2030-07-13,13,Saturday,28,7,July,3,2030,True
20300714,2030-07-14,14,Sunday,29,7,July,3,2030,True
20300715,2030-07-15,15,Monday,29,7,July,3,2030,False
20300716,2030-07-16,16,Tuesday,29,7,July,3,2030,False
20300717,2030-07-17,17,Wednesday,29,7,July,3,2030,False
20300718,2030-07-18,18,Thursday,29,7,July,3,2030,False
20300719,2030-07-19,19,Friday,29,7,July,3,2030,False
20300720,2030-07-20,20,Saturday,29,7,July,3,2030,True
20300721,2030-07-21,21,Sunday,30,7,July,3,2030,True
20300722,2030-07-22,22,Monday,30,7,July,3,2030,False
20300723,2030-07-23,23,Tuesday,30,7,July,3,2030,False
20300724,2030-07-24,24,Wednesday,30,7,July,3,2030,False
20300725,2030-07-25,25,Thursday,30,7,July,3,2030,False
20300726,2030-07-26,26,Friday,30,7,July,3,2030,False
20300727,2030-07-27,27,Saturday,30,7,July,3,2030,True
20300728,2030-07-28,28,Sunday,31,7,July,3,2030,True
20300729,2030-07-29,29,Monday,31,7,July,3,2030,False
20300730,2030-07-30,30,Tuesday,31,7,July,3,2030,False
20300731,2030-07-31,31,Wednesday,31,7,July,3,2030,False
20300801,2030-08-01,1,Thursday,31,8,August,3,2030,False
20300802,2030-08-02,2,Friday,31,8,August,3,2030,False
20300803,2030-08-03,3,Saturday,31,8,August,3,2030,True
20300804,2030-08-04,4,Sunday,32,8,August,3,2030,True
20300805,2030-08-05,5,Monday,32,8,August,3,2030,False
20300806,2030-08-06,6,Tuesday,32,8,August,3,2030,False
20300807,2030-08-07,7,Wednesday,32,8,August,3,2030,False
20300808,2030-08-08,8,Thursday,32,8,August,3,2030,False
20300809,2030-08-09,9,Friday,32,8,August,3,2030,False
20300810,2030-08-10,10,Saturday,32,8,August,3,2030,True
20300811,2030-08-11,11,Sunday,33,8,August,3,2030,True
20300812,2030-08-12,12,Monday,33,8,August,3,2030,False
20300813,2030-08-13,13,Tuesday,33,8,August,3,2030,False
20300814,2030-08-14,14,Wednesday,33,8,August,3,2030,False
20300815,2030-08-15,15,Thursday,33,8,August,3,2030,False
20300816,2030-08-16,16,Friday,33,8,August,3,2030,False
20300817,2030-08-17,17,Saturday,33,8,August,3,2030,True
20300818,2030-08-18,18,Sunday,34,8,August,3,2030,True
20300819,2030-08-19,19,Monday,34,8,August,3,2030,False
20300820,2030-08-20,20,Tuesday,34,8,August,3,2030,False
20300821,2030-08-21,21,Wednesday,34,8,August,3,2030,False
20300822,2030-08-22,22,Thursday,34,8,August,3,2030,False
20300823,2030-08-23,23,Friday,34,8,August,3,2030,False
20300824,2030-08-24,24,Saturday,34,8,August,3,2030,True
20300825,2030-08-25,25,Sunday,35,8,August,3,2030,True
20300826,2030-08-26,26,Monday,35,8,August,3,2030,False
20300827,2030-08-27,27,Tuesday,35,8,August,3,2030,False
20300828,2030-08-28,28,Wednesday,35,8,August,3,2030,False
20300829,2030-08-29,29,Thursday,35,8,August,3,2030,False
20300830,2030-08-30,30,Friday,35,8,August,3,2030,False
20300831,2030-08-31,31,Saturday,35,8,August,3,2030,True
20300901,2030-09-01,1,Sunday,36,9,September,3,2030,True
20300902,2030-09-02,2,Monday,36,9,September,3,2030,False
20300903,2030-09-03,3,Tuesday,36,9,September,3,2030,False
20300904,2030-09-04,4,Wednesday,36,9,September,3,2030,False
20300905,2030-09-05,5,Thursday,36,9,September,3,2030,False
20300906,2030-09-06,6,Friday,36,9,September,3,2030,False
20300907,2030-09-07,7,Saturday,36,9,September,3,2030,True
20300908,2030-09-08,8,Sunday,37,9,September,3,2030,True
20300909,2030-09-09,9,Monday,37,9,September,3,2030,False
20300910,2030-09-10,10,Tuesday,37,9,September,3,2030,False
20300911,2030-09-11,11,Wednesday,37,9,September,3,2030,False
20300912,2030-09-12,12,Thursday,37,9,September,3,2030,False
20300913,2030-09-13,13,Friday,37,9,September,3,2030,False
20300914,2030-09-14,14,Saturday,37,9,September,3,2030,True
20300915,2030-09-15,15,Sunday,38,9,September,3,2030,True
20300916,2030-09-16,16,Monday,38,9,September,3,2030,False
20300917,2030-09-17,17,Tuesday,38,9,September,3,2030,False
20300918,2030-09-18,18,Wednesday,38,9,September,3,2030,False
20300919,2030-09-19,19,Thursday,38,9,September,3,2030,False
20300920,2030-09-20,20,Friday,38,9,September,3,2030,False
20300921,2030-09-21,21,Saturday,38,9,September,3,2030,True
20300922,2030-09-22,22,Sunday,39,9,September,3,2030,True
20300923,2030-09-23,23,Monday,39,9,September,3,2030,False
20300924,2030-09-24,24,Tuesday,39,9,September,3,2030,False
20300925,2030-09-25,25,Wednesday,39,9,September,3,2030,False
20300926,2030-09-26,26,Thursday,39,9,September,3,2030,False
20300927,2030-09-27,27,Friday,39,9,September,3,2030,False
20300928,2030-09-28,28,Saturday,39,9,September,3,2030,True
20300929,2030-09-29,29,Sunday,40,9,September,3,2030,True
20300930,2030-09-30,30,Monday,40,9,September,3,2030,False
20301001,2030-10-01,1,Tuesday,40,10,October,4,2030,False
20301002,2030-10-02,2,Wednesday,40,10,October,4,2030,False
20301003,2030-10-03,3,Thursday,40,10,October,4,2030,False
20301004,2030-10-04,4,Friday,40,10,October,4,2030,False
20301005,2030-10-05,5,Saturday,40,10,October,4,2030,True
20301006,2030-10-06,6,Sunday,41,10,October,4,2030,True
20301007,2030-10-07,7,Monday,41,10,October,4,2030,False
20301008,2030-10-08,8,Tuesday,41,10,October,4,2030,False
20301009,2030-10-09,9,Wednesday,41,10,October,4,2030,False
20301010,2030-10-10,10,Thursday,41,10,October,4,2030,False
20301011,2030-10-11,11,Friday,41,10,October,4,2030,False
20301012,2030-10-12,12,Saturday,41,10,October,4,2030,True
20301013,2030-10-13,13,Sunday,42,10,October,4,2030,True
20301014,2030-10-14,14,Monday,42,10,October,4,2030,False
20301015,2030-10-15,15,Tuesday,42,10,October,4,2030,False
20301016,2030-10-16,16,Wednesday,42,10,October,4,2030,False
20301017,2030-10-17,17,Thursday,42,10,October,4,2030,False
20301018,2030-10-18,18,Friday,42,10,October,4,2030,False
20301019,2030-10-19,19,Saturday,42,10,October,4,2030,True
20301020,2030-10-20,20,Sunday,43,10,October,4,2030,True
20301021,2030-10-21,21,Monday,43,10,October,4,2030,False
20301022,2030-10-22,22,Tuesday,43,10,October,4,2030,False
20301023,2030-10-23,23,Wednesday,43,10,October,4,2030,False
20301024,2030-10-24,24,Thursday,43,10,October,4,2030,False
20301025,2030-10-25,25,Friday,43,10,October,4,2030,False
20301026,2030-10-26,26,Saturday,43,10,October,4,2030,True
20301027,2030-10-27,27,Sunday,44,10,October,4,2030,True
20301028,2030-10-28,28,Monday,44,10,October,4,2030,False
20301029,2030-10-29,29,Tuesday,44,10,October,4,2030,False
20301030,2030-10-30,30,Wednesday,44,10,October,4,2030,False
20301031,2030-10-31,31,Thursday,44,10,October,4,2030,False
20301101,2030-11-01,1,Friday,44,11,November,4,2030,False
20301102,2030-11-02,2,Saturday,44,11,November,4,2030,True
20301103,2030-11-03,3,Sunday,45,11,November,4,2030,True
20301104,2030-11-04,4,Monday,45,11,November,4,2030,False
20301105,2030-11-05,5,Tuesday,45,11,November,4,2030,False
20301106,2030-11-06,6,Wednesday,45,11,November,4,2030,False
20301107,2030-11-07,7,Thursday,45,11,November,4,2030,False
20301108,2030-11-08,8,Friday,45,11,November,4,2030,False
20301109,2030-11-09,9,Saturday,45,11,November,4,2030,True
20301110,2030-11-10,10,Sunday,46,11,November,4,2030,True
20301111,2030-11-11,11,Monday,46,11,November,4,2030,False
20301112,2030-11-12,12,Tuesday,46,11,November,4,2030,False
20301113,2030-11-13,13,Wednesday,46,11,November,4,2030,False
20301114,2030-11-14,14,Thursday,46,11,November,4,2030,False
20301115,2030-11-15,15,Friday,46,11,November,4,2030,False
20301116,2030-11-16,16,Saturday,46,11,November,4,2030,True
20301117,2030-11-17,17,Sunday,47,11,November,4,2030,True
20301118,2030-11-18,18,Monday,47,11,November,4,2030,False
20301119,2030-11-19,19,Tuesday,47,11,November,4,2030,False
20301120,2030-11-20,20,Wednesday,47,11,November,4,2030,False
20301121,2030-11-21,21,Thursday,47,11,November,4,2030,False
20301122,2030-11-22,22,Friday,47,11,November,4,2030,False
20301123,2030-11-23,23,Saturday,47,11,November,4,2030,True
20301124,2030-11-24,24,Sunday,48,11,November,4,2030,True
20301125,2030-11-25,25,Monday,48,11,November,4,2030,False
20301126,2030-11-26,26,Tuesday,48,11,November,4,2030,False
20301127,2030-11-27,27,Wednesday,48,11,November,4,2030,False
20301128,2030-11-28,28,Thursday,48,11,November,4,2030,False
20301129,2030-11-29,29,Friday,48,11,November,4,2030,False
20301130,2030-11-30,30,Saturday,48,11,November,4,2030,True
20301201,2030-12-01,1,Sunday,49,12,December,4,2030,True
20301202,2030-12-02,2,Monday,49,12,December,4,2030,False
20301203,2030-12-03,3,Tuesday,49,12,December,4,2030,False
20301204,2030-12-04,4,Wednesday,49,12,December,4,2030,False
20301205,2030-12-05,5,Thursday,49,12,December,4,2030,False
20301206,2030-12-06,6,Friday,49,12,December,4,2030,False
20301207,2030-12-07,7,Saturday,49,12,December,4,2030,True
20301208,2030-12-08,8,Sunday,50,12,December,4,2030,True
20301209,2030-12-09,9,Monday,50,12,December,4,2030,False
20301210,2030-12-10,10,Tuesday,50,12,December,4,2030,False
20301211,2030-12-11,11,Wednesday,50,12,December,4,2030,False
20301212,2030-12-12,12,Thursday,50,12,December,4,2030,False
20301213,2030-12-13,13,Friday,50,12,December,4,2030,False
20301214,2030-12-14,14,Saturday,50,12,December,4,2030,True
20301215,2030-12-15,15,Sunday,51,12,December,4,2030,True
20301216,2030-12-16,16,Monday,51,12,December,4,2030,False
20301217,2030-12-17,17,Tuesday,51,12,December,4,2030,False
20301218,2030-12-18,18,Wednesday,51,12,December,4,2030,False
20301219,2030-12-19,19,Thursday,51,12,December,4,2030,False
20301220,2030-12-20,20,Friday,51,12,December,4,2030,False
20301221,2030-12-21,21,Saturday,51,12,December,4,2030,True
20301222,2030-12-22,22,Sunday,52,12,December,4,2030,True
20301223,2030-12-23,23,Monday,52,12,December,4,2030,False
20301224,2030-12-24,24,Tuesday,52,12,December,4,2030,False
20301225,2030-12-25,25,Wednesday,52,12,December,4,2030,False
20301226,2030-12-26,26,Thursday,52,12,December,4,2030,False
20301227,2030-12-27,27,Friday,52,12,December,4,2030,False
20301228,2030-12-28,28,Saturday,52,12,December,4,2030,True
20301229,2030-12-29,29,Sunday,53,12,December,4,2030,True
20301230,2030-12-30,30,Monday,53,12,December,4,2030,False
20301231,2030-12-31,31,Tuesday,53,12,December,4,2030,False
